instrument_id,code,trade_date,status,reasons,provider
16,0001A0,2026-09-01,review_required,SOURCE_UNVERIFIED,naver
24,000250,2026-09-01,review_required,SOURCE_UNVERIFIED,naver
33,000440,2026-09-01,review_required,SOURCE_UNVERIFIED,naver
36,0004V0,2026-09-01,review_required,SOURCE_UNVERIFIED,naver
37,0004Y0,2026-09-01,review_required,SOURCE_UNVERIFIED,naver
52,0007C0,2026-09-01,review_required,SOURCE_UNVERIFIED,naver
53,0007J0,2026-09-01,review_required,SOURCE_UNVERIFIED,naver
61,0008Z0,2026-09-01,review_required,SOURCE_UNVERIFIED,naver
66,0009K0,2026-09-01,review_required,SOURCE_UNVERIFIED,naver
67,001000,2026-09-01,review_required,SOURCE_UNVERIFIED,naver
77,0010F0,2026-09-01,review_required,SOURCE_UNVERIFIED,naver
78,0010V0,2026-09-01,review_required,SOURCE_UNVERIFIED,naver
81,0011A0,2026-09-01,review_required,SOURCE_UNVERIFIED,naver
82,0011T0,2026-09-01,review_required,SOURCE_UNVERIFIED,naver
95,0013V0,2026-09-01,review_required,SOURCE_UNVERIFIED,naver
110,001540,2026-09-01,review_required,SOURCE_UNVERIFIED,naver
114,0015G0,2026-09-01,review_required,SOURCE_UNVERIFIED,naver
115,0015N0,2026-09-01,review_required,SOURCE_UNVERIFIED,naver
116,0015S0,2026-09-01,review_required,SOURCE_UNVERIFIED,naver
129,0017J0,2026-09-01,review_required,SOURCE_UNVERIFIED,naver
131,001810,2026-09-01,review_required,SOURCE_UNVERIFIED,naver
146,002230,2026-09-01,review_required,SOURCE_UNVERIFIED,naver
148,002290,2026-09-01,review_required,SOURCE_UNVERIFIED,naver
163,002680,2026-09-01,review_required,SOURCE_UNVERIFIED,naver
175,002800,2026-09-01,review_required,SOURCE_UNVERIFIED,naver
195,003100,2026-09-01,review_required,SOURCE_UNVERIFIED,naver
204,003310,2026-09-01,review_required,SOURCE_UNVERIFIED,naver
232,0037T0,2026-09-01,review_required,SOURCE_UNVERIFIED,naver
233,003800,2026-09-01,review_required,SOURCE_UNVERIFIED,naver
239,0039P0,2026-09-01,review_required,SOURCE_UNVERIFIED,naver
250,0041B0,2026-09-01,review_required,SOURCE_UNVERIFIED,naver
251,0041J0,2026-09-01,review_required,SOURCE_UNVERIFIED,naver
252,0041L0,2026-09-01,review_required,SOURCE_UNVERIFIED,naver
267,0044K0,2026-09-01,review_required,SOURCE_UNVERIFIED,naver
271,004590,2026-09-01,review_required,SOURCE_UNVERIFIED,naver
272,004650,2026-09-01,review_required,SOURCE_UNVERIFIED,naver
278,004780,2026-09-01,review_required,SOURCE_UNVERIFIED,naver
298,005160,2026-09-01,review_required,SOURCE_UNVERIFIED,naver
302,005290,2026-09-01,review_required,SOURCE_UNVERIFIED,naver
315,0054V0,2026-09-01,review_required,SOURCE_UNVERIFIED,naver
318,005670,2026-09-01,review_required,SOURCE_UNVERIFIED,naver
321,005710,2026-09-01,review_required,SOURCE_UNVERIFIED,naver
332,005860,2026-09-01,review_required,SOURCE_UNVERIFIED,naver
342,005990,2026-09-01,review_required,SOURCE_UNVERIFIED,naver
344,006050,2026-09-01,review_required,SOURCE_UNVERIFIED,naver
350,006140,2026-09-01,review_required,SOURCE_UNVERIFIED,naver
364,006620,2026-09-01,review_required,SOURCE_UNVERIFIED,naver
367,006730,2026-09-01,review_required,SOURCE_UNVERIFIED,naver
375,0068Y0,2026-09-01,review_required,SOURCE_UNVERIFIED,naver
376,006910,2026-09-01,review_required,SOURCE_UNVERIFIED,naver
377,006920,2026-09-01,review_required,SOURCE_UNVERIFIED,naver
383,0071M0,2026-09-01,review_required,SOURCE_UNVERIFIED,naver
386,0072Z0,2026-09-01,review_required,SOURCE_UNVERIFIED,naver
388,007330,2026-09-01,review_required,SOURCE_UNVERIFIED,naver
390,007370,2026-09-01,review_required,SOURCE_UNVERIFIED,naver
391,007390,2026-09-01,review_required,SOURCE_UNVERIFIED,naver
393,007530,2026-09-01,review_required,SOURCE_UNVERIFIED,naver
400,007680,2026-09-01,review_required,SOURCE_UNVERIFIED,naver
403,007720,2026-09-01,review_required,SOURCE_UNVERIFIED,naver
404,007770,2026-09-01,review_required,SOURCE_UNVERIFIED,naver
408,007820,2026-09-01,review_required,SOURCE_UNVERIFIED,naver
416,008290,2026-09-01,review_required,SOURCE_UNVERIFIED,naver
417,0082N0,2026-09-01,review_required,SOURCE_UNVERIFIED,naver
420,008370,2026-09-01,review_required,SOURCE_UNVERIFIED,naver
422,008470,2026-09-01,review_required,SOURCE_UNVERIFIED,naver
429,008830,2026-09-01,review_required,SOURCE_UNVERIFIED,naver
431,0088D0,2026-09-01,review_required,SOURCE_UNVERIFIED,naver
432,0088M0,2026-09-01,review_required,SOURCE_UNVERIFIED,naver
442,0091W0,2026-09-01,review_required,SOURCE_UNVERIFIED,naver
447,009300,2026-09-01,review_required,SOURCE_UNVERIFIED,naver
450,0093G0,2026-09-01,review_required,SOURCE_UNVERIFIED,naver
458,009520,2026-09-01,review_required,SOURCE_UNVERIFIED,naver
463,0096B0,2026-09-01,review_required,SOURCE_UNVERIFIED,naver
464,0096D0,2026-09-01,review_required,SOURCE_UNVERIFIED,naver
465,009730,2026-09-01,review_required,SOURCE_UNVERIFIED,naver
467,009780,2026-09-01,review_required,SOURCE_UNVERIFIED,naver
468,0097F0,2026-09-01,review_required,SOURCE_UNVERIFIED,naver
472,0098T0,2026-09-01,review_required,SOURCE_UNVERIFIED,naver
475,0099W0,2026-09-01,review_required,SOURCE_UNVERIFIED,naver
483,010170,2026-09-01,review_required,SOURCE_UNVERIFIED,naver
484,0101C0,2026-09-01,review_required,SOURCE_UNVERIFIED,naver
485,010240,2026-09-01,review_required,SOURCE_UNVERIFIED,naver
486,010280,2026-09-01,review_required,SOURCE_UNVERIFIED,naver
488,010470,2026-09-01,review_required,SOURCE_UNVERIFIED,naver
490,0105P0,2026-09-01,review_required,SOURCE_UNVERIFIED,naver
501,011040,2026-09-01,review_required,SOURCE_UNVERIFIED,naver
503,011080,2026-09-01,review_required,SOURCE_UNVERIFIED,naver
513,011320,2026-09-01,review_required,SOURCE_UNVERIFIED,naver
515,011370,2026-09-01,review_required,SOURCE_UNVERIFIED,naver
519,011560,2026-09-01,review_required,SOURCE_UNVERIFIED,naver
520,0115H0,2026-09-01,review_required,SOURCE_UNVERIFIED,naver
527,0117P0,2026-09-01,review_required,SOURCE_UNVERIFIED,naver
536,012210,2026-09-01,review_required,SOURCE_UNVERIFIED,naver
540,012340,2026-09-01,review_required,SOURCE_UNVERIFIED,naver
543,012620,2026-09-01,review_required,SOURCE_UNVERIFIED,naver
547,012700,2026-09-01,review_required,SOURCE_UNVERIFIED,naver
549,012790,2026-09-01,review_required,SOURCE_UNVERIFIED,naver
551,012860,2026-09-01,review_required,SOURCE_UNVERIFIED,naver
552,0129K0,2026-09-01,review_required,SOURCE_UNVERIFIED,naver
554,013030,2026-09-01,review_required,SOURCE_UNVERIFIED,naver
555,0130D0,2026-09-01,review_required,SOURCE_UNVERIFIED,naver
556,0130H0,2026-09-01,review_required,SOURCE_UNVERIFIED,naver
557,013120,2026-09-01,review_required,SOURCE_UNVERIFIED,naver
558,0131D0,2026-09-01,review_required,SOURCE_UNVERIFIED,naver
559,0132G0,2026-09-01,review_required,SOURCE_UNVERIFIED,naver
562,0134X0,2026-09-01,review_required,SOURCE_UNVERIFIED,naver
567,013720,2026-09-01,review_required,SOURCE_UNVERIFIED,naver
568,013810,2026-09-01,review_required,SOURCE_UNVERIFIED,naver
571,013990,2026-09-01,review_required,SOURCE_UNVERIFIED,naver
572,014100,2026-09-01,review_required,SOURCE_UNVERIFIED,naver
575,014190,2026-09-01,review_required,SOURCE_UNVERIFIED,naver
579,014470,2026-09-01,review_required,SOURCE_UNVERIFIED,naver
581,014570,2026-09-01,review_required,SOURCE_UNVERIFIED,naver
583,014620,2026-09-01,review_required,SOURCE_UNVERIFIED,naver
592,014940,2026-09-01,review_required,SOURCE_UNVERIFIED,naver
593,014950,2026-09-01,review_required,SOURCE_UNVERIFIED,naver
594,014970,2026-09-01,review_required,SOURCE_UNVERIFIED,naver
601,0156T0,2026-09-01,review_required,SOURCE_UNVERIFIED,naver
602,015710,2026-09-01,review_required,SOURCE_UNVERIFIED,naver
603,015750,2026-09-01,review_required,SOURCE_UNVERIFIED,naver
608,016100,2026-09-01,review_required,SOURCE_UNVERIFIED,naver
609,016250,2026-09-01,review_required,SOURCE_UNVERIFIED,naver
613,0164H0,2026-09-01,review_required,SOURCE_UNVERIFIED,naver
616,0165X0,2026-09-01,review_required,SOURCE_UNVERIFIED,naver
617,016600,2026-09-01,review_required,SOURCE_UNVERIFIED,naver
619,016670,2026-09-01,review_required,SOURCE_UNVERIFIED,naver
625,016920,2026-09-01,review_required,SOURCE_UNVERIFIED,naver
626,017000,2026-09-01,review_required,SOURCE_UNVERIFIED,naver
629,017250,2026-09-01,review_required,SOURCE_UNVERIFIED,naver
632,017480,2026-09-01,review_required,SOURCE_UNVERIFIED,naver
633,017510,2026-09-01,review_required,SOURCE_UNVERIFIED,naver
635,017650,2026-09-01,review_required,SOURCE_UNVERIFIED,naver
640,017890,2026-09-01,review_required,SOURCE_UNVERIFIED,naver
644,018000,2026-09-01,review_required,SOURCE_UNVERIFIED,naver
645,018120,2026-09-01,review_required,SOURCE_UNVERIFIED,naver
648,018290,2026-09-01,review_required,SOURCE_UNVERIFIED,naver
649,018310,2026-09-01,review_required,SOURCE_UNVERIFIED,naver
652,018620,2026-09-01,review_required,SOURCE_UNVERIFIED,naver
654,018680,2026-09-01,review_required,SOURCE_UNVERIFIED,naver
655,018700,2026-09-01,review_required,SOURCE_UNVERIFIED,naver
657,019010,2026-09-01,review_required,SOURCE_UNVERIFIED,naver
661,019210,2026-09-01,review_required,SOURCE_UNVERIFIED,naver
663,019540,2026-09-01,review_required,SOURCE_UNVERIFIED,naver
664,019550,2026-09-01,review_required,SOURCE_UNVERIFIED,naver
665,019570,2026-09-01,review_required,SOURCE_UNVERIFIED,naver
666,019660,2026-09-01,review_required,SOURCE_UNVERIFIED,naver
669,019770,2026-09-01,review_required,SOURCE_UNVERIFIED,naver
670,019990,2026-09-01,review_required,SOURCE_UNVERIFIED,naver
674,020180,2026-09-01,review_required,SOURCE_UNVERIFIED,naver
675,020400,2026-09-01,review_required,SOURCE_UNVERIFIED,naver
677,020710,2026-09-01,review_required,SOURCE_UNVERIFIED,naver
679,021040,2026-09-01,review_required,SOURCE_UNVERIFIED,naver
682,021080,2026-09-01,review_required,SOURCE_UNVERIFIED,naver
684,021320,2026-09-01,review_required,SOURCE_UNVERIFIED,naver
685,021650,2026-09-01,review_required,SOURCE_UNVERIFIED,naver
687,021880,2026-09-01,review_required,SOURCE_UNVERIFIED,naver
688,0218L0,2026-09-01,review_required,SOURCE_UNVERIFIED,naver
693,023160,2026-09-01,review_required,SOURCE_UNVERIFIED,naver
695,023410,2026-09-01,review_required,SOURCE_UNVERIFIED,naver
700,023600,2026-09-01,review_required,SOURCE_UNVERIFIED,naver
701,023760,2026-09-01,review_required,SOURCE_UNVERIFIED,naver
702,023770,2026-09-01,review_required,SOURCE_UNVERIFIED,naver
703,023790,2026-09-01,review_required,SOURCE_UNVERIFIED,naver
706,023900,2026-09-01,review_required,SOURCE_UNVERIFIED,naver
707,023910,2026-09-01,review_required,SOURCE_UNVERIFIED,naver
709,024060,2026-09-01,review_required,SOURCE_UNVERIFIED,naver
713,024120,2026-09-01,review_required,SOURCE_UNVERIFIED,naver
715,024740,2026-09-01,review_required,SOURCE_UNVERIFIED,naver
716,024800,2026-09-01,review_required,SOURCE_UNVERIFIED,naver
717,024830,2026-09-01,review_required,SOURCE_UNVERIFIED,naver
718,024840,2026-09-01,review_required,SOURCE_UNVERIFIED,naver
720,024880,2026-09-01,review_required,SOURCE_UNVERIFIED,naver
723,024910,2026-09-01,review_required,SOURCE_UNVERIFIED,naver
724,024940,2026-09-01,review_required,SOURCE_UNVERIFIED,naver
725,024950,2026-09-01,review_required,SOURCE_UNVERIFIED,naver
727,025320,2026-09-01,review_required,SOURCE_UNVERIFIED,naver
728,025440,2026-09-01,review_required,SOURCE_UNVERIFIED,naver
731,025550,2026-09-01,review_required,SOURCE_UNVERIFIED,naver
735,025770,2026-09-01,review_required,SOURCE_UNVERIFIED,naver
738,025870,2026-09-01,review_required,SOURCE_UNVERIFIED,naver
739,025880,2026-09-01,review_required,SOURCE_UNVERIFIED,naver
741,025900,2026-09-01,review_required,SOURCE_UNVERIFIED,naver
742,025950,2026-09-01,review_required,SOURCE_UNVERIFIED,naver
743,025980,2026-09-01,review_required,SOURCE_UNVERIFIED,naver
744,026040,2026-09-01,review_required,SOURCE_UNVERIFIED,naver
745,026150,2026-09-01,review_required,SOURCE_UNVERIFIED,naver
747,026910,2026-09-01,review_required,SOURCE_UNVERIFIED,naver
750,027040,2026-09-01,review_required,SOURCE_UNVERIFIED,naver
751,027050,2026-09-01,review_required,SOURCE_UNVERIFIED,naver
752,027360,2026-09-01,review_required,SOURCE_UNVERIFIED,naver
754,027580,2026-09-01,review_required,SOURCE_UNVERIFIED,naver
755,027710,2026-09-01,review_required,SOURCE_UNVERIFIED,naver
757,027830,2026-09-01,review_required,SOURCE_UNVERIFIED,naver
760,028080,2026-09-01,review_required,SOURCE_UNVERIFIED,naver
764,028300,2026-09-01,review_required,SOURCE_UNVERIFIED,naver
767,029480,2026-09-01,review_required,SOURCE_UNVERIFIED,naver
775,030520,2026-09-01,review_required,SOURCE_UNVERIFIED,naver
776,030530,2026-09-01,review_required,SOURCE_UNVERIFIED,naver
779,030960,2026-09-01,review_required,SOURCE_UNVERIFIED,naver
781,031310,2026-09-01,review_required,SOURCE_UNVERIFIED,naver
782,031330,2026-09-01,review_required,SOURCE_UNVERIFIED,naver
784,031510,2026-09-01,review_required,SOURCE_UNVERIFIED,naver
787,031980,2026-09-01,review_required,SOURCE_UNVERIFIED,naver
788,032080,2026-09-01,review_required,SOURCE_UNVERIFIED,naver
789,032190,2026-09-01,review_required,SOURCE_UNVERIFIED,naver
790,032280,2026-09-01,review_required,SOURCE_UNVERIFIED,naver
791,032300,2026-09-01,review_required,SOURCE_UNVERIFIED,naver
793,032500,2026-09-01,review_required,SOURCE_UNVERIFIED,naver
794,032540,2026-09-01,review_required,SOURCE_UNVERIFIED,naver
796,032580,2026-09-01,review_required,SOURCE_UNVERIFIED,naver
797,032620,2026-09-01,review_required,SOURCE_UNVERIFIED,naver
799,032680,2026-09-01,review_required,SOURCE_UNVERIFIED,naver
801,032750,2026-09-01,review_required,SOURCE_UNVERIFIED,naver
802,032790,2026-09-01,review_required,SOURCE_UNVERIFIED,naver
803,032800,2026-09-01,review_required,SOURCE_UNVERIFIED,naver
804,032820,2026-09-01,review_required,SOURCE_UNVERIFIED,naver
806,032850,2026-09-01,review_required,SOURCE_UNVERIFIED,naver
807,032860,2026-09-01,review_required,SOURCE_UNVERIFIED,naver
808,032940,2026-09-01,review_required,SOURCE_UNVERIFIED,naver
809,032960,2026-09-01,review_required,SOURCE_UNVERIFIED,naver
810,033050,2026-09-01,review_required,SOURCE_UNVERIFIED,naver
811,033100,2026-09-01,review_required,SOURCE_UNVERIFIED,naver
812,033130,2026-09-01,review_required,SOURCE_UNVERIFIED,naver
813,033160,2026-09-01,review_required,SOURCE_UNVERIFIED,naver
814,033170,2026-09-01,review_required,SOURCE_UNVERIFIED,naver
815,033200,2026-09-01,review_required,SOURCE_UNVERIFIED,naver
816,033230,2026-09-01,review_required,SOURCE_UNVERIFIED,naver
820,033290,2026-09-01,review_required,SOURCE_UNVERIFIED,naver
821,033310,2026-09-01,review_required,SOURCE_UNVERIFIED,naver
822,033320,2026-09-01,review_required,SOURCE_UNVERIFIED,naver
823,033340,2026-09-01,review_required,SOURCE_UNVERIFIED,naver
824,033500,2026-09-01,review_required,SOURCE_UNVERIFIED,naver
826,033540,2026-09-01,review_required,SOURCE_UNVERIFIED,naver
827,033560,2026-09-01,review_required,SOURCE_UNVERIFIED,naver
828,033640,2026-09-01,review_required,SOURCE_UNVERIFIED,naver
830,033790,2026-09-01,review_required,SOURCE_UNVERIFIED,naver
831,033830,2026-09-01,review_required,SOURCE_UNVERIFIED,naver
841,034810,2026-09-01,review_required,SOURCE_UNVERIFIED,naver
844,034940,2026-09-01,review_required,SOURCE_UNVERIFIED,naver
845,034950,2026-09-01,review_required,SOURCE_UNVERIFIED,naver
847,035080,2026-09-01,review_required,SOURCE_UNVERIFIED,naver
849,035200,2026-09-01,review_required,SOURCE_UNVERIFIED,naver
851,035290,2026-09-01,review_required,SOURCE_UNVERIFIED,naver
853,035460,2026-09-01,review_required,SOURCE_UNVERIFIED,naver
855,035600,2026-09-01,review_required,SOURCE_UNVERIFIED,naver
856,035610,2026-09-01,review_required,SOURCE_UNVERIFIED,naver
857,035620,2026-09-01,review_required,SOURCE_UNVERIFIED,naver
859,035760,2026-09-01,review_required,SOURCE_UNVERIFIED,naver
860,035810,2026-09-01,review_required,SOURCE_UNVERIFIED,naver
861,035890,2026-09-01,review_required,SOURCE_UNVERIFIED,naver
862,035900,2026-09-01,review_required,SOURCE_UNVERIFIED,naver
863,036000,2026-09-01,review_required,SOURCE_UNVERIFIED,naver
864,036010,2026-09-01,review_required,SOURCE_UNVERIFIED,naver
865,036030,2026-09-01,review_required,SOURCE_UNVERIFIED,naver
866,036090,2026-09-01,review_required,SOURCE_UNVERIFIED,naver
867,036120,2026-09-01,review_required,SOURCE_UNVERIFIED,naver
868,036170,2026-09-01,review_required,SOURCE_UNVERIFIED,naver
869,036190,2026-09-01,review_required,SOURCE_UNVERIFIED,naver
870,036200,2026-09-01,review_required,SOURCE_UNVERIFIED,naver
874,036480,2026-09-01,review_required,SOURCE_UNVERIFIED,naver
876,036540,2026-09-01,review_required,SOURCE_UNVERIFIED,naver
877,036560,2026-09-01,review_required,SOURCE_UNVERIFIED,naver
880,036620,2026-09-01,review_required,SOURCE_UNVERIFIED,naver
881,036630,2026-09-01,review_required,SOURCE_UNVERIFIED,naver
882,036640,2026-09-01,review_required,SOURCE_UNVERIFIED,naver
883,036670,2026-09-01,review_required,SOURCE_UNVERIFIED,naver
885,036710,2026-09-01,review_required,SOURCE_UNVERIFIED,naver
886,036800,2026-09-01,review_required,SOURCE_UNVERIFIED,naver
887,036810,2026-09-01,review_required,SOURCE_UNVERIFIED,naver
888,036830,2026-09-01,review_required,SOURCE_UNVERIFIED,naver
889,036890,2026-09-01,review_required,SOURCE_UNVERIFIED,naver
890,036930,2026-09-01,review_required,SOURCE_UNVERIFIED,naver
892,037070,2026-09-01,review_required,SOURCE_UNVERIFIED,naver
893,037230,2026-09-01,review_required,SOURCE_UNVERIFIED,naver
895,037330,2026-09-01,review_required,SOURCE_UNVERIFIED,naver
896,037350,2026-09-01,review_required,SOURCE_UNVERIFIED,naver
897,037370,2026-09-01,review_required,SOURCE_UNVERIFIED,naver
898,037400,2026-09-01,review_required,SOURCE_UNVERIFIED,naver
899,037440,2026-09-01,review_required,SOURCE_UNVERIFIED,naver
900,037460,2026-09-01,review_required,SOURCE_UNVERIFIED,naver
903,037760,2026-09-01,review_required,SOURCE_UNVERIFIED,naver
904,037950,2026-09-01,review_required,SOURCE_UNVERIFIED,naver
905,038010,2026-09-01,review_required,SOURCE_UNVERIFIED,naver
906,038060,2026-09-01,review_required,SOURCE_UNVERIFIED,naver
907,038070,2026-09-01,review_required,SOURCE_UNVERIFIED,naver
908,038110,2026-09-01,review_required,SOURCE_UNVERIFIED,naver
909,038290,2026-09-01,review_required,SOURCE_UNVERIFIED,naver
910,038390,2026-09-01,review_required,SOURCE_UNVERIFIED,naver
911,038460,2026-09-01,review_required,SOURCE_UNVERIFIED,naver
912,038500,2026-09-01,review_required,SOURCE_UNVERIFIED,naver
914,038540,2026-09-01,review_required,SOURCE_UNVERIFIED,naver
915,038620,2026-09-01,review_required,SOURCE_UNVERIFIED,naver
916,038680,2026-09-01,review_required,SOURCE_UNVERIFIED,naver
917,038870,2026-09-01,review_required,SOURCE_UNVERIFIED,naver
918,038880,2026-09-01,review_required,SOURCE_UNVERIFIED,naver
919,038950,2026-09-01,review_required,SOURCE_UNVERIFIED,naver
920,039010,2026-09-01,review_required,SOURCE_UNVERIFIED,naver
921,039020,2026-09-01,review_required,SOURCE_UNVERIFIED,naver
922,039030,2026-09-01,review_required,SOURCE_UNVERIFIED,naver
924,039200,2026-09-01,review_required,SOURCE_UNVERIFIED,naver
925,039240,2026-09-01,review_required,SOURCE_UNVERIFIED,naver
926,039290,2026-09-01,review_required,SOURCE_UNVERIFIED,naver
927,039310,2026-09-01,review_required,SOURCE_UNVERIFIED,naver
928,039340,2026-09-01,review_required,SOURCE_UNVERIFIED,naver
929,039420,2026-09-01,review_required,SOURCE_UNVERIFIED,naver
930,039440,2026-09-01,review_required,SOURCE_UNVERIFIED,naver
932,039560,2026-09-01,review_required,SOURCE_UNVERIFIED,naver
934,039610,2026-09-01,review_required,SOURCE_UNVERIFIED,naver
935,039740,2026-09-01,review_required,SOURCE_UNVERIFIED,naver
936,039830,2026-09-01,review_required,SOURCE_UNVERIFIED,naver
937,039840,2026-09-01,review_required,SOURCE_UNVERIFIED,naver
938,039860,2026-09-01,review_required,SOURCE_UNVERIFIED,naver
939,039980,2026-09-01,review_required,SOURCE_UNVERIFIED,naver
940,040160,2026-09-01,review_required,SOURCE_UNVERIFIED,naver
941,040300,2026-09-01,review_required,SOURCE_UNVERIFIED,naver
942,040350,2026-09-01,review_required,SOURCE_UNVERIFIED,naver
943,040420,2026-09-01,review_required,SOURCE_UNVERIFIED,naver
944,040610,2026-09-01,review_required,SOURCE_UNVERIFIED,naver
945,040910,2026-09-01,review_required,SOURCE_UNVERIFIED,naver
946,041020,2026-09-01,review_required,SOURCE_UNVERIFIED,naver
947,041190,2026-09-01,review_required,SOURCE_UNVERIFIED,naver
948,041440,2026-09-01,review_required,SOURCE_UNVERIFIED,naver
949,041460,2026-09-01,review_required,SOURCE_UNVERIFIED,naver
950,041510,2026-09-01,review_required,SOURCE_UNVERIFIED,naver
951,041520,2026-09-01,review_required,SOURCE_UNVERIFIED,naver
954,041830,2026-09-01,review_required,SOURCE_UNVERIFIED,naver
955,041910,2026-09-01,review_required,SOURCE_UNVERIFIED,naver
956,041920,2026-09-01,review_required,SOURCE_UNVERIFIED,naver
957,041930,2026-09-01,review_required,SOURCE_UNVERIFIED,naver
958,041960,2026-09-01,review_required,SOURCE_UNVERIFIED,naver
959,042000,2026-09-01,review_required,SOURCE_UNVERIFIED,naver
960,042040,2026-09-01,review_required,SOURCE_UNVERIFIED,naver
961,042110,2026-09-01,review_required,SOURCE_UNVERIFIED,naver
962,042370,2026-09-01,review_required,SOURCE_UNVERIFIED,naver
963,042420,2026-09-01,review_required,SOURCE_UNVERIFIED,naver
964,042500,2026-09-01,review_required,SOURCE_UNVERIFIED,naver
965,042510,2026-09-01,review_required,SOURCE_UNVERIFIED,naver
966,042520,2026-09-01,review_required,SOURCE_UNVERIFIED,naver
967,042600,2026-09-01,review_required,SOURCE_UNVERIFIED,naver
970,042940,2026-09-01,review_required,SOURCE_UNVERIFIED,naver
972,043150,2026-09-01,review_required,SOURCE_UNVERIFIED,naver
973,043200,2026-09-01,review_required,SOURCE_UNVERIFIED,naver
975,043260,2026-09-01,review_required,SOURCE_UNVERIFIED,naver
976,043340,2026-09-01,review_required,SOURCE_UNVERIFIED,naver
977,043360,2026-09-01,review_required,SOURCE_UNVERIFIED,naver
978,043370,2026-09-01,review_required,SOURCE_UNVERIFIED,naver
979,043590,2026-09-01,review_required,SOURCE_UNVERIFIED,naver
980,043610,2026-09-01,review_required,SOURCE_UNVERIFIED,naver
981,043650,2026-09-01,review_required,SOURCE_UNVERIFIED,naver
982,043710,2026-09-01,review_required,SOURCE_UNVERIFIED,naver
983,043910,2026-09-01,review_required,SOURCE_UNVERIFIED,naver
985,044340,2026-09-01,review_required,SOURCE_UNVERIFIED,naver
988,044480,2026-09-01,review_required,SOURCE_UNVERIFIED,naver
989,044490,2026-09-01,review_required,SOURCE_UNVERIFIED,naver
990,044780,2026-09-01,review_required,SOURCE_UNVERIFIED,naver
992,044960,2026-09-01,review_required,SOURCE_UNVERIFIED,naver
993,044990,2026-09-01,review_required,SOURCE_UNVERIFIED,naver
994,045060,2026-09-01,review_required,SOURCE_UNVERIFIED,naver
995,045100,2026-09-01,review_required,SOURCE_UNVERIFIED,naver
996,045300,2026-09-01,review_required,SOURCE_UNVERIFIED,naver
997,045340,2026-09-01,review_required,SOURCE_UNVERIFIED,naver
998,045390,2026-09-01,review_required,SOURCE_UNVERIFIED,naver
999,045510,2026-09-01,review_required,SOURCE_UNVERIFIED,naver
1000,045520,2026-09-01,review_required,SOURCE_UNVERIFIED,naver
1001,045660,2026-09-01,review_required,SOURCE_UNVERIFIED,naver
1002,045970,2026-09-01,review_required,SOURCE_UNVERIFIED,naver
1004,046120,2026-09-01,review_required,SOURCE_UNVERIFIED,naver
1005,046210,2026-09-01,review_required,SOURCE_UNVERIFIED,naver
1006,046310,2026-09-01,review_required,SOURCE_UNVERIFIED,naver
1007,046390,2026-09-01,review_required,SOURCE_UNVERIFIED,naver
1008,046440,2026-09-01,review_required,SOURCE_UNVERIFIED,naver
1009,046890,2026-09-01,review_required,SOURCE_UNVERIFIED,naver
1010,046940,2026-09-01,review_required,SOURCE_UNVERIFIED,naver
1011,046970,2026-09-01,review_required,SOURCE_UNVERIFIED,naver
1014,047080,2026-09-01,review_required,SOURCE_UNVERIFIED,naver
1015,047310,2026-09-01,review_required,SOURCE_UNVERIFIED,naver
1017,047560,2026-09-01,review_required,SOURCE_UNVERIFIED,naver
1018,047770,2026-09-01,review_required,SOURCE_UNVERIFIED,naver
1020,047820,2026-09-01,review_required,SOURCE_UNVERIFIED,naver
1021,047920,2026-09-01,review_required,SOURCE_UNVERIFIED,naver
1022,048410,2026-09-01,review_required,SOURCE_UNVERIFIED,naver
1023,048430,2026-09-01,review_required,SOURCE_UNVERIFIED,naver
1024,048470,2026-09-01,review_required,SOURCE_UNVERIFIED,naver
1025,048530,2026-09-01,review_required,SOURCE_UNVERIFIED,naver
1026,048550,2026-09-01,review_required,SOURCE_UNVERIFIED,naver
1027,048770,2026-09-01,review_required,SOURCE_UNVERIFIED,naver
1028,048830,2026-09-01,review_required,SOURCE_UNVERIFIED,naver
1029,048870,2026-09-01,review_required,SOURCE_UNVERIFIED,naver
1030,048910,2026-09-01,review_required,SOURCE_UNVERIFIED,naver
1031,049070,2026-09-01,review_required,SOURCE_UNVERIFIED,naver
1032,049080,2026-09-01,review_required,SOURCE_UNVERIFIED,naver
1033,049120,2026-09-01,review_required,SOURCE_UNVERIFIED,naver
1035,049430,2026-09-01,review_required,SOURCE_UNVERIFIED,naver
1036,049470,2026-09-01,review_required,SOURCE_UNVERIFIED,naver
1037,049480,2026-09-01,review_required,SOURCE_UNVERIFIED,naver
1038,049520,2026-09-01,review_required,SOURCE_UNVERIFIED,naver
1039,049550,2026-09-01,review_required,SOURCE_UNVERIFIED,naver
1040,049630,2026-09-01,review_required,SOURCE_UNVERIFIED,naver
1041,049720,2026-09-01,review_required,SOURCE_UNVERIFIED,naver
1043,049830,2026-09-01,review_required,SOURCE_UNVERIFIED,naver
1044,049950,2026-09-01,review_required,SOURCE_UNVERIFIED,naver
1045,049960,2026-09-01,review_required,SOURCE_UNVERIFIED,naver
1046,050090,2026-09-01,review_required,SOURCE_UNVERIFIED,naver
1047,050110,2026-09-01,review_required,SOURCE_UNVERIFIED,naver
1048,050120,2026-09-01,review_required,SOURCE_UNVERIFIED,naver
1049,050760,2026-09-01,review_required,SOURCE_UNVERIFIED,naver
1050,050860,2026-09-01,review_required,SOURCE_UNVERIFIED,naver
1051,050890,2026-09-01,review_required,SOURCE_UNVERIFIED,naver
1052,050960,2026-09-01,review_required,SOURCE_UNVERIFIED,naver
1053,051160,2026-09-01,review_required,SOURCE_UNVERIFIED,naver
1054,051360,2026-09-01,review_required,SOURCE_UNVERIFIED,naver
1055,051370,2026-09-01,review_required,SOURCE_UNVERIFIED,naver
1056,051380,2026-09-01,review_required,SOURCE_UNVERIFIED,naver
1057,051390,2026-09-01,review_required,SOURCE_UNVERIFIED,naver
1058,051490,2026-09-01,review_required,SOURCE_UNVERIFIED,naver
1059,051500,2026-09-01,review_required,SOURCE_UNVERIFIED,naver
1062,051780,2026-09-01,review_required,SOURCE_UNVERIFIED,naver
1067,051980,2026-09-01,review_required,SOURCE_UNVERIFIED,naver
1068,052020,2026-09-01,review_required,SOURCE_UNVERIFIED,naver
1069,052220,2026-09-01,review_required,SOURCE_UNVERIFIED,naver
1070,052260,2026-09-01,review_required,SOURCE_UNVERIFIED,naver
1071,052300,2026-09-01,review_required,SOURCE_UNVERIFIED,naver
1072,052330,2026-09-01,review_required,SOURCE_UNVERIFIED,naver
1073,052400,2026-09-01,review_required,SOURCE_UNVERIFIED,naver
1074,052420,2026-09-01,review_required,SOURCE_UNVERIFIED,naver
1075,052460,2026-09-01,review_required,SOURCE_UNVERIFIED,naver
1076,052600,2026-09-01,review_required,SOURCE_UNVERIFIED,naver
1078,052710,2026-09-01,review_required,SOURCE_UNVERIFIED,naver
1080,052790,2026-09-01,review_required,SOURCE_UNVERIFIED,naver
1081,052860,2026-09-01,review_required,SOURCE_UNVERIFIED,naver
1082,052900,2026-09-01,review_required,SOURCE_UNVERIFIED,naver
1083,053030,2026-09-01,review_required,SOURCE_UNVERIFIED,naver
1084,053050,2026-09-01,review_required,SOURCE_UNVERIFIED,naver
1085,053060,2026-09-01,review_required,SOURCE_UNVERIFIED,naver
1086,053080,2026-09-01,review_required,SOURCE_UNVERIFIED,naver
1087,053160,2026-09-01,review_required,SOURCE_UNVERIFIED,naver
1089,053260,2026-09-01,review_required,SOURCE_UNVERIFIED,naver
1090,053270,2026-09-01,review_required,SOURCE_UNVERIFIED,naver
1091,053280,2026-09-01,review_required,SOURCE_UNVERIFIED,naver
1092,053290,2026-09-01,review_required,SOURCE_UNVERIFIED,naver
1093,053300,2026-09-01,review_required,SOURCE_UNVERIFIED,naver
1094,053350,2026-09-01,review_required,SOURCE_UNVERIFIED,naver
1095,053450,2026-09-01,review_required,SOURCE_UNVERIFIED,naver
1096,053580,2026-09-01,review_required,SOURCE_UNVERIFIED,naver
1097,053610,2026-09-01,review_required,SOURCE_UNVERIFIED,naver
1098,053620,2026-09-01,review_required,SOURCE_UNVERIFIED,naver
1100,053700,2026-09-01,review_required,SOURCE_UNVERIFIED,naver
1101,053800,2026-09-01,review_required,SOURCE_UNVERIFIED,naver
1102,053950,2026-09-01,review_required,SOURCE_UNVERIFIED,naver
1103,053980,2026-09-01,review_required,SOURCE_UNVERIFIED,naver
1104,054040,2026-09-01,review_required,SOURCE_UNVERIFIED,naver
1105,054050,2026-09-01,review_required,SOURCE_UNVERIFIED,naver
1106,054090,2026-09-01,review_required,SOURCE_UNVERIFIED,naver
1108,054210,2026-09-01,review_required,SOURCE_UNVERIFIED,naver
1109,054220,2026-09-01,review_required,SOURCE_UNVERIFIED,naver
1110,054300,2026-09-01,review_required,SOURCE_UNVERIFIED,naver
1111,054410,2026-09-01,review_required,SOURCE_UNVERIFIED,naver
1112,054450,2026-09-01,review_required,SOURCE_UNVERIFIED,naver
1113,054540,2026-09-01,review_required,SOURCE_UNVERIFIED,naver
1114,054620,2026-09-01,review_required,SOURCE_UNVERIFIED,naver
1115,054670,2026-09-01,review_required,SOURCE_UNVERIFIED,naver
1116,054780,2026-09-01,review_required,SOURCE_UNVERIFIED,naver
1117,054800,2026-09-01,review_required,SOURCE_UNVERIFIED,naver
1118,054920,2026-09-01,review_required,SOURCE_UNVERIFIED,naver
1119,054930,2026-09-01,review_required,SOURCE_UNVERIFIED,naver
1120,054940,2026-09-01,review_required,SOURCE_UNVERIFIED,naver
1121,054950,2026-09-01,review_required,SOURCE_UNVERIFIED,naver
1124,056080,2026-09-01,review_required,SOURCE_UNVERIFIED,naver
1125,056090,2026-09-01,review_required,SOURCE_UNVERIFIED,naver
1126,056190,2026-09-01,review_required,SOURCE_UNVERIFIED,naver
1127,056360,2026-09-01,review_required,SOURCE_UNVERIFIED,naver
1128,056700,2026-09-01,review_required,SOURCE_UNVERIFIED,naver
1129,056730,2026-09-01,review_required,SOURCE_UNVERIFIED,naver
1130,057030,2026-09-01,review_required,SOURCE_UNVERIFIED,naver
1131,057540,2026-09-01,review_required,SOURCE_UNVERIFIED,naver
1132,057680,2026-09-01,review_required,SOURCE_UNVERIFIED,naver
1133,058110,2026-09-01,review_required,SOURCE_UNVERIFIED,naver
1134,058400,2026-09-01,review_required,SOURCE_UNVERIFIED,naver
1136,058450,2026-09-01,review_required,SOURCE_UNVERIFIED,naver
1137,058470,2026-09-01,review_required,SOURCE_UNVERIFIED,naver
1138,058610,2026-09-01,review_required,SOURCE_UNVERIFIED,naver
1139,058630,2026-09-01,review_required,SOURCE_UNVERIFIED,naver
1142,058820,2026-09-01,review_required,SOURCE_UNVERIFIED,naver
1145,058970,2026-09-01,review_required,SOURCE_UNVERIFIED,naver
1146,059090,2026-09-01,review_required,SOURCE_UNVERIFIED,naver
1147,059100,2026-09-01,review_required,SOURCE_UNVERIFIED,naver
1148,059120,2026-09-01,review_required,SOURCE_UNVERIFIED,naver
1149,059210,2026-09-01,review_required,SOURCE_UNVERIFIED,naver
1150,059270,2026-09-01,review_required,SOURCE_UNVERIFIED,naver
1151,060150,2026-09-01,review_required,SOURCE_UNVERIFIED,naver
1152,060230,2026-09-01,review_required,SOURCE_UNVERIFIED,naver
1153,060250,2026-09-01,review_required,SOURCE_UNVERIFIED,naver
1154,060260,2026-09-01,review_required,SOURCE_UNVERIFIED,naver
1155,060280,2026-09-01,review_required,SOURCE_UNVERIFIED,naver
1156,060310,2026-09-01,review_required,SOURCE_UNVERIFIED,naver
1157,060370,2026-09-01,review_required,SOURCE_UNVERIFIED,naver
1158,060380,2026-09-01,review_required,SOURCE_UNVERIFIED,naver
1159,060480,2026-09-01,review_required,SOURCE_UNVERIFIED,naver
1160,060540,2026-09-01,review_required,SOURCE_UNVERIFIED,naver
1161,060560,2026-09-01,review_required,SOURCE_UNVERIFIED,naver
1162,060570,2026-09-01,review_required,SOURCE_UNVERIFIED,naver
1163,060590,2026-09-01,review_required,SOURCE_UNVERIFIED,naver
1164,060720,2026-09-01,review_required,SOURCE_UNVERIFIED,naver
1165,060850,2026-09-01,review_required,SOURCE_UNVERIFIED,naver
1166,060900,2026-09-01,review_required,SOURCE_UNVERIFIED,naver
1168,061040,2026-09-01,review_required,SOURCE_UNVERIFIED,naver
1169,061090,2026-09-01,review_required,SOURCE_UNVERIFIED,naver
1170,061250,2026-09-01,review_required,SOURCE_UNVERIFIED,naver
1171,061970,2026-09-01,review_required,SOURCE_UNVERIFIED,naver
1174,063080,2026-09-01,review_required,SOURCE_UNVERIFIED,naver
1176,063170,2026-09-01,review_required,SOURCE_UNVERIFIED,naver
1177,063440,2026-09-01,review_required,SOURCE_UNVERIFIED,naver
1178,063570,2026-09-01,review_required,SOURCE_UNVERIFIED,naver
1179,063760,2026-09-01,review_required,SOURCE_UNVERIFIED,naver
1181,064240,2026-09-01,review_required,SOURCE_UNVERIFIED,naver
1182,064260,2026-09-01,review_required,SOURCE_UNVERIFIED,naver
1183,064290,2026-09-01,review_required,SOURCE_UNVERIFIED,naver
1186,064480,2026-09-01,review_required,SOURCE_UNVERIFIED,naver
1187,064520,2026-09-01,review_required,SOURCE_UNVERIFIED,naver
1188,064550,2026-09-01,review_required,SOURCE_UNVERIFIED,naver
1189,064760,2026-09-01,review_required,SOURCE_UNVERIFIED,naver
1190,064800,2026-09-01,review_required,SOURCE_UNVERIFIED,naver
1191,064820,2026-09-01,review_required,SOURCE_UNVERIFIED,naver
1192,064850,2026-09-01,review_required,SOURCE_UNVERIFIED,naver
1194,065060,2026-09-01,review_required,SOURCE_UNVERIFIED,naver
1195,065130,2026-09-01,review_required,SOURCE_UNVERIFIED,naver
1196,065150,2026-09-01,review_required,SOURCE_UNVERIFIED,naver
1197,065170,2026-09-01,review_required,SOURCE_UNVERIFIED,naver
1198,065350,2026-09-01,review_required,SOURCE_UNVERIFIED,naver
1199,065370,2026-09-01,review_required,SOURCE_UNVERIFIED,naver
1201,065440,2026-09-01,review_required,SOURCE_UNVERIFIED,naver
1202,065450,2026-09-01,review_required,SOURCE_UNVERIFIED,naver
1203,065500,2026-09-01,review_required,SOURCE_UNVERIFIED,naver
1204,065510,2026-09-01,review_required,SOURCE_UNVERIFIED,naver
1205,065530,2026-09-01,review_required,SOURCE_UNVERIFIED,naver
1207,065650,2026-09-01,review_required,SOURCE_UNVERIFIED,naver
1208,065660,2026-09-01,review_required,SOURCE_UNVERIFIED,naver
1209,065680,2026-09-01,review_required,SOURCE_UNVERIFIED,naver
1210,065690,2026-09-01,review_required,SOURCE_UNVERIFIED,naver
1211,065710,2026-09-01,review_required,SOURCE_UNVERIFIED,naver
1212,065770,2026-09-01,review_required,SOURCE_UNVERIFIED,naver
1213,065950,2026-09-01,review_required,SOURCE_UNVERIFIED,naver
1214,066130,2026-09-01,review_required,SOURCE_UNVERIFIED,naver
1215,066310,2026-09-01,review_required,SOURCE_UNVERIFIED,naver
1216,066360,2026-09-01,review_required,SOURCE_UNVERIFIED,naver
1218,066430,2026-09-01,review_required,SOURCE_UNVERIFIED,naver
1221,066590,2026-09-01,review_required,SOURCE_UNVERIFIED,naver
1222,066620,2026-09-01,review_required,SOURCE_UNVERIFIED,naver
1223,066670,2026-09-01,review_required,SOURCE_UNVERIFIED,naver
1224,066700,2026-09-01,review_required,SOURCE_UNVERIFIED,naver
1226,066900,2026-09-01,review_required,SOURCE_UNVERIFIED,naver
1227,066910,2026-09-01,review_required,SOURCE_UNVERIFIED,naver
1229,066980,2026-09-01,review_required,SOURCE_UNVERIFIED,naver
1230,067000,2026-09-01,review_required,SOURCE_UNVERIFIED,naver
1231,067010,2026-09-01,review_required,SOURCE_UNVERIFIED,naver
1232,067080,2026-09-01,review_required,SOURCE_UNVERIFIED,naver
1233,067160,2026-09-01,review_required,SOURCE_UNVERIFIED,naver
1234,067170,2026-09-01,review_required,SOURCE_UNVERIFIED,naver
1235,067280,2026-09-01,review_required,SOURCE_UNVERIFIED,naver
1236,067290,2026-09-01,review_required,SOURCE_UNVERIFIED,naver
1237,067310,2026-09-01,review_required,SOURCE_UNVERIFIED,naver
1238,067370,2026-09-01,review_required,SOURCE_UNVERIFIED,naver
1239,067390,2026-09-01,review_required,SOURCE_UNVERIFIED,naver
1240,067570,2026-09-01,review_required,SOURCE_UNVERIFIED,naver
1241,067630,2026-09-01,review_required,SOURCE_UNVERIFIED,naver
1242,067730,2026-09-01,review_required,SOURCE_UNVERIFIED,naver
1243,067770,2026-09-01,review_required,SOURCE_UNVERIFIED,naver
1245,067900,2026-09-01,review_required,SOURCE_UNVERIFIED,naver
1246,067920,2026-09-01,review_required,SOURCE_UNVERIFIED,naver
1247,067990,2026-09-01,review_required,SOURCE_UNVERIFIED,naver
1248,068050,2026-09-01,review_required,SOURCE_UNVERIFIED,naver
1249,068100,2026-09-01,review_required,SOURCE_UNVERIFIED,naver
1253,068330,2026-09-01,review_required,SOURCE_UNVERIFIED,naver
1254,068760,2026-09-01,review_required,SOURCE_UNVERIFIED,naver
1255,068790,2026-09-01,review_required,SOURCE_UNVERIFIED,naver
1256,068930,2026-09-01,review_required,SOURCE_UNVERIFIED,naver
1258,069080,2026-09-01,review_required,SOURCE_UNVERIFIED,naver
1259,069140,2026-09-01,review_required,SOURCE_UNVERIFIED,naver
1261,069330,2026-09-01,review_required,SOURCE_UNVERIFIED,naver
1262,069410,2026-09-01,review_required,SOURCE_UNVERIFIED,naver
1264,069510,2026-09-01,review_required,SOURCE_UNVERIFIED,naver
1265,069540,2026-09-01,review_required,SOURCE_UNVERIFIED,naver
1269,069920,2026-09-01,review_required,SOURCE_UNVERIFIED,naver
1271,070300,2026-09-01,review_required,SOURCE_UNVERIFIED,naver
1272,070590,2026-09-01,review_required,SOURCE_UNVERIFIED,naver
1277,071200,2026-09-01,review_required,SOURCE_UNVERIFIED,naver
1278,071280,2026-09-01,review_required,SOURCE_UNVERIFIED,naver
1280,071670,2026-09-01,review_required,SOURCE_UNVERIFIED,naver
1282,071850,2026-09-01,review_required,SOURCE_UNVERIFIED,naver
1285,072020,2026-09-01,review_required,SOURCE_UNVERIFIED,naver
1287,072470,2026-09-01,review_required,SOURCE_UNVERIFIED,naver
1289,072770,2026-09-01,review_required,SOURCE_UNVERIFIED,naver
1290,072870,2026-09-01,review_required,SOURCE_UNVERIFIED,naver
1291,072950,2026-09-01,review_required,SOURCE_UNVERIFIED,naver
1292,072990,2026-09-01,review_required,SOURCE_UNVERIFIED,naver
1293,073010,2026-09-01,review_required,SOURCE_UNVERIFIED,naver
1294,073110,2026-09-01,review_required,SOURCE_UNVERIFIED,naver
1297,073490,2026-09-01,review_required,SOURCE_UNVERIFIED,naver
1298,073540,2026-09-01,review_required,SOURCE_UNVERIFIED,naver
1299,073560,2026-09-01,review_required,SOURCE_UNVERIFIED,naver
1300,073570,2026-09-01,review_required,SOURCE_UNVERIFIED,naver
1302,074430,2026-09-01,review_required,SOURCE_UNVERIFIED,naver
1303,074600,2026-09-01,review_required,SOURCE_UNVERIFIED,naver
1305,075130,2026-09-01,review_required,SOURCE_UNVERIFIED,naver
1308,075970,2026-09-01,review_required,SOURCE_UNVERIFIED,naver
1309,076080,2026-09-01,review_required,SOURCE_UNVERIFIED,naver
1310,076610,2026-09-01,review_required,SOURCE_UNVERIFIED,naver
1311,077360,2026-09-01,review_required,SOURCE_UNVERIFIED,naver
1315,078020,2026-09-01,review_required,SOURCE_UNVERIFIED,naver
1316,078070,2026-09-01,review_required,SOURCE_UNVERIFIED,naver
1317,078130,2026-09-01,review_required,SOURCE_UNVERIFIED,naver
1318,078140,2026-09-01,review_required,SOURCE_UNVERIFIED,naver
1319,078150,2026-09-01,review_required,SOURCE_UNVERIFIED,naver
1320,078160,2026-09-01,review_required,SOURCE_UNVERIFIED,naver
1321,078340,2026-09-01,review_required,SOURCE_UNVERIFIED,naver
1322,078350,2026-09-01,review_required,SOURCE_UNVERIFIED,naver
1324,078590,2026-09-01,review_required,SOURCE_UNVERIFIED,naver
1325,078600,2026-09-01,review_required,SOURCE_UNVERIFIED,naver
1326,078860,2026-09-01,review_required,SOURCE_UNVERIFIED,naver
1327,078890,2026-09-01,review_required,SOURCE_UNVERIFIED,naver
1330,079000,2026-09-01,review_required,SOURCE_UNVERIFIED,naver
1332,079170,2026-09-01,review_required,SOURCE_UNVERIFIED,naver
1333,079190,2026-09-01,review_required,SOURCE_UNVERIFIED,naver
1334,079370,2026-09-01,review_required,SOURCE_UNVERIFIED,naver
1337,079650,2026-09-01,review_required,SOURCE_UNVERIFIED,naver
1338,079810,2026-09-01,review_required,SOURCE_UNVERIFIED,naver
1340,079940,2026-09-01,review_required,SOURCE_UNVERIFIED,naver
1341,079950,2026-09-01,review_required,SOURCE_UNVERIFIED,naver
1342,079960,2026-09-01,review_required,SOURCE_UNVERIFIED,naver
1345,080010,2026-09-01,review_required,SOURCE_UNVERIFIED,naver
1346,080160,2026-09-01,review_required,SOURCE_UNVERIFIED,naver
1347,080220,2026-09-01,review_required,SOURCE_UNVERIFIED,naver
1348,080420,2026-09-01,review_required,SOURCE_UNVERIFIED,naver
1349,080470,2026-09-01,review_required,SOURCE_UNVERIFIED,naver
1350,080520,2026-09-01,review_required,SOURCE_UNVERIFIED,naver
1351,080530,2026-09-01,review_required,SOURCE_UNVERIFIED,naver
1352,080580,2026-09-01,review_required,SOURCE_UNVERIFIED,naver
1355,081150,2026-09-01,review_required,SOURCE_UNVERIFIED,naver
1356,081180,2026-09-01,review_required,SOURCE_UNVERIFIED,naver
1357,081580,2026-09-01,review_required,SOURCE_UNVERIFIED,naver
1359,082210,2026-09-01,review_required,SOURCE_UNVERIFIED,naver
1360,082270,2026-09-01,review_required,SOURCE_UNVERIFIED,naver
1364,082800,2026-09-01,review_required,SOURCE_UNVERIFIED,naver
1365,082850,2026-09-01,review_required,SOURCE_UNVERIFIED,naver
1366,082920,2026-09-01,review_required,SOURCE_UNVERIFIED,naver
1367,083310,2026-09-01,review_required,SOURCE_UNVERIFIED,naver
1369,083450,2026-09-01,review_required,SOURCE_UNVERIFIED,naver
1370,083470,2026-09-01,review_required,SOURCE_UNVERIFIED,naver
1371,083500,2026-09-01,review_required,SOURCE_UNVERIFIED,naver
1372,083550,2026-09-01,review_required,SOURCE_UNVERIFIED,naver
1373,083640,2026-09-01,review_required,SOURCE_UNVERIFIED,naver
1374,083650,2026-09-01,review_required,SOURCE_UNVERIFIED,naver
1375,083660,2026-09-01,review_required,SOURCE_UNVERIFIED,naver
1376,083790,2026-09-01,review_required,SOURCE_UNVERIFIED,naver
1377,083930,2026-09-01,review_required,SOURCE_UNVERIFIED,naver
1379,084110,2026-09-01,review_required,SOURCE_UNVERIFIED,naver
1380,084180,2026-09-01,review_required,SOURCE_UNVERIFIED,naver
1381,084370,2026-09-01,review_required,SOURCE_UNVERIFIED,naver
1388,084730,2026-09-01,review_required,SOURCE_UNVERIFIED,naver
1389,084850,2026-09-01,review_required,SOURCE_UNVERIFIED,naver
1391,084990,2026-09-01,review_required,SOURCE_UNVERIFIED,naver
1394,085660,2026-09-01,review_required,SOURCE_UNVERIFIED,naver
1395,085670,2026-09-01,review_required,SOURCE_UNVERIFIED,naver
1396,085810,2026-09-01,review_required,SOURCE_UNVERIFIED,naver
1397,085910,2026-09-01,review_required,SOURCE_UNVERIFIED,naver
1398,086040,2026-09-01,review_required,SOURCE_UNVERIFIED,naver
1399,086060,2026-09-01,review_required,SOURCE_UNVERIFIED,naver
1401,086390,2026-09-01,review_required,SOURCE_UNVERIFIED,naver
1402,086450,2026-09-01,review_required,SOURCE_UNVERIFIED,naver
1403,086520,2026-09-01,review_required,SOURCE_UNVERIFIED,naver
1404,086670,2026-09-01,review_required,SOURCE_UNVERIFIED,naver
1405,086710,2026-09-01,review_required,SOURCE_UNVERIFIED,naver
1407,086820,2026-09-01,review_required,SOURCE_UNVERIFIED,naver
1408,086890,2026-09-01,review_required,SOURCE_UNVERIFIED,naver
1409,086900,2026-09-01,review_required,SOURCE_UNVERIFIED,naver
1410,086960,2026-09-01,review_required,SOURCE_UNVERIFIED,naver
1411,086980,2026-09-01,review_required,SOURCE_UNVERIFIED,naver
1412,087010,2026-09-01,review_required,SOURCE_UNVERIFIED,naver
1414,087600,2026-09-01,review_required,SOURCE_UNVERIFIED,naver
1415,088130,2026-09-01,review_required,SOURCE_UNVERIFIED,naver
1417,088280,2026-09-01,review_required,SOURCE_UNVERIFIED,naver
1418,088290,2026-09-01,review_required,SOURCE_UNVERIFIED,naver
1419,088340,2026-09-01,review_required,SOURCE_UNVERIFIED,naver
1421,088390,2026-09-01,review_required,SOURCE_UNVERIFIED,naver
1423,088800,2026-09-01,review_required,SOURCE_UNVERIFIED,naver
1424,088910,2026-09-01,review_required,SOURCE_UNVERIFIED,naver
1426,089010,2026-09-01,review_required,SOURCE_UNVERIFIED,naver
1427,089030,2026-09-01,review_required,SOURCE_UNVERIFIED,naver
1428,089140,2026-09-01,review_required,SOURCE_UNVERIFIED,naver
1429,089150,2026-09-01,review_required,SOURCE_UNVERIFIED,naver
1430,089230,2026-09-01,review_required,SOURCE_UNVERIFIED,naver
1433,089600,2026-09-01,review_required,SOURCE_UNVERIFIED,naver
1434,089790,2026-09-01,review_required,SOURCE_UNVERIFIED,naver
1435,089850,2026-09-01,review_required,SOURCE_UNVERIFIED,naver
1437,089890,2026-09-01,review_required,SOURCE_UNVERIFIED,naver
1438,089970,2026-09-01,review_required,SOURCE_UNVERIFIED,naver
1439,089980,2026-09-01,review_required,SOURCE_UNVERIFIED,naver
1441,090150,2026-09-01,review_required,SOURCE_UNVERIFIED,naver
1444,090360,2026-09-01,review_required,SOURCE_UNVERIFIED,naver
1446,090410,2026-09-01,review_required,SOURCE_UNVERIFIED,naver
1450,090470,2026-09-01,review_required,SOURCE_UNVERIFIED,naver
1451,090710,2026-09-01,review_required,SOURCE_UNVERIFIED,naver
1452,090850,2026-09-01,review_required,SOURCE_UNVERIFIED,naver
1453,091120,2026-09-01,review_required,SOURCE_UNVERIFIED,naver
1454,091340,2026-09-01,review_required,SOURCE_UNVERIFIED,naver
1455,091440,2026-09-01,review_required,SOURCE_UNVERIFIED,naver
1456,091580,2026-09-01,review_required,SOURCE_UNVERIFIED,naver
1457,091590,2026-09-01,review_required,SOURCE_UNVERIFIED,naver
1458,091700,2026-09-01,review_required,SOURCE_UNVERIFIED,naver
1460,091970,2026-09-01,review_required,SOURCE_UNVERIFIED,naver
1461,092040,2026-09-01,review_required,SOURCE_UNVERIFIED,naver
1462,092070,2026-09-01,review_required,SOURCE_UNVERIFIED,naver
1463,092130,2026-09-01,review_required,SOURCE_UNVERIFIED,naver
1464,092190,2026-09-01,review_required,SOURCE_UNVERIFIED,naver
1468,092300,2026-09-01,review_required,SOURCE_UNVERIFIED,naver
1470,092460,2026-09-01,review_required,SOURCE_UNVERIFIED,naver
1471,092600,2026-09-01,review_required,SOURCE_UNVERIFIED,naver
1472,092730,2026-09-01,review_required,SOURCE_UNVERIFIED,naver
1475,092870,2026-09-01,review_required,SOURCE_UNVERIFIED,naver
1477,093190,2026-09-01,review_required,SOURCE_UNVERIFIED,naver
1479,093320,2026-09-01,review_required,SOURCE_UNVERIFIED,naver
1481,093380,2026-09-01,review_required,SOURCE_UNVERIFIED,naver
1482,093520,2026-09-01,review_required,SOURCE_UNVERIFIED,naver
1483,093640,2026-09-01,review_required,SOURCE_UNVERIFIED,naver
1484,093920,2026-09-01,review_required,SOURCE_UNVERIFIED,naver
1485,094170,2026-09-01,review_required,SOURCE_UNVERIFIED,naver
1487,094360,2026-09-01,review_required,SOURCE_UNVERIFIED,naver
1488,094480,2026-09-01,review_required,SOURCE_UNVERIFIED,naver
1490,094820,2026-09-01,review_required,SOURCE_UNVERIFIED,naver
1491,094840,2026-09-01,review_required,SOURCE_UNVERIFIED,naver
1492,094850,2026-09-01,review_required,SOURCE_UNVERIFIED,naver
1493,094860,2026-09-01,review_required,SOURCE_UNVERIFIED,naver
1494,094940,2026-09-01,review_required,SOURCE_UNVERIFIED,naver
1495,094970,2026-09-01,review_required,SOURCE_UNVERIFIED,naver
1496,095190,2026-09-01,review_required,SOURCE_UNVERIFIED,naver
1497,095270,2026-09-01,review_required,SOURCE_UNVERIFIED,naver
1498,095340,2026-09-01,review_required,SOURCE_UNVERIFIED,naver
1499,095500,2026-09-01,review_required,SOURCE_UNVERIFIED,naver
1501,095610,2026-09-01,review_required,SOURCE_UNVERIFIED,naver
1502,095660,2026-09-01,review_required,SOURCE_UNVERIFIED,naver
1503,095700,2026-09-01,review_required,SOURCE_UNVERIFIED,naver
1505,095910,2026-09-01,review_required,SOURCE_UNVERIFIED,naver
1506,096240,2026-09-01,review_required,SOURCE_UNVERIFIED,naver
1507,096250,2026-09-01,review_required,SOURCE_UNVERIFIED,naver
1508,096350,2026-09-01,review_required,SOURCE_UNVERIFIED,naver
1509,096530,2026-09-01,review_required,SOURCE_UNVERIFIED,naver
1511,096630,2026-09-01,review_required,SOURCE_UNVERIFIED,naver
1512,096690,2026-09-01,review_required,SOURCE_UNVERIFIED,naver
1516,096870,2026-09-01,review_required,SOURCE_UNVERIFIED,naver
1519,097780,2026-09-01,review_required,SOURCE_UNVERIFIED,naver
1520,097800,2026-09-01,review_required,SOURCE_UNVERIFIED,naver
1521,097870,2026-09-01,review_required,SOURCE_UNVERIFIED,naver
1524,098070,2026-09-01,review_required,SOURCE_UNVERIFIED,naver
1525,098120,2026-09-01,review_required,SOURCE_UNVERIFIED,naver
1526,098460,2026-09-01,review_required,SOURCE_UNVERIFIED,naver
1527,098660,2026-09-01,review_required,SOURCE_UNVERIFIED,naver
1528,099190,2026-09-01,review_required,SOURCE_UNVERIFIED,naver
1530,099320,2026-09-01,review_required,SOURCE_UNVERIFIED,naver
1531,099390,2026-09-01,review_required,SOURCE_UNVERIFIED,naver
1532,099410,2026-09-01,review_required,SOURCE_UNVERIFIED,naver
1533,099430,2026-09-01,review_required,SOURCE_UNVERIFIED,naver
1534,099440,2026-09-01,review_required,SOURCE_UNVERIFIED,naver
1536,099750,2026-09-01,review_required,SOURCE_UNVERIFIED,naver
1537,100030,2026-09-01,review_required,SOURCE_UNVERIFIED,naver
1539,100120,2026-09-01,review_required,SOURCE_UNVERIFIED,naver
1540,100130,2026-09-01,review_required,SOURCE_UNVERIFIED,naver
1543,100590,2026-09-01,review_required,SOURCE_UNVERIFIED,naver
1544,100660,2026-09-01,review_required,SOURCE_UNVERIFIED,naver
1545,100700,2026-09-01,review_required,SOURCE_UNVERIFIED,naver
1546,100790,2026-09-01,review_required,SOURCE_UNVERIFIED,naver
1548,101000,2026-09-01,review_required,SOURCE_UNVERIFIED,naver
1550,101160,2026-09-01,review_required,SOURCE_UNVERIFIED,naver
1551,101170,2026-09-01,review_required,SOURCE_UNVERIFIED,naver
1552,101240,2026-09-01,review_required,SOURCE_UNVERIFIED,naver
1553,101330,2026-09-01,review_required,SOURCE_UNVERIFIED,naver
1554,101360,2026-09-01,review_required,SOURCE_UNVERIFIED,naver
1555,101400,2026-09-01,review_required,SOURCE_UNVERIFIED,naver
1556,101490,2026-09-01,review_required,SOURCE_UNVERIFIED,naver
1558,101670,2026-09-01,review_required,SOURCE_UNVERIFIED,naver
1559,101680,2026-09-01,review_required,SOURCE_UNVERIFIED,naver
1560,101730,2026-09-01,review_required,SOURCE_UNVERIFIED,naver
1561,101930,2026-09-01,review_required,SOURCE_UNVERIFIED,naver
1563,102120,2026-09-01,review_required,SOURCE_UNVERIFIED,naver
1565,102370,2026-09-01,review_required,SOURCE_UNVERIFIED,naver
1567,102710,2026-09-01,review_required,SOURCE_UNVERIFIED,naver
1568,102940,2026-09-01,review_required,SOURCE_UNVERIFIED,naver
1570,103230,2026-09-01,review_required,SOURCE_UNVERIFIED,naver
1572,103840,2026-09-01,review_required,SOURCE_UNVERIFIED,naver
1573,104040,2026-09-01,review_required,SOURCE_UNVERIFIED,naver
1574,104200,2026-09-01,review_required,SOURCE_UNVERIFIED,naver
1575,104460,2026-09-01,review_required,SOURCE_UNVERIFIED,naver
1576,104480,2026-09-01,review_required,SOURCE_UNVERIFIED,naver
1577,104540,2026-09-01,review_required,SOURCE_UNVERIFIED,naver
1578,104620,2026-09-01,review_required,SOURCE_UNVERIFIED,naver
1580,104830,2026-09-01,review_required,SOURCE_UNVERIFIED,naver
1581,105330,2026-09-01,review_required,SOURCE_UNVERIFIED,naver
1582,105550,2026-09-01,review_required,SOURCE_UNVERIFIED,naver
1585,105740,2026-09-01,review_required,SOURCE_UNVERIFIED,naver
1586,105760,2026-09-01,review_required,SOURCE_UNVERIFIED,naver
1589,106190,2026-09-01,review_required,SOURCE_UNVERIFIED,naver
1590,106240,2026-09-01,review_required,SOURCE_UNVERIFIED,naver
1592,107600,2026-09-01,review_required,SOURCE_UNVERIFIED,naver
1593,107640,2026-09-01,review_required,SOURCE_UNVERIFIED,naver
1594,108230,2026-09-01,review_required,SOURCE_UNVERIFIED,naver
1596,108380,2026-09-01,review_required,SOURCE_UNVERIFIED,naver
1597,108490,2026-09-01,review_required,SOURCE_UNVERIFIED,naver
1600,108860,2026-09-01,review_required,SOURCE_UNVERIFIED,naver
1602,109080,2026-09-01,review_required,SOURCE_UNVERIFIED,naver
1603,109610,2026-09-01,review_required,SOURCE_UNVERIFIED,naver
1604,109670,2026-09-01,review_required,SOURCE_UNVERIFIED,naver
1605,109740,2026-09-01,review_required,SOURCE_UNVERIFIED,naver
1606,109820,2026-09-01,review_required,SOURCE_UNVERIFIED,naver
1607,109860,2026-09-01,review_required,SOURCE_UNVERIFIED,naver
1608,109960,2026-09-01,review_required,SOURCE_UNVERIFIED,naver
1609,110020,2026-09-01,review_required,SOURCE_UNVERIFIED,naver
1610,110790,2026-09-01,review_required,SOURCE_UNVERIFIED,naver
1611,110990,2026-09-01,review_required,SOURCE_UNVERIFIED,naver
1614,111710,2026-09-01,review_required,SOURCE_UNVERIFIED,naver
1616,112040,2026-09-01,review_required,SOURCE_UNVERIFIED,naver
1617,112290,2026-09-01,review_required,SOURCE_UNVERIFIED,naver
1619,113810,2026-09-01,review_required,SOURCE_UNVERIFIED,naver
1621,114190,2026-09-01,review_required,SOURCE_UNVERIFIED,naver
1622,114450,2026-09-01,review_required,SOURCE_UNVERIFIED,naver
1623,114630,2026-09-01,review_required,SOURCE_UNVERIFIED,naver
1624,114810,2026-09-01,review_required,SOURCE_UNVERIFIED,naver
1625,114840,2026-09-01,review_required,SOURCE_UNVERIFIED,naver
1626,115160,2026-09-01,review_required,SOURCE_UNVERIFIED,naver
1627,115180,2026-09-01,review_required,SOURCE_UNVERIFIED,naver
1628,115310,2026-09-01,review_required,SOURCE_UNVERIFIED,naver
1629,115440,2026-09-01,review_required,SOURCE_UNVERIFIED,naver
1630,115450,2026-09-01,review_required,SOURCE_UNVERIFIED,naver
1631,115480,2026-09-01,review_required,SOURCE_UNVERIFIED,naver
1632,115500,2026-09-01,review_required,SOURCE_UNVERIFIED,naver
1633,115530,2026-09-01,review_required,SOURCE_UNVERIFIED,naver
1634,115570,2026-09-01,review_required,SOURCE_UNVERIFIED,naver
1635,115610,2026-09-01,review_required,SOURCE_UNVERIFIED,naver
1637,117670,2026-09-01,review_required,SOURCE_UNVERIFIED,naver
1638,117730,2026-09-01,review_required,SOURCE_UNVERIFIED,naver
1640,118990,2026-09-01,review_required,SOURCE_UNVERIFIED,naver
1641,119500,2026-09-01,review_required,SOURCE_UNVERIFIED,naver
1642,119610,2026-09-01,review_required,SOURCE_UNVERIFIED,naver
1644,119830,2026-09-01,review_required,SOURCE_UNVERIFIED,naver
1645,119850,2026-09-01,review_required,SOURCE_UNVERIFIED,naver
1649,120240,2026-09-01,review_required,SOURCE_UNVERIFIED,naver
1650,121440,2026-09-01,review_required,SOURCE_UNVERIFIED,naver
1651,121600,2026-09-01,review_required,SOURCE_UNVERIFIED,naver
1653,121850,2026-09-01,review_required,SOURCE_UNVERIFIED,naver
1654,121890,2026-09-01,review_required,SOURCE_UNVERIFIED,naver
1655,122310,2026-09-01,review_required,SOURCE_UNVERIFIED,naver
1656,122350,2026-09-01,review_required,SOURCE_UNVERIFIED,naver
1657,122450,2026-09-01,review_required,SOURCE_UNVERIFIED,naver
1658,122640,2026-09-01,review_required,SOURCE_UNVERIFIED,naver
1659,122690,2026-09-01,review_required,SOURCE_UNVERIFIED,naver
1660,122870,2026-09-01,review_required,SOURCE_UNVERIFIED,naver
1662,122990,2026-09-01,review_required,SOURCE_UNVERIFIED,naver
1663,123010,2026-09-01,review_required,SOURCE_UNVERIFIED,naver
1664,123040,2026-09-01,review_required,SOURCE_UNVERIFIED,naver
1665,123330,2026-09-01,review_required,SOURCE_UNVERIFIED,naver
1666,123410,2026-09-01,review_required,SOURCE_UNVERIFIED,naver
1667,123420,2026-09-01,review_required,SOURCE_UNVERIFIED,naver
1668,123570,2026-09-01,review_required,SOURCE_UNVERIFIED,naver
1671,123750,2026-09-01,review_required,SOURCE_UNVERIFIED,naver
1672,123840,2026-09-01,review_required,SOURCE_UNVERIFIED,naver
1673,123860,2026-09-01,review_required,SOURCE_UNVERIFIED,naver
1675,124500,2026-09-01,review_required,SOURCE_UNVERIFIED,naver
1676,124560,2026-09-01,review_required,SOURCE_UNVERIFIED,naver
1677,125020,2026-09-01,review_required,SOURCE_UNVERIFIED,naver
1678,125210,2026-09-01,review_required,SOURCE_UNVERIFIED,naver
1679,125490,2026-09-01,review_required,SOURCE_UNVERIFIED,naver
1680,126340,2026-09-01,review_required,SOURCE_UNVERIFIED,naver
1682,126600,2026-09-01,review_required,SOURCE_UNVERIFIED,naver
1683,126640,2026-09-01,review_required,SOURCE_UNVERIFIED,naver
1684,126700,2026-09-01,review_required,SOURCE_UNVERIFIED,naver
1686,126730,2026-09-01,review_required,SOURCE_UNVERIFIED,naver
1687,126880,2026-09-01,review_required,SOURCE_UNVERIFIED,naver
1688,127120,2026-09-01,review_required,SOURCE_UNVERIFIED,naver
1689,127710,2026-09-01,review_required,SOURCE_UNVERIFIED,naver
1690,127980,2026-09-01,review_required,SOURCE_UNVERIFIED,naver
1691,128540,2026-09-01,review_required,SOURCE_UNVERIFIED,naver
1692,128660,2026-09-01,review_required,SOURCE_UNVERIFIED,naver
1696,129890,2026-09-01,review_required,SOURCE_UNVERIFIED,naver
1697,129920,2026-09-01,review_required,SOURCE_UNVERIFIED,naver
1698,130500,2026-09-01,review_required,SOURCE_UNVERIFIED,naver
1699,130580,2026-09-01,review_required,SOURCE_UNVERIFIED,naver
1701,130740,2026-09-01,review_required,SOURCE_UNVERIFIED,naver
1702,131030,2026-09-01,review_required,SOURCE_UNVERIFIED,naver
1703,131090,2026-09-01,review_required,SOURCE_UNVERIFIED,naver
1704,131100,2026-09-01,review_required,SOURCE_UNVERIFIED,naver
1705,131180,2026-09-01,review_required,SOURCE_UNVERIFIED,naver
1706,131220,2026-09-01,review_required,SOURCE_UNVERIFIED,naver
1707,131290,2026-09-01,review_required,SOURCE_UNVERIFIED,naver
1708,131370,2026-09-01,review_required,SOURCE_UNVERIFIED,naver
1709,131400,2026-09-01,review_required,SOURCE_UNVERIFIED,naver
1710,131760,2026-09-01,review_required,SOURCE_UNVERIFIED,naver
1711,131970,2026-09-01,review_required,SOURCE_UNVERIFIED,naver
1712,133750,2026-09-01,review_required,SOURCE_UNVERIFIED,naver
1714,134060,2026-09-01,review_required,SOURCE_UNVERIFIED,naver
1718,136150,2026-09-01,review_required,SOURCE_UNVERIFIED,naver
1719,136410,2026-09-01,review_required,SOURCE_UNVERIFIED,naver
1720,136480,2026-09-01,review_required,SOURCE_UNVERIFIED,naver
1722,136540,2026-09-01,review_required,SOURCE_UNVERIFIED,naver
1723,137080,2026-09-01,review_required,SOURCE_UNVERIFIED,naver
1725,137400,2026-09-01,review_required,SOURCE_UNVERIFIED,naver
1726,137940,2026-09-01,review_required,SOURCE_UNVERIFIED,naver
1727,137950,2026-09-01,review_required,SOURCE_UNVERIFIED,naver
1729,138070,2026-09-01,review_required,SOURCE_UNVERIFIED,naver
1730,138080,2026-09-01,review_required,SOURCE_UNVERIFIED,naver
1731,138360,2026-09-01,review_required,SOURCE_UNVERIFIED,naver
1732,138610,2026-09-01,review_required,SOURCE_UNVERIFIED,naver
1736,139670,2026-09-01,review_required,SOURCE_UNVERIFIED,naver
1738,140070,2026-09-01,review_required,SOURCE_UNVERIFIED,naver
1739,140410,2026-09-01,review_required,SOURCE_UNVERIFIED,naver
1740,140430,2026-09-01,review_required,SOURCE_UNVERIFIED,naver
1741,140520,2026-09-01,review_required,SOURCE_UNVERIFIED,naver
1742,140670,2026-09-01,review_required,SOURCE_UNVERIFIED,naver
1743,140860,2026-09-01,review_required,SOURCE_UNVERIFIED,naver
1744,141000,2026-09-01,review_required,SOURCE_UNVERIFIED,naver
1745,141080,2026-09-01,review_required,SOURCE_UNVERIFIED,naver
1746,142210,2026-09-01,review_required,SOURCE_UNVERIFIED,naver
1747,142280,2026-09-01,review_required,SOURCE_UNVERIFIED,naver
1748,142760,2026-09-01,review_required,SOURCE_UNVERIFIED,naver
1749,143160,2026-09-01,review_required,SOURCE_UNVERIFIED,naver
1751,143240,2026-09-01,review_required,SOURCE_UNVERIFIED,naver
1752,143540,2026-09-01,review_required,SOURCE_UNVERIFIED,naver
1753,144510,2026-09-01,review_required,SOURCE_UNVERIFIED,naver
1754,144960,2026-09-01,review_required,SOURCE_UNVERIFIED,naver
1755,145020,2026-09-01,review_required,SOURCE_UNVERIFIED,naver
1756,145170,2026-09-01,review_required,SOURCE_UNVERIFIED,naver
1762,146060,2026-09-01,review_required,SOURCE_UNVERIFIED,naver
1763,146320,2026-09-01,review_required,SOURCE_UNVERIFIED,naver
1764,147760,2026-09-01,review_required,SOURCE_UNVERIFIED,naver
1765,147830,2026-09-01,review_required,SOURCE_UNVERIFIED,naver
1766,148150,2026-09-01,review_required,SOURCE_UNVERIFIED,naver
1767,148250,2026-09-01,review_required,SOURCE_UNVERIFIED,naver
1768,148780,2026-09-01,review_required,SOURCE_UNVERIFIED,naver
1769,148930,2026-09-01,review_required,SOURCE_UNVERIFIED,naver
1770,149950,2026-09-01,review_required,SOURCE_UNVERIFIED,naver
1771,149980,2026-09-01,review_required,SOURCE_UNVERIFIED,naver
1772,150900,2026-09-01,review_required,SOURCE_UNVERIFIED,naver
1773,151860,2026-09-01,review_required,SOURCE_UNVERIFIED,naver
1774,153460,2026-09-01,review_required,SOURCE_UNVERIFIED,naver
1775,153490,2026-09-01,review_required,SOURCE_UNVERIFIED,naver
1776,153710,2026-09-01,review_required,SOURCE_UNVERIFIED,naver
1777,153890,2026-09-01,review_required,SOURCE_UNVERIFIED,naver
1778,154030,2026-09-01,review_required,SOURCE_UNVERIFIED,naver
1779,154040,2026-09-01,review_required,SOURCE_UNVERIFIED,naver
1780,155650,2026-09-01,review_required,SOURCE_UNVERIFIED,naver
1782,156100,2026-09-01,review_required,SOURCE_UNVERIFIED,naver
1783,158430,2026-09-01,review_required,SOURCE_UNVERIFIED,naver
1784,159010,2026-09-01,review_required,SOURCE_UNVERIFIED,naver
1785,159580,2026-09-01,review_required,SOURCE_UNVERIFIED,naver
1786,159910,2026-09-01,review_required,SOURCE_UNVERIFIED,naver
1787,160190,2026-09-01,review_required,SOURCE_UNVERIFIED,naver
1788,160550,2026-09-01,review_required,SOURCE_UNVERIFIED,naver
1789,160980,2026-09-01,review_required,SOURCE_UNVERIFIED,naver
1792,161580,2026-09-01,review_required,SOURCE_UNVERIFIED,naver
1794,162300,2026-09-01,review_required,SOURCE_UNVERIFIED,naver
1795,163280,2026-09-01,review_required,SOURCE_UNVERIFIED,naver
1797,163730,2026-09-01,review_required,SOURCE_UNVERIFIED,naver
1798,166090,2026-09-01,review_required,SOURCE_UNVERIFIED,naver
1799,166480,2026-09-01,review_required,SOURCE_UNVERIFIED,naver
1800,168330,2026-09-01,review_required,SOURCE_UNVERIFIED,naver
1801,168360,2026-09-01,review_required,SOURCE_UNVERIFIED,naver
1802,169330,2026-09-01,review_required,SOURCE_UNVERIFIED,naver
1803,170030,2026-09-01,review_required,SOURCE_UNVERIFIED,naver
1804,170790,2026-09-01,review_required,SOURCE_UNVERIFIED,naver
1806,170920,2026-09-01,review_required,SOURCE_UNVERIFIED,naver
1807,171010,2026-09-01,review_required,SOURCE_UNVERIFIED,naver
1808,171090,2026-09-01,review_required,SOURCE_UNVERIFIED,naver
1809,171120,2026-09-01,review_required,SOURCE_UNVERIFIED,naver
1810,172670,2026-09-01,review_required,SOURCE_UNVERIFIED,naver
1811,173130,2026-09-01,review_required,SOURCE_UNVERIFIED,naver
1812,173940,2026-09-01,review_required,SOURCE_UNVERIFIED,naver
1813,174900,2026-09-01,review_required,SOURCE_UNVERIFIED,naver
1814,175140,2026-09-01,review_required,SOURCE_UNVERIFIED,naver
1815,175250,2026-09-01,review_required,SOURCE_UNVERIFIED,naver
1817,176750,2026-09-01,review_required,SOURCE_UNVERIFIED,naver
1818,177350,2026-09-01,review_required,SOURCE_UNVERIFIED,naver
1819,177830,2026-09-01,review_required,SOURCE_UNVERIFIED,naver
1820,177900,2026-09-01,review_required,SOURCE_UNVERIFIED,naver
1821,178320,2026-09-01,review_required,SOURCE_UNVERIFIED,naver
1822,178780,2026-09-01,review_required,SOURCE_UNVERIFIED,naver
1824,179290,2026-09-01,review_required,SOURCE_UNVERIFIED,naver
1825,179530,2026-09-01,review_required,SOURCE_UNVERIFIED,naver
1826,179900,2026-09-01,review_required,SOURCE_UNVERIFIED,naver
1827,180400,2026-09-01,review_required,SOURCE_UNVERIFIED,naver
1831,182360,2026-09-01,review_required,SOURCE_UNVERIFIED,naver
1834,183300,2026-09-01,review_required,SOURCE_UNVERIFIED,naver
1836,184230,2026-09-01,review_required,SOURCE_UNVERIFIED,naver
1837,185490,2026-09-01,review_required,SOURCE_UNVERIFIED,naver
1839,186230,2026-09-01,review_required,SOURCE_UNVERIFIED,naver
1840,187220,2026-09-01,review_required,SOURCE_UNVERIFIED,naver
1841,187270,2026-09-01,review_required,SOURCE_UNVERIFIED,naver
1842,187420,2026-09-01,review_required,SOURCE_UNVERIFIED,naver
1843,187660,2026-09-01,review_required,SOURCE_UNVERIFIED,naver
1844,187790,2026-09-01,review_required,SOURCE_UNVERIFIED,naver
1845,187870,2026-09-01,review_required,SOURCE_UNVERIFIED,naver
1846,188040,2026-09-01,review_required,SOURCE_UNVERIFIED,naver
1847,188260,2026-09-01,review_required,SOURCE_UNVERIFIED,naver
1848,189300,2026-09-01,review_required,SOURCE_UNVERIFIED,naver
1849,189330,2026-09-01,review_required,SOURCE_UNVERIFIED,naver
1850,189690,2026-09-01,review_required,SOURCE_UNVERIFIED,naver
1851,189860,2026-09-01,review_required,SOURCE_UNVERIFIED,naver
1852,189980,2026-09-01,review_required,SOURCE_UNVERIFIED,naver
1853,190510,2026-09-01,review_required,SOURCE_UNVERIFIED,naver
1854,190650,2026-09-01,review_required,SOURCE_UNVERIFIED,naver
1855,191410,2026-09-01,review_required,SOURCE_UNVERIFIED,naver
1856,191420,2026-09-01,review_required,SOURCE_UNVERIFIED,naver
1858,192250,2026-09-01,review_required,SOURCE_UNVERIFIED,naver
1859,192390,2026-09-01,review_required,SOURCE_UNVERIFIED,naver
1861,192410,2026-09-01,review_required,SOURCE_UNVERIFIED,naver
1862,192440,2026-09-01,review_required,SOURCE_UNVERIFIED,naver
1865,193250,2026-09-01,review_required,SOURCE_UNVERIFIED,naver
1867,194480,2026-09-01,review_required,SOURCE_UNVERIFIED,naver
1868,194700,2026-09-01,review_required,SOURCE_UNVERIFIED,naver
1869,195500,2026-09-01,review_required,SOURCE_UNVERIFIED,naver
1871,195940,2026-09-01,review_required,SOURCE_UNVERIFIED,naver
1872,195990,2026-09-01,review_required,SOURCE_UNVERIFIED,naver
1873,196170,2026-09-01,review_required,SOURCE_UNVERIFIED,naver
1874,196300,2026-09-01,review_required,SOURCE_UNVERIFIED,naver
1875,196450,2026-09-01,review_required,SOURCE_UNVERIFIED,naver
1877,196700,2026-09-01,review_required,SOURCE_UNVERIFIED,naver
1878,197140,2026-09-01,review_required,SOURCE_UNVERIFIED,naver
1879,198080,2026-09-01,review_required,SOURCE_UNVERIFIED,naver
1880,198440,2026-09-01,review_required,SOURCE_UNVERIFIED,naver
1881,198940,2026-09-01,review_required,SOURCE_UNVERIFIED,naver
1882,199430,2026-09-01,review_required,SOURCE_UNVERIFIED,naver
1883,199480,2026-09-01,review_required,SOURCE_UNVERIFIED,naver
1884,199550,2026-09-01,review_required,SOURCE_UNVERIFIED,naver
1885,199730,2026-09-01,review_required,SOURCE_UNVERIFIED,naver
1886,199800,2026-09-01,review_required,SOURCE_UNVERIFIED,naver
1887,199820,2026-09-01,review_required,SOURCE_UNVERIFIED,naver
1888,200130,2026-09-01,review_required,SOURCE_UNVERIFIED,naver
1889,200230,2026-09-01,review_required,SOURCE_UNVERIFIED,naver
1890,200350,2026-09-01,review_required,SOURCE_UNVERIFIED,naver
1891,200470,2026-09-01,review_required,SOURCE_UNVERIFIED,naver
1892,200670,2026-09-01,review_required,SOURCE_UNVERIFIED,naver
1893,200710,2026-09-01,review_required,SOURCE_UNVERIFIED,naver
1894,200780,2026-09-01,review_required,SOURCE_UNVERIFIED,naver
1896,201490,2026-09-01,review_required,SOURCE_UNVERIFIED,naver
1898,203450,2026-09-01,review_required,SOURCE_UNVERIFIED,naver
1899,203650,2026-09-01,review_required,SOURCE_UNVERIFIED,naver
1900,204020,2026-09-01,review_required,SOURCE_UNVERIFIED,naver
1901,204270,2026-09-01,review_required,SOURCE_UNVERIFIED,naver
1903,204610,2026-09-01,review_required,SOURCE_UNVERIFIED,naver
1904,204620,2026-09-01,review_required,SOURCE_UNVERIFIED,naver
1905,204840,2026-09-01,review_required,SOURCE_UNVERIFIED,naver
1906,205100,2026-09-01,review_required,SOURCE_UNVERIFIED,naver
1907,205470,2026-09-01,review_required,SOURCE_UNVERIFIED,naver
1908,205500,2026-09-01,review_required,SOURCE_UNVERIFIED,naver
1909,206400,2026-09-01,review_required,SOURCE_UNVERIFIED,naver
1911,206640,2026-09-01,review_required,SOURCE_UNVERIFIED,naver
1912,206650,2026-09-01,review_required,SOURCE_UNVERIFIED,naver
1913,207760,2026-09-01,review_required,SOURCE_UNVERIFIED,naver
1915,208140,2026-09-01,review_required,SOURCE_UNVERIFIED,naver
1916,208350,2026-09-01,review_required,SOURCE_UNVERIFIED,naver
1917,208370,2026-09-01,review_required,SOURCE_UNVERIFIED,naver
1918,208640,2026-09-01,review_required,SOURCE_UNVERIFIED,naver
1919,208710,2026-09-01,review_required,SOURCE_UNVERIFIED,naver
1920,208860,2026-09-01,review_required,SOURCE_UNVERIFIED,naver
1921,209640,2026-09-01,review_required,SOURCE_UNVERIFIED,naver
1922,210120,2026-09-01,review_required,SOURCE_UNVERIFIED,naver
1925,211050,2026-09-01,review_required,SOURCE_UNVERIFIED,naver
1926,211270,2026-09-01,review_required,SOURCE_UNVERIFIED,naver
1927,212560,2026-09-01,review_required,SOURCE_UNVERIFIED,naver
1928,212710,2026-09-01,review_required,SOURCE_UNVERIFIED,naver
1929,213420,2026-09-01,review_required,SOURCE_UNVERIFIED,naver
1931,214150,2026-09-01,review_required,SOURCE_UNVERIFIED,naver
1932,214180,2026-09-01,review_required,SOURCE_UNVERIFIED,naver
1933,214260,2026-09-01,review_required,SOURCE_UNVERIFIED,naver
1934,214270,2026-09-01,review_required,SOURCE_UNVERIFIED,naver
1937,214370,2026-09-01,review_required,SOURCE_UNVERIFIED,naver
1940,214430,2026-09-01,review_required,SOURCE_UNVERIFIED,naver
1941,214450,2026-09-01,review_required,SOURCE_UNVERIFIED,naver
1943,214680,2026-09-01,review_required,SOURCE_UNVERIFIED,naver
1944,215000,2026-09-01,review_required,SOURCE_UNVERIFIED,naver
1945,215090,2026-09-01,review_required,SOURCE_UNVERIFIED,naver
1946,215100,2026-09-01,review_required,SOURCE_UNVERIFIED,naver
1947,215200,2026-09-01,review_required,SOURCE_UNVERIFIED,naver
1948,215360,2026-09-01,review_required,SOURCE_UNVERIFIED,naver
1949,215380,2026-09-01,review_required,SOURCE_UNVERIFIED,naver
1950,215480,2026-09-01,review_required,SOURCE_UNVERIFIED,naver
1951,215600,2026-09-01,review_required,SOURCE_UNVERIFIED,naver
1952,215790,2026-09-01,review_required,SOURCE_UNVERIFIED,naver
1953,216050,2026-09-01,review_required,SOURCE_UNVERIFIED,naver
1954,216080,2026-09-01,review_required,SOURCE_UNVERIFIED,naver
1955,217190,2026-09-01,review_required,SOURCE_UNVERIFIED,naver
1956,217270,2026-09-01,review_required,SOURCE_UNVERIFIED,naver
1957,217330,2026-09-01,review_required,SOURCE_UNVERIFIED,naver
1959,217500,2026-09-01,review_required,SOURCE_UNVERIFIED,naver
1961,217730,2026-09-01,review_required,SOURCE_UNVERIFIED,naver
1962,217820,2026-09-01,review_required,SOURCE_UNVERIFIED,naver
1963,218150,2026-09-01,review_required,SOURCE_UNVERIFIED,naver
1964,218410,2026-09-01,review_required,SOURCE_UNVERIFIED,naver
1965,219130,2026-09-01,review_required,SOURCE_UNVERIFIED,naver
1966,219420,2026-09-01,review_required,SOURCE_UNVERIFIED,naver
1967,219550,2026-09-01,review_required,SOURCE_UNVERIFIED,naver
1968,219750,2026-09-01,review_required,SOURCE_UNVERIFIED,naver
1969,220100,2026-09-01,review_required,SOURCE_UNVERIFIED,naver
1970,220180,2026-09-01,review_required,SOURCE_UNVERIFIED,naver
1971,220260,2026-09-01,review_required,SOURCE_UNVERIFIED,naver
1972,221800,2026-09-01,review_required,SOURCE_UNVERIFIED,naver
1973,221840,2026-09-01,review_required,SOURCE_UNVERIFIED,naver
1974,221980,2026-09-01,review_required,SOURCE_UNVERIFIED,naver
1975,222040,2026-09-01,review_required,SOURCE_UNVERIFIED,naver
1976,222080,2026-09-01,review_required,SOURCE_UNVERIFIED,naver
1977,222110,2026-09-01,review_required,SOURCE_UNVERIFIED,naver
1978,222420,2026-09-01,review_required,SOURCE_UNVERIFIED,naver
1979,222800,2026-09-01,review_required,SOURCE_UNVERIFIED,naver
1980,222980,2026-09-01,review_required,SOURCE_UNVERIFIED,naver
1981,223250,2026-09-01,review_required,SOURCE_UNVERIFIED,naver
1982,223310,2026-09-01,review_required,SOURCE_UNVERIFIED,naver
1983,224060,2026-09-01,review_required,SOURCE_UNVERIFIED,naver
1984,224110,2026-09-01,review_required,SOURCE_UNVERIFIED,naver
1985,225190,2026-09-01,review_required,SOURCE_UNVERIFIED,naver
1986,225220,2026-09-01,review_required,SOURCE_UNVERIFIED,naver
1987,225430,2026-09-01,review_required,SOURCE_UNVERIFIED,naver
1988,225530,2026-09-01,review_required,SOURCE_UNVERIFIED,naver
1989,225570,2026-09-01,review_required,SOURCE_UNVERIFIED,naver
1990,225590,2026-09-01,review_required,SOURCE_UNVERIFIED,naver
1992,226330,2026-09-01,review_required,SOURCE_UNVERIFIED,naver
1993,226340,2026-09-01,review_required,SOURCE_UNVERIFIED,naver
1994,226400,2026-09-01,review_required,SOURCE_UNVERIFIED,naver
1995,226590,2026-09-01,review_required,SOURCE_UNVERIFIED,naver
1996,226950,2026-09-01,review_required,SOURCE_UNVERIFIED,naver
1997,227610,2026-09-01,review_required,SOURCE_UNVERIFIED,naver
1999,227950,2026-09-01,review_required,SOURCE_UNVERIFIED,naver
2000,228340,2026-09-01,review_required,SOURCE_UNVERIFIED,naver
2001,228670,2026-09-01,review_required,SOURCE_UNVERIFIED,naver
2002,228760,2026-09-01,review_required,SOURCE_UNVERIFIED,naver
2003,228850,2026-09-01,review_required,SOURCE_UNVERIFIED,naver
2004,229000,2026-09-01,review_required,SOURCE_UNVERIFIED,naver
2006,230240,2026-09-01,review_required,SOURCE_UNVERIFIED,naver
2007,232140,2026-09-01,review_required,SOURCE_UNVERIFIED,naver
2008,232680,2026-09-01,review_required,SOURCE_UNVERIFIED,naver
2009,232830,2026-09-01,review_required,SOURCE_UNVERIFIED,naver
2010,234030,2026-09-01,review_required,SOURCE_UNVERIFIED,naver
2012,234100,2026-09-01,review_required,SOURCE_UNVERIFIED,naver
2013,234300,2026-09-01,review_required,SOURCE_UNVERIFIED,naver
2014,234340,2026-09-01,review_required,SOURCE_UNVERIFIED,naver
2015,234690,2026-09-01,review_required,SOURCE_UNVERIFIED,naver
2017,235980,2026-09-01,review_required,SOURCE_UNVERIFIED,naver
2018,236200,2026-09-01,review_required,SOURCE_UNVERIFIED,naver
2019,236810,2026-09-01,review_required,SOURCE_UNVERIFIED,naver
2020,237690,2026-09-01,review_required,SOURCE_UNVERIFIED,naver
2021,237750,2026-09-01,review_required,SOURCE_UNVERIFIED,naver
2022,237820,2026-09-01,review_required,SOURCE_UNVERIFIED,naver
2023,237880,2026-09-01,review_required,SOURCE_UNVERIFIED,naver
2024,238090,2026-09-01,review_required,SOURCE_UNVERIFIED,naver
2025,238120,2026-09-01,review_required,SOURCE_UNVERIFIED,naver
2026,238200,2026-09-01,review_required,SOURCE_UNVERIFIED,naver
2027,238490,2026-09-01,review_required,SOURCE_UNVERIFIED,naver
2029,239610,2026-09-01,review_required,SOURCE_UNVERIFIED,naver
2030,239890,2026-09-01,review_required,SOURCE_UNVERIFIED,naver
2031,240550,2026-09-01,review_required,SOURCE_UNVERIFIED,naver
2032,240600,2026-09-01,review_required,SOURCE_UNVERIFIED,naver
2033,240810,2026-09-01,review_required,SOURCE_UNVERIFIED,naver
2034,241520,2026-09-01,review_required,SOURCE_UNVERIFIED,naver
2037,241690,2026-09-01,review_required,SOURCE_UNVERIFIED,naver
2038,241710,2026-09-01,review_required,SOURCE_UNVERIFIED,naver
2039,241770,2026-09-01,review_required,SOURCE_UNVERIFIED,naver
2040,241790,2026-09-01,review_required,SOURCE_UNVERIFIED,naver
2042,241840,2026-09-01,review_required,SOURCE_UNVERIFIED,naver
2043,242040,2026-09-01,review_required,SOURCE_UNVERIFIED,naver
2044,243070,2026-09-01,review_required,SOURCE_UNVERIFIED,naver
2045,243840,2026-09-01,review_required,SOURCE_UNVERIFIED,naver
2050,246690,2026-09-01,review_required,SOURCE_UNVERIFIED,naver
2051,246710,2026-09-01,review_required,SOURCE_UNVERIFIED,naver
2053,246960,2026-09-01,review_required,SOURCE_UNVERIFIED,naver
2054,247540,2026-09-01,review_required,SOURCE_UNVERIFIED,naver
2055,247660,2026-09-01,review_required,SOURCE_UNVERIFIED,naver
2059,250000,2026-09-01,review_required,SOURCE_UNVERIFIED,naver
2060,250060,2026-09-01,review_required,SOURCE_UNVERIFIED,naver
2061,250930,2026-09-01,review_required,SOURCE_UNVERIFIED,naver
2062,251120,2026-09-01,review_required,SOURCE_UNVERIFIED,naver
2064,251370,2026-09-01,review_required,SOURCE_UNVERIFIED,naver
2065,251630,2026-09-01,review_required,SOURCE_UNVERIFIED,naver
2066,251970,2026-09-01,review_required,SOURCE_UNVERIFIED,naver
2067,252500,2026-09-01,review_required,SOURCE_UNVERIFIED,naver
2068,252990,2026-09-01,review_required,SOURCE_UNVERIFIED,naver
2069,253450,2026-09-01,review_required,SOURCE_UNVERIFIED,naver
2070,253590,2026-09-01,review_required,SOURCE_UNVERIFIED,naver
2071,253840,2026-09-01,review_required,SOURCE_UNVERIFIED,naver
2072,254120,2026-09-01,review_required,SOURCE_UNVERIFIED,naver
2073,254490,2026-09-01,review_required,SOURCE_UNVERIFIED,naver
2074,255220,2026-09-01,review_required,SOURCE_UNVERIFIED,naver
2075,255440,2026-09-01,review_required,SOURCE_UNVERIFIED,naver
2076,256150,2026-09-01,review_required,SOURCE_UNVERIFIED,naver
2077,256630,2026-09-01,review_required,SOURCE_UNVERIFIED,naver
2078,256840,2026-09-01,review_required,SOURCE_UNVERIFIED,naver
2079,256940,2026-09-01,review_required,SOURCE_UNVERIFIED,naver
2080,257370,2026-09-01,review_required,SOURCE_UNVERIFIED,naver
2081,257720,2026-09-01,review_required,SOURCE_UNVERIFIED,naver
2082,258610,2026-09-01,review_required,SOURCE_UNVERIFIED,naver
2083,258790,2026-09-01,review_required,SOURCE_UNVERIFIED,naver
2085,259630,2026-09-01,review_required,SOURCE_UNVERIFIED,naver
2087,260660,2026-09-01,review_required,SOURCE_UNVERIFIED,naver
2088,260930,2026-09-01,review_required,SOURCE_UNVERIFIED,naver
2089,260970,2026-09-01,review_required,SOURCE_UNVERIFIED,naver
2090,261200,2026-09-01,review_required,SOURCE_UNVERIFIED,naver
2091,261520,2026-09-01,review_required,SOURCE_UNVERIFIED,naver
2092,261780,2026-09-01,review_required,SOURCE_UNVERIFIED,naver
2093,262260,2026-09-01,review_required,SOURCE_UNVERIFIED,naver
2094,262840,2026-09-01,review_required,SOURCE_UNVERIFIED,naver
2095,263020,2026-09-01,review_required,SOURCE_UNVERIFIED,naver
2097,263600,2026-09-01,review_required,SOURCE_UNVERIFIED,naver
2098,263690,2026-09-01,review_required,SOURCE_UNVERIFIED,naver
2099,263700,2026-09-01,review_required,SOURCE_UNVERIFIED,naver
2100,263720,2026-09-01,review_required,SOURCE_UNVERIFIED,naver
2101,263750,2026-09-01,review_required,SOURCE_UNVERIFIED,naver
2102,263770,2026-09-01,review_required,SOURCE_UNVERIFIED,naver
2103,263800,2026-09-01,review_required,SOURCE_UNVERIFIED,naver
2104,263810,2026-09-01,review_required,SOURCE_UNVERIFIED,naver
2105,263860,2026-09-01,review_required,SOURCE_UNVERIFIED,naver
2106,263920,2026-09-01,review_required,SOURCE_UNVERIFIED,naver
2107,264450,2026-09-01,review_required,SOURCE_UNVERIFIED,naver
2108,264660,2026-09-01,review_required,SOURCE_UNVERIFIED,naver
2109,264850,2026-09-01,review_required,SOURCE_UNVERIFIED,naver
2112,265520,2026-09-01,review_required,SOURCE_UNVERIFIED,naver
2113,265560,2026-09-01,review_required,SOURCE_UNVERIFIED,naver
2114,265740,2026-09-01,review_required,SOURCE_UNVERIFIED,naver
2119,267320,2026-09-01,review_required,SOURCE_UNVERIFIED,naver
2120,267790,2026-09-01,review_required,SOURCE_UNVERIFIED,naver
2122,267980,2026-09-01,review_required,SOURCE_UNVERIFIED,naver
2125,270520,2026-09-01,review_required,SOURCE_UNVERIFIED,naver
2126,270660,2026-09-01,review_required,SOURCE_UNVERIFIED,naver
2127,270870,2026-09-01,review_required,SOURCE_UNVERIFIED,naver
2129,271830,2026-09-01,review_required,SOURCE_UNVERIFIED,naver
2132,272110,2026-09-01,review_required,SOURCE_UNVERIFIED,naver
2134,272290,2026-09-01,review_required,SOURCE_UNVERIFIED,naver
2137,273060,2026-09-01,review_required,SOURCE_UNVERIFIED,naver
2138,273640,2026-09-01,review_required,SOURCE_UNVERIFIED,naver
2139,274090,2026-09-01,review_required,SOURCE_UNVERIFIED,naver
2140,274400,2026-09-01,review_required,SOURCE_UNVERIFIED,naver
2141,275630,2026-09-01,review_required,SOURCE_UNVERIFIED,naver
2143,276730,2026-09-01,review_required,SOURCE_UNVERIFIED,naver
2144,277070,2026-09-01,review_required,SOURCE_UNVERIFIED,naver
2145,277410,2026-09-01,review_required,SOURCE_UNVERIFIED,naver
2146,277810,2026-09-01,review_required,SOURCE_UNVERIFIED,naver
2147,277880,2026-09-01,review_required,SOURCE_UNVERIFIED,naver
2148,278280,2026-09-01,review_required,SOURCE_UNVERIFIED,naver
2150,278650,2026-09-01,review_required,SOURCE_UNVERIFIED,naver
2152,279600,2026-09-01,review_required,SOURCE_UNVERIFIED,naver
2154,281740,2026-09-01,review_required,SOURCE_UNVERIFIED,naver
2157,282720,2026-09-01,review_required,SOURCE_UNVERIFIED,naver
2158,282880,2026-09-01,review_required,SOURCE_UNVERIFIED,naver
2163,285490,2026-09-01,review_required,SOURCE_UNVERIFIED,naver
2164,285800,2026-09-01,review_required,SOURCE_UNVERIFIED,naver
2165,286750,2026-09-01,review_required,SOURCE_UNVERIFIED,naver
2167,287840,2026-09-01,review_required,SOURCE_UNVERIFIED,naver
2168,288180,2026-09-01,review_required,SOURCE_UNVERIFIED,naver
2170,288620,2026-09-01,review_required,SOURCE_UNVERIFIED,naver
2171,288980,2026-09-01,review_required,SOURCE_UNVERIFIED,naver
2172,289010,2026-09-01,review_required,SOURCE_UNVERIFIED,naver
2173,289080,2026-09-01,review_required,SOURCE_UNVERIFIED,naver
2174,289220,2026-09-01,review_required,SOURCE_UNVERIFIED,naver
2175,289930,2026-09-01,review_required,SOURCE_UNVERIFIED,naver
2176,290090,2026-09-01,review_required,SOURCE_UNVERIFIED,naver
2177,290120,2026-09-01,review_required,SOURCE_UNVERIFIED,naver
2178,290270,2026-09-01,review_required,SOURCE_UNVERIFIED,naver
2179,290520,2026-09-01,review_required,SOURCE_UNVERIFIED,naver
2180,290550,2026-09-01,review_required,SOURCE_UNVERIFIED,naver
2181,290560,2026-09-01,review_required,SOURCE_UNVERIFIED,naver
2182,290650,2026-09-01,review_required,SOURCE_UNVERIFIED,naver
2183,290660,2026-09-01,review_required,SOURCE_UNVERIFIED,naver
2184,290670,2026-09-01,review_required,SOURCE_UNVERIFIED,naver
2185,290690,2026-09-01,review_required,SOURCE_UNVERIFIED,naver
2186,290720,2026-09-01,review_required,SOURCE_UNVERIFIED,naver
2187,290740,2026-09-01,review_required,SOURCE_UNVERIFIED,naver
2188,291230,2026-09-01,review_required,SOURCE_UNVERIFIED,naver
2189,291650,2026-09-01,review_required,SOURCE_UNVERIFIED,naver
2190,291810,2026-09-01,review_required,SOURCE_UNVERIFIED,naver
2192,293490,2026-09-01,review_required,SOURCE_UNVERIFIED,naver
2193,293580,2026-09-01,review_required,SOURCE_UNVERIFIED,naver
2194,293780,2026-09-01,review_required,SOURCE_UNVERIFIED,naver
2197,294140,2026-09-01,review_required,SOURCE_UNVERIFIED,naver
2198,294570,2026-09-01,review_required,SOURCE_UNVERIFIED,naver
2199,294630,2026-09-01,review_required,SOURCE_UNVERIFIED,naver
2201,295310,2026-09-01,review_required,SOURCE_UNVERIFIED,naver
2202,296640,2026-09-01,review_required,SOURCE_UNVERIFIED,naver
2203,297090,2026-09-01,review_required,SOURCE_UNVERIFIED,naver
2204,297570,2026-09-01,review_required,SOURCE_UNVERIFIED,naver
2205,297890,2026-09-01,review_required,SOURCE_UNVERIFIED,naver
2210,298060,2026-09-01,review_required,SOURCE_UNVERIFIED,naver
2211,298380,2026-09-01,review_required,SOURCE_UNVERIFIED,naver
2212,298540,2026-09-01,review_required,SOURCE_UNVERIFIED,naver
2214,298830,2026-09-01,review_required,SOURCE_UNVERIFIED,naver
2215,299030,2026-09-01,review_required,SOURCE_UNVERIFIED,naver
2216,299170,2026-09-01,review_required,SOURCE_UNVERIFIED,naver
2217,299660,2026-09-01,review_required,SOURCE_UNVERIFIED,naver
2218,300080,2026-09-01,review_required,SOURCE_UNVERIFIED,naver
2219,300120,2026-09-01,review_required,SOURCE_UNVERIFIED,naver
2221,301300,2026-09-01,review_required,SOURCE_UNVERIFIED,naver
2222,302430,2026-09-01,review_required,SOURCE_UNVERIFIED,naver
2224,302550,2026-09-01,review_required,SOURCE_UNVERIFIED,naver
2225,303030,2026-09-01,review_required,SOURCE_UNVERIFIED,naver
2226,303360,2026-09-01,review_required,SOURCE_UNVERIFIED,naver
2227,303530,2026-09-01,review_required,SOURCE_UNVERIFIED,naver
2228,303810,2026-09-01,review_required,SOURCE_UNVERIFIED,naver
2229,304100,2026-09-01,review_required,SOURCE_UNVERIFIED,naver
2230,304360,2026-09-01,review_required,SOURCE_UNVERIFIED,naver
2232,305090,2026-09-01,review_required,SOURCE_UNVERIFIED,naver
2233,306040,2026-09-01,review_required,SOURCE_UNVERIFIED,naver
2235,306620,2026-09-01,review_required,SOURCE_UNVERIFIED,naver
2236,307180,2026-09-01,review_required,SOURCE_UNVERIFIED,naver
2237,307280,2026-09-01,review_required,SOURCE_UNVERIFIED,naver
2238,307750,2026-09-01,review_required,SOURCE_UNVERIFIED,naver
2239,307870,2026-09-01,review_required,SOURCE_UNVERIFIED,naver
2240,307930,2026-09-01,review_required,SOURCE_UNVERIFIED,naver
2242,308080,2026-09-01,review_required,SOURCE_UNVERIFIED,naver
2243,308100,2026-09-01,review_required,SOURCE_UNVERIFIED,naver
2245,308430,2026-09-01,review_required,SOURCE_UNVERIFIED,naver
2247,309930,2026-09-01,review_required,SOURCE_UNVERIFIED,naver
2248,309960,2026-09-01,review_required,SOURCE_UNVERIFIED,naver
2249,310200,2026-09-01,review_required,SOURCE_UNVERIFIED,naver
2250,310210,2026-09-01,review_required,SOURCE_UNVERIFIED,naver
2251,310870,2026-09-01,review_required,SOURCE_UNVERIFIED,naver
2252,311320,2026-09-01,review_required,SOURCE_UNVERIFIED,naver
2253,311390,2026-09-01,review_required,SOURCE_UNVERIFIED,naver
2254,311690,2026-09-01,review_required,SOURCE_UNVERIFIED,naver
2255,312610,2026-09-01,review_required,SOURCE_UNVERIFIED,naver
2257,314130,2026-09-01,review_required,SOURCE_UNVERIFIED,naver
2258,314140,2026-09-01,review_required,SOURCE_UNVERIFIED,naver
2259,314930,2026-09-01,review_required,SOURCE_UNVERIFIED,naver
2260,315640,2026-09-01,review_required,SOURCE_UNVERIFIED,naver
2262,317120,2026-09-01,review_required,SOURCE_UNVERIFIED,naver
2263,317240,2026-09-01,review_required,SOURCE_UNVERIFIED,naver
2264,317330,2026-09-01,review_required,SOURCE_UNVERIFIED,naver
2267,317530,2026-09-01,review_required,SOURCE_UNVERIFIED,naver
2268,317690,2026-09-01,review_required,SOURCE_UNVERIFIED,naver
2269,317770,2026-09-01,review_required,SOURCE_UNVERIFIED,naver
2270,317830,2026-09-01,review_required,SOURCE_UNVERIFIED,naver
2271,317850,2026-09-01,review_required,SOURCE_UNVERIFIED,naver
2272,317870,2026-09-01,review_required,SOURCE_UNVERIFIED,naver
2273,318000,2026-09-01,review_required,SOURCE_UNVERIFIED,naver
2274,318010,2026-09-01,review_required,SOURCE_UNVERIFIED,naver
2275,318020,2026-09-01,review_required,SOURCE_UNVERIFIED,naver
2276,318060,2026-09-01,review_required,SOURCE_UNVERIFIED,naver
2277,318160,2026-09-01,review_required,SOURCE_UNVERIFIED,naver
2278,318410,2026-09-01,review_required,SOURCE_UNVERIFIED,naver
2279,319400,2026-09-01,review_required,SOURCE_UNVERIFIED,naver
2280,319660,2026-09-01,review_required,SOURCE_UNVERIFIED,naver
2281,320000,2026-09-01,review_required,SOURCE_UNVERIFIED,naver
2282,321260,2026-09-01,review_required,SOURCE_UNVERIFIED,naver
2283,321370,2026-09-01,review_required,SOURCE_UNVERIFIED,naver
2284,321550,2026-09-01,review_required,SOURCE_UNVERIFIED,naver
2285,321820,2026-09-01,review_required,SOURCE_UNVERIFIED,naver
2287,322180,2026-09-01,review_required,SOURCE_UNVERIFIED,naver
2288,322310,2026-09-01,review_required,SOURCE_UNVERIFIED,naver
2289,322510,2026-09-01,review_required,SOURCE_UNVERIFIED,naver
2290,322780,2026-09-01,review_required,SOURCE_UNVERIFIED,naver
2291,323280,2026-09-01,review_required,SOURCE_UNVERIFIED,naver
2292,323350,2026-09-01,review_required,SOURCE_UNVERIFIED,naver
2294,323990,2026-09-01,review_required,SOURCE_UNVERIFIED,naver
2296,327260,2026-09-01,review_required,SOURCE_UNVERIFIED,naver
2297,328130,2026-09-01,review_required,SOURCE_UNVERIFIED,naver
2298,328380,2026-09-01,review_required,SOURCE_UNVERIFIED,naver
2300,330350,2026-09-01,review_required,SOURCE_UNVERIFIED,naver
2302,330730,2026-09-01,review_required,SOURCE_UNVERIFIED,naver
2303,330860,2026-09-01,review_required,SOURCE_UNVERIFIED,naver
2304,331380,2026-09-01,review_required,SOURCE_UNVERIFIED,naver
2305,331520,2026-09-01,review_required,SOURCE_UNVERIFIED,naver
2306,331740,2026-09-01,review_required,SOURCE_UNVERIFIED,naver
2307,331920,2026-09-01,review_required,SOURCE_UNVERIFIED,naver
2308,332290,2026-09-01,review_required,SOURCE_UNVERIFIED,naver
2309,332370,2026-09-01,review_required,SOURCE_UNVERIFIED,naver
2310,332570,2026-09-01,review_required,SOURCE_UNVERIFIED,naver
2311,333050,2026-09-01,review_required,SOURCE_UNVERIFIED,naver
2312,333430,2026-09-01,review_required,SOURCE_UNVERIFIED,naver
2313,333620,2026-09-01,review_required,SOURCE_UNVERIFIED,naver
2315,334970,2026-09-01,review_required,SOURCE_UNVERIFIED,naver
2316,335810,2026-09-01,review_required,SOURCE_UNVERIFIED,naver
2317,335870,2026-09-01,review_required,SOURCE_UNVERIFIED,naver
2318,336060,2026-09-01,review_required,SOURCE_UNVERIFIED,naver
2325,336570,2026-09-01,review_required,SOURCE_UNVERIFIED,naver
2326,336680,2026-09-01,review_required,SOURCE_UNVERIFIED,naver
2327,337930,2026-09-01,review_required,SOURCE_UNVERIFIED,naver
2329,338220,2026-09-01,review_required,SOURCE_UNVERIFIED,naver
2330,338840,2026-09-01,review_required,SOURCE_UNVERIFIED,naver
2332,339950,2026-09-01,review_required,SOURCE_UNVERIFIED,naver
2333,340360,2026-09-01,review_required,SOURCE_UNVERIFIED,naver
2334,340440,2026-09-01,review_required,SOURCE_UNVERIFIED,naver
2335,340450,2026-09-01,review_required,SOURCE_UNVERIFIED,naver
2336,340570,2026-09-01,review_required,SOURCE_UNVERIFIED,naver
2337,340810,2026-09-01,review_required,SOURCE_UNVERIFIED,naver
2339,342870,2026-09-01,review_required,SOURCE_UNVERIFIED,naver
2341,344860,2026-09-01,review_required,SOURCE_UNVERIFIED,naver
2342,347000,2026-09-01,review_required,SOURCE_UNVERIFIED,naver
2343,347700,2026-09-01,review_required,SOURCE_UNVERIFIED,naver
2344,347740,2026-09-01,review_required,SOURCE_UNVERIFIED,naver
2345,347770,2026-09-01,review_required,SOURCE_UNVERIFIED,naver
2346,347850,2026-09-01,review_required,SOURCE_UNVERIFIED,naver
2347,347860,2026-09-01,review_required,SOURCE_UNVERIFIED,naver
2348,347890,2026-09-01,review_required,SOURCE_UNVERIFIED,naver
2349,348030,2026-09-01,review_required,SOURCE_UNVERIFIED,naver
2350,348080,2026-09-01,review_required,SOURCE_UNVERIFIED,naver
2351,348150,2026-09-01,review_required,SOURCE_UNVERIFIED,naver
2352,348210,2026-09-01,review_required,SOURCE_UNVERIFIED,naver
2353,348340,2026-09-01,review_required,SOURCE_UNVERIFIED,naver
2354,348350,2026-09-01,review_required,SOURCE_UNVERIFIED,naver
2355,348370,2026-09-01,review_required,SOURCE_UNVERIFIED,naver
2358,351320,2026-09-01,review_required,SOURCE_UNVERIFIED,naver
2359,351330,2026-09-01,review_required,SOURCE_UNVERIFIED,naver
2360,351870,2026-09-01,review_required,SOURCE_UNVERIFIED,naver
2361,352090,2026-09-01,review_required,SOURCE_UNVERIFIED,naver
2362,352480,2026-09-01,review_required,SOURCE_UNVERIFIED,naver
2363,352700,2026-09-01,review_required,SOURCE_UNVERIFIED,naver
2366,352910,2026-09-01,review_required,SOURCE_UNVERIFIED,naver
2367,352940,2026-09-01,review_required,SOURCE_UNVERIFIED,naver
2368,353190,2026-09-01,review_required,SOURCE_UNVERIFIED,naver
2371,353590,2026-09-01,review_required,SOURCE_UNVERIFIED,naver
2372,353810,2026-09-01,review_required,SOURCE_UNVERIFIED,naver
2373,354200,2026-09-01,review_required,SOURCE_UNVERIFIED,naver
2374,354320,2026-09-01,review_required,SOURCE_UNVERIFIED,naver
2375,355150,2026-09-01,review_required,SOURCE_UNVERIFIED,naver
2376,355390,2026-09-01,review_required,SOURCE_UNVERIFIED,naver
2377,355690,2026-09-01,review_required,SOURCE_UNVERIFIED,naver
2378,356680,2026-09-01,review_required,SOURCE_UNVERIFIED,naver
2379,356860,2026-09-01,review_required,SOURCE_UNVERIFIED,naver
2380,356890,2026-09-01,review_required,SOURCE_UNVERIFIED,naver
2382,357230,2026-09-01,review_required,SOURCE_UNVERIFIED,naver
2385,357550,2026-09-01,review_required,SOURCE_UNVERIFIED,naver
2386,357580,2026-09-01,review_required,SOURCE_UNVERIFIED,naver
2387,357780,2026-09-01,review_required,SOURCE_UNVERIFIED,naver
2388,357880,2026-09-01,review_required,SOURCE_UNVERIFIED,naver
2389,358570,2026-09-01,review_required,SOURCE_UNVERIFIED,naver
2390,359090,2026-09-01,review_required,SOURCE_UNVERIFIED,naver
2391,360070,2026-09-01,review_required,SOURCE_UNVERIFIED,naver
2392,360350,2026-09-01,review_required,SOURCE_UNVERIFIED,naver
2393,361390,2026-09-01,review_required,SOURCE_UNVERIFIED,naver
2394,361570,2026-09-01,review_required,SOURCE_UNVERIFIED,naver
2396,361670,2026-09-01,review_required,SOURCE_UNVERIFIED,naver
2397,362320,2026-09-01,review_required,SOURCE_UNVERIFIED,naver
2398,362990,2026-09-01,review_required,SOURCE_UNVERIFIED,naver
2399,363250,2026-09-01,review_required,SOURCE_UNVERIFIED,naver
2400,363260,2026-09-01,review_required,SOURCE_UNVERIFIED,naver
2403,364950,2026-09-01,review_required,SOURCE_UNVERIFIED,naver
2404,365270,2026-09-01,review_required,SOURCE_UNVERIFIED,naver
2405,365330,2026-09-01,review_required,SOURCE_UNVERIFIED,naver
2406,365340,2026-09-01,review_required,SOURCE_UNVERIFIED,naver
2409,365660,2026-09-01,review_required,SOURCE_UNVERIFIED,naver
2410,365900,2026-09-01,review_required,SOURCE_UNVERIFIED,naver
2411,366030,2026-09-01,review_required,SOURCE_UNVERIFIED,naver
2412,367000,2026-09-01,review_required,SOURCE_UNVERIFIED,naver
2413,368600,2026-09-01,review_required,SOURCE_UNVERIFIED,naver
2414,368770,2026-09-01,review_required,SOURCE_UNVERIFIED,naver
2415,368970,2026-09-01,review_required,SOURCE_UNVERIFIED,naver
2416,369370,2026-09-01,review_required,SOURCE_UNVERIFIED,naver
2417,370090,2026-09-01,review_required,SOURCE_UNVERIFIED,naver
2418,371950,2026-09-01,review_required,SOURCE_UNVERIFIED,naver
2419,372170,2026-09-01,review_required,SOURCE_UNVERIFIED,naver
2420,372320,2026-09-01,review_required,SOURCE_UNVERIFIED,naver
2421,372800,2026-09-01,review_required,SOURCE_UNVERIFIED,naver
2423,373110,2026-09-01,review_required,SOURCE_UNVERIFIED,naver
2424,373160,2026-09-01,review_required,SOURCE_UNVERIFIED,naver
2425,373170,2026-09-01,review_required,SOURCE_UNVERIFIED,naver
2426,373200,2026-09-01,review_required,SOURCE_UNVERIFIED,naver
2431,376180,2026-09-01,review_required,SOURCE_UNVERIFIED,naver
2432,376270,2026-09-01,review_required,SOURCE_UNVERIFIED,naver
2433,376290,2026-09-01,review_required,SOURCE_UNVERIFIED,naver
2434,376300,2026-09-01,review_required,SOURCE_UNVERIFIED,naver
2435,376900,2026-09-01,review_required,SOURCE_UNVERIFIED,naver
2436,376930,2026-09-01,review_required,SOURCE_UNVERIFIED,naver
2437,376980,2026-09-01,review_required,SOURCE_UNVERIFIED,naver
2438,377030,2026-09-01,review_required,SOURCE_UNVERIFIED,naver
2440,377220,2026-09-01,review_required,SOURCE_UNVERIFIED,naver
2442,377330,2026-09-01,review_required,SOURCE_UNVERIFIED,naver
2443,377450,2026-09-01,review_required,SOURCE_UNVERIFIED,naver
2445,377480,2026-09-01,review_required,SOURCE_UNVERIFIED,naver
2447,378340,2026-09-01,review_required,SOURCE_UNVERIFIED,naver
2448,378800,2026-09-01,review_required,SOURCE_UNVERIFIED,naver
2451,380550,2026-09-01,review_required,SOURCE_UNVERIFIED,naver
2452,381620,2026-09-01,review_required,SOURCE_UNVERIFIED,naver
2454,382150,2026-09-01,review_required,SOURCE_UNVERIFIED,naver
2455,382480,2026-09-01,review_required,SOURCE_UNVERIFIED,naver
2456,382800,2026-09-01,review_required,SOURCE_UNVERIFIED,naver
2457,382840,2026-09-01,review_required,SOURCE_UNVERIFIED,naver
2458,382900,2026-09-01,review_required,SOURCE_UNVERIFIED,naver
2460,383310,2026-09-01,review_required,SOURCE_UNVERIFIED,naver
2463,383930,2026-09-01,review_required,SOURCE_UNVERIFIED,naver
2464,384470,2026-09-01,review_required,SOURCE_UNVERIFIED,naver
2465,387570,2026-09-01,review_required,SOURCE_UNVERIFIED,naver
2466,387690,2026-09-01,review_required,SOURCE_UNVERIFIED,naver
2467,388050,2026-09-01,review_required,SOURCE_UNVERIFIED,naver
2468,388210,2026-09-01,review_required,SOURCE_UNVERIFIED,naver
2469,388610,2026-09-01,review_required,SOURCE_UNVERIFIED,naver
2470,388720,2026-09-01,review_required,SOURCE_UNVERIFIED,naver
2471,388790,2026-09-01,review_required,SOURCE_UNVERIFIED,naver
2472,388870,2026-09-01,review_required,SOURCE_UNVERIFIED,naver
2473,389020,2026-09-01,review_required,SOURCE_UNVERIFIED,naver
2474,389030,2026-09-01,review_required,SOURCE_UNVERIFIED,naver
2475,389140,2026-09-01,review_required,SOURCE_UNVERIFIED,naver
2476,389260,2026-09-01,review_required,SOURCE_UNVERIFIED,naver
2477,389470,2026-09-01,review_required,SOURCE_UNVERIFIED,naver
2478,389500,2026-09-01,review_required,SOURCE_UNVERIFIED,naver
2479,389650,2026-09-01,review_required,SOURCE_UNVERIFIED,naver
2480,389680,2026-09-01,review_required,SOURCE_UNVERIFIED,naver
2481,391710,2026-09-01,review_required,SOURCE_UNVERIFIED,naver
2482,393210,2026-09-01,review_required,SOURCE_UNVERIFIED,naver
2483,393890,2026-09-01,review_required,SOURCE_UNVERIFIED,naver
2485,394280,2026-09-01,review_required,SOURCE_UNVERIFIED,naver
2486,394420,2026-09-01,review_required,SOURCE_UNVERIFIED,naver
2487,394800,2026-09-01,review_required,SOURCE_UNVERIFIED,naver
2489,396270,2026-09-01,review_required,SOURCE_UNVERIFIED,naver
2490,396300,2026-09-01,review_required,SOURCE_UNVERIFIED,naver
2491,396470,2026-09-01,review_required,SOURCE_UNVERIFIED,naver
2493,397030,2026-09-01,review_required,SOURCE_UNVERIFIED,naver
2494,397810,2026-09-01,review_required,SOURCE_UNVERIFIED,naver
2495,398120,2026-09-01,review_required,SOURCE_UNVERIFIED,naver
2496,399720,2026-09-01,review_required,SOURCE_UNVERIFIED,naver
2498,402030,2026-09-01,review_required,SOURCE_UNVERIFIED,naver
2500,402490,2026-09-01,review_required,SOURCE_UNVERIFIED,naver
2501,403490,2026-09-01,review_required,SOURCE_UNVERIFIED,naver
2503,403850,2026-09-01,review_required,SOURCE_UNVERIFIED,naver
2504,403870,2026-09-01,review_required,SOURCE_UNVERIFIED,naver
2506,405000,2026-09-01,review_required,SOURCE_UNVERIFIED,naver
2507,405100,2026-09-01,review_required,SOURCE_UNVERIFIED,naver
2508,405920,2026-09-01,review_required,SOURCE_UNVERIFIED,naver
2509,406820,2026-09-01,review_required,SOURCE_UNVERIFIED,naver
2510,407400,2026-09-01,review_required,SOURCE_UNVERIFIED,naver
2511,408470,2026-09-01,review_required,SOURCE_UNVERIFIED,naver
2512,408900,2026-09-01,review_required,SOURCE_UNVERIFIED,naver
2513,408920,2026-09-01,review_required,SOURCE_UNVERIFIED,naver
2514,411080,2026-09-01,review_required,SOURCE_UNVERIFIED,naver
2515,412350,2026-09-01,review_required,SOURCE_UNVERIFIED,naver
2517,413390,2026-09-01,review_required,SOURCE_UNVERIFIED,naver
2518,413630,2026-09-01,review_required,SOURCE_UNVERIFIED,naver
2519,413640,2026-09-01,review_required,SOURCE_UNVERIFIED,naver
2520,415380,2026-09-01,review_required,SOURCE_UNVERIFIED,naver
2522,416180,2026-09-01,review_required,SOURCE_UNVERIFIED,naver
2523,417010,2026-09-01,review_required,SOURCE_UNVERIFIED,naver
2524,417180,2026-09-01,review_required,SOURCE_UNVERIFIED,naver
2525,417200,2026-09-01,review_required,SOURCE_UNVERIFIED,naver
2527,417500,2026-09-01,review_required,SOURCE_UNVERIFIED,naver
2528,417790,2026-09-01,review_required,SOURCE_UNVERIFIED,naver
2529,417840,2026-09-01,review_required,SOURCE_UNVERIFIED,naver
2530,417860,2026-09-01,review_required,SOURCE_UNVERIFIED,naver
2531,417970,2026-09-01,review_required,SOURCE_UNVERIFIED,naver
2533,418420,2026-09-01,review_required,SOURCE_UNVERIFIED,naver
2534,418470,2026-09-01,review_required,SOURCE_UNVERIFIED,naver
2535,418550,2026-09-01,review_required,SOURCE_UNVERIFIED,naver
2536,418620,2026-09-01,review_required,SOURCE_UNVERIFIED,naver
2537,419050,2026-09-01,review_required,SOURCE_UNVERIFIED,naver
2538,419080,2026-09-01,review_required,SOURCE_UNVERIFIED,naver
2539,419120,2026-09-01,review_required,SOURCE_UNVERIFIED,naver
2540,419530,2026-09-01,review_required,SOURCE_UNVERIFIED,naver
2541,419540,2026-09-01,review_required,SOURCE_UNVERIFIED,naver
2542,420570,2026-09-01,review_required,SOURCE_UNVERIFIED,naver
2543,420770,2026-09-01,review_required,SOURCE_UNVERIFIED,naver
2544,424760,2026-09-01,review_required,SOURCE_UNVERIFIED,naver
2545,424870,2026-09-01,review_required,SOURCE_UNVERIFIED,naver
2546,424960,2026-09-01,review_required,SOURCE_UNVERIFIED,naver
2547,424980,2026-09-01,review_required,SOURCE_UNVERIFIED,naver
2548,425040,2026-09-01,review_required,SOURCE_UNVERIFIED,naver
2549,425420,2026-09-01,review_required,SOURCE_UNVERIFIED,naver
2550,429270,2026-09-01,review_required,SOURCE_UNVERIFIED,naver
2551,430690,2026-09-01,review_required,SOURCE_UNVERIFIED,naver
2552,431190,2026-09-01,review_required,SOURCE_UNVERIFIED,naver
2554,432430,2026-09-01,review_required,SOURCE_UNVERIFIED,naver
2555,432470,2026-09-01,review_required,SOURCE_UNVERIFIED,naver
2556,432720,2026-09-01,review_required,SOURCE_UNVERIFIED,naver
2557,432980,2026-09-01,review_required,SOURCE_UNVERIFIED,naver
2558,434480,2026-09-01,review_required,SOURCE_UNVERIFIED,naver
2559,435570,2026-09-01,review_required,SOURCE_UNVERIFIED,naver
2560,437730,2026-09-01,review_required,SOURCE_UNVERIFIED,naver
2561,438700,2026-09-01,review_required,SOURCE_UNVERIFIED,naver
2562,439090,2026-09-01,review_required,SOURCE_UNVERIFIED,naver
2564,439580,2026-09-01,review_required,SOURCE_UNVERIFIED,naver
2565,439960,2026-09-01,review_required,SOURCE_UNVERIFIED,naver
2566,440110,2026-09-01,review_required,SOURCE_UNVERIFIED,naver
2567,440290,2026-09-01,review_required,SOURCE_UNVERIFIED,naver
2568,440320,2026-09-01,review_required,SOURCE_UNVERIFIED,naver
2569,441270,2026-09-01,review_required,SOURCE_UNVERIFIED,naver
2571,443250,2026-09-01,review_required,SOURCE_UNVERIFIED,naver
2572,443670,2026-09-01,review_required,SOURCE_UNVERIFIED,naver
2573,444530,2026-09-01,review_required,SOURCE_UNVERIFIED,naver
2574,445090,2026-09-01,review_required,SOURCE_UNVERIFIED,naver
2575,445180,2026-09-01,review_required,SOURCE_UNVERIFIED,naver
2576,445680,2026-09-01,review_required,SOURCE_UNVERIFIED,naver
2578,446540,2026-09-01,review_required,SOURCE_UNVERIFIED,naver
2579,446840,2026-09-01,review_required,SOURCE_UNVERIFIED,naver
2580,448280,2026-09-01,review_required,SOURCE_UNVERIFIED,naver
2581,448710,2026-09-01,review_required,SOURCE_UNVERIFIED,naver
2583,448900,2026-09-01,review_required,SOURCE_UNVERIFIED,naver
2585,450330,2026-09-01,review_required,SOURCE_UNVERIFIED,naver
2586,450520,2026-09-01,review_required,SOURCE_UNVERIFIED,naver
2587,450950,2026-09-01,review_required,SOURCE_UNVERIFIED,naver
2588,451220,2026-09-01,review_required,SOURCE_UNVERIFIED,naver
2589,451250,2026-09-01,review_required,SOURCE_UNVERIFIED,naver
2590,451760,2026-09-01,review_required,SOURCE_UNVERIFIED,naver
2592,452160,2026-09-01,review_required,SOURCE_UNVERIFIED,naver
2593,452190,2026-09-01,review_required,SOURCE_UNVERIFIED,naver
2594,452200,2026-09-01,review_required,SOURCE_UNVERIFIED,naver
2597,452280,2026-09-01,review_required,SOURCE_UNVERIFIED,naver
2598,452300,2026-09-01,review_required,SOURCE_UNVERIFIED,naver
2599,452400,2026-09-01,review_required,SOURCE_UNVERIFIED,naver
2600,452430,2026-09-01,review_required,SOURCE_UNVERIFIED,naver
2601,452450,2026-09-01,review_required,SOURCE_UNVERIFIED,naver
2603,453450,2026-09-01,review_required,SOURCE_UNVERIFIED,naver
2604,453860,2026-09-01,review_required,SOURCE_UNVERIFIED,naver
2606,455180,2026-09-01,review_required,SOURCE_UNVERIFIED,naver
2607,455900,2026-09-01,review_required,SOURCE_UNVERIFIED,naver
2608,456010,2026-09-01,review_required,SOURCE_UNVERIFIED,naver
2610,456070,2026-09-01,review_required,SOURCE_UNVERIFIED,naver
2611,456160,2026-09-01,review_required,SOURCE_UNVERIFIED,naver
2613,457370,2026-09-01,review_required,SOURCE_UNVERIFIED,naver
2614,457550,2026-09-01,review_required,SOURCE_UNVERIFIED,naver
2615,457600,2026-09-01,review_required,SOURCE_UNVERIFIED,naver
2616,458350,2026-09-01,review_required,SOURCE_UNVERIFIED,naver
2617,458650,2026-09-01,review_required,SOURCE_UNVERIFIED,naver
2618,458870,2026-09-01,review_required,SOURCE_UNVERIFIED,naver
2619,459100,2026-09-01,review_required,SOURCE_UNVERIFIED,naver
2620,459510,2026-09-01,review_required,SOURCE_UNVERIFIED,naver
2621,459550,2026-09-01,review_required,SOURCE_UNVERIFIED,naver
2622,460470,2026-09-01,review_required,SOURCE_UNVERIFIED,naver
2625,460870,2026-09-01,review_required,SOURCE_UNVERIFIED,naver
2626,460930,2026-09-01,review_required,SOURCE_UNVERIFIED,naver
2627,460940,2026-09-01,review_required,SOURCE_UNVERIFIED,naver
2628,461030,2026-09-01,review_required,SOURCE_UNVERIFIED,naver
2629,461300,2026-09-01,review_required,SOURCE_UNVERIFIED,naver
2630,462310,2026-09-01,review_required,SOURCE_UNVERIFIED,naver
2631,462350,2026-09-01,review_required,SOURCE_UNVERIFIED,naver
2632,462510,2026-09-01,review_required,SOURCE_UNVERIFIED,naver
2634,462860,2026-09-01,review_required,SOURCE_UNVERIFIED,naver
2636,462980,2026-09-01,review_required,SOURCE_UNVERIFIED,naver
2637,463020,2026-09-01,review_required,SOURCE_UNVERIFIED,naver
2638,463480,2026-09-01,review_required,SOURCE_UNVERIFIED,naver
2639,464080,2026-09-01,review_required,SOURCE_UNVERIFIED,naver
2640,464280,2026-09-01,review_required,SOURCE_UNVERIFIED,naver
2641,464490,2026-09-01,review_required,SOURCE_UNVERIFIED,naver
2642,464500,2026-09-01,review_required,SOURCE_UNVERIFIED,naver
2643,464580,2026-09-01,review_required,SOURCE_UNVERIFIED,naver
2644,465320,2026-09-01,review_required,SOURCE_UNVERIFIED,naver
2645,465480,2026-09-01,review_required,SOURCE_UNVERIFIED,naver
2647,466100,2026-09-01,review_required,SOURCE_UNVERIFIED,naver
2648,466410,2026-09-01,review_required,SOURCE_UNVERIFIED,naver
2649,466690,2026-09-01,review_required,SOURCE_UNVERIFIED,naver
2650,468530,2026-09-01,review_required,SOURCE_UNVERIFIED,naver
2653,469610,2026-09-01,review_required,SOURCE_UNVERIFIED,naver
2654,469750,2026-09-01,review_required,SOURCE_UNVERIFIED,naver
2655,469900,2026-09-01,review_required,SOURCE_UNVERIFIED,naver
2657,471820,2026-09-01,review_required,SOURCE_UNVERIFIED,naver
2659,472230,2026-09-01,review_required,SOURCE_UNVERIFIED,naver
2660,472850,2026-09-01,review_required,SOURCE_UNVERIFIED,naver
2661,473000,2026-09-01,review_required,SOURCE_UNVERIFIED,naver
2662,473050,2026-09-01,review_required,SOURCE_UNVERIFIED,naver
2663,473950,2026-09-01,review_required,SOURCE_UNVERIFIED,naver
2664,473980,2026-09-01,review_required,SOURCE_UNVERIFIED,naver
2665,474170,2026-09-01,review_required,SOURCE_UNVERIFIED,naver
2666,474490,2026-09-01,review_required,SOURCE_UNVERIFIED,naver
2667,474610,2026-09-01,review_required,SOURCE_UNVERIFIED,naver
2668,474650,2026-09-01,review_required,SOURCE_UNVERIFIED,naver
2669,474660,2026-09-01,review_required,SOURCE_UNVERIFIED,naver
2670,474930,2026-09-01,review_required,SOURCE_UNVERIFIED,naver
2671,475040,2026-09-01,review_required,SOURCE_UNVERIFIED,naver
2673,475230,2026-09-01,review_required,SOURCE_UNVERIFIED,naver
2674,475240,2026-09-01,review_required,SOURCE_UNVERIFIED,naver
2675,475250,2026-09-01,review_required,SOURCE_UNVERIFIED,naver
2676,475400,2026-09-01,review_required,SOURCE_UNVERIFIED,naver
2677,475430,2026-09-01,review_required,SOURCE_UNVERIFIED,naver
2678,475460,2026-09-01,review_required,SOURCE_UNVERIFIED,naver
2680,475580,2026-09-01,review_required,SOURCE_UNVERIFIED,naver
2681,475660,2026-09-01,review_required,SOURCE_UNVERIFIED,naver
2682,475830,2026-09-01,review_required,SOURCE_UNVERIFIED,naver
2683,475960,2026-09-01,review_required,SOURCE_UNVERIFIED,naver
2684,476040,2026-09-01,review_required,SOURCE_UNVERIFIED,naver
2685,476060,2026-09-01,review_required,SOURCE_UNVERIFIED,naver
2686,476080,2026-09-01,review_required,SOURCE_UNVERIFIED,naver
2687,476830,2026-09-01,review_required,SOURCE_UNVERIFIED,naver
2688,477340,2026-09-01,review_required,SOURCE_UNVERIFIED,naver
2689,477380,2026-09-01,review_required,SOURCE_UNVERIFIED,naver
2690,477470,2026-09-01,review_required,SOURCE_UNVERIFIED,naver
2691,477760,2026-09-01,review_required,SOURCE_UNVERIFIED,naver
2692,477850,2026-09-01,review_required,SOURCE_UNVERIFIED,naver
2693,478110,2026-09-01,review_required,SOURCE_UNVERIFIED,naver
2694,478340,2026-09-01,review_required,SOURCE_UNVERIFIED,naver
2695,478390,2026-09-01,review_required,SOURCE_UNVERIFIED,naver
2696,478440,2026-09-01,review_required,SOURCE_UNVERIFIED,naver
2697,478560,2026-09-01,review_required,SOURCE_UNVERIFIED,naver
2698,479880,2026-09-01,review_required,SOURCE_UNVERIFIED,naver
2699,479960,2026-09-01,review_required,SOURCE_UNVERIFIED,naver
2701,481070,2026-09-01,review_required,SOURCE_UNVERIFIED,naver
2703,481890,2026-09-01,review_required,SOURCE_UNVERIFIED,naver
2704,482520,2026-09-01,review_required,SOURCE_UNVERIFIED,naver
2705,482630,2026-09-01,review_required,SOURCE_UNVERIFIED,naver
2707,482690,2026-09-01,review_required,SOURCE_UNVERIFIED,naver
2708,483350,2026-09-01,review_required,SOURCE_UNVERIFIED,naver
2710,484120,2026-09-01,review_required,SOURCE_UNVERIFIED,naver
2711,484130,2026-09-01,review_required,SOURCE_UNVERIFIED,naver
2712,484590,2026-09-01,review_required,SOURCE_UNVERIFIED,naver
2713,484810,2026-09-01,review_required,SOURCE_UNVERIFIED,naver
2715,486630,2026-09-01,review_required,SOURCE_UNVERIFIED,naver
2716,486990,2026-09-01,review_required,SOURCE_UNVERIFIED,naver
2717,487360,2026-09-01,review_required,SOURCE_UNVERIFIED,naver
2718,487400,2026-09-01,review_required,SOURCE_UNVERIFIED,naver
2720,487580,2026-09-01,review_required,SOURCE_UNVERIFIED,naver
2721,487720,2026-09-01,review_required,SOURCE_UNVERIFIED,naver
2722,487830,2026-09-01,review_required,SOURCE_UNVERIFIED,naver
2723,488060,2026-09-01,review_required,SOURCE_UNVERIFIED,naver
2724,488280,2026-09-01,review_required,SOURCE_UNVERIFIED,naver
2725,488900,2026-09-01,review_required,SOURCE_UNVERIFIED,naver
2726,489210,2026-09-01,review_required,SOURCE_UNVERIFIED,naver
2727,489460,2026-09-01,review_required,SOURCE_UNVERIFIED,naver
2728,489480,2026-09-01,review_required,SOURCE_UNVERIFIED,naver
2729,489500,2026-09-01,review_required,SOURCE_UNVERIFIED,naver
2730,489730,2026-09-01,review_required,SOURCE_UNVERIFIED,naver
2732,490470,2026-09-01,review_required,SOURCE_UNVERIFIED,naver
2733,491000,2026-09-01,review_required,SOURCE_UNVERIFIED,naver
2734,492220,2026-09-01,review_required,SOURCE_UNVERIFIED,naver
2735,493280,2026-09-01,review_required,SOURCE_UNVERIFIED,naver
2736,493330,2026-09-01,review_required,SOURCE_UNVERIFIED,naver
2737,493790,2026-09-01,review_required,SOURCE_UNVERIFIED,naver
2738,494120,2026-09-01,review_required,SOURCE_UNVERIFIED,naver
2739,496070,2026-09-01,review_required,SOURCE_UNVERIFIED,naver
2764,282620,2026-09-01,review_required,SOURCE_UNVERIFIED,naver
2765,417030,2026-09-01,review_required,SOURCE_UNVERIFIED,naver
2766,0155E0,2026-09-01,review_required,SOURCE_UNVERIFIED,naver
5,000080,2026-09-01,review_required,SOURCE_UNVERIFIED,naver
56,000850,2026-09-01,review_required,SOURCE_UNVERIFIED,naver
112,001560,2026-09-01,review_required,SOURCE_UNVERIFIED,naver
126,001780,2026-09-01,review_required,SOURCE_UNVERIFIED,naver
141,002150,2026-09-01,review_required,SOURCE_UNVERIFIED,naver
164,002690,2026-09-01,review_required,SOURCE_UNVERIFIED,naver
199,003220,2026-09-01,review_required,SOURCE_UNVERIFIED,naver
227,003670,2026-09-01,review_required,SOURCE_UNVERIFIED,naver
264,004440,2026-09-01,review_required,SOURCE_UNVERIFIED,naver
284,004890,2026-09-01,review_required,SOURCE_UNVERIFIED,naver
365,006650,2026-09-01,review_required,SOURCE_UNVERIFIED,naver
372,006840,2026-09-01,review_required,SOURCE_UNVERIFIED,naver
373,006880,2026-09-01,review_required,SOURCE_UNVERIFIED,naver
374,006890,2026-09-01,review_required,SOURCE_UNVERIFIED,naver
379,007070,2026-09-01,review_required,SOURCE_UNVERIFIED,naver
381,007120,2026-09-01,review_required,SOURCE_UNVERIFIED,naver
399,007660,2026-09-01,review_required,SOURCE_UNVERIFIED,naver
444,009240,2026-09-01,review_required,SOURCE_UNVERIFIED,naver
459,009540,2026-09-01,review_required,SOURCE_UNVERIFIED,naver
466,009770,2026-09-01,review_required,SOURCE_UNVERIFIED,naver
473,009900,2026-09-01,review_required,SOURCE_UNVERIFIED,naver
477,010040,2026-09-01,review_required,SOURCE_UNVERIFIED,naver
487,010400,2026-09-01,review_required,SOURCE_UNVERIFIED,naver
499,010960,2026-09-01,review_required,SOURCE_UNVERIFIED,naver
502,011070,2026-09-01,review_required,SOURCE_UNVERIFIED,naver
509,011210,2026-09-01,review_required,SOURCE_UNVERIFIED,naver
518,011500,2026-09-01,review_required,SOURCE_UNVERIFIED,naver
531,0120G0,2026-09-01,review_required,SOURCE_UNVERIFIED,naver
532,012160,2026-09-01,review_required,SOURCE_UNVERIFIED,naver
546,0126Z0,2026-09-01,review_required,SOURCE_UNVERIFIED,naver
569,013870,2026-09-01,review_required,SOURCE_UNVERIFIED,naver
570,013890,2026-09-01,review_required,SOURCE_UNVERIFIED,naver
585,014710,2026-09-01,review_required,SOURCE_UNVERIFIED,naver
589,014830,2026-09-01,review_required,SOURCE_UNVERIFIED,naver
612,016450,2026-09-01,review_required,SOURCE_UNVERIFIED,naver
620,016710,2026-09-01,review_required,SOURCE_UNVERIFIED,naver
621,016740,2026-09-01,review_required,SOURCE_UNVERIFIED,naver
628,017180,2026-09-01,review_required,SOURCE_UNVERIFIED,naver
630,017370,2026-09-01,review_required,SOURCE_UNVERIFIED,naver
639,017860,2026-09-01,review_required,SOURCE_UNVERIFIED,naver
646,018250,2026-09-01,review_required,SOURCE_UNVERIFIED,naver
647,018260,2026-09-01,review_required,SOURCE_UNVERIFIED,naver
667,019680,2026-09-01,review_required,SOURCE_UNVERIFIED,naver
673,020150,2026-09-01,review_required,SOURCE_UNVERIFIED,naver
676,020560,2026-09-01,review_required,SOURCE_UNVERIFIED,naver
683,021240,2026-09-01,review_required,SOURCE_UNVERIFIED,naver
689,022100,2026-09-01,review_required,SOURCE_UNVERIFIED,naver
691,023000,2026-09-01,review_required,SOURCE_UNVERIFIED,naver
694,023350,2026-09-01,review_required,SOURCE_UNVERIFIED,naver
698,023530,2026-09-01,review_required,SOURCE_UNVERIFIED,naver
705,023810,2026-09-01,review_required,SOURCE_UNVERIFIED,naver
711,024090,2026-09-01,review_required,SOURCE_UNVERIFIED,naver
712,024110,2026-09-01,review_required,SOURCE_UNVERIFIED,naver
714,024720,2026-09-01,review_required,SOURCE_UNVERIFIED,naver
734,025750,2026-09-01,review_required,SOURCE_UNVERIFIED,naver
748,026940,2026-09-01,review_required,SOURCE_UNVERIFIED,naver
749,026960,2026-09-01,review_required,SOURCE_UNVERIFIED,naver
753,027410,2026-09-01,review_required,SOURCE_UNVERIFIED,naver
756,027740,2026-09-01,review_required,SOURCE_UNVERIFIED,naver
761,028100,2026-09-01,review_required,SOURCE_UNVERIFIED,naver
762,028260,2026-09-01,review_required,SOURCE_UNVERIFIED,naver
765,028670,2026-09-01,review_required,SOURCE_UNVERIFIED,naver
769,029780,2026-09-01,review_required,SOURCE_UNVERIFIED,naver
771,030190,2026-09-01,review_required,SOURCE_UNVERIFIED,naver
777,030610,2026-09-01,review_required,SOURCE_UNVERIFIED,naver
780,031210,2026-09-01,review_required,SOURCE_UNVERIFIED,naver
783,031430,2026-09-01,review_required,SOURCE_UNVERIFIED,naver
792,032350,2026-09-01,review_required,SOURCE_UNVERIFIED,naver
795,032560,2026-09-01,review_required,SOURCE_UNVERIFIED,naver
798,032640,2026-09-01,review_required,SOURCE_UNVERIFIED,naver
805,032830,2026-09-01,review_required,SOURCE_UNVERIFIED,naver
817,033240,2026-09-01,review_required,SOURCE_UNVERIFIED,naver
818,033250,2026-09-01,review_required,SOURCE_UNVERIFIED,naver
819,033270,2026-09-01,review_required,SOURCE_UNVERIFIED,naver
825,033530,2026-09-01,review_required,SOURCE_UNVERIFIED,naver
829,033780,2026-09-01,review_required,SOURCE_UNVERIFIED,naver
832,033920,2026-09-01,review_required,SOURCE_UNVERIFIED,naver
833,034020,2026-09-01,review_required,SOURCE_UNVERIFIED,naver
834,034120,2026-09-01,review_required,SOURCE_UNVERIFIED,naver
835,034220,2026-09-01,review_required,SOURCE_UNVERIFIED,naver
836,034230,2026-09-01,review_required,SOURCE_UNVERIFIED,naver
837,034310,2026-09-01,review_required,SOURCE_UNVERIFIED,naver
838,034590,2026-09-01,review_required,SOURCE_UNVERIFIED,naver
839,034730,2026-09-01,review_required,SOURCE_UNVERIFIED,naver
843,034830,2026-09-01,review_required,SOURCE_UNVERIFIED,naver
846,035000,2026-09-01,review_required,SOURCE_UNVERIFIED,naver
848,035150,2026-09-01,review_required,SOURCE_UNVERIFIED,naver
850,035250,2026-09-01,review_required,SOURCE_UNVERIFIED,naver
852,035420,2026-09-01,review_required,SOURCE_UNVERIFIED,naver
854,035510,2026-09-01,review_required,SOURCE_UNVERIFIED,naver
858,035720,2026-09-01,review_required,SOURCE_UNVERIFIED,naver
872,036420,2026-09-01,review_required,SOURCE_UNVERIFIED,naver
873,036460,2026-09-01,review_required,SOURCE_UNVERIFIED,naver
875,036530,2026-09-01,review_required,SOURCE_UNVERIFIED,naver
878,036570,2026-09-01,review_required,SOURCE_UNVERIFIED,naver
879,036580,2026-09-01,review_required,SOURCE_UNVERIFIED,naver
894,037270,2026-09-01,review_required,SOURCE_UNVERIFIED,naver
901,037560,2026-09-01,review_required,SOURCE_UNVERIFIED,naver
902,037710,2026-09-01,review_required,SOURCE_UNVERIFIED,naver
923,039130,2026-09-01,review_required,SOURCE_UNVERIFIED,naver
931,039490,2026-09-01,review_required,SOURCE_UNVERIFIED,naver
933,039570,2026-09-01,review_required,SOURCE_UNVERIFIED,naver
953,041650,2026-09-01,review_required,SOURCE_UNVERIFIED,naver
968,042660,2026-09-01,review_required,SOURCE_UNVERIFIED,naver
969,042700,2026-09-01,review_required,SOURCE_UNVERIFIED,naver
986,044380,2026-09-01,review_required,SOURCE_UNVERIFIED,naver
987,044450,2026-09-01,review_required,SOURCE_UNVERIFIED,naver
991,044820,2026-09-01,review_required,SOURCE_UNVERIFIED,naver
1012,047040,2026-09-01,review_required,SOURCE_UNVERIFIED,naver
1013,047050,2026-09-01,review_required,SOURCE_UNVERIFIED,naver
1016,047400,2026-09-01,review_required,SOURCE_UNVERIFIED,naver
1019,047810,2026-09-01,review_required,SOURCE_UNVERIFIED,naver
1042,049800,2026-09-01,review_required,SOURCE_UNVERIFIED,naver
1060,051600,2026-09-01,review_required,SOURCE_UNVERIFIED,naver
1061,051630,2026-09-01,review_required,SOURCE_UNVERIFIED,naver
1063,051900,2026-09-01,review_required,SOURCE_UNVERIFIED,naver
1065,051910,2026-09-01,review_required,SOURCE_UNVERIFIED,naver
1077,052690,2026-09-01,review_required,SOURCE_UNVERIFIED,naver
1088,053210,2026-09-01,review_required,SOURCE_UNVERIFIED,naver
1099,053690,2026-09-01,review_required,SOURCE_UNVERIFIED,naver
1122,055490,2026-09-01,review_required,SOURCE_UNVERIFIED,naver
1123,055550,2026-09-01,review_required,SOURCE_UNVERIFIED,naver
1135,058430,2026-09-01,review_required,SOURCE_UNVERIFIED,naver
1140,058650,2026-09-01,review_required,SOURCE_UNVERIFIED,naver
1141,058730,2026-09-01,review_required,SOURCE_UNVERIFIED,naver
1143,058850,2026-09-01,review_required,SOURCE_UNVERIFIED,naver
1144,058860,2026-09-01,review_required,SOURCE_UNVERIFIED,naver
1167,060980,2026-09-01,review_required,SOURCE_UNVERIFIED,naver
1172,062040,2026-09-01,review_required,SOURCE_UNVERIFIED,naver
1175,063160,2026-09-01,review_required,SOURCE_UNVERIFIED,naver
1184,064350,2026-09-01,review_required,SOURCE_UNVERIFIED,naver
1185,064400,2026-09-01,review_required,SOURCE_UNVERIFIED,naver
1193,064960,2026-09-01,review_required,SOURCE_UNVERIFIED,naver
1219,066570,2026-09-01,review_required,SOURCE_UNVERIFIED,naver
1228,066970,2026-09-01,review_required,SOURCE_UNVERIFIED,naver
1244,067830,2026-09-01,review_required,SOURCE_UNVERIFIED,naver
1251,068270,2026-09-01,review_required,SOURCE_UNVERIFIED,naver
1252,068290,2026-09-01,review_required,SOURCE_UNVERIFIED,naver
1260,069260,2026-09-01,review_required,SOURCE_UNVERIFIED,naver
1266,069620,2026-09-01,review_required,SOURCE_UNVERIFIED,naver
1267,069640,2026-09-01,review_required,SOURCE_UNVERIFIED,naver
1268,069730,2026-09-01,review_required,SOURCE_UNVERIFIED,naver
1270,069960,2026-09-01,review_required,SOURCE_UNVERIFIED,naver
1273,070960,2026-09-01,review_required,SOURCE_UNVERIFIED,naver
1274,071050,2026-09-01,review_required,SOURCE_UNVERIFIED,naver
1276,071090,2026-09-01,review_required,SOURCE_UNVERIFIED,naver
1279,071320,2026-09-01,review_required,SOURCE_UNVERIFIED,naver
1281,071840,2026-09-01,review_required,SOURCE_UNVERIFIED,naver
1283,071950,2026-09-01,review_required,SOURCE_UNVERIFIED,naver
1284,071970,2026-09-01,review_required,SOURCE_UNVERIFIED,naver
1286,072130,2026-09-01,review_required,SOURCE_UNVERIFIED,naver
1288,072710,2026-09-01,review_required,SOURCE_UNVERIFIED,naver
1296,073240,2026-09-01,review_required,SOURCE_UNVERIFIED,naver
1306,075180,2026-09-01,review_required,SOURCE_UNVERIFIED,naver
1307,075580,2026-09-01,review_required,SOURCE_UNVERIFIED,naver
1312,077500,2026-09-01,review_required,SOURCE_UNVERIFIED,naver
1313,077970,2026-09-01,review_required,SOURCE_UNVERIFIED,naver
1314,078000,2026-09-01,review_required,SOURCE_UNVERIFIED,naver
1323,078520,2026-09-01,review_required,SOURCE_UNVERIFIED,naver
1328,078930,2026-09-01,review_required,SOURCE_UNVERIFIED,naver
1331,079160,2026-09-01,review_required,SOURCE_UNVERIFIED,naver
1335,079430,2026-09-01,review_required,SOURCE_UNVERIFIED,naver
1336,079550,2026-09-01,review_required,SOURCE_UNVERIFIED,naver
1339,079900,2026-09-01,review_required,SOURCE_UNVERIFIED,naver
1344,079980,2026-09-01,review_required,SOURCE_UNVERIFIED,naver
1354,081000,2026-09-01,review_required,SOURCE_UNVERIFIED,naver
1358,081660,2026-09-01,review_required,SOURCE_UNVERIFIED,naver
1363,082740,2026-09-01,review_required,SOURCE_UNVERIFIED,naver
1368,083420,2026-09-01,review_required,SOURCE_UNVERIFIED,naver
1378,084010,2026-09-01,review_required,SOURCE_UNVERIFIED,naver
1384,084670,2026-09-01,review_required,SOURCE_UNVERIFIED,naver
1386,084690,2026-09-01,review_required,SOURCE_UNVERIFIED,naver
1390,084870,2026-09-01,review_required,SOURCE_UNVERIFIED,naver
1392,085310,2026-09-01,review_required,SOURCE_UNVERIFIED,naver
1393,085620,2026-09-01,review_required,SOURCE_UNVERIFIED,naver
1400,086280,2026-09-01,review_required,SOURCE_UNVERIFIED,naver
1406,086790,2026-09-01,review_required,SOURCE_UNVERIFIED,naver
1420,088350,2026-09-01,review_required,SOURCE_UNVERIFIED,naver
1422,088790,2026-09-01,review_required,SOURCE_UNVERIFIED,naver
1431,089470,2026-09-01,review_required,SOURCE_UNVERIFIED,naver
1432,089590,2026-09-01,review_required,SOURCE_UNVERIFIED,naver
1436,089860,2026-09-01,review_required,SOURCE_UNVERIFIED,naver
1440,090080,2026-09-01,review_required,SOURCE_UNVERIFIED,naver
1442,090350,2026-09-01,review_required,SOURCE_UNVERIFIED,naver
1445,090370,2026-09-01,review_required,SOURCE_UNVERIFIED,naver
1447,090430,2026-09-01,review_required,SOURCE_UNVERIFIED,naver
1449,090460,2026-09-01,review_required,SOURCE_UNVERIFIED,naver
1459,091810,2026-09-01,review_required,SOURCE_UNVERIFIED,naver
1465,092200,2026-09-01,review_required,SOURCE_UNVERIFIED,naver
1466,092220,2026-09-01,review_required,SOURCE_UNVERIFIED,naver
1467,092230,2026-09-01,review_required,SOURCE_UNVERIFIED,naver
1469,092440,2026-09-01,review_required,SOURCE_UNVERIFIED,naver
1473,092780,2026-09-01,review_required,SOURCE_UNVERIFIED,naver
1474,092790,2026-09-01,review_required,SOURCE_UNVERIFIED,naver
1476,093050,2026-09-01,review_required,SOURCE_UNVERIFIED,naver
1480,093370,2026-09-01,review_required,SOURCE_UNVERIFIED,naver
1486,094280,2026-09-01,review_required,SOURCE_UNVERIFIED,naver
1500,095570,2026-09-01,review_required,SOURCE_UNVERIFIED,naver
1504,095720,2026-09-01,review_required,SOURCE_UNVERIFIED,naver
1513,096760,2026-09-01,review_required,SOURCE_UNVERIFIED,naver
1514,096770,2026-09-01,review_required,SOURCE_UNVERIFIED,naver
1517,097230,2026-09-01,review_required,SOURCE_UNVERIFIED,naver
1518,097520,2026-09-01,review_required,SOURCE_UNVERIFIED,naver
1522,097950,2026-09-01,review_required,SOURCE_UNVERIFIED,naver
1538,100090,2026-09-01,review_required,SOURCE_UNVERIFIED,naver
1541,100220,2026-09-01,review_required,SOURCE_UNVERIFIED,naver
1542,100250,2026-09-01,review_required,SOURCE_UNVERIFIED,naver
1547,100840,2026-09-01,review_required,SOURCE_UNVERIFIED,naver
1549,101140,2026-09-01,review_required,SOURCE_UNVERIFIED,naver
1557,101530,2026-09-01,review_required,SOURCE_UNVERIFIED,naver
1564,102260,2026-09-01,review_required,SOURCE_UNVERIFIED,naver
1566,102460,2026-09-01,review_required,SOURCE_UNVERIFIED,naver
1569,103140,2026-09-01,review_required,SOURCE_UNVERIFIED,naver
1571,103590,2026-09-01,review_required,SOURCE_UNVERIFIED,naver
1579,104700,2026-09-01,review_required,SOURCE_UNVERIFIED,naver
1583,105560,2026-09-01,review_required,SOURCE_UNVERIFIED,naver
1584,105630,2026-09-01,review_required,SOURCE_UNVERIFIED,naver
1587,105840,2026-09-01,review_required,SOURCE_UNVERIFIED,naver
1591,107590,2026-09-01,review_required,SOURCE_UNVERIFIED,naver
1595,108320,2026-09-01,review_required,SOURCE_UNVERIFIED,naver
1598,108670,2026-09-01,review_required,SOURCE_UNVERIFIED,naver
1612,111110,2026-09-01,review_required,SOURCE_UNVERIFIED,naver
1613,111380,2026-09-01,review_required,SOURCE_UNVERIFIED,naver
1615,111770,2026-09-01,review_required,SOURCE_UNVERIFIED,naver
1618,112610,2026-09-01,review_required,SOURCE_UNVERIFIED,naver
1620,114090,2026-09-01,review_required,SOURCE_UNVERIFIED,naver
1636,117580,2026-09-01,review_required,SOURCE_UNVERIFIED,naver
1639,118000,2026-09-01,review_required,SOURCE_UNVERIFIED,naver
1646,120030,2026-09-01,review_required,SOURCE_UNVERIFIED,naver
1647,120110,2026-09-01,review_required,SOURCE_UNVERIFIED,naver
1661,122900,2026-09-01,review_required,SOURCE_UNVERIFIED,naver
1669,123690,2026-09-01,review_required,SOURCE_UNVERIFIED,naver
1670,123700,2026-09-01,review_required,SOURCE_UNVERIFIED,naver
1674,123890,2026-09-01,review_required,SOURCE_UNVERIFIED,naver
1681,126560,2026-09-01,review_required,SOURCE_UNVERIFIED,naver
1685,126720,2026-09-01,review_required,SOURCE_UNVERIFIED,naver
1693,128820,2026-09-01,review_required,SOURCE_UNVERIFIED,naver
1694,128940,2026-09-01,review_required,SOURCE_UNVERIFIED,naver
1695,129260,2026-09-01,review_required,SOURCE_UNVERIFIED,naver
1700,130660,2026-09-01,review_required,SOURCE_UNVERIFIED,naver
1713,133820,2026-09-01,review_required,SOURCE_UNVERIFIED,naver
1715,134380,2026-09-01,review_required,SOURCE_UNVERIFIED,naver
1717,134790,2026-09-01,review_required,SOURCE_UNVERIFIED,naver
1721,136490,2026-09-01,review_required,SOURCE_UNVERIFIED,naver
1724,137310,2026-09-01,review_required,SOURCE_UNVERIFIED,naver
1728,138040,2026-09-01,review_required,SOURCE_UNVERIFIED,naver
1733,138930,2026-09-01,review_required,SOURCE_UNVERIFIED,naver
1734,139130,2026-09-01,review_required,SOURCE_UNVERIFIED,naver
1735,139480,2026-09-01,review_required,SOURCE_UNVERIFIED,naver
1737,139990,2026-09-01,review_required,SOURCE_UNVERIFIED,naver
1759,145720,2026-09-01,review_required,SOURCE_UNVERIFIED,naver
1760,145990,2026-09-01,review_required,SOURCE_UNVERIFIED,naver
1781,155660,2026-09-01,review_required,SOURCE_UNVERIFIED,naver
1790,161000,2026-09-01,review_required,SOURCE_UNVERIFIED,naver
1791,161390,2026-09-01,review_required,SOURCE_UNVERIFIED,naver
1793,161890,2026-09-01,review_required,SOURCE_UNVERIFIED,naver
1796,163560,2026-09-01,review_required,SOURCE_UNVERIFIED,naver
1805,170900,2026-09-01,review_required,SOURCE_UNVERIFIED,naver
1816,175330,2026-09-01,review_required,SOURCE_UNVERIFIED,naver
1823,178920,2026-09-01,review_required,SOURCE_UNVERIFIED,naver
1828,180640,2026-09-01,review_required,SOURCE_UNVERIFIED,naver
1830,181710,2026-09-01,review_required,SOURCE_UNVERIFIED,naver
1833,183190,2026-09-01,review_required,SOURCE_UNVERIFIED,naver
1838,185750,2026-09-01,review_required,SOURCE_UNVERIFIED,naver
1857,192080,2026-09-01,review_required,SOURCE_UNVERIFIED,naver
1860,192400,2026-09-01,review_required,SOURCE_UNVERIFIED,naver
1863,192650,2026-09-01,review_required,SOURCE_UNVERIFIED,naver
1864,192820,2026-09-01,review_required,SOURCE_UNVERIFIED,naver
1866,194370,2026-09-01,review_required,SOURCE_UNVERIFIED,naver
1870,195870,2026-09-01,review_required,SOURCE_UNVERIFIED,naver
1895,200880,2026-09-01,review_required,SOURCE_UNVERIFIED,naver
1902,204320,2026-09-01,review_required,SOURCE_UNVERIFIED,naver
1914,207940,2026-09-01,review_required,SOURCE_UNVERIFIED,naver
1923,210540,2026-09-01,review_required,SOURCE_UNVERIFIED,naver
1924,210980,2026-09-01,review_required,SOURCE_UNVERIFIED,naver
1930,213500,2026-09-01,review_required,SOURCE_UNVERIFIED,naver
1935,214320,2026-09-01,review_required,SOURCE_UNVERIFIED,naver
1936,214330,2026-09-01,review_required,SOURCE_UNVERIFIED,naver
1938,214390,2026-09-01,review_required,SOURCE_UNVERIFIED,naver
1939,214420,2026-09-01,review_required,SOURCE_UNVERIFIED,naver
1960,217590,2026-09-01,review_required,SOURCE_UNVERIFIED,naver
1991,226320,2026-09-01,review_required,SOURCE_UNVERIFIED,naver
1998,227840,2026-09-01,review_required,SOURCE_UNVERIFIED,naver
2005,229640,2026-09-01,review_required,SOURCE_UNVERIFIED,naver
2011,234080,2026-09-01,review_required,SOURCE_UNVERIFIED,naver
2035,241560,2026-09-01,review_required,SOURCE_UNVERIFIED,naver
2036,241590,2026-09-01,review_required,SOURCE_UNVERIFIED,naver
2047,244920,2026-09-01,review_required,SOURCE_UNVERIFIED,naver
2056,248070,2026-09-01,review_required,SOURCE_UNVERIFIED,naver
2057,248170,2026-09-01,review_required,SOURCE_UNVERIFIED,naver
2058,249420,2026-09-01,review_required,SOURCE_UNVERIFIED,naver
2063,251270,2026-09-01,review_required,SOURCE_UNVERIFIED,naver
2086,259960,2026-09-01,review_required,SOURCE_UNVERIFIED,naver
2110,264900,2026-09-01,review_required,SOURCE_UNVERIFIED,naver
2115,267250,2026-09-01,review_required,SOURCE_UNVERIFIED,naver
2116,267260,2026-09-01,review_required,SOURCE_UNVERIFIED,naver
2117,267270,2026-09-01,review_required,SOURCE_UNVERIFIED,naver
2118,267290,2026-09-01,review_required,SOURCE_UNVERIFIED,naver
2121,267850,2026-09-01,review_required,SOURCE_UNVERIFIED,naver
2123,268280,2026-09-01,review_required,SOURCE_UNVERIFIED,naver
2128,271560,2026-09-01,review_required,SOURCE_UNVERIFIED,naver
2130,271940,2026-09-01,review_required,SOURCE_UNVERIFIED,naver
2131,271980,2026-09-01,review_required,SOURCE_UNVERIFIED,naver
2133,272210,2026-09-01,review_required,SOURCE_UNVERIFIED,naver
2135,272450,2026-09-01,review_required,SOURCE_UNVERIFIED,naver
2136,272550,2026-09-01,review_required,SOURCE_UNVERIFIED,naver
2149,278470,2026-09-01,review_required,SOURCE_UNVERIFIED,naver
2151,279570,2026-09-01,review_required,SOURCE_UNVERIFIED,naver
2153,280360,2026-09-01,review_required,SOURCE_UNVERIFIED,naver
2155,281820,2026-09-01,review_required,SOURCE_UNVERIFIED,naver
2156,282330,2026-09-01,review_required,SOURCE_UNVERIFIED,naver
2160,284740,2026-09-01,review_required,SOURCE_UNVERIFIED,naver
2161,285130,2026-09-01,review_required,SOURCE_UNVERIFIED,naver
2166,286940,2026-09-01,review_required,SOURCE_UNVERIFIED,naver
2191,293480,2026-09-01,review_required,SOURCE_UNVERIFIED,naver
2200,294870,2026-09-01,review_required,SOURCE_UNVERIFIED,naver
2206,298000,2026-09-01,review_required,SOURCE_UNVERIFIED,naver
2207,298020,2026-09-01,review_required,SOURCE_UNVERIFIED,naver
2208,298040,2026-09-01,review_required,SOURCE_UNVERIFIED,naver
2209,298050,2026-09-01,review_required,SOURCE_UNVERIFIED,naver
2213,298690,2026-09-01,review_required,SOURCE_UNVERIFIED,naver
2220,300720,2026-09-01,review_required,SOURCE_UNVERIFIED,naver
2223,302440,2026-09-01,review_required,SOURCE_UNVERIFIED,naver
2234,306200,2026-09-01,review_required,SOURCE_UNVERIFIED,naver
2241,307950,2026-09-01,review_required,SOURCE_UNVERIFIED,naver
2244,308170,2026-09-01,review_required,SOURCE_UNVERIFIED,naver
2261,316140,2026-09-01,review_required,SOURCE_UNVERIFIED,naver
2265,317400,2026-09-01,review_required,SOURCE_UNVERIFIED,naver
2266,317450,2026-09-01,review_required,SOURCE_UNVERIFIED,naver
2286,322000,2026-09-01,review_required,SOURCE_UNVERIFIED,naver
2293,323410,2026-09-01,review_required,SOURCE_UNVERIFIED,naver
2295,326030,2026-09-01,review_required,SOURCE_UNVERIFIED,naver
2299,329180,2026-09-01,review_required,SOURCE_UNVERIFIED,naver
2319,336260,2026-09-01,review_required,SOURCE_UNVERIFIED,naver
2322,336370,2026-09-01,review_required,SOURCE_UNVERIFIED,naver
2331,339770,2026-09-01,review_required,SOURCE_UNVERIFIED,naver
2340,344820,2026-09-01,review_required,SOURCE_UNVERIFIED,naver
2365,352820,2026-09-01,review_required,SOURCE_UNVERIFIED,naver
2369,353200,2026-09-01,review_required,SOURCE_UNVERIFIED,naver
2395,361610,2026-09-01,review_required,SOURCE_UNVERIFIED,naver
2401,363280,2026-09-01,review_required,SOURCE_UNVERIFIED,naver
2422,372910,2026-09-01,review_required,SOURCE_UNVERIFIED,naver
2427,373220,2026-09-01,review_required,SOURCE_UNVERIFIED,naver
2428,375500,2026-09-01,review_required,SOURCE_UNVERIFIED,naver
2441,377300,2026-09-01,review_required,SOURCE_UNVERIFIED,naver
2446,377740,2026-09-01,review_required,SOURCE_UNVERIFIED,naver
2449,378850,2026-09-01,review_required,SOURCE_UNVERIFIED,naver
2453,381970,2026-09-01,review_required,SOURCE_UNVERIFIED,naver
2459,383220,2026-09-01,review_required,SOURCE_UNVERIFIED,naver
2461,383800,2026-09-01,review_required,SOURCE_UNVERIFIED,naver
2499,402340,2026-09-01,review_required,SOURCE_UNVERIFIED,naver
2502,403550,2026-09-01,review_required,SOURCE_UNVERIFIED,naver
2563,439260,2026-09-01,review_required,SOURCE_UNVERIFIED,naver
2570,443060,2026-09-01,review_required,SOURCE_UNVERIFIED,naver
2577,446070,2026-09-01,review_required,SOURCE_UNVERIFIED,naver
2584,450080,2026-09-01,review_required,SOURCE_UNVERIFIED,naver
2595,452260,2026-09-01,review_required,SOURCE_UNVERIFIED,naver
2602,453340,2026-09-01,review_required,SOURCE_UNVERIFIED,naver
2605,454910,2026-09-01,review_required,SOURCE_UNVERIFIED,naver
2609,456040,2026-09-01,review_required,SOURCE_UNVERIFIED,naver
2612,457190,2026-09-01,review_required,SOURCE_UNVERIFIED,naver
2623,460850,2026-09-01,review_required,SOURCE_UNVERIFIED,naver
2624,460860,2026-09-01,review_required,SOURCE_UNVERIFIED,naver
2633,462520,2026-09-01,review_required,SOURCE_UNVERIFIED,naver
2635,462870,2026-09-01,review_required,SOURCE_UNVERIFIED,naver
2646,465770,2026-09-01,review_required,SOURCE_UNVERIFIED,naver
2672,475150,2026-09-01,review_required,SOURCE_UNVERIFIED,naver
2679,475560,2026-09-01,review_required,SOURCE_UNVERIFIED,naver
2700,480370,2026-09-01,review_required,SOURCE_UNVERIFIED,naver
2709,483650,2026-09-01,review_required,SOURCE_UNVERIFIED,naver
2714,484870,2026-09-01,review_required,SOURCE_UNVERIFIED,naver
2719,487570,2026-09-01,review_required,SOURCE_UNVERIFIED,naver
2731,489790,2026-09-01,review_required,SOURCE_UNVERIFIED,naver
2741,499790,2026-09-01,review_required,SOURCE_UNVERIFIED,naver
16,0001A0,2026-09-02,review_required,SOURCE_UNVERIFIED,naver
24,000250,2026-09-02,review_required,SOURCE_UNVERIFIED,naver
33,000440,2026-09-02,review_required,SOURCE_UNVERIFIED,naver
36,0004V0,2026-09-02,review_required,SOURCE_UNVERIFIED,naver
37,0004Y0,2026-09-02,review_required,SOURCE_UNVERIFIED,naver
52,0007C0,2026-09-02,review_required,SOURCE_UNVERIFIED,naver
53,0007J0,2026-09-02,review_required,SOURCE_UNVERIFIED,naver
61,0008Z0,2026-09-02,review_required,SOURCE_UNVERIFIED,naver
66,0009K0,2026-09-02,review_required,SOURCE_UNVERIFIED,naver
67,001000,2026-09-02,review_required,SOURCE_UNVERIFIED,naver
77,0010F0,2026-09-02,review_required,SOURCE_UNVERIFIED,naver
78,0010V0,2026-09-02,review_required,SOURCE_UNVERIFIED,naver
81,0011A0,2026-09-02,review_required,SOURCE_UNVERIFIED,naver
82,0011T0,2026-09-02,review_required,SOURCE_UNVERIFIED,naver
95,0013V0,2026-09-02,review_required,SOURCE_UNVERIFIED,naver
110,001540,2026-09-02,review_required,SOURCE_UNVERIFIED,naver
114,0015G0,2026-09-02,review_required,SOURCE_UNVERIFIED,naver
115,0015N0,2026-09-02,review_required,SOURCE_UNVERIFIED,naver
116,0015S0,2026-09-02,review_required,SOURCE_UNVERIFIED,naver
129,0017J0,2026-09-02,review_required,SOURCE_UNVERIFIED,naver
131,001810,2026-09-02,review_required,SOURCE_UNVERIFIED,naver
146,002230,2026-09-02,review_required,SOURCE_UNVERIFIED,naver
148,002290,2026-09-02,review_required,SOURCE_UNVERIFIED,naver
163,002680,2026-09-02,review_required,SOURCE_UNVERIFIED,naver
175,002800,2026-09-02,review_required,SOURCE_UNVERIFIED,naver
195,003100,2026-09-02,review_required,SOURCE_UNVERIFIED,naver
204,003310,2026-09-02,review_required,SOURCE_UNVERIFIED,naver
232,0037T0,2026-09-02,review_required,SOURCE_UNVERIFIED,naver
233,003800,2026-09-02,review_required,SOURCE_UNVERIFIED,naver
239,0039P0,2026-09-02,review_required,SOURCE_UNVERIFIED,naver
250,0041B0,2026-09-02,review_required,SOURCE_UNVERIFIED,naver
251,0041J0,2026-09-02,review_required,SOURCE_UNVERIFIED,naver
252,0041L0,2026-09-02,review_required,SOURCE_UNVERIFIED,naver
267,0044K0,2026-09-02,review_required,SOURCE_UNVERIFIED,naver
271,004590,2026-09-02,review_required,SOURCE_UNVERIFIED,naver
272,004650,2026-09-02,review_required,SOURCE_UNVERIFIED,naver
278,004780,2026-09-02,review_required,SOURCE_UNVERIFIED,naver
298,005160,2026-09-02,review_required,SOURCE_UNVERIFIED,naver
302,005290,2026-09-02,review_required,SOURCE_UNVERIFIED,naver
315,0054V0,2026-09-02,review_required,SOURCE_UNVERIFIED,naver
318,005670,2026-09-02,review_required,SOURCE_UNVERIFIED,naver
321,005710,2026-09-02,review_required,SOURCE_UNVERIFIED,naver
332,005860,2026-09-02,review_required,SOURCE_UNVERIFIED,naver
342,005990,2026-09-02,review_required,SOURCE_UNVERIFIED,naver
344,006050,2026-09-02,review_required,SOURCE_UNVERIFIED,naver
350,006140,2026-09-02,review_required,SOURCE_UNVERIFIED,naver
364,006620,2026-09-02,review_required,SOURCE_UNVERIFIED,naver
367,006730,2026-09-02,review_required,SOURCE_UNVERIFIED,naver
375,0068Y0,2026-09-02,review_required,SOURCE_UNVERIFIED,naver
376,006910,2026-09-02,review_required,SOURCE_UNVERIFIED,naver
377,006920,2026-09-02,review_required,SOURCE_UNVERIFIED,naver
383,0071M0,2026-09-02,review_required,SOURCE_UNVERIFIED,naver
386,0072Z0,2026-09-02,review_required,SOURCE_UNVERIFIED,naver
388,007330,2026-09-02,review_required,SOURCE_UNVERIFIED,naver
390,007370,2026-09-02,review_required,SOURCE_UNVERIFIED,naver
391,007390,2026-09-02,review_required,SOURCE_UNVERIFIED,naver
393,007530,2026-09-02,review_required,SOURCE_UNVERIFIED,naver
400,007680,2026-09-02,review_required,SOURCE_UNVERIFIED,naver
403,007720,2026-09-02,review_required,SOURCE_UNVERIFIED,naver
404,007770,2026-09-02,review_required,SOURCE_UNVERIFIED,naver
408,007820,2026-09-02,review_required,SOURCE_UNVERIFIED,naver
416,008290,2026-09-02,review_required,SOURCE_UNVERIFIED,naver
417,0082N0,2026-09-02,review_required,SOURCE_UNVERIFIED,naver
420,008370,2026-09-02,review_required,SOURCE_UNVERIFIED,naver
422,008470,2026-09-02,review_required,SOURCE_UNVERIFIED,naver
429,008830,2026-09-02,review_required,SOURCE_UNVERIFIED,naver
431,0088D0,2026-09-02,review_required,SOURCE_UNVERIFIED,naver
432,0088M0,2026-09-02,review_required,SOURCE_UNVERIFIED,naver
442,0091W0,2026-09-02,review_required,SOURCE_UNVERIFIED,naver
447,009300,2026-09-02,review_required,SOURCE_UNVERIFIED,naver
450,0093G0,2026-09-02,review_required,SOURCE_UNVERIFIED,naver
458,009520,2026-09-02,review_required,SOURCE_UNVERIFIED,naver
463,0096B0,2026-09-02,review_required,SOURCE_UNVERIFIED,naver
464,0096D0,2026-09-02,review_required,SOURCE_UNVERIFIED,naver
465,009730,2026-09-02,review_required,SOURCE_UNVERIFIED,naver
467,009780,2026-09-02,review_required,SOURCE_UNVERIFIED,naver
468,0097F0,2026-09-02,review_required,SOURCE_UNVERIFIED,naver
472,0098T0,2026-09-02,review_required,SOURCE_UNVERIFIED,naver
475,0099W0,2026-09-02,review_required,SOURCE_UNVERIFIED,naver
483,010170,2026-09-02,review_required,SOURCE_UNVERIFIED,naver
484,0101C0,2026-09-02,review_required,SOURCE_UNVERIFIED,naver
485,010240,2026-09-02,review_required,SOURCE_UNVERIFIED,naver
486,010280,2026-09-02,review_required,SOURCE_UNVERIFIED,naver
488,010470,2026-09-02,review_required,SOURCE_UNVERIFIED,naver
490,0105P0,2026-09-02,review_required,SOURCE_UNVERIFIED,naver
501,011040,2026-09-02,review_required,SOURCE_UNVERIFIED,naver
503,011080,2026-09-02,review_required,SOURCE_UNVERIFIED,naver
513,011320,2026-09-02,review_required,SOURCE_UNVERIFIED,naver
515,011370,2026-09-02,review_required,SOURCE_UNVERIFIED,naver
519,011560,2026-09-02,review_required,SOURCE_UNVERIFIED,naver
520,0115H0,2026-09-02,review_required,SOURCE_UNVERIFIED,naver
527,0117P0,2026-09-02,review_required,SOURCE_UNVERIFIED,naver
536,012210,2026-09-02,review_required,SOURCE_UNVERIFIED,naver
540,012340,2026-09-02,review_required,SOURCE_UNVERIFIED,naver
543,012620,2026-09-02,review_required,SOURCE_UNVERIFIED,naver
547,012700,2026-09-02,review_required,SOURCE_UNVERIFIED,naver
549,012790,2026-09-02,review_required,SOURCE_UNVERIFIED,naver
551,012860,2026-09-02,review_required,SOURCE_UNVERIFIED,naver
552,0129K0,2026-09-02,review_required,SOURCE_UNVERIFIED,naver
554,013030,2026-09-02,review_required,SOURCE_UNVERIFIED,naver
555,0130D0,2026-09-02,review_required,SOURCE_UNVERIFIED,naver
556,0130H0,2026-09-02,review_required,SOURCE_UNVERIFIED,naver
557,013120,2026-09-02,review_required,SOURCE_UNVERIFIED,naver
558,0131D0,2026-09-02,review_required,SOURCE_UNVERIFIED,naver
559,0132G0,2026-09-02,review_required,SOURCE_UNVERIFIED,naver
562,0134X0,2026-09-02,review_required,SOURCE_UNVERIFIED,naver
567,013720,2026-09-02,review_required,SOURCE_UNVERIFIED,naver
568,013810,2026-09-02,review_required,SOURCE_UNVERIFIED,naver
571,013990,2026-09-02,review_required,SOURCE_UNVERIFIED,naver
572,014100,2026-09-02,review_required,SOURCE_UNVERIFIED,naver
575,014190,2026-09-02,review_required,SOURCE_UNVERIFIED,naver
579,014470,2026-09-02,review_required,SOURCE_UNVERIFIED,naver
581,014570,2026-09-02,review_required,SOURCE_UNVERIFIED,naver
583,014620,2026-09-02,review_required,SOURCE_UNVERIFIED,naver
592,014940,2026-09-02,review_required,SOURCE_UNVERIFIED,naver
593,014950,2026-09-02,review_required,SOURCE_UNVERIFIED,naver
594,014970,2026-09-02,review_required,SOURCE_UNVERIFIED,naver
601,0156T0,2026-09-02,review_required,SOURCE_UNVERIFIED,naver
602,015710,2026-09-02,review_required,SOURCE_UNVERIFIED,naver
603,015750,2026-09-02,review_required,SOURCE_UNVERIFIED,naver
608,016100,2026-09-02,review_required,SOURCE_UNVERIFIED,naver
609,016250,2026-09-02,review_required,SOURCE_UNVERIFIED,naver
613,0164H0,2026-09-02,review_required,SOURCE_UNVERIFIED,naver
616,0165X0,2026-09-02,review_required,SOURCE_UNVERIFIED,naver
617,016600,2026-09-02,review_required,SOURCE_UNVERIFIED,naver
619,016670,2026-09-02,review_required,SOURCE_UNVERIFIED,naver
625,016920,2026-09-02,review_required,SOURCE_UNVERIFIED,naver
626,017000,2026-09-02,review_required,SOURCE_UNVERIFIED,naver
629,017250,2026-09-02,review_required,SOURCE_UNVERIFIED,naver
632,017480,2026-09-02,review_required,SOURCE_UNVERIFIED,naver
633,017510,2026-09-02,review_required,SOURCE_UNVERIFIED,naver
635,017650,2026-09-02,review_required,SOURCE_UNVERIFIED,naver
640,017890,2026-09-02,review_required,SOURCE_UNVERIFIED,naver
644,018000,2026-09-02,review_required,SOURCE_UNVERIFIED,naver
645,018120,2026-09-02,review_required,SOURCE_UNVERIFIED,naver
648,018290,2026-09-02,review_required,SOURCE_UNVERIFIED,naver
649,018310,2026-09-02,review_required,SOURCE_UNVERIFIED,naver
652,018620,2026-09-02,review_required,SOURCE_UNVERIFIED,naver
654,018680,2026-09-02,review_required,SOURCE_UNVERIFIED,naver
655,018700,2026-09-02,review_required,SOURCE_UNVERIFIED,naver
657,019010,2026-09-02,review_required,SOURCE_UNVERIFIED,naver
661,019210,2026-09-02,review_required,SOURCE_UNVERIFIED,naver
663,019540,2026-09-02,review_required,SOURCE_UNVERIFIED,naver
664,019550,2026-09-02,review_required,SOURCE_UNVERIFIED,naver
665,019570,2026-09-02,review_required,SOURCE_UNVERIFIED,naver
666,019660,2026-09-02,review_required,SOURCE_UNVERIFIED,naver
669,019770,2026-09-02,review_required,SOURCE_UNVERIFIED,naver
670,019990,2026-09-02,review_required,SOURCE_UNVERIFIED,naver
674,020180,2026-09-02,review_required,SOURCE_UNVERIFIED,naver
675,020400,2026-09-02,review_required,SOURCE_UNVERIFIED,naver
677,020710,2026-09-02,review_required,SOURCE_UNVERIFIED,naver
679,021040,2026-09-02,review_required,SOURCE_UNVERIFIED,naver
682,021080,2026-09-02,review_required,SOURCE_UNVERIFIED,naver
684,021320,2026-09-02,review_required,SOURCE_UNVERIFIED,naver
685,021650,2026-09-02,review_required,SOURCE_UNVERIFIED,naver
687,021880,2026-09-02,review_required,SOURCE_UNVERIFIED,naver
688,0218L0,2026-09-02,review_required,SOURCE_UNVERIFIED,naver
693,023160,2026-09-02,review_required,SOURCE_UNVERIFIED,naver
695,023410,2026-09-02,review_required,SOURCE_UNVERIFIED,naver
700,023600,2026-09-02,review_required,SOURCE_UNVERIFIED,naver
701,023760,2026-09-02,review_required,SOURCE_UNVERIFIED,naver
702,023770,2026-09-02,review_required,SOURCE_UNVERIFIED,naver
703,023790,2026-09-02,review_required,SOURCE_UNVERIFIED,naver
706,023900,2026-09-02,review_required,SOURCE_UNVERIFIED,naver
707,023910,2026-09-02,review_required,SOURCE_UNVERIFIED,naver
709,024060,2026-09-02,review_required,SOURCE_UNVERIFIED,naver
713,024120,2026-09-02,review_required,SOURCE_UNVERIFIED,naver
715,024740,2026-09-02,review_required,SOURCE_UNVERIFIED,naver
716,024800,2026-09-02,review_required,SOURCE_UNVERIFIED,naver
717,024830,2026-09-02,review_required,SOURCE_UNVERIFIED,naver
718,024840,2026-09-02,review_required,SOURCE_UNVERIFIED,naver
720,024880,2026-09-02,review_required,SOURCE_UNVERIFIED,naver
723,024910,2026-09-02,review_required,SOURCE_UNVERIFIED,naver
724,024940,2026-09-02,review_required,SOURCE_UNVERIFIED,naver
725,024950,2026-09-02,review_required,SOURCE_UNVERIFIED,naver
727,025320,2026-09-02,review_required,SOURCE_UNVERIFIED,naver
728,025440,2026-09-02,review_required,SOURCE_UNVERIFIED,naver
731,025550,2026-09-02,review_required,SOURCE_UNVERIFIED,naver
735,025770,2026-09-02,review_required,SOURCE_UNVERIFIED,naver
738,025870,2026-09-02,review_required,SOURCE_UNVERIFIED,naver
739,025880,2026-09-02,review_required,SOURCE_UNVERIFIED,naver
741,025900,2026-09-02,review_required,SOURCE_UNVERIFIED,naver
742,025950,2026-09-02,review_required,SOURCE_UNVERIFIED,naver
743,025980,2026-09-02,review_required,SOURCE_UNVERIFIED,naver
744,026040,2026-09-02,review_required,SOURCE_UNVERIFIED,naver
745,026150,2026-09-02,review_required,SOURCE_UNVERIFIED,naver
747,026910,2026-09-02,review_required,SOURCE_UNVERIFIED,naver
750,027040,2026-09-02,review_required,SOURCE_UNVERIFIED,naver
751,027050,2026-09-02,review_required,SOURCE_UNVERIFIED,naver
752,027360,2026-09-02,review_required,SOURCE_UNVERIFIED,naver
754,027580,2026-09-02,review_required,SOURCE_UNVERIFIED,naver
755,027710,2026-09-02,review_required,SOURCE_UNVERIFIED,naver
757,027830,2026-09-02,review_required,SOURCE_UNVERIFIED,naver
760,028080,2026-09-02,review_required,SOURCE_UNVERIFIED,naver
764,028300,2026-09-02,review_required,SOURCE_UNVERIFIED,naver
767,029480,2026-09-02,review_required,SOURCE_UNVERIFIED,naver
775,030520,2026-09-02,review_required,SOURCE_UNVERIFIED,naver
776,030530,2026-09-02,review_required,SOURCE_UNVERIFIED,naver
779,030960,2026-09-02,review_required,SOURCE_UNVERIFIED,naver
781,031310,2026-09-02,review_required,SOURCE_UNVERIFIED,naver
782,031330,2026-09-02,review_required,SOURCE_UNVERIFIED,naver
784,031510,2026-09-02,review_required,SOURCE_UNVERIFIED,naver
787,031980,2026-09-02,review_required,SOURCE_UNVERIFIED,naver
788,032080,2026-09-02,review_required,SOURCE_UNVERIFIED,naver
789,032190,2026-09-02,review_required,SOURCE_UNVERIFIED,naver
790,032280,2026-09-02,review_required,SOURCE_UNVERIFIED,naver
791,032300,2026-09-02,review_required,SOURCE_UNVERIFIED,naver
793,032500,2026-09-02,review_required,SOURCE_UNVERIFIED,naver
794,032540,2026-09-02,review_required,SOURCE_UNVERIFIED,naver
796,032580,2026-09-02,review_required,SOURCE_UNVERIFIED,naver
797,032620,2026-09-02,review_required,SOURCE_UNVERIFIED,naver
799,032680,2026-09-02,review_required,SOURCE_UNVERIFIED,naver
801,032750,2026-09-02,review_required,SOURCE_UNVERIFIED,naver
802,032790,2026-09-02,review_required,SOURCE_UNVERIFIED,naver
803,032800,2026-09-02,review_required,SOURCE_UNVERIFIED,naver
804,032820,2026-09-02,review_required,SOURCE_UNVERIFIED,naver
806,032850,2026-09-02,review_required,SOURCE_UNVERIFIED,naver
807,032860,2026-09-02,review_required,SOURCE_UNVERIFIED,naver
808,032940,2026-09-02,review_required,SOURCE_UNVERIFIED,naver
809,032960,2026-09-02,review_required,SOURCE_UNVERIFIED,naver
810,033050,2026-09-02,review_required,SOURCE_UNVERIFIED,naver
811,033100,2026-09-02,review_required,SOURCE_UNVERIFIED,naver
812,033130,2026-09-02,review_required,SOURCE_UNVERIFIED,naver
813,033160,2026-09-02,review_required,SOURCE_UNVERIFIED,naver
814,033170,2026-09-02,review_required,SOURCE_UNVERIFIED,naver
815,033200,2026-09-02,review_required,SOURCE_UNVERIFIED,naver
816,033230,2026-09-02,review_required,SOURCE_UNVERIFIED,naver
820,033290,2026-09-02,review_required,SOURCE_UNVERIFIED,naver
821,033310,2026-09-02,review_required,SOURCE_UNVERIFIED,naver
822,033320,2026-09-02,review_required,SOURCE_UNVERIFIED,naver
823,033340,2026-09-02,review_required,SOURCE_UNVERIFIED,naver
824,033500,2026-09-02,review_required,SOURCE_UNVERIFIED,naver
826,033540,2026-09-02,review_required,SOURCE_UNVERIFIED,naver
827,033560,2026-09-02,review_required,SOURCE_UNVERIFIED,naver
828,033640,2026-09-02,review_required,SOURCE_UNVERIFIED,naver
830,033790,2026-09-02,review_required,SOURCE_UNVERIFIED,naver
831,033830,2026-09-02,review_required,SOURCE_UNVERIFIED,naver
841,034810,2026-09-02,review_required,SOURCE_UNVERIFIED,naver
844,034940,2026-09-02,review_required,SOURCE_UNVERIFIED,naver
845,034950,2026-09-02,review_required,SOURCE_UNVERIFIED,naver
847,035080,2026-09-02,review_required,SOURCE_UNVERIFIED,naver
849,035200,2026-09-02,review_required,SOURCE_UNVERIFIED,naver
851,035290,2026-09-02,review_required,SOURCE_UNVERIFIED,naver
853,035460,2026-09-02,review_required,SOURCE_UNVERIFIED,naver
855,035600,2026-09-02,review_required,SOURCE_UNVERIFIED,naver
856,035610,2026-09-02,review_required,SOURCE_UNVERIFIED,naver
857,035620,2026-09-02,review_required,SOURCE_UNVERIFIED,naver
859,035760,2026-09-02,review_required,SOURCE_UNVERIFIED,naver
860,035810,2026-09-02,review_required,SOURCE_UNVERIFIED,naver
861,035890,2026-09-02,review_required,SOURCE_UNVERIFIED,naver
862,035900,2026-09-02,review_required,SOURCE_UNVERIFIED,naver
863,036000,2026-09-02,review_required,SOURCE_UNVERIFIED,naver
864,036010,2026-09-02,review_required,SOURCE_UNVERIFIED,naver
865,036030,2026-09-02,review_required,SOURCE_UNVERIFIED,naver
866,036090,2026-09-02,review_required,SOURCE_UNVERIFIED,naver
867,036120,2026-09-02,review_required,SOURCE_UNVERIFIED,naver
868,036170,2026-09-02,review_required,SOURCE_UNVERIFIED,naver
869,036190,2026-09-02,review_required,SOURCE_UNVERIFIED,naver
870,036200,2026-09-02,review_required,SOURCE_UNVERIFIED,naver
874,036480,2026-09-02,review_required,SOURCE_UNVERIFIED,naver
876,036540,2026-09-02,review_required,SOURCE_UNVERIFIED,naver
877,036560,2026-09-02,review_required,SOURCE_UNVERIFIED,naver
880,036620,2026-09-02,review_required,SOURCE_UNVERIFIED,naver
881,036630,2026-09-02,review_required,SOURCE_UNVERIFIED,naver
882,036640,2026-09-02,review_required,SOURCE_UNVERIFIED,naver
883,036670,2026-09-02,review_required,SOURCE_UNVERIFIED,naver
885,036710,2026-09-02,review_required,SOURCE_UNVERIFIED,naver
886,036800,2026-09-02,review_required,SOURCE_UNVERIFIED,naver
887,036810,2026-09-02,review_required,SOURCE_UNVERIFIED,naver
888,036830,2026-09-02,review_required,SOURCE_UNVERIFIED,naver
889,036890,2026-09-02,review_required,SOURCE_UNVERIFIED,naver
890,036930,2026-09-02,review_required,SOURCE_UNVERIFIED,naver
892,037070,2026-09-02,review_required,SOURCE_UNVERIFIED,naver
893,037230,2026-09-02,review_required,SOURCE_UNVERIFIED,naver
895,037330,2026-09-02,review_required,SOURCE_UNVERIFIED,naver
896,037350,2026-09-02,review_required,SOURCE_UNVERIFIED,naver
897,037370,2026-09-02,review_required,SOURCE_UNVERIFIED,naver
898,037400,2026-09-02,review_required,SOURCE_UNVERIFIED,naver
899,037440,2026-09-02,review_required,SOURCE_UNVERIFIED,naver
900,037460,2026-09-02,review_required,SOURCE_UNVERIFIED,naver
903,037760,2026-09-02,review_required,SOURCE_UNVERIFIED,naver
904,037950,2026-09-02,review_required,SOURCE_UNVERIFIED,naver
905,038010,2026-09-02,review_required,SOURCE_UNVERIFIED,naver
906,038060,2026-09-02,review_required,SOURCE_UNVERIFIED,naver
907,038070,2026-09-02,review_required,SOURCE_UNVERIFIED,naver
908,038110,2026-09-02,review_required,SOURCE_UNVERIFIED,naver
909,038290,2026-09-02,review_required,SOURCE_UNVERIFIED,naver
910,038390,2026-09-02,review_required,SOURCE_UNVERIFIED,naver
911,038460,2026-09-02,review_required,SOURCE_UNVERIFIED,naver
912,038500,2026-09-02,review_required,SOURCE_UNVERIFIED,naver
914,038540,2026-09-02,review_required,SOURCE_UNVERIFIED,naver
915,038620,2026-09-02,review_required,SOURCE_UNVERIFIED,naver
916,038680,2026-09-02,review_required,SOURCE_UNVERIFIED,naver
917,038870,2026-09-02,review_required,SOURCE_UNVERIFIED,naver
918,038880,2026-09-02,review_required,SOURCE_UNVERIFIED,naver
919,038950,2026-09-02,review_required,SOURCE_UNVERIFIED,naver
920,039010,2026-09-02,review_required,SOURCE_UNVERIFIED,naver
921,039020,2026-09-02,review_required,SOURCE_UNVERIFIED,naver
922,039030,2026-09-02,review_required,SOURCE_UNVERIFIED,naver
924,039200,2026-09-02,review_required,SOURCE_UNVERIFIED,naver
925,039240,2026-09-02,review_required,SOURCE_UNVERIFIED,naver
926,039290,2026-09-02,review_required,SOURCE_UNVERIFIED,naver
927,039310,2026-09-02,review_required,SOURCE_UNVERIFIED,naver
928,039340,2026-09-02,review_required,SOURCE_UNVERIFIED,naver
929,039420,2026-09-02,review_required,SOURCE_UNVERIFIED,naver
930,039440,2026-09-02,review_required,SOURCE_UNVERIFIED,naver
932,039560,2026-09-02,review_required,SOURCE_UNVERIFIED,naver
934,039610,2026-09-02,review_required,SOURCE_UNVERIFIED,naver
935,039740,2026-09-02,review_required,SOURCE_UNVERIFIED,naver
936,039830,2026-09-02,review_required,SOURCE_UNVERIFIED,naver
937,039840,2026-09-02,review_required,SOURCE_UNVERIFIED,naver
938,039860,2026-09-02,review_required,SOURCE_UNVERIFIED,naver
939,039980,2026-09-02,review_required,SOURCE_UNVERIFIED,naver
940,040160,2026-09-02,review_required,SOURCE_UNVERIFIED,naver
941,040300,2026-09-02,review_required,SOURCE_UNVERIFIED,naver
942,040350,2026-09-02,review_required,SOURCE_UNVERIFIED,naver
943,040420,2026-09-02,review_required,SOURCE_UNVERIFIED,naver
944,040610,2026-09-02,review_required,SOURCE_UNVERIFIED,naver
945,040910,2026-09-02,review_required,SOURCE_UNVERIFIED,naver
946,041020,2026-09-02,review_required,SOURCE_UNVERIFIED,naver
947,041190,2026-09-02,review_required,SOURCE_UNVERIFIED,naver
948,041440,2026-09-02,review_required,SOURCE_UNVERIFIED,naver
949,041460,2026-09-02,review_required,SOURCE_UNVERIFIED,naver
950,041510,2026-09-02,review_required,SOURCE_UNVERIFIED,naver
951,041520,2026-09-02,review_required,SOURCE_UNVERIFIED,naver
954,041830,2026-09-02,review_required,SOURCE_UNVERIFIED,naver
955,041910,2026-09-02,review_required,SOURCE_UNVERIFIED,naver
956,041920,2026-09-02,review_required,SOURCE_UNVERIFIED,naver
957,041930,2026-09-02,review_required,SOURCE_UNVERIFIED,naver
958,041960,2026-09-02,review_required,SOURCE_UNVERIFIED,naver
959,042000,2026-09-02,review_required,SOURCE_UNVERIFIED,naver
960,042040,2026-09-02,review_required,SOURCE_UNVERIFIED,naver
961,042110,2026-09-02,review_required,SOURCE_UNVERIFIED,naver
962,042370,2026-09-02,review_required,SOURCE_UNVERIFIED,naver
963,042420,2026-09-02,review_required,SOURCE_UNVERIFIED,naver
964,042500,2026-09-02,review_required,SOURCE_UNVERIFIED,naver
965,042510,2026-09-02,review_required,SOURCE_UNVERIFIED,naver
966,042520,2026-09-02,review_required,SOURCE_UNVERIFIED,naver
967,042600,2026-09-02,review_required,SOURCE_UNVERIFIED,naver
970,042940,2026-09-02,review_required,SOURCE_UNVERIFIED,naver
972,043150,2026-09-02,review_required,SOURCE_UNVERIFIED,naver
973,043200,2026-09-02,review_required,SOURCE_UNVERIFIED,naver
975,043260,2026-09-02,review_required,SOURCE_UNVERIFIED,naver
976,043340,2026-09-02,review_required,SOURCE_UNVERIFIED,naver
977,043360,2026-09-02,review_required,SOURCE_UNVERIFIED,naver
978,043370,2026-09-02,review_required,SOURCE_UNVERIFIED,naver
979,043590,2026-09-02,review_required,SOURCE_UNVERIFIED,naver
980,043610,2026-09-02,review_required,SOURCE_UNVERIFIED,naver
981,043650,2026-09-02,review_required,SOURCE_UNVERIFIED,naver
982,043710,2026-09-02,review_required,SOURCE_UNVERIFIED,naver
983,043910,2026-09-02,review_required,SOURCE_UNVERIFIED,naver
985,044340,2026-09-02,review_required,SOURCE_UNVERIFIED,naver
988,044480,2026-09-02,review_required,SOURCE_UNVERIFIED,naver
989,044490,2026-09-02,review_required,SOURCE_UNVERIFIED,naver
990,044780,2026-09-02,review_required,SOURCE_UNVERIFIED,naver
992,044960,2026-09-02,review_required,SOURCE_UNVERIFIED,naver
993,044990,2026-09-02,review_required,SOURCE_UNVERIFIED,naver
994,045060,2026-09-02,review_required,SOURCE_UNVERIFIED,naver
995,045100,2026-09-02,review_required,SOURCE_UNVERIFIED,naver
996,045300,2026-09-02,review_required,SOURCE_UNVERIFIED,naver
997,045340,2026-09-02,review_required,SOURCE_UNVERIFIED,naver
998,045390,2026-09-02,review_required,SOURCE_UNVERIFIED,naver
999,045510,2026-09-02,review_required,SOURCE_UNVERIFIED,naver
1000,045520,2026-09-02,review_required,SOURCE_UNVERIFIED,naver
1001,045660,2026-09-02,review_required,SOURCE_UNVERIFIED,naver
1002,045970,2026-09-02,review_required,SOURCE_UNVERIFIED,naver
1004,046120,2026-09-02,review_required,SOURCE_UNVERIFIED,naver
1005,046210,2026-09-02,review_required,SOURCE_UNVERIFIED,naver
1006,046310,2026-09-02,review_required,SOURCE_UNVERIFIED,naver
1007,046390,2026-09-02,review_required,SOURCE_UNVERIFIED,naver
1008,046440,2026-09-02,review_required,SOURCE_UNVERIFIED,naver
1009,046890,2026-09-02,review_required,SOURCE_UNVERIFIED,naver
1010,046940,2026-09-02,review_required,SOURCE_UNVERIFIED,naver
1011,046970,2026-09-02,review_required,SOURCE_UNVERIFIED,naver
1014,047080,2026-09-02,review_required,SOURCE_UNVERIFIED,naver
1015,047310,2026-09-02,review_required,SOURCE_UNVERIFIED,naver
1017,047560,2026-09-02,review_required,SOURCE_UNVERIFIED,naver
1018,047770,2026-09-02,review_required,SOURCE_UNVERIFIED,naver
1020,047820,2026-09-02,review_required,SOURCE_UNVERIFIED,naver
1021,047920,2026-09-02,review_required,SOURCE_UNVERIFIED,naver
1022,048410,2026-09-02,review_required,SOURCE_UNVERIFIED,naver
1023,048430,2026-09-02,review_required,SOURCE_UNVERIFIED,naver
1024,048470,2026-09-02,review_required,SOURCE_UNVERIFIED,naver
1025,048530,2026-09-02,review_required,SOURCE_UNVERIFIED,naver
1026,048550,2026-09-02,review_required,SOURCE_UNVERIFIED,naver
1027,048770,2026-09-02,review_required,SOURCE_UNVERIFIED,naver
1028,048830,2026-09-02,review_required,SOURCE_UNVERIFIED,naver
1029,048870,2026-09-02,review_required,SOURCE_UNVERIFIED,naver
1030,048910,2026-09-02,review_required,SOURCE_UNVERIFIED,naver
1031,049070,2026-09-02,review_required,SOURCE_UNVERIFIED,naver
1032,049080,2026-09-02,review_required,SOURCE_UNVERIFIED,naver
1033,049120,2026-09-02,review_required,SOURCE_UNVERIFIED,naver
1035,049430,2026-09-02,review_required,SOURCE_UNVERIFIED,naver
1036,049470,2026-09-02,review_required,SOURCE_UNVERIFIED,naver
1037,049480,2026-09-02,review_required,SOURCE_UNVERIFIED,naver
1038,049520,2026-09-02,review_required,SOURCE_UNVERIFIED,naver
1039,049550,2026-09-02,review_required,SOURCE_UNVERIFIED,naver
1040,049630,2026-09-02,review_required,SOURCE_UNVERIFIED,naver
1041,049720,2026-09-02,review_required,SOURCE_UNVERIFIED,naver
1043,049830,2026-09-02,review_required,SOURCE_UNVERIFIED,naver
1044,049950,2026-09-02,review_required,SOURCE_UNVERIFIED,naver
1045,049960,2026-09-02,review_required,SOURCE_UNVERIFIED,naver
1046,050090,2026-09-02,review_required,SOURCE_UNVERIFIED,naver
1047,050110,2026-09-02,review_required,SOURCE_UNVERIFIED,naver
1048,050120,2026-09-02,review_required,SOURCE_UNVERIFIED,naver
1049,050760,2026-09-02,review_required,SOURCE_UNVERIFIED,naver
1050,050860,2026-09-02,review_required,SOURCE_UNVERIFIED,naver
1051,050890,2026-09-02,review_required,SOURCE_UNVERIFIED,naver
1052,050960,2026-09-02,review_required,SOURCE_UNVERIFIED,naver
1053,051160,2026-09-02,review_required,SOURCE_UNVERIFIED,naver
1054,051360,2026-09-02,review_required,SOURCE_UNVERIFIED,naver
1055,051370,2026-09-02,review_required,SOURCE_UNVERIFIED,naver
1056,051380,2026-09-02,review_required,SOURCE_UNVERIFIED,naver
1057,051390,2026-09-02,review_required,SOURCE_UNVERIFIED,naver
1058,051490,2026-09-02,review_required,SOURCE_UNVERIFIED,naver
1059,051500,2026-09-02,review_required,SOURCE_UNVERIFIED,naver
1062,051780,2026-09-02,review_required,SOURCE_UNVERIFIED,naver
1067,051980,2026-09-02,review_required,SOURCE_UNVERIFIED,naver
1068,052020,2026-09-02,review_required,SOURCE_UNVERIFIED,naver
1069,052220,2026-09-02,review_required,SOURCE_UNVERIFIED,naver
1070,052260,2026-09-02,review_required,SOURCE_UNVERIFIED,naver
1071,052300,2026-09-02,review_required,SOURCE_UNVERIFIED,naver
1072,052330,2026-09-02,review_required,SOURCE_UNVERIFIED,naver
1073,052400,2026-09-02,review_required,SOURCE_UNVERIFIED,naver
1074,052420,2026-09-02,review_required,SOURCE_UNVERIFIED,naver
1075,052460,2026-09-02,review_required,SOURCE_UNVERIFIED,naver
1076,052600,2026-09-02,review_required,SOURCE_UNVERIFIED,naver
1078,052710,2026-09-02,review_required,SOURCE_UNVERIFIED,naver
1080,052790,2026-09-02,review_required,SOURCE_UNVERIFIED,naver
1081,052860,2026-09-02,review_required,SOURCE_UNVERIFIED,naver
1082,052900,2026-09-02,review_required,SOURCE_UNVERIFIED,naver
1083,053030,2026-09-02,review_required,SOURCE_UNVERIFIED,naver
1084,053050,2026-09-02,review_required,SOURCE_UNVERIFIED,naver
1085,053060,2026-09-02,review_required,SOURCE_UNVERIFIED,naver
1086,053080,2026-09-02,review_required,SOURCE_UNVERIFIED,naver
1087,053160,2026-09-02,review_required,SOURCE_UNVERIFIED,naver
1089,053260,2026-09-02,review_required,SOURCE_UNVERIFIED,naver
1090,053270,2026-09-02,review_required,SOURCE_UNVERIFIED,naver
1091,053280,2026-09-02,review_required,SOURCE_UNVERIFIED,naver
1092,053290,2026-09-02,review_required,SOURCE_UNVERIFIED,naver
1093,053300,2026-09-02,review_required,SOURCE_UNVERIFIED,naver
1094,053350,2026-09-02,review_required,SOURCE_UNVERIFIED,naver
1095,053450,2026-09-02,review_required,SOURCE_UNVERIFIED,naver
1096,053580,2026-09-02,review_required,SOURCE_UNVERIFIED,naver
1097,053610,2026-09-02,review_required,SOURCE_UNVERIFIED,naver
1098,053620,2026-09-02,review_required,SOURCE_UNVERIFIED,naver
1100,053700,2026-09-02,review_required,SOURCE_UNVERIFIED,naver
1101,053800,2026-09-02,review_required,SOURCE_UNVERIFIED,naver
1102,053950,2026-09-02,review_required,SOURCE_UNVERIFIED,naver
1103,053980,2026-09-02,review_required,SOURCE_UNVERIFIED,naver
1104,054040,2026-09-02,review_required,SOURCE_UNVERIFIED,naver
1105,054050,2026-09-02,review_required,SOURCE_UNVERIFIED,naver
1106,054090,2026-09-02,review_required,SOURCE_UNVERIFIED,naver
1108,054210,2026-09-02,review_required,SOURCE_UNVERIFIED,naver
1109,054220,2026-09-02,review_required,SOURCE_UNVERIFIED,naver
1110,054300,2026-09-02,review_required,SOURCE_UNVERIFIED,naver
1111,054410,2026-09-02,review_required,SOURCE_UNVERIFIED,naver
1112,054450,2026-09-02,review_required,SOURCE_UNVERIFIED,naver
1113,054540,2026-09-02,review_required,SOURCE_UNVERIFIED,naver
1114,054620,2026-09-02,review_required,SOURCE_UNVERIFIED,naver
1115,054670,2026-09-02,review_required,SOURCE_UNVERIFIED,naver
1116,054780,2026-09-02,review_required,SOURCE_UNVERIFIED,naver
1117,054800,2026-09-02,review_required,SOURCE_UNVERIFIED,naver
1118,054920,2026-09-02,review_required,SOURCE_UNVERIFIED,naver
1119,054930,2026-09-02,review_required,SOURCE_UNVERIFIED,naver
1120,054940,2026-09-02,review_required,SOURCE_UNVERIFIED,naver
1121,054950,2026-09-02,review_required,SOURCE_UNVERIFIED,naver
1124,056080,2026-09-02,review_required,SOURCE_UNVERIFIED,naver
1125,056090,2026-09-02,review_required,SOURCE_UNVERIFIED,naver
1126,056190,2026-09-02,review_required,SOURCE_UNVERIFIED,naver
1127,056360,2026-09-02,review_required,SOURCE_UNVERIFIED,naver
1128,056700,2026-09-02,review_required,SOURCE_UNVERIFIED,naver
1129,056730,2026-09-02,review_required,SOURCE_UNVERIFIED,naver
1130,057030,2026-09-02,review_required,SOURCE_UNVERIFIED,naver
1131,057540,2026-09-02,review_required,SOURCE_UNVERIFIED,naver
1132,057680,2026-09-02,review_required,SOURCE_UNVERIFIED,naver
1133,058110,2026-09-02,review_required,SOURCE_UNVERIFIED,naver
1134,058400,2026-09-02,review_required,SOURCE_UNVERIFIED,naver
1136,058450,2026-09-02,review_required,SOURCE_UNVERIFIED,naver
1137,058470,2026-09-02,review_required,SOURCE_UNVERIFIED,naver
1138,058610,2026-09-02,review_required,SOURCE_UNVERIFIED,naver
1139,058630,2026-09-02,review_required,SOURCE_UNVERIFIED,naver
1142,058820,2026-09-02,review_required,SOURCE_UNVERIFIED,naver
1145,058970,2026-09-02,review_required,SOURCE_UNVERIFIED,naver
1146,059090,2026-09-02,review_required,SOURCE_UNVERIFIED,naver
1147,059100,2026-09-02,review_required,SOURCE_UNVERIFIED,naver
1148,059120,2026-09-02,review_required,SOURCE_UNVERIFIED,naver
1149,059210,2026-09-02,review_required,SOURCE_UNVERIFIED,naver
1150,059270,2026-09-02,review_required,SOURCE_UNVERIFIED,naver
1151,060150,2026-09-02,review_required,SOURCE_UNVERIFIED,naver
1152,060230,2026-09-02,review_required,SOURCE_UNVERIFIED,naver
1153,060250,2026-09-02,review_required,SOURCE_UNVERIFIED,naver
1154,060260,2026-09-02,review_required,SOURCE_UNVERIFIED,naver
1155,060280,2026-09-02,review_required,SOURCE_UNVERIFIED,naver
1156,060310,2026-09-02,review_required,SOURCE_UNVERIFIED,naver
1157,060370,2026-09-02,review_required,SOURCE_UNVERIFIED,naver
1158,060380,2026-09-02,review_required,SOURCE_UNVERIFIED,naver
1159,060480,2026-09-02,review_required,SOURCE_UNVERIFIED,naver
1160,060540,2026-09-02,review_required,SOURCE_UNVERIFIED,naver
1161,060560,2026-09-02,review_required,SOURCE_UNVERIFIED,naver
1162,060570,2026-09-02,review_required,SOURCE_UNVERIFIED,naver
1163,060590,2026-09-02,review_required,SOURCE_UNVERIFIED,naver
1164,060720,2026-09-02,review_required,SOURCE_UNVERIFIED,naver
1165,060850,2026-09-02,review_required,SOURCE_UNVERIFIED,naver
1166,060900,2026-09-02,review_required,SOURCE_UNVERIFIED,naver
1168,061040,2026-09-02,review_required,SOURCE_UNVERIFIED,naver
1169,061090,2026-09-02,review_required,SOURCE_UNVERIFIED,naver
1170,061250,2026-09-02,review_required,SOURCE_UNVERIFIED,naver
1171,061970,2026-09-02,review_required,SOURCE_UNVERIFIED,naver
1174,063080,2026-09-02,review_required,SOURCE_UNVERIFIED,naver
1176,063170,2026-09-02,review_required,SOURCE_UNVERIFIED,naver
1177,063440,2026-09-02,review_required,SOURCE_UNVERIFIED,naver
1178,063570,2026-09-02,review_required,SOURCE_UNVERIFIED,naver
1179,063760,2026-09-02,review_required,SOURCE_UNVERIFIED,naver
1181,064240,2026-09-02,review_required,SOURCE_UNVERIFIED,naver
1182,064260,2026-09-02,review_required,SOURCE_UNVERIFIED,naver
1183,064290,2026-09-02,review_required,SOURCE_UNVERIFIED,naver
1186,064480,2026-09-02,review_required,SOURCE_UNVERIFIED,naver
1187,064520,2026-09-02,review_required,SOURCE_UNVERIFIED,naver
1188,064550,2026-09-02,review_required,SOURCE_UNVERIFIED,naver
1189,064760,2026-09-02,review_required,SOURCE_UNVERIFIED,naver
1190,064800,2026-09-02,review_required,SOURCE_UNVERIFIED,naver
1191,064820,2026-09-02,review_required,SOURCE_UNVERIFIED,naver
1192,064850,2026-09-02,review_required,SOURCE_UNVERIFIED,naver
1194,065060,2026-09-02,review_required,SOURCE_UNVERIFIED,naver
1195,065130,2026-09-02,review_required,SOURCE_UNVERIFIED,naver
1196,065150,2026-09-02,review_required,SOURCE_UNVERIFIED,naver
1197,065170,2026-09-02,review_required,SOURCE_UNVERIFIED,naver
1198,065350,2026-09-02,review_required,SOURCE_UNVERIFIED,naver
1199,065370,2026-09-02,review_required,SOURCE_UNVERIFIED,naver
1201,065440,2026-09-02,review_required,SOURCE_UNVERIFIED,naver
1202,065450,2026-09-02,review_required,SOURCE_UNVERIFIED,naver
1203,065500,2026-09-02,review_required,SOURCE_UNVERIFIED,naver
1204,065510,2026-09-02,review_required,SOURCE_UNVERIFIED,naver
1205,065530,2026-09-02,review_required,SOURCE_UNVERIFIED,naver
1207,065650,2026-09-02,review_required,SOURCE_UNVERIFIED,naver
1208,065660,2026-09-02,review_required,SOURCE_UNVERIFIED,naver
1209,065680,2026-09-02,review_required,SOURCE_UNVERIFIED,naver
1210,065690,2026-09-02,review_required,SOURCE_UNVERIFIED,naver
1211,065710,2026-09-02,review_required,SOURCE_UNVERIFIED,naver
1212,065770,2026-09-02,review_required,SOURCE_UNVERIFIED,naver
1213,065950,2026-09-02,review_required,SOURCE_UNVERIFIED,naver
1214,066130,2026-09-02,review_required,SOURCE_UNVERIFIED,naver
1215,066310,2026-09-02,review_required,SOURCE_UNVERIFIED,naver
1216,066360,2026-09-02,review_required,SOURCE_UNVERIFIED,naver
1218,066430,2026-09-02,review_required,SOURCE_UNVERIFIED,naver
1221,066590,2026-09-02,review_required,SOURCE_UNVERIFIED,naver
1222,066620,2026-09-02,review_required,SOURCE_UNVERIFIED,naver
1223,066670,2026-09-02,review_required,SOURCE_UNVERIFIED,naver
1224,066700,2026-09-02,review_required,SOURCE_UNVERIFIED,naver
1226,066900,2026-09-02,review_required,SOURCE_UNVERIFIED,naver
1227,066910,2026-09-02,review_required,SOURCE_UNVERIFIED,naver
1229,066980,2026-09-02,review_required,SOURCE_UNVERIFIED,naver
1230,067000,2026-09-02,review_required,SOURCE_UNVERIFIED,naver
1231,067010,2026-09-02,review_required,SOURCE_UNVERIFIED,naver
1232,067080,2026-09-02,review_required,SOURCE_UNVERIFIED,naver
1233,067160,2026-09-02,review_required,SOURCE_UNVERIFIED,naver
1234,067170,2026-09-02,review_required,SOURCE_UNVERIFIED,naver
1235,067280,2026-09-02,review_required,SOURCE_UNVERIFIED,naver
1236,067290,2026-09-02,review_required,SOURCE_UNVERIFIED,naver
1237,067310,2026-09-02,review_required,SOURCE_UNVERIFIED,naver
1238,067370,2026-09-02,review_required,SOURCE_UNVERIFIED,naver
1239,067390,2026-09-02,review_required,SOURCE_UNVERIFIED,naver
1240,067570,2026-09-02,review_required,SOURCE_UNVERIFIED,naver
1241,067630,2026-09-02,review_required,SOURCE_UNVERIFIED,naver
1242,067730,2026-09-02,review_required,SOURCE_UNVERIFIED,naver
1243,067770,2026-09-02,review_required,SOURCE_UNVERIFIED,naver
1245,067900,2026-09-02,review_required,SOURCE_UNVERIFIED,naver
1246,067920,2026-09-02,review_required,SOURCE_UNVERIFIED,naver
1247,067990,2026-09-02,review_required,SOURCE_UNVERIFIED,naver
1248,068050,2026-09-02,review_required,SOURCE_UNVERIFIED,naver
1249,068100,2026-09-02,review_required,SOURCE_UNVERIFIED,naver
1253,068330,2026-09-02,review_required,SOURCE_UNVERIFIED,naver
1254,068760,2026-09-02,review_required,SOURCE_UNVERIFIED,naver
1255,068790,2026-09-02,review_required,SOURCE_UNVERIFIED,naver
1256,068930,2026-09-02,review_required,SOURCE_UNVERIFIED,naver
1258,069080,2026-09-02,review_required,SOURCE_UNVERIFIED,naver
1259,069140,2026-09-02,review_required,SOURCE_UNVERIFIED,naver
1261,069330,2026-09-02,review_required,SOURCE_UNVERIFIED,naver
1262,069410,2026-09-02,review_required,SOURCE_UNVERIFIED,naver
1264,069510,2026-09-02,review_required,SOURCE_UNVERIFIED,naver
1265,069540,2026-09-02,review_required,SOURCE_UNVERIFIED,naver
1269,069920,2026-09-02,review_required,SOURCE_UNVERIFIED,naver
1271,070300,2026-09-02,review_required,SOURCE_UNVERIFIED,naver
1272,070590,2026-09-02,review_required,SOURCE_UNVERIFIED,naver
1277,071200,2026-09-02,review_required,SOURCE_UNVERIFIED,naver
1278,071280,2026-09-02,review_required,SOURCE_UNVERIFIED,naver
1280,071670,2026-09-02,review_required,SOURCE_UNVERIFIED,naver
1282,071850,2026-09-02,review_required,SOURCE_UNVERIFIED,naver
1285,072020,2026-09-02,review_required,SOURCE_UNVERIFIED,naver
1287,072470,2026-09-02,review_required,SOURCE_UNVERIFIED,naver
1289,072770,2026-09-02,review_required,SOURCE_UNVERIFIED,naver
1290,072870,2026-09-02,review_required,SOURCE_UNVERIFIED,naver
1291,072950,2026-09-02,review_required,SOURCE_UNVERIFIED,naver
1292,072990,2026-09-02,review_required,SOURCE_UNVERIFIED,naver
1293,073010,2026-09-02,review_required,SOURCE_UNVERIFIED,naver
1294,073110,2026-09-02,review_required,SOURCE_UNVERIFIED,naver
1297,073490,2026-09-02,review_required,SOURCE_UNVERIFIED,naver
1298,073540,2026-09-02,review_required,SOURCE_UNVERIFIED,naver
1299,073560,2026-09-02,review_required,SOURCE_UNVERIFIED,naver
1300,073570,2026-09-02,review_required,SOURCE_UNVERIFIED,naver
1302,074430,2026-09-02,review_required,SOURCE_UNVERIFIED,naver
1303,074600,2026-09-02,review_required,SOURCE_UNVERIFIED,naver
1305,075130,2026-09-02,review_required,SOURCE_UNVERIFIED,naver
1308,075970,2026-09-02,review_required,SOURCE_UNVERIFIED,naver
1309,076080,2026-09-02,review_required,SOURCE_UNVERIFIED,naver
1310,076610,2026-09-02,review_required,SOURCE_UNVERIFIED,naver
1311,077360,2026-09-02,review_required,SOURCE_UNVERIFIED,naver
1315,078020,2026-09-02,review_required,SOURCE_UNVERIFIED,naver
1316,078070,2026-09-02,review_required,SOURCE_UNVERIFIED,naver
1317,078130,2026-09-02,review_required,SOURCE_UNVERIFIED,naver
1318,078140,2026-09-02,review_required,SOURCE_UNVERIFIED,naver
1319,078150,2026-09-02,review_required,SOURCE_UNVERIFIED,naver
1320,078160,2026-09-02,review_required,SOURCE_UNVERIFIED,naver
1321,078340,2026-09-02,review_required,SOURCE_UNVERIFIED,naver
1322,078350,2026-09-02,review_required,SOURCE_UNVERIFIED,naver
1324,078590,2026-09-02,review_required,SOURCE_UNVERIFIED,naver
1325,078600,2026-09-02,review_required,SOURCE_UNVERIFIED,naver
1326,078860,2026-09-02,review_required,SOURCE_UNVERIFIED,naver
1327,078890,2026-09-02,review_required,SOURCE_UNVERIFIED,naver
1330,079000,2026-09-02,review_required,SOURCE_UNVERIFIED,naver
1332,079170,2026-09-02,review_required,SOURCE_UNVERIFIED,naver
1333,079190,2026-09-02,review_required,SOURCE_UNVERIFIED,naver
1334,079370,2026-09-02,review_required,SOURCE_UNVERIFIED,naver
1337,079650,2026-09-02,review_required,SOURCE_UNVERIFIED,naver
1338,079810,2026-09-02,review_required,SOURCE_UNVERIFIED,naver
1340,079940,2026-09-02,review_required,SOURCE_UNVERIFIED,naver
1341,079950,2026-09-02,review_required,SOURCE_UNVERIFIED,naver
1342,079960,2026-09-02,review_required,SOURCE_UNVERIFIED,naver
1345,080010,2026-09-02,review_required,SOURCE_UNVERIFIED,naver
1346,080160,2026-09-02,review_required,SOURCE_UNVERIFIED,naver
1347,080220,2026-09-02,review_required,SOURCE_UNVERIFIED,naver
1348,080420,2026-09-02,review_required,SOURCE_UNVERIFIED,naver
1349,080470,2026-09-02,review_required,SOURCE_UNVERIFIED,naver
1350,080520,2026-09-02,review_required,SOURCE_UNVERIFIED,naver
1351,080530,2026-09-02,review_required,SOURCE_UNVERIFIED,naver
1352,080580,2026-09-02,review_required,SOURCE_UNVERIFIED,naver
1355,081150,2026-09-02,review_required,SOURCE_UNVERIFIED,naver
1356,081180,2026-09-02,review_required,SOURCE_UNVERIFIED,naver
1357,081580,2026-09-02,review_required,SOURCE_UNVERIFIED,naver
1359,082210,2026-09-02,review_required,SOURCE_UNVERIFIED,naver
1360,082270,2026-09-02,review_required,SOURCE_UNVERIFIED,naver
1364,082800,2026-09-02,review_required,SOURCE_UNVERIFIED,naver
1365,082850,2026-09-02,review_required,SOURCE_UNVERIFIED,naver
1366,082920,2026-09-02,review_required,SOURCE_UNVERIFIED,naver
1367,083310,2026-09-02,review_required,SOURCE_UNVERIFIED,naver
1369,083450,2026-09-02,review_required,SOURCE_UNVERIFIED,naver
1370,083470,2026-09-02,review_required,SOURCE_UNVERIFIED,naver
1371,083500,2026-09-02,review_required,SOURCE_UNVERIFIED,naver
1372,083550,2026-09-02,review_required,SOURCE_UNVERIFIED,naver
1373,083640,2026-09-02,review_required,SOURCE_UNVERIFIED,naver
1374,083650,2026-09-02,review_required,SOURCE_UNVERIFIED,naver
1375,083660,2026-09-02,review_required,SOURCE_UNVERIFIED,naver
1376,083790,2026-09-02,review_required,SOURCE_UNVERIFIED,naver
1377,083930,2026-09-02,review_required,SOURCE_UNVERIFIED,naver
1379,084110,2026-09-02,review_required,SOURCE_UNVERIFIED,naver
1380,084180,2026-09-02,review_required,SOURCE_UNVERIFIED,naver
1381,084370,2026-09-02,review_required,SOURCE_UNVERIFIED,naver
1388,084730,2026-09-02,review_required,SOURCE_UNVERIFIED,naver
1389,084850,2026-09-02,review_required,SOURCE_UNVERIFIED,naver
1391,084990,2026-09-02,review_required,SOURCE_UNVERIFIED,naver
1394,085660,2026-09-02,review_required,SOURCE_UNVERIFIED,naver
1395,085670,2026-09-02,review_required,SOURCE_UNVERIFIED,naver
1396,085810,2026-09-02,review_required,SOURCE_UNVERIFIED,naver
1397,085910,2026-09-02,review_required,SOURCE_UNVERIFIED,naver
1398,086040,2026-09-02,review_required,SOURCE_UNVERIFIED,naver
1399,086060,2026-09-02,review_required,SOURCE_UNVERIFIED,naver
1401,086390,2026-09-02,review_required,SOURCE_UNVERIFIED,naver
1402,086450,2026-09-02,review_required,SOURCE_UNVERIFIED,naver
1403,086520,2026-09-02,review_required,SOURCE_UNVERIFIED,naver
1404,086670,2026-09-02,review_required,SOURCE_UNVERIFIED,naver
1405,086710,2026-09-02,review_required,SOURCE_UNVERIFIED,naver
1407,086820,2026-09-02,review_required,SOURCE_UNVERIFIED,naver
1408,086890,2026-09-02,review_required,SOURCE_UNVERIFIED,naver
1409,086900,2026-09-02,review_required,SOURCE_UNVERIFIED,naver
1410,086960,2026-09-02,review_required,SOURCE_UNVERIFIED,naver
1411,086980,2026-09-02,review_required,SOURCE_UNVERIFIED,naver
1412,087010,2026-09-02,review_required,SOURCE_UNVERIFIED,naver
1414,087600,2026-09-02,review_required,SOURCE_UNVERIFIED,naver
1415,088130,2026-09-02,review_required,SOURCE_UNVERIFIED,naver
1417,088280,2026-09-02,review_required,SOURCE_UNVERIFIED,naver
1418,088290,2026-09-02,review_required,SOURCE_UNVERIFIED,naver
1419,088340,2026-09-02,review_required,SOURCE_UNVERIFIED,naver
1421,088390,2026-09-02,review_required,SOURCE_UNVERIFIED,naver
1423,088800,2026-09-02,review_required,SOURCE_UNVERIFIED,naver
1424,088910,2026-09-02,review_required,SOURCE_UNVERIFIED,naver
1426,089010,2026-09-02,review_required,SOURCE_UNVERIFIED,naver
1427,089030,2026-09-02,review_required,SOURCE_UNVERIFIED,naver
1428,089140,2026-09-02,review_required,SOURCE_UNVERIFIED,naver
1429,089150,2026-09-02,review_required,SOURCE_UNVERIFIED,naver
1430,089230,2026-09-02,review_required,SOURCE_UNVERIFIED,naver
1433,089600,2026-09-02,review_required,SOURCE_UNVERIFIED,naver
1434,089790,2026-09-02,review_required,SOURCE_UNVERIFIED,naver
1435,089850,2026-09-02,review_required,SOURCE_UNVERIFIED,naver
1437,089890,2026-09-02,review_required,SOURCE_UNVERIFIED,naver
1438,089970,2026-09-02,review_required,SOURCE_UNVERIFIED,naver
1439,089980,2026-09-02,review_required,SOURCE_UNVERIFIED,naver
1441,090150,2026-09-02,review_required,SOURCE_UNVERIFIED,naver
1444,090360,2026-09-02,review_required,SOURCE_UNVERIFIED,naver
1446,090410,2026-09-02,review_required,SOURCE_UNVERIFIED,naver
1450,090470,2026-09-02,review_required,SOURCE_UNVERIFIED,naver
1451,090710,2026-09-02,review_required,SOURCE_UNVERIFIED,naver
1452,090850,2026-09-02,review_required,SOURCE_UNVERIFIED,naver
1453,091120,2026-09-02,review_required,SOURCE_UNVERIFIED,naver
1454,091340,2026-09-02,review_required,SOURCE_UNVERIFIED,naver
1455,091440,2026-09-02,review_required,SOURCE_UNVERIFIED,naver
1456,091580,2026-09-02,review_required,SOURCE_UNVERIFIED,naver
1457,091590,2026-09-02,review_required,SOURCE_UNVERIFIED,naver
1458,091700,2026-09-02,review_required,SOURCE_UNVERIFIED,naver
1460,091970,2026-09-02,review_required,SOURCE_UNVERIFIED,naver
1461,092040,2026-09-02,review_required,SOURCE_UNVERIFIED,naver
1462,092070,2026-09-02,review_required,SOURCE_UNVERIFIED,naver
1463,092130,2026-09-02,review_required,SOURCE_UNVERIFIED,naver
1464,092190,2026-09-02,review_required,SOURCE_UNVERIFIED,naver
1468,092300,2026-09-02,review_required,SOURCE_UNVERIFIED,naver
1470,092460,2026-09-02,review_required,SOURCE_UNVERIFIED,naver
1471,092600,2026-09-02,review_required,SOURCE_UNVERIFIED,naver
1472,092730,2026-09-02,review_required,SOURCE_UNVERIFIED,naver
1475,092870,2026-09-02,review_required,SOURCE_UNVERIFIED,naver
1477,093190,2026-09-02,review_required,SOURCE_UNVERIFIED,naver
1479,093320,2026-09-02,review_required,SOURCE_UNVERIFIED,naver
1481,093380,2026-09-02,review_required,SOURCE_UNVERIFIED,naver
1482,093520,2026-09-02,review_required,SOURCE_UNVERIFIED,naver
1483,093640,2026-09-02,review_required,SOURCE_UNVERIFIED,naver
1484,093920,2026-09-02,review_required,SOURCE_UNVERIFIED,naver
1485,094170,2026-09-02,review_required,SOURCE_UNVERIFIED,naver
1487,094360,2026-09-02,review_required,SOURCE_UNVERIFIED,naver
1488,094480,2026-09-02,review_required,SOURCE_UNVERIFIED,naver
1490,094820,2026-09-02,review_required,SOURCE_UNVERIFIED,naver
1491,094840,2026-09-02,review_required,SOURCE_UNVERIFIED,naver
1492,094850,2026-09-02,review_required,SOURCE_UNVERIFIED,naver
1493,094860,2026-09-02,review_required,SOURCE_UNVERIFIED,naver
1494,094940,2026-09-02,review_required,SOURCE_UNVERIFIED,naver
1495,094970,2026-09-02,review_required,SOURCE_UNVERIFIED,naver
1496,095190,2026-09-02,review_required,SOURCE_UNVERIFIED,naver
1497,095270,2026-09-02,review_required,SOURCE_UNVERIFIED,naver
1498,095340,2026-09-02,review_required,SOURCE_UNVERIFIED,naver
1499,095500,2026-09-02,review_required,SOURCE_UNVERIFIED,naver
1501,095610,2026-09-02,review_required,SOURCE_UNVERIFIED,naver
1502,095660,2026-09-02,review_required,SOURCE_UNVERIFIED,naver
1503,095700,2026-09-02,review_required,SOURCE_UNVERIFIED,naver
1505,095910,2026-09-02,review_required,SOURCE_UNVERIFIED,naver
1506,096240,2026-09-02,review_required,SOURCE_UNVERIFIED,naver
1507,096250,2026-09-02,review_required,SOURCE_UNVERIFIED,naver
1508,096350,2026-09-02,review_required,SOURCE_UNVERIFIED,naver
1509,096530,2026-09-02,review_required,SOURCE_UNVERIFIED,naver
1511,096630,2026-09-02,review_required,SOURCE_UNVERIFIED,naver
1512,096690,2026-09-02,review_required,SOURCE_UNVERIFIED,naver
1516,096870,2026-09-02,review_required,SOURCE_UNVERIFIED,naver
1519,097780,2026-09-02,review_required,SOURCE_UNVERIFIED,naver
1520,097800,2026-09-02,review_required,SOURCE_UNVERIFIED,naver
1521,097870,2026-09-02,review_required,SOURCE_UNVERIFIED,naver
1524,098070,2026-09-02,review_required,SOURCE_UNVERIFIED,naver
1525,098120,2026-09-02,review_required,SOURCE_UNVERIFIED,naver
1526,098460,2026-09-02,review_required,SOURCE_UNVERIFIED,naver
1527,098660,2026-09-02,review_required,SOURCE_UNVERIFIED,naver
1528,099190,2026-09-02,review_required,SOURCE_UNVERIFIED,naver
1530,099320,2026-09-02,review_required,SOURCE_UNVERIFIED,naver
1531,099390,2026-09-02,review_required,SOURCE_UNVERIFIED,naver
1532,099410,2026-09-02,review_required,SOURCE_UNVERIFIED,naver
1533,099430,2026-09-02,review_required,SOURCE_UNVERIFIED,naver
1534,099440,2026-09-02,review_required,SOURCE_UNVERIFIED,naver
1536,099750,2026-09-02,review_required,SOURCE_UNVERIFIED,naver
1537,100030,2026-09-02,review_required,SOURCE_UNVERIFIED,naver
1539,100120,2026-09-02,review_required,SOURCE_UNVERIFIED,naver
1540,100130,2026-09-02,review_required,SOURCE_UNVERIFIED,naver
1543,100590,2026-09-02,review_required,SOURCE_UNVERIFIED,naver
1544,100660,2026-09-02,review_required,SOURCE_UNVERIFIED,naver
1545,100700,2026-09-02,review_required,SOURCE_UNVERIFIED,naver
1546,100790,2026-09-02,review_required,SOURCE_UNVERIFIED,naver
1548,101000,2026-09-02,review_required,SOURCE_UNVERIFIED,naver
1550,101160,2026-09-02,review_required,SOURCE_UNVERIFIED,naver
1551,101170,2026-09-02,review_required,SOURCE_UNVERIFIED,naver
1552,101240,2026-09-02,review_required,SOURCE_UNVERIFIED,naver
1553,101330,2026-09-02,review_required,SOURCE_UNVERIFIED,naver
1554,101360,2026-09-02,review_required,SOURCE_UNVERIFIED,naver
1555,101400,2026-09-02,review_required,SOURCE_UNVERIFIED,naver
1556,101490,2026-09-02,review_required,SOURCE_UNVERIFIED,naver
1558,101670,2026-09-02,review_required,SOURCE_UNVERIFIED,naver
1559,101680,2026-09-02,review_required,SOURCE_UNVERIFIED,naver
1560,101730,2026-09-02,review_required,SOURCE_UNVERIFIED,naver
1561,101930,2026-09-02,review_required,SOURCE_UNVERIFIED,naver
1563,102120,2026-09-02,review_required,SOURCE_UNVERIFIED,naver
1565,102370,2026-09-02,review_required,SOURCE_UNVERIFIED,naver
1567,102710,2026-09-02,review_required,SOURCE_UNVERIFIED,naver
1568,102940,2026-09-02,review_required,SOURCE_UNVERIFIED,naver
1570,103230,2026-09-02,review_required,SOURCE_UNVERIFIED,naver
1572,103840,2026-09-02,review_required,SOURCE_UNVERIFIED,naver
1573,104040,2026-09-02,review_required,SOURCE_UNVERIFIED,naver
1574,104200,2026-09-02,review_required,SOURCE_UNVERIFIED,naver
1575,104460,2026-09-02,review_required,SOURCE_UNVERIFIED,naver
1576,104480,2026-09-02,review_required,SOURCE_UNVERIFIED,naver
1577,104540,2026-09-02,review_required,SOURCE_UNVERIFIED,naver
1578,104620,2026-09-02,review_required,SOURCE_UNVERIFIED,naver
1580,104830,2026-09-02,review_required,SOURCE_UNVERIFIED,naver
1581,105330,2026-09-02,review_required,SOURCE_UNVERIFIED,naver
1582,105550,2026-09-02,review_required,SOURCE_UNVERIFIED,naver
1585,105740,2026-09-02,review_required,SOURCE_UNVERIFIED,naver
1586,105760,2026-09-02,review_required,SOURCE_UNVERIFIED,naver
1589,106190,2026-09-02,review_required,SOURCE_UNVERIFIED,naver
1590,106240,2026-09-02,review_required,SOURCE_UNVERIFIED,naver
1592,107600,2026-09-02,review_required,SOURCE_UNVERIFIED,naver
1593,107640,2026-09-02,review_required,SOURCE_UNVERIFIED,naver
1594,108230,2026-09-02,review_required,SOURCE_UNVERIFIED,naver
1596,108380,2026-09-02,review_required,SOURCE_UNVERIFIED,naver
1597,108490,2026-09-02,review_required,SOURCE_UNVERIFIED,naver
1600,108860,2026-09-02,review_required,SOURCE_UNVERIFIED,naver
1602,109080,2026-09-02,review_required,SOURCE_UNVERIFIED,naver
1603,109610,2026-09-02,review_required,SOURCE_UNVERIFIED,naver
1604,109670,2026-09-02,review_required,SOURCE_UNVERIFIED,naver
1605,109740,2026-09-02,review_required,SOURCE_UNVERIFIED,naver
1606,109820,2026-09-02,review_required,SOURCE_UNVERIFIED,naver
1607,109860,2026-09-02,review_required,SOURCE_UNVERIFIED,naver
1608,109960,2026-09-02,review_required,SOURCE_UNVERIFIED,naver
1609,110020,2026-09-02,review_required,SOURCE_UNVERIFIED,naver
1610,110790,2026-09-02,review_required,SOURCE_UNVERIFIED,naver
1611,110990,2026-09-02,review_required,SOURCE_UNVERIFIED,naver
1614,111710,2026-09-02,review_required,SOURCE_UNVERIFIED,naver
1616,112040,2026-09-02,review_required,SOURCE_UNVERIFIED,naver
1617,112290,2026-09-02,review_required,SOURCE_UNVERIFIED,naver
1619,113810,2026-09-02,review_required,SOURCE_UNVERIFIED,naver
1621,114190,2026-09-02,review_required,SOURCE_UNVERIFIED,naver
1622,114450,2026-09-02,review_required,SOURCE_UNVERIFIED,naver
1623,114630,2026-09-02,review_required,SOURCE_UNVERIFIED,naver
1624,114810,2026-09-02,review_required,SOURCE_UNVERIFIED,naver
1625,114840,2026-09-02,review_required,SOURCE_UNVERIFIED,naver
1626,115160,2026-09-02,review_required,SOURCE_UNVERIFIED,naver
1627,115180,2026-09-02,review_required,SOURCE_UNVERIFIED,naver
1628,115310,2026-09-02,review_required,SOURCE_UNVERIFIED,naver
1629,115440,2026-09-02,review_required,SOURCE_UNVERIFIED,naver
1630,115450,2026-09-02,review_required,SOURCE_UNVERIFIED,naver
1631,115480,2026-09-02,review_required,SOURCE_UNVERIFIED,naver
1632,115500,2026-09-02,review_required,SOURCE_UNVERIFIED,naver
1633,115530,2026-09-02,review_required,SOURCE_UNVERIFIED,naver
1634,115570,2026-09-02,review_required,SOURCE_UNVERIFIED,naver
1635,115610,2026-09-02,review_required,SOURCE_UNVERIFIED,naver
1637,117670,2026-09-02,review_required,SOURCE_UNVERIFIED,naver
1638,117730,2026-09-02,review_required,SOURCE_UNVERIFIED,naver
1640,118990,2026-09-02,review_required,SOURCE_UNVERIFIED,naver
1641,119500,2026-09-02,review_required,SOURCE_UNVERIFIED,naver
1642,119610,2026-09-02,review_required,SOURCE_UNVERIFIED,naver
1644,119830,2026-09-02,review_required,SOURCE_UNVERIFIED,naver
1645,119850,2026-09-02,review_required,SOURCE_UNVERIFIED,naver
1649,120240,2026-09-02,review_required,SOURCE_UNVERIFIED,naver
1650,121440,2026-09-02,review_required,SOURCE_UNVERIFIED,naver
1651,121600,2026-09-02,review_required,SOURCE_UNVERIFIED,naver
1654,121890,2026-09-02,review_required,SOURCE_UNVERIFIED,naver
1655,122310,2026-09-02,review_required,SOURCE_UNVERIFIED,naver
1656,122350,2026-09-02,review_required,SOURCE_UNVERIFIED,naver
1657,122450,2026-09-02,review_required,SOURCE_UNVERIFIED,naver
1658,122640,2026-09-02,review_required,SOURCE_UNVERIFIED,naver
1659,122690,2026-09-02,review_required,SOURCE_UNVERIFIED,naver
1660,122870,2026-09-02,review_required,SOURCE_UNVERIFIED,naver
1662,122990,2026-09-02,review_required,SOURCE_UNVERIFIED,naver
1663,123010,2026-09-02,review_required,SOURCE_UNVERIFIED,naver
1664,123040,2026-09-02,review_required,SOURCE_UNVERIFIED,naver
1665,123330,2026-09-02,review_required,SOURCE_UNVERIFIED,naver
1666,123410,2026-09-02,review_required,SOURCE_UNVERIFIED,naver
1667,123420,2026-09-02,review_required,SOURCE_UNVERIFIED,naver
1668,123570,2026-09-02,review_required,SOURCE_UNVERIFIED,naver
1671,123750,2026-09-02,review_required,SOURCE_UNVERIFIED,naver
1672,123840,2026-09-02,review_required,SOURCE_UNVERIFIED,naver
1673,123860,2026-09-02,review_required,SOURCE_UNVERIFIED,naver
1675,124500,2026-09-02,review_required,SOURCE_UNVERIFIED,naver
1676,124560,2026-09-02,review_required,SOURCE_UNVERIFIED,naver
1677,125020,2026-09-02,review_required,SOURCE_UNVERIFIED,naver
1678,125210,2026-09-02,review_required,SOURCE_UNVERIFIED,naver
1679,125490,2026-09-02,review_required,SOURCE_UNVERIFIED,naver
1680,126340,2026-09-02,review_required,SOURCE_UNVERIFIED,naver
1682,126600,2026-09-02,review_required,SOURCE_UNVERIFIED,naver
1683,126640,2026-09-02,review_required,SOURCE_UNVERIFIED,naver
1684,126700,2026-09-02,review_required,SOURCE_UNVERIFIED,naver
1686,126730,2026-09-02,review_required,SOURCE_UNVERIFIED,naver
1687,126880,2026-09-02,review_required,SOURCE_UNVERIFIED,naver
1688,127120,2026-09-02,review_required,SOURCE_UNVERIFIED,naver
1689,127710,2026-09-02,review_required,SOURCE_UNVERIFIED,naver
1690,127980,2026-09-02,review_required,SOURCE_UNVERIFIED,naver
1691,128540,2026-09-02,review_required,SOURCE_UNVERIFIED,naver
1692,128660,2026-09-02,review_required,SOURCE_UNVERIFIED,naver
1696,129890,2026-09-02,review_required,SOURCE_UNVERIFIED,naver
1697,129920,2026-09-02,review_required,SOURCE_UNVERIFIED,naver
1698,130500,2026-09-02,review_required,SOURCE_UNVERIFIED,naver
1699,130580,2026-09-02,review_required,SOURCE_UNVERIFIED,naver
1701,130740,2026-09-02,review_required,SOURCE_UNVERIFIED,naver
1702,131030,2026-09-02,review_required,SOURCE_UNVERIFIED,naver
1703,131090,2026-09-02,review_required,SOURCE_UNVERIFIED,naver
1704,131100,2026-09-02,review_required,SOURCE_UNVERIFIED,naver
1705,131180,2026-09-02,review_required,SOURCE_UNVERIFIED,naver
1706,131220,2026-09-02,review_required,SOURCE_UNVERIFIED,naver
1707,131290,2026-09-02,review_required,SOURCE_UNVERIFIED,naver
1708,131370,2026-09-02,review_required,SOURCE_UNVERIFIED,naver
1709,131400,2026-09-02,review_required,SOURCE_UNVERIFIED,naver
1710,131760,2026-09-02,review_required,SOURCE_UNVERIFIED,naver
1711,131970,2026-09-02,review_required,SOURCE_UNVERIFIED,naver
1712,133750,2026-09-02,review_required,SOURCE_UNVERIFIED,naver
1714,134060,2026-09-02,review_required,SOURCE_UNVERIFIED,naver
1718,136150,2026-09-02,review_required,SOURCE_UNVERIFIED,naver
1719,136410,2026-09-02,review_required,SOURCE_UNVERIFIED,naver
1720,136480,2026-09-02,review_required,SOURCE_UNVERIFIED,naver
1722,136540,2026-09-02,review_required,SOURCE_UNVERIFIED,naver
1723,137080,2026-09-02,review_required,SOURCE_UNVERIFIED,naver
1725,137400,2026-09-02,review_required,SOURCE_UNVERIFIED,naver
1726,137940,2026-09-02,review_required,SOURCE_UNVERIFIED,naver
1727,137950,2026-09-02,review_required,SOURCE_UNVERIFIED,naver
1729,138070,2026-09-02,review_required,SOURCE_UNVERIFIED,naver
1730,138080,2026-09-02,review_required,SOURCE_UNVERIFIED,naver
1731,138360,2026-09-02,review_required,SOURCE_UNVERIFIED,naver
1732,138610,2026-09-02,review_required,SOURCE_UNVERIFIED,naver
1736,139670,2026-09-02,review_required,SOURCE_UNVERIFIED,naver
1738,140070,2026-09-02,review_required,SOURCE_UNVERIFIED,naver
1739,140410,2026-09-02,review_required,SOURCE_UNVERIFIED,naver
1740,140430,2026-09-02,review_required,SOURCE_UNVERIFIED,naver
1741,140520,2026-09-02,review_required,SOURCE_UNVERIFIED,naver
1742,140670,2026-09-02,review_required,SOURCE_UNVERIFIED,naver
1743,140860,2026-09-02,review_required,SOURCE_UNVERIFIED,naver
1744,141000,2026-09-02,review_required,SOURCE_UNVERIFIED,naver
1745,141080,2026-09-02,review_required,SOURCE_UNVERIFIED,naver
1746,142210,2026-09-02,review_required,SOURCE_UNVERIFIED,naver
1747,142280,2026-09-02,review_required,SOURCE_UNVERIFIED,naver
1748,142760,2026-09-02,review_required,SOURCE_UNVERIFIED,naver
1749,143160,2026-09-02,review_required,SOURCE_UNVERIFIED,naver
1751,143240,2026-09-02,review_required,SOURCE_UNVERIFIED,naver
1752,143540,2026-09-02,review_required,SOURCE_UNVERIFIED,naver
1753,144510,2026-09-02,review_required,SOURCE_UNVERIFIED,naver
1754,144960,2026-09-02,review_required,SOURCE_UNVERIFIED,naver
1755,145020,2026-09-02,review_required,SOURCE_UNVERIFIED,naver
1756,145170,2026-09-02,review_required,SOURCE_UNVERIFIED,naver
1762,146060,2026-09-02,review_required,SOURCE_UNVERIFIED,naver
1763,146320,2026-09-02,review_required,SOURCE_UNVERIFIED,naver
1764,147760,2026-09-02,review_required,SOURCE_UNVERIFIED,naver
1765,147830,2026-09-02,review_required,SOURCE_UNVERIFIED,naver
1766,148150,2026-09-02,review_required,SOURCE_UNVERIFIED,naver
1767,148250,2026-09-02,review_required,SOURCE_UNVERIFIED,naver
1768,148780,2026-09-02,review_required,SOURCE_UNVERIFIED,naver
1769,148930,2026-09-02,review_required,SOURCE_UNVERIFIED,naver
1770,149950,2026-09-02,review_required,SOURCE_UNVERIFIED,naver
1771,149980,2026-09-02,review_required,SOURCE_UNVERIFIED,naver
1772,150900,2026-09-02,review_required,SOURCE_UNVERIFIED,naver
1773,151860,2026-09-02,review_required,SOURCE_UNVERIFIED,naver
1774,153460,2026-09-02,review_required,SOURCE_UNVERIFIED,naver
1775,153490,2026-09-02,review_required,SOURCE_UNVERIFIED,naver
1776,153710,2026-09-02,review_required,SOURCE_UNVERIFIED,naver
1777,153890,2026-09-02,review_required,SOURCE_UNVERIFIED,naver
1778,154030,2026-09-02,review_required,SOURCE_UNVERIFIED,naver
1780,155650,2026-09-02,review_required,SOURCE_UNVERIFIED,naver
1782,156100,2026-09-02,review_required,SOURCE_UNVERIFIED,naver
1783,158430,2026-09-02,review_required,SOURCE_UNVERIFIED,naver
1784,159010,2026-09-02,review_required,SOURCE_UNVERIFIED,naver
1785,159580,2026-09-02,review_required,SOURCE_UNVERIFIED,naver
1786,159910,2026-09-02,review_required,SOURCE_UNVERIFIED,naver
1787,160190,2026-09-02,review_required,SOURCE_UNVERIFIED,naver
1788,160550,2026-09-02,review_required,SOURCE_UNVERIFIED,naver
1789,160980,2026-09-02,review_required,SOURCE_UNVERIFIED,naver
1792,161580,2026-09-02,review_required,SOURCE_UNVERIFIED,naver
1794,162300,2026-09-02,review_required,SOURCE_UNVERIFIED,naver
1795,163280,2026-09-02,review_required,SOURCE_UNVERIFIED,naver
1797,163730,2026-09-02,review_required,SOURCE_UNVERIFIED,naver
1798,166090,2026-09-02,review_required,SOURCE_UNVERIFIED,naver
1799,166480,2026-09-02,review_required,SOURCE_UNVERIFIED,naver
1800,168330,2026-09-02,review_required,SOURCE_UNVERIFIED,naver
1801,168360,2026-09-02,review_required,SOURCE_UNVERIFIED,naver
1802,169330,2026-09-02,review_required,SOURCE_UNVERIFIED,naver
1803,170030,2026-09-02,review_required,SOURCE_UNVERIFIED,naver
1804,170790,2026-09-02,review_required,SOURCE_UNVERIFIED,naver
1806,170920,2026-09-02,review_required,SOURCE_UNVERIFIED,naver
1807,171010,2026-09-02,review_required,SOURCE_UNVERIFIED,naver
1808,171090,2026-09-02,review_required,SOURCE_UNVERIFIED,naver
1809,171120,2026-09-02,review_required,SOURCE_UNVERIFIED,naver
1810,172670,2026-09-02,review_required,SOURCE_UNVERIFIED,naver
1811,173130,2026-09-02,review_required,SOURCE_UNVERIFIED,naver
1812,173940,2026-09-02,review_required,SOURCE_UNVERIFIED,naver
1813,174900,2026-09-02,review_required,SOURCE_UNVERIFIED,naver
1814,175140,2026-09-02,review_required,SOURCE_UNVERIFIED,naver
1815,175250,2026-09-02,review_required,SOURCE_UNVERIFIED,naver
1817,176750,2026-09-02,review_required,SOURCE_UNVERIFIED,naver
1818,177350,2026-09-02,review_required,SOURCE_UNVERIFIED,naver
1819,177830,2026-09-02,review_required,SOURCE_UNVERIFIED,naver
1820,177900,2026-09-02,review_required,SOURCE_UNVERIFIED,naver
1821,178320,2026-09-02,review_required,SOURCE_UNVERIFIED,naver
1822,178780,2026-09-02,review_required,SOURCE_UNVERIFIED,naver
1824,179290,2026-09-02,review_required,SOURCE_UNVERIFIED,naver
1825,179530,2026-09-02,review_required,SOURCE_UNVERIFIED,naver
1826,179900,2026-09-02,review_required,SOURCE_UNVERIFIED,naver
1827,180400,2026-09-02,review_required,SOURCE_UNVERIFIED,naver
1831,182360,2026-09-02,review_required,SOURCE_UNVERIFIED,naver
1834,183300,2026-09-02,review_required,SOURCE_UNVERIFIED,naver
1836,184230,2026-09-02,review_required,SOURCE_UNVERIFIED,naver
1837,185490,2026-09-02,review_required,SOURCE_UNVERIFIED,naver
1839,186230,2026-09-02,review_required,SOURCE_UNVERIFIED,naver
1840,187220,2026-09-02,review_required,SOURCE_UNVERIFIED,naver
1841,187270,2026-09-02,review_required,SOURCE_UNVERIFIED,naver
1842,187420,2026-09-02,review_required,SOURCE_UNVERIFIED,naver
1843,187660,2026-09-02,review_required,SOURCE_UNVERIFIED,naver
1844,187790,2026-09-02,review_required,SOURCE_UNVERIFIED,naver
1845,187870,2026-09-02,review_required,SOURCE_UNVERIFIED,naver
1846,188040,2026-09-02,review_required,SOURCE_UNVERIFIED,naver
1847,188260,2026-09-02,review_required,SOURCE_UNVERIFIED,naver
1848,189300,2026-09-02,review_required,SOURCE_UNVERIFIED,naver
1849,189330,2026-09-02,review_required,SOURCE_UNVERIFIED,naver
1850,189690,2026-09-02,review_required,SOURCE_UNVERIFIED,naver
1851,189860,2026-09-02,review_required,SOURCE_UNVERIFIED,naver
1852,189980,2026-09-02,review_required,SOURCE_UNVERIFIED,naver
1853,190510,2026-09-02,review_required,SOURCE_UNVERIFIED,naver
1854,190650,2026-09-02,review_required,SOURCE_UNVERIFIED,naver
1855,191410,2026-09-02,review_required,SOURCE_UNVERIFIED,naver
1856,191420,2026-09-02,review_required,SOURCE_UNVERIFIED,naver
1858,192250,2026-09-02,review_required,SOURCE_UNVERIFIED,naver
1859,192390,2026-09-02,review_required,SOURCE_UNVERIFIED,naver
1861,192410,2026-09-02,review_required,SOURCE_UNVERIFIED,naver
1862,192440,2026-09-02,review_required,SOURCE_UNVERIFIED,naver
1865,193250,2026-09-02,review_required,SOURCE_UNVERIFIED,naver
1867,194480,2026-09-02,review_required,SOURCE_UNVERIFIED,naver
1868,194700,2026-09-02,review_required,SOURCE_UNVERIFIED,naver
1869,195500,2026-09-02,review_required,SOURCE_UNVERIFIED,naver
1871,195940,2026-09-02,review_required,SOURCE_UNVERIFIED,naver
1872,195990,2026-09-02,review_required,SOURCE_UNVERIFIED,naver
1873,196170,2026-09-02,review_required,SOURCE_UNVERIFIED,naver
1874,196300,2026-09-02,review_required,SOURCE_UNVERIFIED,naver
1875,196450,2026-09-02,review_required,SOURCE_UNVERIFIED,naver
1877,196700,2026-09-02,review_required,SOURCE_UNVERIFIED,naver
1878,197140,2026-09-02,review_required,SOURCE_UNVERIFIED,naver
1879,198080,2026-09-02,review_required,SOURCE_UNVERIFIED,naver
1880,198440,2026-09-02,review_required,SOURCE_UNVERIFIED,naver
1881,198940,2026-09-02,review_required,SOURCE_UNVERIFIED,naver
1882,199430,2026-09-02,review_required,SOURCE_UNVERIFIED,naver
1883,199480,2026-09-02,review_required,SOURCE_UNVERIFIED,naver
1884,199550,2026-09-02,review_required,SOURCE_UNVERIFIED,naver
1885,199730,2026-09-02,review_required,SOURCE_UNVERIFIED,naver
1886,199800,2026-09-02,review_required,SOURCE_UNVERIFIED,naver
1887,199820,2026-09-02,review_required,SOURCE_UNVERIFIED,naver
1888,200130,2026-09-02,review_required,SOURCE_UNVERIFIED,naver
1889,200230,2026-09-02,review_required,SOURCE_UNVERIFIED,naver
1890,200350,2026-09-02,review_required,SOURCE_UNVERIFIED,naver
1891,200470,2026-09-02,review_required,SOURCE_UNVERIFIED,naver
1892,200670,2026-09-02,review_required,SOURCE_UNVERIFIED,naver
1893,200710,2026-09-02,review_required,SOURCE_UNVERIFIED,naver
1894,200780,2026-09-02,review_required,SOURCE_UNVERIFIED,naver
1896,201490,2026-09-02,review_required,SOURCE_UNVERIFIED,naver
1898,203450,2026-09-02,review_required,SOURCE_UNVERIFIED,naver
1899,203650,2026-09-02,review_required,SOURCE_UNVERIFIED,naver
1900,204020,2026-09-02,review_required,SOURCE_UNVERIFIED,naver
1901,204270,2026-09-02,review_required,SOURCE_UNVERIFIED,naver
1903,204610,2026-09-02,review_required,SOURCE_UNVERIFIED,naver
1904,204620,2026-09-02,review_required,SOURCE_UNVERIFIED,naver
1905,204840,2026-09-02,review_required,SOURCE_UNVERIFIED,naver
1906,205100,2026-09-02,review_required,SOURCE_UNVERIFIED,naver
1907,205470,2026-09-02,review_required,SOURCE_UNVERIFIED,naver
1908,205500,2026-09-02,review_required,SOURCE_UNVERIFIED,naver
1909,206400,2026-09-02,review_required,SOURCE_UNVERIFIED,naver
1911,206640,2026-09-02,review_required,SOURCE_UNVERIFIED,naver
1912,206650,2026-09-02,review_required,SOURCE_UNVERIFIED,naver
1913,207760,2026-09-02,review_required,SOURCE_UNVERIFIED,naver
1915,208140,2026-09-02,review_required,SOURCE_UNVERIFIED,naver
1916,208350,2026-09-02,review_required,SOURCE_UNVERIFIED,naver
1917,208370,2026-09-02,review_required,SOURCE_UNVERIFIED,naver
1918,208640,2026-09-02,review_required,SOURCE_UNVERIFIED,naver
1919,208710,2026-09-02,review_required,SOURCE_UNVERIFIED,naver
1921,209640,2026-09-02,review_required,SOURCE_UNVERIFIED,naver
1922,210120,2026-09-02,review_required,SOURCE_UNVERIFIED,naver
1925,211050,2026-09-02,review_required,SOURCE_UNVERIFIED,naver
1926,211270,2026-09-02,review_required,SOURCE_UNVERIFIED,naver
1927,212560,2026-09-02,review_required,SOURCE_UNVERIFIED,naver
1928,212710,2026-09-02,review_required,SOURCE_UNVERIFIED,naver
1929,213420,2026-09-02,review_required,SOURCE_UNVERIFIED,naver
1931,214150,2026-09-02,review_required,SOURCE_UNVERIFIED,naver
1932,214180,2026-09-02,review_required,SOURCE_UNVERIFIED,naver
1933,214260,2026-09-02,review_required,SOURCE_UNVERIFIED,naver
1934,214270,2026-09-02,review_required,SOURCE_UNVERIFIED,naver
1937,214370,2026-09-02,review_required,SOURCE_UNVERIFIED,naver
1940,214430,2026-09-02,review_required,SOURCE_UNVERIFIED,naver
1941,214450,2026-09-02,review_required,SOURCE_UNVERIFIED,naver
1943,214680,2026-09-02,review_required,SOURCE_UNVERIFIED,naver
1944,215000,2026-09-02,review_required,SOURCE_UNVERIFIED,naver
1945,215090,2026-09-02,review_required,SOURCE_UNVERIFIED,naver
1946,215100,2026-09-02,review_required,SOURCE_UNVERIFIED,naver
1947,215200,2026-09-02,review_required,SOURCE_UNVERIFIED,naver
1948,215360,2026-09-02,review_required,SOURCE_UNVERIFIED,naver
1949,215380,2026-09-02,review_required,SOURCE_UNVERIFIED,naver
1950,215480,2026-09-02,review_required,SOURCE_UNVERIFIED,naver
1951,215600,2026-09-02,review_required,SOURCE_UNVERIFIED,naver
1952,215790,2026-09-02,review_required,SOURCE_UNVERIFIED,naver
1953,216050,2026-09-02,review_required,SOURCE_UNVERIFIED,naver
1954,216080,2026-09-02,review_required,SOURCE_UNVERIFIED,naver
1955,217190,2026-09-02,review_required,SOURCE_UNVERIFIED,naver
1956,217270,2026-09-02,review_required,SOURCE_UNVERIFIED,naver
1957,217330,2026-09-02,review_required,SOURCE_UNVERIFIED,naver
1959,217500,2026-09-02,review_required,SOURCE_UNVERIFIED,naver
1961,217730,2026-09-02,review_required,SOURCE_UNVERIFIED,naver
1962,217820,2026-09-02,review_required,SOURCE_UNVERIFIED,naver
1963,218150,2026-09-02,review_required,SOURCE_UNVERIFIED,naver
1964,218410,2026-09-02,review_required,SOURCE_UNVERIFIED,naver
1965,219130,2026-09-02,review_required,SOURCE_UNVERIFIED,naver
1966,219420,2026-09-02,review_required,SOURCE_UNVERIFIED,naver
1967,219550,2026-09-02,review_required,SOURCE_UNVERIFIED,naver
1968,219750,2026-09-02,review_required,SOURCE_UNVERIFIED,naver
1969,220100,2026-09-02,review_required,SOURCE_UNVERIFIED,naver
1970,220180,2026-09-02,review_required,SOURCE_UNVERIFIED,naver
1971,220260,2026-09-02,review_required,SOURCE_UNVERIFIED,naver
1972,221800,2026-09-02,review_required,SOURCE_UNVERIFIED,naver
1973,221840,2026-09-02,review_required,SOURCE_UNVERIFIED,naver
1974,221980,2026-09-02,review_required,SOURCE_UNVERIFIED,naver
1975,222040,2026-09-02,review_required,SOURCE_UNVERIFIED,naver
1976,222080,2026-09-02,review_required,SOURCE_UNVERIFIED,naver
1977,222110,2026-09-02,review_required,SOURCE_UNVERIFIED,naver
1978,222420,2026-09-02,review_required,SOURCE_UNVERIFIED,naver
1979,222800,2026-09-02,review_required,SOURCE_UNVERIFIED,naver
1980,222980,2026-09-02,review_required,SOURCE_UNVERIFIED,naver
1981,223250,2026-09-02,review_required,SOURCE_UNVERIFIED,naver
1982,223310,2026-09-02,review_required,SOURCE_UNVERIFIED,naver
1983,224060,2026-09-02,review_required,SOURCE_UNVERIFIED,naver
1984,224110,2026-09-02,review_required,SOURCE_UNVERIFIED,naver
1985,225190,2026-09-02,review_required,SOURCE_UNVERIFIED,naver
1986,225220,2026-09-02,review_required,SOURCE_UNVERIFIED,naver
1987,225430,2026-09-02,review_required,SOURCE_UNVERIFIED,naver
1988,225530,2026-09-02,review_required,SOURCE_UNVERIFIED,naver
1989,225570,2026-09-02,review_required,SOURCE_UNVERIFIED,naver
1990,225590,2026-09-02,review_required,SOURCE_UNVERIFIED,naver
1992,226330,2026-09-02,review_required,SOURCE_UNVERIFIED,naver
1993,226340,2026-09-02,review_required,SOURCE_UNVERIFIED,naver
1994,226400,2026-09-02,review_required,SOURCE_UNVERIFIED,naver
1995,226590,2026-09-02,review_required,SOURCE_UNVERIFIED,naver
1996,226950,2026-09-02,review_required,SOURCE_UNVERIFIED,naver
1997,227610,2026-09-02,review_required,SOURCE_UNVERIFIED,naver
1999,227950,2026-09-02,review_required,SOURCE_UNVERIFIED,naver
2000,228340,2026-09-02,review_required,SOURCE_UNVERIFIED,naver
2001,228670,2026-09-02,review_required,SOURCE_UNVERIFIED,naver
2002,228760,2026-09-02,review_required,SOURCE_UNVERIFIED,naver
2003,228850,2026-09-02,review_required,SOURCE_UNVERIFIED,naver
2004,229000,2026-09-02,review_required,SOURCE_UNVERIFIED,naver
2006,230240,2026-09-02,review_required,SOURCE_UNVERIFIED,naver
2007,232140,2026-09-02,review_required,SOURCE_UNVERIFIED,naver
2008,232680,2026-09-02,review_required,SOURCE_UNVERIFIED,naver
2009,232830,2026-09-02,review_required,SOURCE_UNVERIFIED,naver
2010,234030,2026-09-02,review_required,SOURCE_UNVERIFIED,naver
2012,234100,2026-09-02,review_required,SOURCE_UNVERIFIED,naver
2013,234300,2026-09-02,review_required,SOURCE_UNVERIFIED,naver
2014,234340,2026-09-02,review_required,SOURCE_UNVERIFIED,naver
2015,234690,2026-09-02,review_required,SOURCE_UNVERIFIED,naver
2017,235980,2026-09-02,review_required,SOURCE_UNVERIFIED,naver
2018,236200,2026-09-02,review_required,SOURCE_UNVERIFIED,naver
2019,236810,2026-09-02,review_required,SOURCE_UNVERIFIED,naver
2020,237690,2026-09-02,review_required,SOURCE_UNVERIFIED,naver
2021,237750,2026-09-02,review_required,SOURCE_UNVERIFIED,naver
2022,237820,2026-09-02,review_required,SOURCE_UNVERIFIED,naver
2023,237880,2026-09-02,review_required,SOURCE_UNVERIFIED,naver
2024,238090,2026-09-02,review_required,SOURCE_UNVERIFIED,naver
2025,238120,2026-09-02,review_required,SOURCE_UNVERIFIED,naver
2026,238200,2026-09-02,review_required,SOURCE_UNVERIFIED,naver
2027,238490,2026-09-02,review_required,SOURCE_UNVERIFIED,naver
2029,239610,2026-09-02,review_required,SOURCE_UNVERIFIED,naver
2030,239890,2026-09-02,review_required,SOURCE_UNVERIFIED,naver
2031,240550,2026-09-02,review_required,SOURCE_UNVERIFIED,naver
2032,240600,2026-09-02,review_required,SOURCE_UNVERIFIED,naver
2033,240810,2026-09-02,review_required,SOURCE_UNVERIFIED,naver
2034,241520,2026-09-02,review_required,SOURCE_UNVERIFIED,naver
2037,241690,2026-09-02,review_required,SOURCE_UNVERIFIED,naver
2038,241710,2026-09-02,review_required,SOURCE_UNVERIFIED,naver
2039,241770,2026-09-02,review_required,SOURCE_UNVERIFIED,naver
2040,241790,2026-09-02,review_required,SOURCE_UNVERIFIED,naver
2042,241840,2026-09-02,review_required,SOURCE_UNVERIFIED,naver
2043,242040,2026-09-02,review_required,SOURCE_UNVERIFIED,naver
2044,243070,2026-09-02,review_required,SOURCE_UNVERIFIED,naver
2045,243840,2026-09-02,review_required,SOURCE_UNVERIFIED,naver
2050,246690,2026-09-02,review_required,SOURCE_UNVERIFIED,naver
2051,246710,2026-09-02,review_required,SOURCE_UNVERIFIED,naver
2053,246960,2026-09-02,review_required,SOURCE_UNVERIFIED,naver
2054,247540,2026-09-02,review_required,SOURCE_UNVERIFIED,naver
2055,247660,2026-09-02,review_required,SOURCE_UNVERIFIED,naver
2059,250000,2026-09-02,review_required,SOURCE_UNVERIFIED,naver
2060,250060,2026-09-02,review_required,SOURCE_UNVERIFIED,naver
2061,250930,2026-09-02,review_required,SOURCE_UNVERIFIED,naver
2062,251120,2026-09-02,review_required,SOURCE_UNVERIFIED,naver
2064,251370,2026-09-02,review_required,SOURCE_UNVERIFIED,naver
2065,251630,2026-09-02,review_required,SOURCE_UNVERIFIED,naver
2066,251970,2026-09-02,review_required,SOURCE_UNVERIFIED,naver
2067,252500,2026-09-02,review_required,SOURCE_UNVERIFIED,naver
2068,252990,2026-09-02,review_required,SOURCE_UNVERIFIED,naver
2069,253450,2026-09-02,review_required,SOURCE_UNVERIFIED,naver
2070,253590,2026-09-02,review_required,SOURCE_UNVERIFIED,naver
2071,253840,2026-09-02,review_required,SOURCE_UNVERIFIED,naver
2072,254120,2026-09-02,review_required,SOURCE_UNVERIFIED,naver
2073,254490,2026-09-02,review_required,SOURCE_UNVERIFIED,naver
2074,255220,2026-09-02,review_required,SOURCE_UNVERIFIED,naver
2075,255440,2026-09-02,review_required,SOURCE_UNVERIFIED,naver
2076,256150,2026-09-02,review_required,SOURCE_UNVERIFIED,naver
2077,256630,2026-09-02,review_required,SOURCE_UNVERIFIED,naver
2078,256840,2026-09-02,review_required,SOURCE_UNVERIFIED,naver
2079,256940,2026-09-02,review_required,SOURCE_UNVERIFIED,naver
2080,257370,2026-09-02,review_required,SOURCE_UNVERIFIED,naver
2081,257720,2026-09-02,review_required,SOURCE_UNVERIFIED,naver
2082,258610,2026-09-02,review_required,SOURCE_UNVERIFIED,naver
2083,258790,2026-09-02,review_required,SOURCE_UNVERIFIED,naver
2085,259630,2026-09-02,review_required,SOURCE_UNVERIFIED,naver
2087,260660,2026-09-02,review_required,SOURCE_UNVERIFIED,naver
2088,260930,2026-09-02,review_required,SOURCE_UNVERIFIED,naver
2089,260970,2026-09-02,review_required,SOURCE_UNVERIFIED,naver
2090,261200,2026-09-02,review_required,SOURCE_UNVERIFIED,naver
2091,261520,2026-09-02,review_required,SOURCE_UNVERIFIED,naver
2092,261780,2026-09-02,review_required,SOURCE_UNVERIFIED,naver
2093,262260,2026-09-02,review_required,SOURCE_UNVERIFIED,naver
2094,262840,2026-09-02,review_required,SOURCE_UNVERIFIED,naver
2095,263020,2026-09-02,review_required,SOURCE_UNVERIFIED,naver
2097,263600,2026-09-02,review_required,SOURCE_UNVERIFIED,naver
2098,263690,2026-09-02,review_required,SOURCE_UNVERIFIED,naver
2099,263700,2026-09-02,review_required,SOURCE_UNVERIFIED,naver
2100,263720,2026-09-02,review_required,SOURCE_UNVERIFIED,naver
2101,263750,2026-09-02,review_required,SOURCE_UNVERIFIED,naver
2102,263770,2026-09-02,review_required,SOURCE_UNVERIFIED,naver
2103,263800,2026-09-02,review_required,SOURCE_UNVERIFIED,naver
2104,263810,2026-09-02,review_required,SOURCE_UNVERIFIED,naver
2105,263860,2026-09-02,review_required,SOURCE_UNVERIFIED,naver
2106,263920,2026-09-02,review_required,SOURCE_UNVERIFIED,naver
2107,264450,2026-09-02,review_required,SOURCE_UNVERIFIED,naver
2108,264660,2026-09-02,review_required,SOURCE_UNVERIFIED,naver
2109,264850,2026-09-02,review_required,SOURCE_UNVERIFIED,naver
2112,265520,2026-09-02,review_required,SOURCE_UNVERIFIED,naver
2113,265560,2026-09-02,review_required,SOURCE_UNVERIFIED,naver
2114,265740,2026-09-02,review_required,SOURCE_UNVERIFIED,naver
2119,267320,2026-09-02,review_required,SOURCE_UNVERIFIED,naver
2120,267790,2026-09-02,review_required,SOURCE_UNVERIFIED,naver
2122,267980,2026-09-02,review_required,SOURCE_UNVERIFIED,naver
2125,270520,2026-09-02,review_required,SOURCE_UNVERIFIED,naver
2126,270660,2026-09-02,review_required,SOURCE_UNVERIFIED,naver
2127,270870,2026-09-02,review_required,SOURCE_UNVERIFIED,naver
2129,271830,2026-09-02,review_required,SOURCE_UNVERIFIED,naver
2132,272110,2026-09-02,review_required,SOURCE_UNVERIFIED,naver
2134,272290,2026-09-02,review_required,SOURCE_UNVERIFIED,naver
2137,273060,2026-09-02,review_required,SOURCE_UNVERIFIED,naver
2138,273640,2026-09-02,review_required,SOURCE_UNVERIFIED,naver
2139,274090,2026-09-02,review_required,SOURCE_UNVERIFIED,naver
2140,274400,2026-09-02,review_required,SOURCE_UNVERIFIED,naver
2141,275630,2026-09-02,review_required,SOURCE_UNVERIFIED,naver
2143,276730,2026-09-02,review_required,SOURCE_UNVERIFIED,naver
2144,277070,2026-09-02,review_required,SOURCE_UNVERIFIED,naver
2145,277410,2026-09-02,review_required,SOURCE_UNVERIFIED,naver
2146,277810,2026-09-02,review_required,SOURCE_UNVERIFIED,naver
2147,277880,2026-09-02,review_required,SOURCE_UNVERIFIED,naver
2148,278280,2026-09-02,review_required,SOURCE_UNVERIFIED,naver
2150,278650,2026-09-02,review_required,SOURCE_UNVERIFIED,naver
2152,279600,2026-09-02,review_required,SOURCE_UNVERIFIED,naver
2154,281740,2026-09-02,review_required,SOURCE_UNVERIFIED,naver
2157,282720,2026-09-02,review_required,SOURCE_UNVERIFIED,naver
2158,282880,2026-09-02,review_required,SOURCE_UNVERIFIED,naver
2163,285490,2026-09-02,review_required,SOURCE_UNVERIFIED,naver
2164,285800,2026-09-02,review_required,SOURCE_UNVERIFIED,naver
2165,286750,2026-09-02,review_required,SOURCE_UNVERIFIED,naver
2167,287840,2026-09-02,review_required,SOURCE_UNVERIFIED,naver
2168,288180,2026-09-02,review_required,SOURCE_UNVERIFIED,naver
2170,288620,2026-09-02,review_required,SOURCE_UNVERIFIED,naver
2171,288980,2026-09-02,review_required,SOURCE_UNVERIFIED,naver
2172,289010,2026-09-02,review_required,SOURCE_UNVERIFIED,naver
2173,289080,2026-09-02,review_required,SOURCE_UNVERIFIED,naver
2174,289220,2026-09-02,review_required,SOURCE_UNVERIFIED,naver
2175,289930,2026-09-02,review_required,SOURCE_UNVERIFIED,naver
2176,290090,2026-09-02,review_required,SOURCE_UNVERIFIED,naver
2177,290120,2026-09-02,review_required,SOURCE_UNVERIFIED,naver
2178,290270,2026-09-02,review_required,SOURCE_UNVERIFIED,naver
2179,290520,2026-09-02,review_required,SOURCE_UNVERIFIED,naver
2180,290550,2026-09-02,review_required,SOURCE_UNVERIFIED,naver
2181,290560,2026-09-02,review_required,SOURCE_UNVERIFIED,naver
2182,290650,2026-09-02,review_required,SOURCE_UNVERIFIED,naver
2183,290660,2026-09-02,review_required,SOURCE_UNVERIFIED,naver
2184,290670,2026-09-02,review_required,SOURCE_UNVERIFIED,naver
2185,290690,2026-09-02,review_required,SOURCE_UNVERIFIED,naver
2186,290720,2026-09-02,review_required,SOURCE_UNVERIFIED,naver
2187,290740,2026-09-02,review_required,SOURCE_UNVERIFIED,naver
2188,291230,2026-09-02,review_required,SOURCE_UNVERIFIED,naver
2189,291650,2026-09-02,review_required,SOURCE_UNVERIFIED,naver
2190,291810,2026-09-02,review_required,SOURCE_UNVERIFIED,naver
2192,293490,2026-09-02,review_required,SOURCE_UNVERIFIED,naver
2193,293580,2026-09-02,review_required,SOURCE_UNVERIFIED,naver
2194,293780,2026-09-02,review_required,SOURCE_UNVERIFIED,naver
2197,294140,2026-09-02,review_required,SOURCE_UNVERIFIED,naver
2198,294570,2026-09-02,review_required,SOURCE_UNVERIFIED,naver
2199,294630,2026-09-02,review_required,SOURCE_UNVERIFIED,naver
2201,295310,2026-09-02,review_required,SOURCE_UNVERIFIED,naver
2202,296640,2026-09-02,review_required,SOURCE_UNVERIFIED,naver
2203,297090,2026-09-02,review_required,SOURCE_UNVERIFIED,naver
2204,297570,2026-09-02,review_required,SOURCE_UNVERIFIED,naver
2205,297890,2026-09-02,review_required,SOURCE_UNVERIFIED,naver
2210,298060,2026-09-02,review_required,SOURCE_UNVERIFIED,naver
2211,298380,2026-09-02,review_required,SOURCE_UNVERIFIED,naver
2212,298540,2026-09-02,review_required,SOURCE_UNVERIFIED,naver
2214,298830,2026-09-02,review_required,SOURCE_UNVERIFIED,naver
2215,299030,2026-09-02,review_required,SOURCE_UNVERIFIED,naver
2216,299170,2026-09-02,review_required,SOURCE_UNVERIFIED,naver
2217,299660,2026-09-02,review_required,SOURCE_UNVERIFIED,naver
2218,300080,2026-09-02,review_required,SOURCE_UNVERIFIED,naver
2219,300120,2026-09-02,review_required,SOURCE_UNVERIFIED,naver
2221,301300,2026-09-02,review_required,SOURCE_UNVERIFIED,naver
2222,302430,2026-09-02,review_required,SOURCE_UNVERIFIED,naver
2224,302550,2026-09-02,review_required,SOURCE_UNVERIFIED,naver
2225,303030,2026-09-02,review_required,SOURCE_UNVERIFIED,naver
2226,303360,2026-09-02,review_required,SOURCE_UNVERIFIED,naver
2227,303530,2026-09-02,review_required,SOURCE_UNVERIFIED,naver
2228,303810,2026-09-02,review_required,SOURCE_UNVERIFIED,naver
2229,304100,2026-09-02,review_required,SOURCE_UNVERIFIED,naver
2230,304360,2026-09-02,review_required,SOURCE_UNVERIFIED,naver
2232,305090,2026-09-02,review_required,SOURCE_UNVERIFIED,naver
2233,306040,2026-09-02,review_required,SOURCE_UNVERIFIED,naver
2235,306620,2026-09-02,review_required,SOURCE_UNVERIFIED,naver
2236,307180,2026-09-02,review_required,SOURCE_UNVERIFIED,naver
2237,307280,2026-09-02,review_required,SOURCE_UNVERIFIED,naver
2238,307750,2026-09-02,review_required,SOURCE_UNVERIFIED,naver
2239,307870,2026-09-02,review_required,SOURCE_UNVERIFIED,naver
2240,307930,2026-09-02,review_required,SOURCE_UNVERIFIED,naver
2242,308080,2026-09-02,review_required,SOURCE_UNVERIFIED,naver
2243,308100,2026-09-02,review_required,SOURCE_UNVERIFIED,naver
2245,308430,2026-09-02,review_required,SOURCE_UNVERIFIED,naver
2247,309930,2026-09-02,review_required,SOURCE_UNVERIFIED,naver
2248,309960,2026-09-02,review_required,SOURCE_UNVERIFIED,naver
2249,310200,2026-09-02,review_required,SOURCE_UNVERIFIED,naver
2250,310210,2026-09-02,review_required,SOURCE_UNVERIFIED,naver
2251,310870,2026-09-02,review_required,SOURCE_UNVERIFIED,naver
2252,311320,2026-09-02,review_required,SOURCE_UNVERIFIED,naver
2253,311390,2026-09-02,review_required,SOURCE_UNVERIFIED,naver
2254,311690,2026-09-02,review_required,SOURCE_UNVERIFIED,naver
2255,312610,2026-09-02,review_required,SOURCE_UNVERIFIED,naver
2257,314130,2026-09-02,review_required,SOURCE_UNVERIFIED,naver
2258,314140,2026-09-02,review_required,SOURCE_UNVERIFIED,naver
2259,314930,2026-09-02,review_required,SOURCE_UNVERIFIED,naver
2260,315640,2026-09-02,review_required,SOURCE_UNVERIFIED,naver
2262,317120,2026-09-02,review_required,SOURCE_UNVERIFIED,naver
2263,317240,2026-09-02,review_required,SOURCE_UNVERIFIED,naver
2264,317330,2026-09-02,review_required,SOURCE_UNVERIFIED,naver
2267,317530,2026-09-02,review_required,SOURCE_UNVERIFIED,naver
2268,317690,2026-09-02,review_required,SOURCE_UNVERIFIED,naver
2269,317770,2026-09-02,review_required,SOURCE_UNVERIFIED,naver
2270,317830,2026-09-02,review_required,SOURCE_UNVERIFIED,naver
2271,317850,2026-09-02,review_required,SOURCE_UNVERIFIED,naver
2272,317870,2026-09-02,review_required,SOURCE_UNVERIFIED,naver
2273,318000,2026-09-02,review_required,SOURCE_UNVERIFIED,naver
2274,318010,2026-09-02,review_required,SOURCE_UNVERIFIED,naver
2275,318020,2026-09-02,review_required,SOURCE_UNVERIFIED,naver
2276,318060,2026-09-02,review_required,SOURCE_UNVERIFIED,naver
2277,318160,2026-09-02,review_required,SOURCE_UNVERIFIED,naver
2278,318410,2026-09-02,review_required,SOURCE_UNVERIFIED,naver
2279,319400,2026-09-02,review_required,SOURCE_UNVERIFIED,naver
2280,319660,2026-09-02,review_required,SOURCE_UNVERIFIED,naver
2281,320000,2026-09-02,review_required,SOURCE_UNVERIFIED,naver
2282,321260,2026-09-02,review_required,SOURCE_UNVERIFIED,naver
2283,321370,2026-09-02,review_required,SOURCE_UNVERIFIED,naver
2284,321550,2026-09-02,review_required,SOURCE_UNVERIFIED,naver
2285,321820,2026-09-02,review_required,SOURCE_UNVERIFIED,naver
2287,322180,2026-09-02,review_required,SOURCE_UNVERIFIED,naver
2288,322310,2026-09-02,review_required,SOURCE_UNVERIFIED,naver
2289,322510,2026-09-02,review_required,SOURCE_UNVERIFIED,naver
2290,322780,2026-09-02,review_required,SOURCE_UNVERIFIED,naver
2291,323280,2026-09-02,review_required,SOURCE_UNVERIFIED,naver
2292,323350,2026-09-02,review_required,SOURCE_UNVERIFIED,naver
2294,323990,2026-09-02,review_required,SOURCE_UNVERIFIED,naver
2296,327260,2026-09-02,review_required,SOURCE_UNVERIFIED,naver
2297,328130,2026-09-02,review_required,SOURCE_UNVERIFIED,naver
2298,328380,2026-09-02,review_required,SOURCE_UNVERIFIED,naver
2300,330350,2026-09-02,review_required,SOURCE_UNVERIFIED,naver
2302,330730,2026-09-02,review_required,SOURCE_UNVERIFIED,naver
2303,330860,2026-09-02,review_required,SOURCE_UNVERIFIED,naver
2304,331380,2026-09-02,review_required,SOURCE_UNVERIFIED,naver
2305,331520,2026-09-02,review_required,SOURCE_UNVERIFIED,naver
2306,331740,2026-09-02,review_required,SOURCE_UNVERIFIED,naver
2307,331920,2026-09-02,review_required,SOURCE_UNVERIFIED,naver
2308,332290,2026-09-02,review_required,SOURCE_UNVERIFIED,naver
2309,332370,2026-09-02,review_required,SOURCE_UNVERIFIED,naver
2310,332570,2026-09-02,review_required,SOURCE_UNVERIFIED,naver
2311,333050,2026-09-02,review_required,SOURCE_UNVERIFIED,naver
2312,333430,2026-09-02,review_required,SOURCE_UNVERIFIED,naver
2313,333620,2026-09-02,review_required,SOURCE_UNVERIFIED,naver
2315,334970,2026-09-02,review_required,SOURCE_UNVERIFIED,naver
2316,335810,2026-09-02,review_required,SOURCE_UNVERIFIED,naver
2317,335870,2026-09-02,review_required,SOURCE_UNVERIFIED,naver
2318,336060,2026-09-02,review_required,SOURCE_UNVERIFIED,naver
2325,336570,2026-09-02,review_required,SOURCE_UNVERIFIED,naver
2326,336680,2026-09-02,review_required,SOURCE_UNVERIFIED,naver
2327,337930,2026-09-02,review_required,SOURCE_UNVERIFIED,naver
2329,338220,2026-09-02,review_required,SOURCE_UNVERIFIED,naver
2330,338840,2026-09-02,review_required,SOURCE_UNVERIFIED,naver
2332,339950,2026-09-02,review_required,SOURCE_UNVERIFIED,naver
2333,340360,2026-09-02,review_required,SOURCE_UNVERIFIED,naver
2334,340440,2026-09-02,review_required,SOURCE_UNVERIFIED,naver
2335,340450,2026-09-02,review_required,SOURCE_UNVERIFIED,naver
2336,340570,2026-09-02,review_required,SOURCE_UNVERIFIED,naver
2337,340810,2026-09-02,review_required,SOURCE_UNVERIFIED,naver
2339,342870,2026-09-02,review_required,SOURCE_UNVERIFIED,naver
2341,344860,2026-09-02,review_required,SOURCE_UNVERIFIED,naver
2342,347000,2026-09-02,review_required,SOURCE_UNVERIFIED,naver
2343,347700,2026-09-02,review_required,SOURCE_UNVERIFIED,naver
2344,347740,2026-09-02,review_required,SOURCE_UNVERIFIED,naver
2345,347770,2026-09-02,review_required,SOURCE_UNVERIFIED,naver
2346,347850,2026-09-02,review_required,SOURCE_UNVERIFIED,naver
2347,347860,2026-09-02,review_required,SOURCE_UNVERIFIED,naver
2348,347890,2026-09-02,review_required,SOURCE_UNVERIFIED,naver
2349,348030,2026-09-02,review_required,SOURCE_UNVERIFIED,naver
2350,348080,2026-09-02,review_required,SOURCE_UNVERIFIED,naver
2351,348150,2026-09-02,review_required,SOURCE_UNVERIFIED,naver
2352,348210,2026-09-02,review_required,SOURCE_UNVERIFIED,naver
2353,348340,2026-09-02,review_required,SOURCE_UNVERIFIED,naver
2354,348350,2026-09-02,review_required,SOURCE_UNVERIFIED,naver
2355,348370,2026-09-02,review_required,SOURCE_UNVERIFIED,naver
2358,351320,2026-09-02,review_required,SOURCE_UNVERIFIED,naver
2359,351330,2026-09-02,review_required,SOURCE_UNVERIFIED,naver
2360,351870,2026-09-02,review_required,SOURCE_UNVERIFIED,naver
2361,352090,2026-09-02,review_required,SOURCE_UNVERIFIED,naver
2362,352480,2026-09-02,review_required,SOURCE_UNVERIFIED,naver
2363,352700,2026-09-02,review_required,SOURCE_UNVERIFIED,naver
2366,352910,2026-09-02,review_required,SOURCE_UNVERIFIED,naver
2367,352940,2026-09-02,review_required,SOURCE_UNVERIFIED,naver
2368,353190,2026-09-02,review_required,SOURCE_UNVERIFIED,naver
2371,353590,2026-09-02,review_required,SOURCE_UNVERIFIED,naver
2372,353810,2026-09-02,review_required,SOURCE_UNVERIFIED,naver
2373,354200,2026-09-02,review_required,SOURCE_UNVERIFIED,naver
2374,354320,2026-09-02,review_required,SOURCE_UNVERIFIED,naver
2375,355150,2026-09-02,review_required,SOURCE_UNVERIFIED,naver
2376,355390,2026-09-02,review_required,SOURCE_UNVERIFIED,naver
2377,355690,2026-09-02,review_required,SOURCE_UNVERIFIED,naver
2378,356680,2026-09-02,review_required,SOURCE_UNVERIFIED,naver
2379,356860,2026-09-02,review_required,SOURCE_UNVERIFIED,naver
2380,356890,2026-09-02,review_required,SOURCE_UNVERIFIED,naver
2382,357230,2026-09-02,review_required,SOURCE_UNVERIFIED,naver
2385,357550,2026-09-02,review_required,SOURCE_UNVERIFIED,naver
2386,357580,2026-09-02,review_required,SOURCE_UNVERIFIED,naver
2387,357780,2026-09-02,review_required,SOURCE_UNVERIFIED,naver
2388,357880,2026-09-02,review_required,SOURCE_UNVERIFIED,naver
2389,358570,2026-09-02,review_required,SOURCE_UNVERIFIED,naver
2390,359090,2026-09-02,review_required,SOURCE_UNVERIFIED,naver
2391,360070,2026-09-02,review_required,SOURCE_UNVERIFIED,naver
2392,360350,2026-09-02,review_required,SOURCE_UNVERIFIED,naver
2393,361390,2026-09-02,review_required,SOURCE_UNVERIFIED,naver
2394,361570,2026-09-02,review_required,SOURCE_UNVERIFIED,naver
2396,361670,2026-09-02,review_required,SOURCE_UNVERIFIED,naver
2397,362320,2026-09-02,review_required,SOURCE_UNVERIFIED,naver
2398,362990,2026-09-02,review_required,SOURCE_UNVERIFIED,naver
2399,363250,2026-09-02,review_required,SOURCE_UNVERIFIED,naver
2400,363260,2026-09-02,review_required,SOURCE_UNVERIFIED,naver
2403,364950,2026-09-02,review_required,SOURCE_UNVERIFIED,naver
2404,365270,2026-09-02,review_required,SOURCE_UNVERIFIED,naver
2405,365330,2026-09-02,review_required,SOURCE_UNVERIFIED,naver
2406,365340,2026-09-02,review_required,SOURCE_UNVERIFIED,naver
2409,365660,2026-09-02,review_required,SOURCE_UNVERIFIED,naver
2410,365900,2026-09-02,review_required,SOURCE_UNVERIFIED,naver
2411,366030,2026-09-02,review_required,SOURCE_UNVERIFIED,naver
2412,367000,2026-09-02,review_required,SOURCE_UNVERIFIED,naver
2413,368600,2026-09-02,review_required,SOURCE_UNVERIFIED,naver
2414,368770,2026-09-02,review_required,SOURCE_UNVERIFIED,naver
2415,368970,2026-09-02,review_required,SOURCE_UNVERIFIED,naver
2416,369370,2026-09-02,review_required,SOURCE_UNVERIFIED,naver
2417,370090,2026-09-02,review_required,SOURCE_UNVERIFIED,naver
2418,371950,2026-09-02,review_required,SOURCE_UNVERIFIED,naver
2419,372170,2026-09-02,review_required,SOURCE_UNVERIFIED,naver
2420,372320,2026-09-02,review_required,SOURCE_UNVERIFIED,naver
2421,372800,2026-09-02,review_required,SOURCE_UNVERIFIED,naver
2423,373110,2026-09-02,review_required,SOURCE_UNVERIFIED,naver
2424,373160,2026-09-02,review_required,SOURCE_UNVERIFIED,naver
2425,373170,2026-09-02,review_required,SOURCE_UNVERIFIED,naver
2426,373200,2026-09-02,review_required,SOURCE_UNVERIFIED,naver
2431,376180,2026-09-02,review_required,SOURCE_UNVERIFIED,naver
2432,376270,2026-09-02,review_required,SOURCE_UNVERIFIED,naver
2433,376290,2026-09-02,review_required,SOURCE_UNVERIFIED,naver
2434,376300,2026-09-02,review_required,SOURCE_UNVERIFIED,naver
2435,376900,2026-09-02,review_required,SOURCE_UNVERIFIED,naver
2436,376930,2026-09-02,review_required,SOURCE_UNVERIFIED,naver
2437,376980,2026-09-02,review_required,SOURCE_UNVERIFIED,naver
2438,377030,2026-09-02,review_required,SOURCE_UNVERIFIED,naver
2440,377220,2026-09-02,review_required,SOURCE_UNVERIFIED,naver
2442,377330,2026-09-02,review_required,SOURCE_UNVERIFIED,naver
2443,377450,2026-09-02,review_required,SOURCE_UNVERIFIED,naver
2445,377480,2026-09-02,review_required,SOURCE_UNVERIFIED,naver
2447,378340,2026-09-02,review_required,SOURCE_UNVERIFIED,naver
2448,378800,2026-09-02,review_required,SOURCE_UNVERIFIED,naver
2451,380550,2026-09-02,review_required,SOURCE_UNVERIFIED,naver
2452,381620,2026-09-02,review_required,SOURCE_UNVERIFIED,naver
2454,382150,2026-09-02,review_required,SOURCE_UNVERIFIED,naver
2455,382480,2026-09-02,review_required,SOURCE_UNVERIFIED,naver
2456,382800,2026-09-02,review_required,SOURCE_UNVERIFIED,naver
2457,382840,2026-09-02,review_required,SOURCE_UNVERIFIED,naver
2458,382900,2026-09-02,review_required,SOURCE_UNVERIFIED,naver
2460,383310,2026-09-02,review_required,SOURCE_UNVERIFIED,naver
2463,383930,2026-09-02,review_required,SOURCE_UNVERIFIED,naver
2464,384470,2026-09-02,review_required,SOURCE_UNVERIFIED,naver
2465,387570,2026-09-02,review_required,SOURCE_UNVERIFIED,naver
2466,387690,2026-09-02,review_required,SOURCE_UNVERIFIED,naver
2467,388050,2026-09-02,review_required,SOURCE_UNVERIFIED,naver
2468,388210,2026-09-02,review_required,SOURCE_UNVERIFIED,naver
2469,388610,2026-09-02,review_required,SOURCE_UNVERIFIED,naver
2470,388720,2026-09-02,review_required,SOURCE_UNVERIFIED,naver
2471,388790,2026-09-02,review_required,SOURCE_UNVERIFIED,naver
2472,388870,2026-09-02,review_required,SOURCE_UNVERIFIED,naver
2473,389020,2026-09-02,review_required,SOURCE_UNVERIFIED,naver
2474,389030,2026-09-02,review_required,SOURCE_UNVERIFIED,naver
2475,389140,2026-09-02,review_required,SOURCE_UNVERIFIED,naver
2476,389260,2026-09-02,review_required,SOURCE_UNVERIFIED,naver
2477,389470,2026-09-02,review_required,SOURCE_UNVERIFIED,naver
2478,389500,2026-09-02,review_required,SOURCE_UNVERIFIED,naver
2479,389650,2026-09-02,review_required,SOURCE_UNVERIFIED,naver
2480,389680,2026-09-02,review_required,SOURCE_UNVERIFIED,naver
2481,391710,2026-09-02,review_required,SOURCE_UNVERIFIED,naver
2482,393210,2026-09-02,review_required,SOURCE_UNVERIFIED,naver
2483,393890,2026-09-02,review_required,SOURCE_UNVERIFIED,naver
2485,394280,2026-09-02,review_required,SOURCE_UNVERIFIED,naver
2486,394420,2026-09-02,review_required,SOURCE_UNVERIFIED,naver
2487,394800,2026-09-02,review_required,SOURCE_UNVERIFIED,naver
2489,396270,2026-09-02,review_required,SOURCE_UNVERIFIED,naver
2490,396300,2026-09-02,review_required,SOURCE_UNVERIFIED,naver
2491,396470,2026-09-02,review_required,SOURCE_UNVERIFIED,naver
2493,397030,2026-09-02,review_required,SOURCE_UNVERIFIED,naver
2494,397810,2026-09-02,review_required,SOURCE_UNVERIFIED,naver
2495,398120,2026-09-02,review_required,SOURCE_UNVERIFIED,naver
2496,399720,2026-09-02,review_required,SOURCE_UNVERIFIED,naver
2498,402030,2026-09-02,review_required,SOURCE_UNVERIFIED,naver
2500,402490,2026-09-02,review_required,SOURCE_UNVERIFIED,naver
2501,403490,2026-09-02,review_required,SOURCE_UNVERIFIED,naver
2503,403850,2026-09-02,review_required,SOURCE_UNVERIFIED,naver
2504,403870,2026-09-02,review_required,SOURCE_UNVERIFIED,naver
2506,405000,2026-09-02,review_required,SOURCE_UNVERIFIED,naver
2507,405100,2026-09-02,review_required,SOURCE_UNVERIFIED,naver
2508,405920,2026-09-02,review_required,SOURCE_UNVERIFIED,naver
2509,406820,2026-09-02,review_required,SOURCE_UNVERIFIED,naver
2510,407400,2026-09-02,review_required,SOURCE_UNVERIFIED,naver
2511,408470,2026-09-02,review_required,SOURCE_UNVERIFIED,naver
2512,408900,2026-09-02,review_required,SOURCE_UNVERIFIED,naver
2513,408920,2026-09-02,review_required,SOURCE_UNVERIFIED,naver
2514,411080,2026-09-02,review_required,SOURCE_UNVERIFIED,naver
2515,412350,2026-09-02,review_required,SOURCE_UNVERIFIED,naver
2517,413390,2026-09-02,review_required,SOURCE_UNVERIFIED,naver
2518,413630,2026-09-02,review_required,SOURCE_UNVERIFIED,naver
2519,413640,2026-09-02,review_required,SOURCE_UNVERIFIED,naver
2520,415380,2026-09-02,review_required,SOURCE_UNVERIFIED,naver
2522,416180,2026-09-02,review_required,SOURCE_UNVERIFIED,naver
2523,417010,2026-09-02,review_required,SOURCE_UNVERIFIED,naver
2524,417180,2026-09-02,review_required,SOURCE_UNVERIFIED,naver
2525,417200,2026-09-02,review_required,SOURCE_UNVERIFIED,naver
2527,417500,2026-09-02,review_required,SOURCE_UNVERIFIED,naver
2528,417790,2026-09-02,review_required,SOURCE_UNVERIFIED,naver
2529,417840,2026-09-02,review_required,SOURCE_UNVERIFIED,naver
2530,417860,2026-09-02,review_required,SOURCE_UNVERIFIED,naver
2531,417970,2026-09-02,review_required,SOURCE_UNVERIFIED,naver
2533,418420,2026-09-02,review_required,SOURCE_UNVERIFIED,naver
2534,418470,2026-09-02,review_required,SOURCE_UNVERIFIED,naver
2535,418550,2026-09-02,review_required,SOURCE_UNVERIFIED,naver
2536,418620,2026-09-02,review_required,SOURCE_UNVERIFIED,naver
2537,419050,2026-09-02,review_required,SOURCE_UNVERIFIED,naver
2538,419080,2026-09-02,review_required,SOURCE_UNVERIFIED,naver
2539,419120,2026-09-02,review_required,SOURCE_UNVERIFIED,naver
2540,419530,2026-09-02,review_required,SOURCE_UNVERIFIED,naver
2541,419540,2026-09-02,review_required,SOURCE_UNVERIFIED,naver
2542,420570,2026-09-02,review_required,SOURCE_UNVERIFIED,naver
2543,420770,2026-09-02,review_required,SOURCE_UNVERIFIED,naver
2544,424760,2026-09-02,review_required,SOURCE_UNVERIFIED,naver
2545,424870,2026-09-02,review_required,SOURCE_UNVERIFIED,naver
2546,424960,2026-09-02,review_required,SOURCE_UNVERIFIED,naver
2547,424980,2026-09-02,review_required,SOURCE_UNVERIFIED,naver
2548,425040,2026-09-02,review_required,SOURCE_UNVERIFIED,naver
2549,425420,2026-09-02,review_required,SOURCE_UNVERIFIED,naver
2550,429270,2026-09-02,review_required,SOURCE_UNVERIFIED,naver
2551,430690,2026-09-02,review_required,SOURCE_UNVERIFIED,naver
2552,431190,2026-09-02,review_required,SOURCE_UNVERIFIED,naver
2554,432430,2026-09-02,review_required,SOURCE_UNVERIFIED,naver
2555,432470,2026-09-02,review_required,SOURCE_UNVERIFIED,naver
2556,432720,2026-09-02,review_required,SOURCE_UNVERIFIED,naver
2557,432980,2026-09-02,review_required,SOURCE_UNVERIFIED,naver
2558,434480,2026-09-02,review_required,SOURCE_UNVERIFIED,naver
2559,435570,2026-09-02,review_required,SOURCE_UNVERIFIED,naver
2560,437730,2026-09-02,review_required,SOURCE_UNVERIFIED,naver
2561,438700,2026-09-02,review_required,SOURCE_UNVERIFIED,naver
2562,439090,2026-09-02,review_required,SOURCE_UNVERIFIED,naver
2564,439580,2026-09-02,review_required,SOURCE_UNVERIFIED,naver
2565,439960,2026-09-02,review_required,SOURCE_UNVERIFIED,naver
2566,440110,2026-09-02,review_required,SOURCE_UNVERIFIED,naver
2567,440290,2026-09-02,review_required,SOURCE_UNVERIFIED,naver
2568,440320,2026-09-02,review_required,SOURCE_UNVERIFIED,naver
2569,441270,2026-09-02,review_required,SOURCE_UNVERIFIED,naver
2571,443250,2026-09-02,review_required,SOURCE_UNVERIFIED,naver
2572,443670,2026-09-02,review_required,SOURCE_UNVERIFIED,naver
2573,444530,2026-09-02,review_required,SOURCE_UNVERIFIED,naver
2574,445090,2026-09-02,review_required,SOURCE_UNVERIFIED,naver
2575,445180,2026-09-02,review_required,SOURCE_UNVERIFIED,naver
2576,445680,2026-09-02,review_required,SOURCE_UNVERIFIED,naver
2578,446540,2026-09-02,review_required,SOURCE_UNVERIFIED,naver
2579,446840,2026-09-02,review_required,SOURCE_UNVERIFIED,naver
2580,448280,2026-09-02,review_required,SOURCE_UNVERIFIED,naver
2581,448710,2026-09-02,review_required,SOURCE_UNVERIFIED,naver
2583,448900,2026-09-02,review_required,SOURCE_UNVERIFIED,naver
2585,450330,2026-09-02,review_required,SOURCE_UNVERIFIED,naver
2586,450520,2026-09-02,review_required,SOURCE_UNVERIFIED,naver
2587,450950,2026-09-02,review_required,SOURCE_UNVERIFIED,naver
2588,451220,2026-09-02,review_required,SOURCE_UNVERIFIED,naver
2589,451250,2026-09-02,review_required,SOURCE_UNVERIFIED,naver
2590,451760,2026-09-02,review_required,SOURCE_UNVERIFIED,naver
2592,452160,2026-09-02,review_required,SOURCE_UNVERIFIED,naver
2593,452190,2026-09-02,review_required,SOURCE_UNVERIFIED,naver
2594,452200,2026-09-02,review_required,SOURCE_UNVERIFIED,naver
2597,452280,2026-09-02,review_required,SOURCE_UNVERIFIED,naver
2598,452300,2026-09-02,review_required,SOURCE_UNVERIFIED,naver
2599,452400,2026-09-02,review_required,SOURCE_UNVERIFIED,naver
2600,452430,2026-09-02,review_required,SOURCE_UNVERIFIED,naver
2601,452450,2026-09-02,review_required,SOURCE_UNVERIFIED,naver
2603,453450,2026-09-02,review_required,SOURCE_UNVERIFIED,naver
2604,453860,2026-09-02,review_required,SOURCE_UNVERIFIED,naver
2606,455180,2026-09-02,review_required,SOURCE_UNVERIFIED,naver
2607,455900,2026-09-02,review_required,SOURCE_UNVERIFIED,naver
2608,456010,2026-09-02,review_required,SOURCE_UNVERIFIED,naver
2610,456070,2026-09-02,review_required,SOURCE_UNVERIFIED,naver
2611,456160,2026-09-02,review_required,SOURCE_UNVERIFIED,naver
2613,457370,2026-09-02,review_required,SOURCE_UNVERIFIED,naver
2614,457550,2026-09-02,review_required,SOURCE_UNVERIFIED,naver
2615,457600,2026-09-02,review_required,SOURCE_UNVERIFIED,naver
2616,458350,2026-09-02,review_required,SOURCE_UNVERIFIED,naver
2617,458650,2026-09-02,review_required,SOURCE_UNVERIFIED,naver
2618,458870,2026-09-02,review_required,SOURCE_UNVERIFIED,naver
2619,459100,2026-09-02,review_required,SOURCE_UNVERIFIED,naver
2620,459510,2026-09-02,review_required,SOURCE_UNVERIFIED,naver
2621,459550,2026-09-02,review_required,SOURCE_UNVERIFIED,naver
2622,460470,2026-09-02,review_required,SOURCE_UNVERIFIED,naver
2625,460870,2026-09-02,review_required,SOURCE_UNVERIFIED,naver
2626,460930,2026-09-02,review_required,SOURCE_UNVERIFIED,naver
2627,460940,2026-09-02,review_required,SOURCE_UNVERIFIED,naver
2628,461030,2026-09-02,review_required,SOURCE_UNVERIFIED,naver
2629,461300,2026-09-02,review_required,SOURCE_UNVERIFIED,naver
2630,462310,2026-09-02,review_required,SOURCE_UNVERIFIED,naver
2631,462350,2026-09-02,review_required,SOURCE_UNVERIFIED,naver
2632,462510,2026-09-02,review_required,SOURCE_UNVERIFIED,naver
2634,462860,2026-09-02,review_required,SOURCE_UNVERIFIED,naver
2636,462980,2026-09-02,review_required,SOURCE_UNVERIFIED,naver
2637,463020,2026-09-02,review_required,SOURCE_UNVERIFIED,naver
2638,463480,2026-09-02,review_required,SOURCE_UNVERIFIED,naver
2639,464080,2026-09-02,review_required,SOURCE_UNVERIFIED,naver
2640,464280,2026-09-02,review_required,SOURCE_UNVERIFIED,naver
2641,464490,2026-09-02,review_required,SOURCE_UNVERIFIED,naver
2642,464500,2026-09-02,review_required,SOURCE_UNVERIFIED,naver
2643,464580,2026-09-02,review_required,SOURCE_UNVERIFIED,naver
2644,465320,2026-09-02,review_required,SOURCE_UNVERIFIED,naver
2645,465480,2026-09-02,review_required,SOURCE_UNVERIFIED,naver
2647,466100,2026-09-02,review_required,SOURCE_UNVERIFIED,naver
2648,466410,2026-09-02,review_required,SOURCE_UNVERIFIED,naver
2649,466690,2026-09-02,review_required,SOURCE_UNVERIFIED,naver
2650,468530,2026-09-02,review_required,SOURCE_UNVERIFIED,naver
2653,469610,2026-09-02,review_required,SOURCE_UNVERIFIED,naver
2654,469750,2026-09-02,review_required,SOURCE_UNVERIFIED,naver
2655,469900,2026-09-02,review_required,SOURCE_UNVERIFIED,naver
2657,471820,2026-09-02,review_required,SOURCE_UNVERIFIED,naver
2659,472230,2026-09-02,review_required,SOURCE_UNVERIFIED,naver
2660,472850,2026-09-02,review_required,SOURCE_UNVERIFIED,naver
2661,473000,2026-09-02,review_required,SOURCE_UNVERIFIED,naver
2662,473050,2026-09-02,review_required,SOURCE_UNVERIFIED,naver
2663,473950,2026-09-02,review_required,SOURCE_UNVERIFIED,naver
2664,473980,2026-09-02,review_required,SOURCE_UNVERIFIED,naver
2665,474170,2026-09-02,review_required,SOURCE_UNVERIFIED,naver
2666,474490,2026-09-02,review_required,SOURCE_UNVERIFIED,naver
2667,474610,2026-09-02,review_required,SOURCE_UNVERIFIED,naver
2668,474650,2026-09-02,review_required,SOURCE_UNVERIFIED,naver
2669,474660,2026-09-02,review_required,SOURCE_UNVERIFIED,naver
2670,474930,2026-09-02,review_required,SOURCE_UNVERIFIED,naver
2671,475040,2026-09-02,review_required,SOURCE_UNVERIFIED,naver
2673,475230,2026-09-02,review_required,SOURCE_UNVERIFIED,naver
2674,475240,2026-09-02,review_required,SOURCE_UNVERIFIED,naver
2675,475250,2026-09-02,review_required,SOURCE_UNVERIFIED,naver
2676,475400,2026-09-02,review_required,SOURCE_UNVERIFIED,naver
2677,475430,2026-09-02,review_required,SOURCE_UNVERIFIED,naver
2678,475460,2026-09-02,review_required,SOURCE_UNVERIFIED,naver
2680,475580,2026-09-02,review_required,SOURCE_UNVERIFIED,naver
2681,475660,2026-09-02,review_required,SOURCE_UNVERIFIED,naver
2682,475830,2026-09-02,review_required,SOURCE_UNVERIFIED,naver
2683,475960,2026-09-02,review_required,SOURCE_UNVERIFIED,naver
2684,476040,2026-09-02,review_required,SOURCE_UNVERIFIED,naver
2685,476060,2026-09-02,review_required,SOURCE_UNVERIFIED,naver
2686,476080,2026-09-02,review_required,SOURCE_UNVERIFIED,naver
2687,476830,2026-09-02,review_required,SOURCE_UNVERIFIED,naver
2688,477340,2026-09-02,review_required,SOURCE_UNVERIFIED,naver
2689,477380,2026-09-02,review_required,SOURCE_UNVERIFIED,naver
2690,477470,2026-09-02,review_required,SOURCE_UNVERIFIED,naver
2691,477760,2026-09-02,review_required,SOURCE_UNVERIFIED,naver
2692,477850,2026-09-02,review_required,SOURCE_UNVERIFIED,naver
2693,478110,2026-09-02,review_required,SOURCE_UNVERIFIED,naver
2694,478340,2026-09-02,review_required,SOURCE_UNVERIFIED,naver
2695,478390,2026-09-02,review_required,SOURCE_UNVERIFIED,naver
2696,478440,2026-09-02,review_required,SOURCE_UNVERIFIED,naver
2697,478560,2026-09-02,review_required,SOURCE_UNVERIFIED,naver
2698,479880,2026-09-02,review_required,SOURCE_UNVERIFIED,naver
2699,479960,2026-09-02,review_required,SOURCE_UNVERIFIED,naver
2701,481070,2026-09-02,review_required,SOURCE_UNVERIFIED,naver
2703,481890,2026-09-02,review_required,SOURCE_UNVERIFIED,naver
2704,482520,2026-09-02,review_required,SOURCE_UNVERIFIED,naver
2705,482630,2026-09-02,review_required,SOURCE_UNVERIFIED,naver
2707,482690,2026-09-02,review_required,SOURCE_UNVERIFIED,naver
2708,483350,2026-09-02,review_required,SOURCE_UNVERIFIED,naver
2710,484120,2026-09-02,review_required,SOURCE_UNVERIFIED,naver
2711,484130,2026-09-02,review_required,SOURCE_UNVERIFIED,naver
2712,484590,2026-09-02,review_required,SOURCE_UNVERIFIED,naver
2713,484810,2026-09-02,review_required,SOURCE_UNVERIFIED,naver
2715,486630,2026-09-02,review_required,SOURCE_UNVERIFIED,naver
2716,486990,2026-09-02,review_required,SOURCE_UNVERIFIED,naver
2717,487360,2026-09-02,review_required,SOURCE_UNVERIFIED,naver
2718,487400,2026-09-02,review_required,SOURCE_UNVERIFIED,naver
2720,487580,2026-09-02,review_required,SOURCE_UNVERIFIED,naver
2721,487720,2026-09-02,review_required,SOURCE_UNVERIFIED,naver
2722,487830,2026-09-02,review_required,SOURCE_UNVERIFIED,naver
2723,488060,2026-09-02,review_required,SOURCE_UNVERIFIED,naver
2724,488280,2026-09-02,review_required,SOURCE_UNVERIFIED,naver
2725,488900,2026-09-02,review_required,SOURCE_UNVERIFIED,naver
2726,489210,2026-09-02,review_required,SOURCE_UNVERIFIED,naver
2727,489460,2026-09-02,review_required,SOURCE_UNVERIFIED,naver
2728,489480,2026-09-02,review_required,SOURCE_UNVERIFIED,naver
2729,489500,2026-09-02,review_required,SOURCE_UNVERIFIED,naver
2730,489730,2026-09-02,review_required,SOURCE_UNVERIFIED,naver
2732,490470,2026-09-02,review_required,SOURCE_UNVERIFIED,naver
2733,491000,2026-09-02,review_required,SOURCE_UNVERIFIED,naver
2734,492220,2026-09-02,review_required,SOURCE_UNVERIFIED,naver
2735,493280,2026-09-02,review_required,SOURCE_UNVERIFIED,naver
2736,493330,2026-09-02,review_required,SOURCE_UNVERIFIED,naver
2737,493790,2026-09-02,review_required,SOURCE_UNVERIFIED,naver
2738,494120,2026-09-02,review_required,SOURCE_UNVERIFIED,naver
2739,496070,2026-09-02,review_required,SOURCE_UNVERIFIED,naver
2764,282620,2026-09-02,review_required,SOURCE_UNVERIFIED,naver
2765,417030,2026-09-02,review_required,SOURCE_UNVERIFIED,naver
2766,0155E0,2026-09-02,review_required,SOURCE_UNVERIFIED,naver
5,000080,2026-09-02,review_required,SOURCE_UNVERIFIED,naver
56,000850,2026-09-02,review_required,SOURCE_UNVERIFIED,naver
112,001560,2026-09-02,review_required,SOURCE_UNVERIFIED,naver
126,001780,2026-09-02,review_required,SOURCE_UNVERIFIED,naver
141,002150,2026-09-02,review_required,SOURCE_UNVERIFIED,naver
164,002690,2026-09-02,review_required,SOURCE_UNVERIFIED,naver
199,003220,2026-09-02,review_required,SOURCE_UNVERIFIED,naver
227,003670,2026-09-02,review_required,SOURCE_UNVERIFIED,naver
264,004440,2026-09-02,review_required,SOURCE_UNVERIFIED,naver
284,004890,2026-09-02,review_required,SOURCE_UNVERIFIED,naver
365,006650,2026-09-02,review_required,SOURCE_UNVERIFIED,naver
372,006840,2026-09-02,review_required,SOURCE_UNVERIFIED,naver
373,006880,2026-09-02,review_required,SOURCE_UNVERIFIED,naver
374,006890,2026-09-02,review_required,SOURCE_UNVERIFIED,naver
379,007070,2026-09-02,review_required,SOURCE_UNVERIFIED,naver
381,007120,2026-09-02,review_required,SOURCE_UNVERIFIED,naver
399,007660,2026-09-02,review_required,SOURCE_UNVERIFIED,naver
444,009240,2026-09-02,review_required,SOURCE_UNVERIFIED,naver
459,009540,2026-09-02,review_required,SOURCE_UNVERIFIED,naver
466,009770,2026-09-02,review_required,SOURCE_UNVERIFIED,naver
473,009900,2026-09-02,review_required,SOURCE_UNVERIFIED,naver
477,010040,2026-09-02,review_required,SOURCE_UNVERIFIED,naver
487,010400,2026-09-02,review_required,SOURCE_UNVERIFIED,naver
499,010960,2026-09-02,review_required,SOURCE_UNVERIFIED,naver
502,011070,2026-09-02,review_required,SOURCE_UNVERIFIED,naver
509,011210,2026-09-02,review_required,SOURCE_UNVERIFIED,naver
518,011500,2026-09-02,review_required,SOURCE_UNVERIFIED,naver
531,0120G0,2026-09-02,review_required,SOURCE_UNVERIFIED,naver
532,012160,2026-09-02,review_required,SOURCE_UNVERIFIED,naver
546,0126Z0,2026-09-02,review_required,SOURCE_UNVERIFIED,naver
569,013870,2026-09-02,review_required,SOURCE_UNVERIFIED,naver
570,013890,2026-09-02,review_required,SOURCE_UNVERIFIED,naver
585,014710,2026-09-02,review_required,SOURCE_UNVERIFIED,naver
589,014830,2026-09-02,review_required,SOURCE_UNVERIFIED,naver
612,016450,2026-09-02,review_required,SOURCE_UNVERIFIED,naver
620,016710,2026-09-02,review_required,SOURCE_UNVERIFIED,naver
621,016740,2026-09-02,review_required,SOURCE_UNVERIFIED,naver
628,017180,2026-09-02,review_required,SOURCE_UNVERIFIED,naver
630,017370,2026-09-02,review_required,SOURCE_UNVERIFIED,naver
639,017860,2026-09-02,review_required,SOURCE_UNVERIFIED,naver
646,018250,2026-09-02,review_required,SOURCE_UNVERIFIED,naver
647,018260,2026-09-02,review_required,SOURCE_UNVERIFIED,naver
667,019680,2026-09-02,review_required,SOURCE_UNVERIFIED,naver
673,020150,2026-09-02,review_required,SOURCE_UNVERIFIED,naver
676,020560,2026-09-02,review_required,SOURCE_UNVERIFIED,naver
683,021240,2026-09-02,review_required,SOURCE_UNVERIFIED,naver
689,022100,2026-09-02,review_required,SOURCE_UNVERIFIED,naver
691,023000,2026-09-02,review_required,SOURCE_UNVERIFIED,naver
694,023350,2026-09-02,review_required,SOURCE_UNVERIFIED,naver
698,023530,2026-09-02,review_required,SOURCE_UNVERIFIED,naver
705,023810,2026-09-02,review_required,SOURCE_UNVERIFIED,naver
711,024090,2026-09-02,review_required,SOURCE_UNVERIFIED,naver
712,024110,2026-09-02,review_required,SOURCE_UNVERIFIED,naver
714,024720,2026-09-02,review_required,SOURCE_UNVERIFIED,naver
734,025750,2026-09-02,review_required,SOURCE_UNVERIFIED,naver
748,026940,2026-09-02,review_required,SOURCE_UNVERIFIED,naver
749,026960,2026-09-02,review_required,SOURCE_UNVERIFIED,naver
753,027410,2026-09-02,review_required,SOURCE_UNVERIFIED,naver
756,027740,2026-09-02,review_required,SOURCE_UNVERIFIED,naver
761,028100,2026-09-02,review_required,SOURCE_UNVERIFIED,naver
762,028260,2026-09-02,review_required,SOURCE_UNVERIFIED,naver
765,028670,2026-09-02,review_required,SOURCE_UNVERIFIED,naver
769,029780,2026-09-02,review_required,SOURCE_UNVERIFIED,naver
771,030190,2026-09-02,review_required,SOURCE_UNVERIFIED,naver
777,030610,2026-09-02,review_required,SOURCE_UNVERIFIED,naver
780,031210,2026-09-02,review_required,SOURCE_UNVERIFIED,naver
783,031430,2026-09-02,review_required,SOURCE_UNVERIFIED,naver
792,032350,2026-09-02,review_required,SOURCE_UNVERIFIED,naver
795,032560,2026-09-02,review_required,SOURCE_UNVERIFIED,naver
798,032640,2026-09-02,review_required,SOURCE_UNVERIFIED,naver
805,032830,2026-09-02,review_required,SOURCE_UNVERIFIED,naver
817,033240,2026-09-02,review_required,SOURCE_UNVERIFIED,naver
818,033250,2026-09-02,review_required,SOURCE_UNVERIFIED,naver
819,033270,2026-09-02,review_required,SOURCE_UNVERIFIED,naver
825,033530,2026-09-02,review_required,SOURCE_UNVERIFIED,naver
829,033780,2026-09-02,review_required,SOURCE_UNVERIFIED,naver
832,033920,2026-09-02,review_required,SOURCE_UNVERIFIED,naver
833,034020,2026-09-02,review_required,SOURCE_UNVERIFIED,naver
834,034120,2026-09-02,review_required,SOURCE_UNVERIFIED,naver
835,034220,2026-09-02,review_required,SOURCE_UNVERIFIED,naver
836,034230,2026-09-02,review_required,SOURCE_UNVERIFIED,naver
837,034310,2026-09-02,review_required,SOURCE_UNVERIFIED,naver
838,034590,2026-09-02,review_required,SOURCE_UNVERIFIED,naver
839,034730,2026-09-02,review_required,SOURCE_UNVERIFIED,naver
843,034830,2026-09-02,review_required,SOURCE_UNVERIFIED,naver
846,035000,2026-09-02,review_required,SOURCE_UNVERIFIED,naver
848,035150,2026-09-02,review_required,SOURCE_UNVERIFIED,naver
850,035250,2026-09-02,review_required,SOURCE_UNVERIFIED,naver
852,035420,2026-09-02,review_required,SOURCE_UNVERIFIED,naver
854,035510,2026-09-02,review_required,SOURCE_UNVERIFIED,naver
858,035720,2026-09-02,review_required,SOURCE_UNVERIFIED,naver
872,036420,2026-09-02,review_required,SOURCE_UNVERIFIED,naver
873,036460,2026-09-02,review_required,SOURCE_UNVERIFIED,naver
875,036530,2026-09-02,review_required,SOURCE_UNVERIFIED,naver
878,036570,2026-09-02,review_required,SOURCE_UNVERIFIED,naver
879,036580,2026-09-02,review_required,SOURCE_UNVERIFIED,naver
894,037270,2026-09-02,review_required,SOURCE_UNVERIFIED,naver
901,037560,2026-09-02,review_required,SOURCE_UNVERIFIED,naver
902,037710,2026-09-02,review_required,SOURCE_UNVERIFIED,naver
923,039130,2026-09-02,review_required,SOURCE_UNVERIFIED,naver
931,039490,2026-09-02,review_required,SOURCE_UNVERIFIED,naver
933,039570,2026-09-02,review_required,SOURCE_UNVERIFIED,naver
953,041650,2026-09-02,review_required,SOURCE_UNVERIFIED,naver
968,042660,2026-09-02,review_required,SOURCE_UNVERIFIED,naver
969,042700,2026-09-02,review_required,SOURCE_UNVERIFIED,naver
986,044380,2026-09-02,review_required,SOURCE_UNVERIFIED,naver
987,044450,2026-09-02,review_required,SOURCE_UNVERIFIED,naver
991,044820,2026-09-02,review_required,SOURCE_UNVERIFIED,naver
1012,047040,2026-09-02,review_required,SOURCE_UNVERIFIED,naver
1013,047050,2026-09-02,review_required,SOURCE_UNVERIFIED,naver
1016,047400,2026-09-02,review_required,SOURCE_UNVERIFIED,naver
1019,047810,2026-09-02,review_required,SOURCE_UNVERIFIED,naver
1042,049800,2026-09-02,review_required,SOURCE_UNVERIFIED,naver
1060,051600,2026-09-02,review_required,SOURCE_UNVERIFIED,naver
1061,051630,2026-09-02,review_required,SOURCE_UNVERIFIED,naver
1063,051900,2026-09-02,review_required,SOURCE_UNVERIFIED,naver
1065,051910,2026-09-02,review_required,SOURCE_UNVERIFIED,naver
1077,052690,2026-09-02,review_required,SOURCE_UNVERIFIED,naver
1088,053210,2026-09-02,review_required,SOURCE_UNVERIFIED,naver
1099,053690,2026-09-02,review_required,SOURCE_UNVERIFIED,naver
1122,055490,2026-09-02,review_required,SOURCE_UNVERIFIED,naver
1123,055550,2026-09-02,review_required,SOURCE_UNVERIFIED,naver
1135,058430,2026-09-02,review_required,SOURCE_UNVERIFIED,naver
1140,058650,2026-09-02,review_required,SOURCE_UNVERIFIED,naver
1141,058730,2026-09-02,review_required,SOURCE_UNVERIFIED,naver
1143,058850,2026-09-02,review_required,SOURCE_UNVERIFIED,naver
1144,058860,2026-09-02,review_required,SOURCE_UNVERIFIED,naver
1167,060980,2026-09-02,review_required,SOURCE_UNVERIFIED,naver
1172,062040,2026-09-02,review_required,SOURCE_UNVERIFIED,naver
1175,063160,2026-09-02,review_required,SOURCE_UNVERIFIED,naver
1184,064350,2026-09-02,review_required,SOURCE_UNVERIFIED,naver
1185,064400,2026-09-02,review_required,SOURCE_UNVERIFIED,naver
1193,064960,2026-09-02,review_required,SOURCE_UNVERIFIED,naver
1219,066570,2026-09-02,review_required,SOURCE_UNVERIFIED,naver
1228,066970,2026-09-02,review_required,SOURCE_UNVERIFIED,naver
1244,067830,2026-09-02,review_required,SOURCE_UNVERIFIED,naver
1251,068270,2026-09-02,review_required,SOURCE_UNVERIFIED,naver
1252,068290,2026-09-02,review_required,SOURCE_UNVERIFIED,naver
1260,069260,2026-09-02,review_required,SOURCE_UNVERIFIED,naver
1266,069620,2026-09-02,review_required,SOURCE_UNVERIFIED,naver
1267,069640,2026-09-02,review_required,SOURCE_UNVERIFIED,naver
1268,069730,2026-09-02,review_required,SOURCE_UNVERIFIED,naver
1270,069960,2026-09-02,review_required,SOURCE_UNVERIFIED,naver
1273,070960,2026-09-02,review_required,SOURCE_UNVERIFIED,naver
1274,071050,2026-09-02,review_required,SOURCE_UNVERIFIED,naver
1276,071090,2026-09-02,review_required,SOURCE_UNVERIFIED,naver
1279,071320,2026-09-02,review_required,SOURCE_UNVERIFIED,naver
1281,071840,2026-09-02,review_required,SOURCE_UNVERIFIED,naver
1283,071950,2026-09-02,review_required,SOURCE_UNVERIFIED,naver
1284,071970,2026-09-02,review_required,SOURCE_UNVERIFIED,naver
1286,072130,2026-09-02,review_required,SOURCE_UNVERIFIED,naver
1288,072710,2026-09-02,review_required,SOURCE_UNVERIFIED,naver
1296,073240,2026-09-02,review_required,SOURCE_UNVERIFIED,naver
1306,075180,2026-09-02,review_required,SOURCE_UNVERIFIED,naver
1307,075580,2026-09-02,review_required,SOURCE_UNVERIFIED,naver
1312,077500,2026-09-02,review_required,SOURCE_UNVERIFIED,naver
1313,077970,2026-09-02,review_required,SOURCE_UNVERIFIED,naver
1314,078000,2026-09-02,review_required,SOURCE_UNVERIFIED,naver
1323,078520,2026-09-02,review_required,SOURCE_UNVERIFIED,naver
1328,078930,2026-09-02,review_required,SOURCE_UNVERIFIED,naver
1331,079160,2026-09-02,review_required,SOURCE_UNVERIFIED,naver
1335,079430,2026-09-02,review_required,SOURCE_UNVERIFIED,naver
1336,079550,2026-09-02,review_required,SOURCE_UNVERIFIED,naver
1339,079900,2026-09-02,review_required,SOURCE_UNVERIFIED,naver
1344,079980,2026-09-02,review_required,SOURCE_UNVERIFIED,naver
1354,081000,2026-09-02,review_required,SOURCE_UNVERIFIED,naver
1358,081660,2026-09-02,review_required,SOURCE_UNVERIFIED,naver
1363,082740,2026-09-02,review_required,SOURCE_UNVERIFIED,naver
1368,083420,2026-09-02,review_required,SOURCE_UNVERIFIED,naver
1378,084010,2026-09-02,review_required,SOURCE_UNVERIFIED,naver
1384,084670,2026-09-02,review_required,SOURCE_UNVERIFIED,naver
1386,084690,2026-09-02,review_required,SOURCE_UNVERIFIED,naver
1390,084870,2026-09-02,review_required,SOURCE_UNVERIFIED,naver
1392,085310,2026-09-02,review_required,SOURCE_UNVERIFIED,naver
1393,085620,2026-09-02,review_required,SOURCE_UNVERIFIED,naver
1400,086280,2026-09-02,review_required,SOURCE_UNVERIFIED,naver
1406,086790,2026-09-02,review_required,SOURCE_UNVERIFIED,naver
1420,088350,2026-09-02,review_required,SOURCE_UNVERIFIED,naver
1422,088790,2026-09-02,review_required,SOURCE_UNVERIFIED,naver
1431,089470,2026-09-02,review_required,SOURCE_UNVERIFIED,naver
1432,089590,2026-09-02,review_required,SOURCE_UNVERIFIED,naver
1436,089860,2026-09-02,review_required,SOURCE_UNVERIFIED,naver
1440,090080,2026-09-02,review_required,SOURCE_UNVERIFIED,naver
1442,090350,2026-09-02,review_required,SOURCE_UNVERIFIED,naver
1445,090370,2026-09-02,review_required,SOURCE_UNVERIFIED,naver
1447,090430,2026-09-02,review_required,SOURCE_UNVERIFIED,naver
1449,090460,2026-09-02,review_required,SOURCE_UNVERIFIED,naver
1459,091810,2026-09-02,review_required,SOURCE_UNVERIFIED,naver
1465,092200,2026-09-02,review_required,SOURCE_UNVERIFIED,naver
1466,092220,2026-09-02,review_required,SOURCE_UNVERIFIED,naver
1467,092230,2026-09-02,review_required,SOURCE_UNVERIFIED,naver
1469,092440,2026-09-02,review_required,SOURCE_UNVERIFIED,naver
1473,092780,2026-09-02,review_required,SOURCE_UNVERIFIED,naver
1474,092790,2026-09-02,review_required,SOURCE_UNVERIFIED,naver
1476,093050,2026-09-02,review_required,SOURCE_UNVERIFIED,naver
1480,093370,2026-09-02,review_required,SOURCE_UNVERIFIED,naver
1486,094280,2026-09-02,review_required,SOURCE_UNVERIFIED,naver
1500,095570,2026-09-02,review_required,SOURCE_UNVERIFIED,naver
1504,095720,2026-09-02,review_required,SOURCE_UNVERIFIED,naver
1513,096760,2026-09-02,review_required,SOURCE_UNVERIFIED,naver
1514,096770,2026-09-02,review_required,SOURCE_UNVERIFIED,naver
1517,097230,2026-09-02,review_required,SOURCE_UNVERIFIED,naver
1518,097520,2026-09-02,review_required,SOURCE_UNVERIFIED,naver
1522,097950,2026-09-02,review_required,SOURCE_UNVERIFIED,naver
1538,100090,2026-09-02,review_required,SOURCE_UNVERIFIED,naver
1541,100220,2026-09-02,review_required,SOURCE_UNVERIFIED,naver
1542,100250,2026-09-02,review_required,SOURCE_UNVERIFIED,naver
1547,100840,2026-09-02,review_required,SOURCE_UNVERIFIED,naver
1549,101140,2026-09-02,review_required,SOURCE_UNVERIFIED,naver
1557,101530,2026-09-02,review_required,SOURCE_UNVERIFIED,naver
1564,102260,2026-09-02,review_required,SOURCE_UNVERIFIED,naver
1566,102460,2026-09-02,review_required,SOURCE_UNVERIFIED,naver
1569,103140,2026-09-02,review_required,SOURCE_UNVERIFIED,naver
1571,103590,2026-09-02,review_required,SOURCE_UNVERIFIED,naver
1579,104700,2026-09-02,review_required,SOURCE_UNVERIFIED,naver
1583,105560,2026-09-02,review_required,SOURCE_UNVERIFIED,naver
1584,105630,2026-09-02,review_required,SOURCE_UNVERIFIED,naver
1587,105840,2026-09-02,review_required,SOURCE_UNVERIFIED,naver
1591,107590,2026-09-02,review_required,SOURCE_UNVERIFIED,naver
1595,108320,2026-09-02,review_required,SOURCE_UNVERIFIED,naver
1598,108670,2026-09-02,review_required,SOURCE_UNVERIFIED,naver
1612,111110,2026-09-02,review_required,SOURCE_UNVERIFIED,naver
1613,111380,2026-09-02,review_required,SOURCE_UNVERIFIED,naver
1615,111770,2026-09-02,review_required,SOURCE_UNVERIFIED,naver
1618,112610,2026-09-02,review_required,SOURCE_UNVERIFIED,naver
1620,114090,2026-09-02,review_required,SOURCE_UNVERIFIED,naver
1636,117580,2026-09-02,review_required,SOURCE_UNVERIFIED,naver
1639,118000,2026-09-02,review_required,SOURCE_UNVERIFIED,naver
1646,120030,2026-09-02,review_required,SOURCE_UNVERIFIED,naver
1647,120110,2026-09-02,review_required,SOURCE_UNVERIFIED,naver
1661,122900,2026-09-02,review_required,SOURCE_UNVERIFIED,naver
1669,123690,2026-09-02,review_required,SOURCE_UNVERIFIED,naver
1670,123700,2026-09-02,review_required,SOURCE_UNVERIFIED,naver
1674,123890,2026-09-02,review_required,SOURCE_UNVERIFIED,naver
1681,126560,2026-09-02,review_required,SOURCE_UNVERIFIED,naver
1685,126720,2026-09-02,review_required,SOURCE_UNVERIFIED,naver
1693,128820,2026-09-02,review_required,SOURCE_UNVERIFIED,naver
1694,128940,2026-09-02,review_required,SOURCE_UNVERIFIED,naver
1695,129260,2026-09-02,review_required,SOURCE_UNVERIFIED,naver
1700,130660,2026-09-02,review_required,SOURCE_UNVERIFIED,naver
1713,133820,2026-09-02,review_required,SOURCE_UNVERIFIED,naver
1715,134380,2026-09-02,review_required,SOURCE_UNVERIFIED,naver
1717,134790,2026-09-02,review_required,SOURCE_UNVERIFIED,naver
1721,136490,2026-09-02,review_required,SOURCE_UNVERIFIED,naver
1724,137310,2026-09-02,review_required,SOURCE_UNVERIFIED,naver
1728,138040,2026-09-02,review_required,SOURCE_UNVERIFIED,naver
1733,138930,2026-09-02,review_required,SOURCE_UNVERIFIED,naver
1734,139130,2026-09-02,review_required,SOURCE_UNVERIFIED,naver
1735,139480,2026-09-02,review_required,SOURCE_UNVERIFIED,naver
1737,139990,2026-09-02,review_required,SOURCE_UNVERIFIED,naver
1759,145720,2026-09-02,review_required,SOURCE_UNVERIFIED,naver
1760,145990,2026-09-02,review_required,SOURCE_UNVERIFIED,naver
1781,155660,2026-09-02,review_required,SOURCE_UNVERIFIED,naver
1790,161000,2026-09-02,review_required,SOURCE_UNVERIFIED,naver
1791,161390,2026-09-02,review_required,SOURCE_UNVERIFIED,naver
1793,161890,2026-09-02,review_required,SOURCE_UNVERIFIED,naver
1796,163560,2026-09-02,review_required,SOURCE_UNVERIFIED,naver
1805,170900,2026-09-02,review_required,SOURCE_UNVERIFIED,naver
1816,175330,2026-09-02,review_required,SOURCE_UNVERIFIED,naver
1823,178920,2026-09-02,review_required,SOURCE_UNVERIFIED,naver
1828,180640,2026-09-02,review_required,SOURCE_UNVERIFIED,naver
1830,181710,2026-09-02,review_required,SOURCE_UNVERIFIED,naver
1833,183190,2026-09-02,review_required,SOURCE_UNVERIFIED,naver
1838,185750,2026-09-02,review_required,SOURCE_UNVERIFIED,naver
1857,192080,2026-09-02,review_required,SOURCE_UNVERIFIED,naver
1860,192400,2026-09-02,review_required,SOURCE_UNVERIFIED,naver
1863,192650,2026-09-02,review_required,SOURCE_UNVERIFIED,naver
1864,192820,2026-09-02,review_required,SOURCE_UNVERIFIED,naver
1866,194370,2026-09-02,review_required,SOURCE_UNVERIFIED,naver
1870,195870,2026-09-02,review_required,SOURCE_UNVERIFIED,naver
1895,200880,2026-09-02,review_required,SOURCE_UNVERIFIED,naver
1902,204320,2026-09-02,review_required,SOURCE_UNVERIFIED,naver
1914,207940,2026-09-02,review_required,SOURCE_UNVERIFIED,naver
1923,210540,2026-09-02,review_required,SOURCE_UNVERIFIED,naver
1924,210980,2026-09-02,review_required,SOURCE_UNVERIFIED,naver
1930,213500,2026-09-02,review_required,SOURCE_UNVERIFIED,naver
1935,214320,2026-09-02,review_required,SOURCE_UNVERIFIED,naver
1936,214330,2026-09-02,review_required,SOURCE_UNVERIFIED,naver
1938,214390,2026-09-02,review_required,SOURCE_UNVERIFIED,naver
1939,214420,2026-09-02,review_required,SOURCE_UNVERIFIED,naver
1960,217590,2026-09-02,review_required,SOURCE_UNVERIFIED,naver
1991,226320,2026-09-02,review_required,SOURCE_UNVERIFIED,naver
1998,227840,2026-09-02,review_required,SOURCE_UNVERIFIED,naver
2005,229640,2026-09-02,review_required,SOURCE_UNVERIFIED,naver
2011,234080,2026-09-02,review_required,SOURCE_UNVERIFIED,naver
2035,241560,2026-09-02,review_required,SOURCE_UNVERIFIED,naver
2036,241590,2026-09-02,review_required,SOURCE_UNVERIFIED,naver
2047,244920,2026-09-02,review_required,SOURCE_UNVERIFIED,naver
2056,248070,2026-09-02,review_required,SOURCE_UNVERIFIED,naver
2057,248170,2026-09-02,review_required,SOURCE_UNVERIFIED,naver
2058,249420,2026-09-02,review_required,SOURCE_UNVERIFIED,naver
2063,251270,2026-09-02,review_required,SOURCE_UNVERIFIED,naver
2086,259960,2026-09-02,review_required,SOURCE_UNVERIFIED,naver
2110,264900,2026-09-02,review_required,SOURCE_UNVERIFIED,naver
2115,267250,2026-09-02,review_required,SOURCE_UNVERIFIED,naver
2116,267260,2026-09-02,review_required,SOURCE_UNVERIFIED,naver
2117,267270,2026-09-02,review_required,SOURCE_UNVERIFIED,naver
2118,267290,2026-09-02,review_required,SOURCE_UNVERIFIED,naver
2121,267850,2026-09-02,review_required,SOURCE_UNVERIFIED,naver
2123,268280,2026-09-02,review_required,SOURCE_UNVERIFIED,naver
2128,271560,2026-09-02,review_required,SOURCE_UNVERIFIED,naver
2130,271940,2026-09-02,review_required,SOURCE_UNVERIFIED,naver
2131,271980,2026-09-02,review_required,SOURCE_UNVERIFIED,naver
2133,272210,2026-09-02,review_required,SOURCE_UNVERIFIED,naver
2135,272450,2026-09-02,review_required,SOURCE_UNVERIFIED,naver
2136,272550,2026-09-02,review_required,SOURCE_UNVERIFIED,naver
2149,278470,2026-09-02,review_required,SOURCE_UNVERIFIED,naver
2151,279570,2026-09-02,review_required,SOURCE_UNVERIFIED,naver
2153,280360,2026-09-02,review_required,SOURCE_UNVERIFIED,naver
2155,281820,2026-09-02,review_required,SOURCE_UNVERIFIED,naver
2156,282330,2026-09-02,review_required,SOURCE_UNVERIFIED,naver
2160,284740,2026-09-02,review_required,SOURCE_UNVERIFIED,naver
2161,285130,2026-09-02,review_required,SOURCE_UNVERIFIED,naver
2166,286940,2026-09-02,review_required,SOURCE_UNVERIFIED,naver
2191,293480,2026-09-02,review_required,SOURCE_UNVERIFIED,naver
2200,294870,2026-09-02,review_required,SOURCE_UNVERIFIED,naver
2206,298000,2026-09-02,review_required,SOURCE_UNVERIFIED,naver
2207,298020,2026-09-02,review_required,SOURCE_UNVERIFIED,naver
2208,298040,2026-09-02,review_required,SOURCE_UNVERIFIED,naver
2209,298050,2026-09-02,review_required,SOURCE_UNVERIFIED,naver
2213,298690,2026-09-02,review_required,SOURCE_UNVERIFIED,naver
2220,300720,2026-09-02,review_required,SOURCE_UNVERIFIED,naver
2223,302440,2026-09-02,review_required,SOURCE_UNVERIFIED,naver
2234,306200,2026-09-02,review_required,SOURCE_UNVERIFIED,naver
2241,307950,2026-09-02,review_required,SOURCE_UNVERIFIED,naver
2244,308170,2026-09-02,review_required,SOURCE_UNVERIFIED,naver
2261,316140,2026-09-02,review_required,SOURCE_UNVERIFIED,naver
2265,317400,2026-09-02,review_required,SOURCE_UNVERIFIED,naver
2266,317450,2026-09-02,review_required,SOURCE_UNVERIFIED,naver
2286,322000,2026-09-02,review_required,SOURCE_UNVERIFIED,naver
2293,323410,2026-09-02,review_required,SOURCE_UNVERIFIED,naver
2295,326030,2026-09-02,review_required,SOURCE_UNVERIFIED,naver
2299,329180,2026-09-02,review_required,SOURCE_UNVERIFIED,naver
2319,336260,2026-09-02,review_required,SOURCE_UNVERIFIED,naver
2322,336370,2026-09-02,review_required,SOURCE_UNVERIFIED,naver
2331,339770,2026-09-02,review_required,SOURCE_UNVERIFIED,naver
2340,344820,2026-09-02,review_required,SOURCE_UNVERIFIED,naver
2365,352820,2026-09-02,review_required,SOURCE_UNVERIFIED,naver
2369,353200,2026-09-02,review_required,SOURCE_UNVERIFIED,naver
2395,361610,2026-09-02,review_required,SOURCE_UNVERIFIED,naver
2401,363280,2026-09-02,review_required,SOURCE_UNVERIFIED,naver
2422,372910,2026-09-02,review_required,SOURCE_UNVERIFIED,naver
2427,373220,2026-09-02,review_required,SOURCE_UNVERIFIED,naver
2428,375500,2026-09-02,review_required,SOURCE_UNVERIFIED,naver
2441,377300,2026-09-02,review_required,SOURCE_UNVERIFIED,naver
2446,377740,2026-09-02,review_required,SOURCE_UNVERIFIED,naver
2449,378850,2026-09-02,review_required,SOURCE_UNVERIFIED,naver
2453,381970,2026-09-02,review_required,SOURCE_UNVERIFIED,naver
2459,383220,2026-09-02,review_required,SOURCE_UNVERIFIED,naver
2461,383800,2026-09-02,review_required,SOURCE_UNVERIFIED,naver
2499,402340,2026-09-02,review_required,SOURCE_UNVERIFIED,naver
2502,403550,2026-09-02,review_required,SOURCE_UNVERIFIED,naver
2563,439260,2026-09-02,review_required,SOURCE_UNVERIFIED,naver
2570,443060,2026-09-02,review_required,SOURCE_UNVERIFIED,naver
2577,446070,2026-09-02,review_required,SOURCE_UNVERIFIED,naver
2584,450080,2026-09-02,review_required,SOURCE_UNVERIFIED,naver
2595,452260,2026-09-02,review_required,SOURCE_UNVERIFIED,naver
2602,453340,2026-09-02,review_required,SOURCE_UNVERIFIED,naver
2605,454910,2026-09-02,review_required,SOURCE_UNVERIFIED,naver
2609,456040,2026-09-02,review_required,SOURCE_UNVERIFIED,naver
2612,457190,2026-09-02,review_required,SOURCE_UNVERIFIED,naver
2623,460850,2026-09-02,review_required,SOURCE_UNVERIFIED,naver
2624,460860,2026-09-02,review_required,SOURCE_UNVERIFIED,naver
2633,462520,2026-09-02,review_required,SOURCE_UNVERIFIED,naver
2635,462870,2026-09-02,review_required,SOURCE_UNVERIFIED,naver
2646,465770,2026-09-02,review_required,SOURCE_UNVERIFIED,naver
2672,475150,2026-09-02,review_required,SOURCE_UNVERIFIED,naver
2679,475560,2026-09-02,review_required,SOURCE_UNVERIFIED,naver
2700,480370,2026-09-02,review_required,SOURCE_UNVERIFIED,naver
2709,483650,2026-09-02,review_required,SOURCE_UNVERIFIED,naver
2714,484870,2026-09-02,review_required,SOURCE_UNVERIFIED,naver
2719,487570,2026-09-02,review_required,SOURCE_UNVERIFIED,naver
2731,489790,2026-09-02,review_required,SOURCE_UNVERIFIED,naver
2741,499790,2026-09-02,review_required,SOURCE_UNVERIFIED,naver
16,0001A0,2026-09-03,review_required,SOURCE_UNVERIFIED,naver
24,000250,2026-09-03,review_required,SOURCE_UNVERIFIED,naver
33,000440,2026-09-03,review_required,SOURCE_UNVERIFIED,naver
36,0004V0,2026-09-03,review_required,SOURCE_UNVERIFIED,naver
37,0004Y0,2026-09-03,review_required,SOURCE_UNVERIFIED,naver
52,0007C0,2026-09-03,review_required,SOURCE_UNVERIFIED,naver
53,0007J0,2026-09-03,review_required,SOURCE_UNVERIFIED,naver
61,0008Z0,2026-09-03,review_required,SOURCE_UNVERIFIED,naver
66,0009K0,2026-09-03,review_required,SOURCE_UNVERIFIED,naver
67,001000,2026-09-03,review_required,SOURCE_UNVERIFIED,naver
77,0010F0,2026-09-03,review_required,SOURCE_UNVERIFIED,naver
78,0010V0,2026-09-03,review_required,SOURCE_UNVERIFIED,naver
81,0011A0,2026-09-03,review_required,SOURCE_UNVERIFIED,naver
82,0011T0,2026-09-03,review_required,SOURCE_UNVERIFIED,naver
95,0013V0,2026-09-03,review_required,SOURCE_UNVERIFIED,naver
110,001540,2026-09-03,review_required,SOURCE_UNVERIFIED,naver
114,0015G0,2026-09-03,review_required,SOURCE_UNVERIFIED,naver
115,0015N0,2026-09-03,review_required,SOURCE_UNVERIFIED,naver
116,0015S0,2026-09-03,review_required,SOURCE_UNVERIFIED,naver
129,0017J0,2026-09-03,review_required,SOURCE_UNVERIFIED,naver
131,001810,2026-09-03,review_required,SOURCE_UNVERIFIED,naver
146,002230,2026-09-03,review_required,SOURCE_UNVERIFIED,naver
148,002290,2026-09-03,review_required,SOURCE_UNVERIFIED,naver
163,002680,2026-09-03,review_required,SOURCE_UNVERIFIED,naver
175,002800,2026-09-03,review_required,SOURCE_UNVERIFIED,naver
195,003100,2026-09-03,review_required,SOURCE_UNVERIFIED,naver
204,003310,2026-09-03,review_required,SOURCE_UNVERIFIED,naver
232,0037T0,2026-09-03,review_required,SOURCE_UNVERIFIED,naver
233,003800,2026-09-03,review_required,SOURCE_UNVERIFIED,naver
239,0039P0,2026-09-03,review_required,SOURCE_UNVERIFIED,naver
250,0041B0,2026-09-03,review_required,SOURCE_UNVERIFIED,naver
251,0041J0,2026-09-03,review_required,SOURCE_UNVERIFIED,naver
252,0041L0,2026-09-03,review_required,SOURCE_UNVERIFIED,naver
267,0044K0,2026-09-03,review_required,SOURCE_UNVERIFIED,naver
271,004590,2026-09-03,review_required,SOURCE_UNVERIFIED,naver
272,004650,2026-09-03,review_required,SOURCE_UNVERIFIED,naver
278,004780,2026-09-03,review_required,SOURCE_UNVERIFIED,naver
298,005160,2026-09-03,review_required,SOURCE_UNVERIFIED,naver
302,005290,2026-09-03,review_required,SOURCE_UNVERIFIED,naver
315,0054V0,2026-09-03,review_required,SOURCE_UNVERIFIED,naver
318,005670,2026-09-03,review_required,SOURCE_UNVERIFIED,naver
321,005710,2026-09-03,review_required,SOURCE_UNVERIFIED,naver
332,005860,2026-09-03,review_required,SOURCE_UNVERIFIED,naver
342,005990,2026-09-03,review_required,SOURCE_UNVERIFIED,naver
344,006050,2026-09-03,review_required,SOURCE_UNVERIFIED,naver
350,006140,2026-09-03,review_required,SOURCE_UNVERIFIED,naver
364,006620,2026-09-03,review_required,SOURCE_UNVERIFIED,naver
367,006730,2026-09-03,review_required,SOURCE_UNVERIFIED,naver
375,0068Y0,2026-09-03,review_required,SOURCE_UNVERIFIED,naver
376,006910,2026-09-03,review_required,SOURCE_UNVERIFIED,naver
377,006920,2026-09-03,review_required,SOURCE_UNVERIFIED,naver
383,0071M0,2026-09-03,review_required,SOURCE_UNVERIFIED,naver
386,0072Z0,2026-09-03,review_required,SOURCE_UNVERIFIED,naver
388,007330,2026-09-03,review_required,SOURCE_UNVERIFIED,naver
390,007370,2026-09-03,review_required,SOURCE_UNVERIFIED,naver
391,007390,2026-09-03,review_required,SOURCE_UNVERIFIED,naver
393,007530,2026-09-03,review_required,SOURCE_UNVERIFIED,naver
400,007680,2026-09-03,review_required,SOURCE_UNVERIFIED,naver
403,007720,2026-09-03,review_required,SOURCE_UNVERIFIED,naver
404,007770,2026-09-03,review_required,SOURCE_UNVERIFIED,naver
408,007820,2026-09-03,review_required,SOURCE_UNVERIFIED,naver
416,008290,2026-09-03,review_required,SOURCE_UNVERIFIED,naver
417,0082N0,2026-09-03,review_required,SOURCE_UNVERIFIED,naver
420,008370,2026-09-03,review_required,SOURCE_UNVERIFIED,naver
422,008470,2026-09-03,review_required,SOURCE_UNVERIFIED,naver
429,008830,2026-09-03,review_required,SOURCE_UNVERIFIED,naver
431,0088D0,2026-09-03,review_required,SOURCE_UNVERIFIED,naver
432,0088M0,2026-09-03,review_required,SOURCE_UNVERIFIED,naver
442,0091W0,2026-09-03,review_required,SOURCE_UNVERIFIED,naver
447,009300,2026-09-03,review_required,SOURCE_UNVERIFIED,naver
450,0093G0,2026-09-03,review_required,SOURCE_UNVERIFIED,naver
458,009520,2026-09-03,review_required,SOURCE_UNVERIFIED,naver
463,0096B0,2026-09-03,review_required,SOURCE_UNVERIFIED,naver
464,0096D0,2026-09-03,review_required,SOURCE_UNVERIFIED,naver
465,009730,2026-09-03,review_required,SOURCE_UNVERIFIED,naver
467,009780,2026-09-03,review_required,SOURCE_UNVERIFIED,naver
468,0097F0,2026-09-03,review_required,SOURCE_UNVERIFIED,naver
472,0098T0,2026-09-03,review_required,SOURCE_UNVERIFIED,naver
475,0099W0,2026-09-03,review_required,SOURCE_UNVERIFIED,naver
483,010170,2026-09-03,review_required,SOURCE_UNVERIFIED,naver
484,0101C0,2026-09-03,review_required,SOURCE_UNVERIFIED,naver
485,010240,2026-09-03,review_required,SOURCE_UNVERIFIED,naver
486,010280,2026-09-03,review_required,SOURCE_UNVERIFIED,naver
488,010470,2026-09-03,review_required,SOURCE_UNVERIFIED,naver
490,0105P0,2026-09-03,review_required,SOURCE_UNVERIFIED,naver
501,011040,2026-09-03,review_required,SOURCE_UNVERIFIED,naver
503,011080,2026-09-03,review_required,SOURCE_UNVERIFIED,naver
513,011320,2026-09-03,review_required,SOURCE_UNVERIFIED,naver
515,011370,2026-09-03,review_required,SOURCE_UNVERIFIED,naver
519,011560,2026-09-03,review_required,SOURCE_UNVERIFIED,naver
520,0115H0,2026-09-03,review_required,SOURCE_UNVERIFIED,naver
527,0117P0,2026-09-03,review_required,SOURCE_UNVERIFIED,naver
536,012210,2026-09-03,review_required,SOURCE_UNVERIFIED,naver
540,012340,2026-09-03,review_required,SOURCE_UNVERIFIED,naver
543,012620,2026-09-03,review_required,SOURCE_UNVERIFIED,naver
547,012700,2026-09-03,review_required,SOURCE_UNVERIFIED,naver
549,012790,2026-09-03,review_required,SOURCE_UNVERIFIED,naver
551,012860,2026-09-03,review_required,SOURCE_UNVERIFIED,naver
552,0129K0,2026-09-03,review_required,SOURCE_UNVERIFIED,naver
554,013030,2026-09-03,review_required,SOURCE_UNVERIFIED,naver
555,0130D0,2026-09-03,review_required,SOURCE_UNVERIFIED,naver
556,0130H0,2026-09-03,review_required,SOURCE_UNVERIFIED,naver
557,013120,2026-09-03,review_required,SOURCE_UNVERIFIED,naver
558,0131D0,2026-09-03,review_required,SOURCE_UNVERIFIED,naver
559,0132G0,2026-09-03,review_required,SOURCE_UNVERIFIED,naver
562,0134X0,2026-09-03,review_required,SOURCE_UNVERIFIED,naver
567,013720,2026-09-03,review_required,SOURCE_UNVERIFIED,naver
568,013810,2026-09-03,review_required,SOURCE_UNVERIFIED,naver
571,013990,2026-09-03,review_required,SOURCE_UNVERIFIED,naver
572,014100,2026-09-03,review_required,SOURCE_UNVERIFIED,naver
575,014190,2026-09-03,review_required,SOURCE_UNVERIFIED,naver
579,014470,2026-09-03,review_required,SOURCE_UNVERIFIED,naver
581,014570,2026-09-03,review_required,SOURCE_UNVERIFIED,naver
583,014620,2026-09-03,review_required,SOURCE_UNVERIFIED,naver
592,014940,2026-09-03,review_required,SOURCE_UNVERIFIED,naver
593,014950,2026-09-03,review_required,SOURCE_UNVERIFIED,naver
594,014970,2026-09-03,review_required,SOURCE_UNVERIFIED,naver
601,0156T0,2026-09-03,review_required,SOURCE_UNVERIFIED,naver
602,015710,2026-09-03,review_required,SOURCE_UNVERIFIED,naver
603,015750,2026-09-03,review_required,SOURCE_UNVERIFIED,naver
608,016100,2026-09-03,review_required,SOURCE_UNVERIFIED,naver
609,016250,2026-09-03,review_required,SOURCE_UNVERIFIED,naver
613,0164H0,2026-09-03,review_required,SOURCE_UNVERIFIED,naver
616,0165X0,2026-09-03,review_required,SOURCE_UNVERIFIED,naver
617,016600,2026-09-03,review_required,SOURCE_UNVERIFIED,naver
619,016670,2026-09-03,review_required,SOURCE_UNVERIFIED,naver
625,016920,2026-09-03,review_required,SOURCE_UNVERIFIED,naver
626,017000,2026-09-03,review_required,SOURCE_UNVERIFIED,naver
629,017250,2026-09-03,review_required,SOURCE_UNVERIFIED,naver
632,017480,2026-09-03,review_required,SOURCE_UNVERIFIED,naver
633,017510,2026-09-03,review_required,SOURCE_UNVERIFIED,naver
635,017650,2026-09-03,review_required,SOURCE_UNVERIFIED,naver
640,017890,2026-09-03,review_required,SOURCE_UNVERIFIED,naver
644,018000,2026-09-03,review_required,SOURCE_UNVERIFIED,naver
645,018120,2026-09-03,review_required,SOURCE_UNVERIFIED,naver
648,018290,2026-09-03,review_required,SOURCE_UNVERIFIED,naver
649,018310,2026-09-03,review_required,SOURCE_UNVERIFIED,naver
652,018620,2026-09-03,review_required,SOURCE_UNVERIFIED,naver
654,018680,2026-09-03,review_required,SOURCE_UNVERIFIED,naver
655,018700,2026-09-03,review_required,SOURCE_UNVERIFIED,naver
657,019010,2026-09-03,review_required,SOURCE_UNVERIFIED,naver
661,019210,2026-09-03,review_required,SOURCE_UNVERIFIED,naver
663,019540,2026-09-03,review_required,SOURCE_UNVERIFIED,naver
664,019550,2026-09-03,review_required,SOURCE_UNVERIFIED,naver
665,019570,2026-09-03,review_required,SOURCE_UNVERIFIED,naver
666,019660,2026-09-03,review_required,SOURCE_UNVERIFIED,naver
669,019770,2026-09-03,review_required,SOURCE_UNVERIFIED,naver
670,019990,2026-09-03,review_required,SOURCE_UNVERIFIED,naver
674,020180,2026-09-03,review_required,SOURCE_UNVERIFIED,naver
675,020400,2026-09-03,review_required,SOURCE_UNVERIFIED,naver
677,020710,2026-09-03,review_required,SOURCE_UNVERIFIED,naver
679,021040,2026-09-03,review_required,SOURCE_UNVERIFIED,naver
682,021080,2026-09-03,review_required,SOURCE_UNVERIFIED,naver
684,021320,2026-09-03,review_required,SOURCE_UNVERIFIED,naver
685,021650,2026-09-03,review_required,SOURCE_UNVERIFIED,naver
687,021880,2026-09-03,review_required,SOURCE_UNVERIFIED,naver
688,0218L0,2026-09-03,review_required,SOURCE_UNVERIFIED,naver
693,023160,2026-09-03,review_required,SOURCE_UNVERIFIED,naver
695,023410,2026-09-03,review_required,SOURCE_UNVERIFIED,naver
700,023600,2026-09-03,review_required,SOURCE_UNVERIFIED,naver
701,023760,2026-09-03,review_required,SOURCE_UNVERIFIED,naver
702,023770,2026-09-03,review_required,SOURCE_UNVERIFIED,naver
703,023790,2026-09-03,review_required,SOURCE_UNVERIFIED,naver
706,023900,2026-09-03,review_required,SOURCE_UNVERIFIED,naver
707,023910,2026-09-03,review_required,SOURCE_UNVERIFIED,naver
709,024060,2026-09-03,review_required,SOURCE_UNVERIFIED,naver
713,024120,2026-09-03,review_required,SOURCE_UNVERIFIED,naver
715,024740,2026-09-03,review_required,SOURCE_UNVERIFIED,naver
716,024800,2026-09-03,review_required,SOURCE_UNVERIFIED,naver
717,024830,2026-09-03,review_required,SOURCE_UNVERIFIED,naver
718,024840,2026-09-03,review_required,SOURCE_UNVERIFIED,naver
720,024880,2026-09-03,review_required,SOURCE_UNVERIFIED,naver
723,024910,2026-09-03,review_required,SOURCE_UNVERIFIED,naver
724,024940,2026-09-03,review_required,SOURCE_UNVERIFIED,naver
725,024950,2026-09-03,review_required,SOURCE_UNVERIFIED,naver
727,025320,2026-09-03,review_required,SOURCE_UNVERIFIED,naver
728,025440,2026-09-03,review_required,SOURCE_UNVERIFIED,naver
731,025550,2026-09-03,review_required,SOURCE_UNVERIFIED,naver
735,025770,2026-09-03,review_required,SOURCE_UNVERIFIED,naver
738,025870,2026-09-03,review_required,SOURCE_UNVERIFIED,naver
739,025880,2026-09-03,review_required,SOURCE_UNVERIFIED,naver
741,025900,2026-09-03,review_required,SOURCE_UNVERIFIED,naver
742,025950,2026-09-03,review_required,SOURCE_UNVERIFIED,naver
743,025980,2026-09-03,review_required,SOURCE_UNVERIFIED,naver
744,026040,2026-09-03,review_required,SOURCE_UNVERIFIED,naver
745,026150,2026-09-03,review_required,SOURCE_UNVERIFIED,naver
747,026910,2026-09-03,review_required,SOURCE_UNVERIFIED,naver
750,027040,2026-09-03,review_required,SOURCE_UNVERIFIED,naver
751,027050,2026-09-03,review_required,SOURCE_UNVERIFIED,naver
752,027360,2026-09-03,review_required,SOURCE_UNVERIFIED,naver
754,027580,2026-09-03,review_required,SOURCE_UNVERIFIED,naver
755,027710,2026-09-03,review_required,SOURCE_UNVERIFIED,naver
757,027830,2026-09-03,review_required,SOURCE_UNVERIFIED,naver
760,028080,2026-09-03,review_required,SOURCE_UNVERIFIED,naver
764,028300,2026-09-03,review_required,SOURCE_UNVERIFIED,naver
767,029480,2026-09-03,review_required,SOURCE_UNVERIFIED,naver
775,030520,2026-09-03,review_required,SOURCE_UNVERIFIED,naver
776,030530,2026-09-03,review_required,SOURCE_UNVERIFIED,naver
779,030960,2026-09-03,review_required,SOURCE_UNVERIFIED,naver
781,031310,2026-09-03,review_required,SOURCE_UNVERIFIED,naver
782,031330,2026-09-03,review_required,SOURCE_UNVERIFIED,naver
784,031510,2026-09-03,review_required,SOURCE_UNVERIFIED,naver
787,031980,2026-09-03,review_required,SOURCE_UNVERIFIED,naver
788,032080,2026-09-03,review_required,SOURCE_UNVERIFIED,naver
789,032190,2026-09-03,review_required,SOURCE_UNVERIFIED,naver
790,032280,2026-09-03,review_required,SOURCE_UNVERIFIED,naver
791,032300,2026-09-03,review_required,SOURCE_UNVERIFIED,naver
793,032500,2026-09-03,review_required,SOURCE_UNVERIFIED,naver
794,032540,2026-09-03,review_required,SOURCE_UNVERIFIED,naver
796,032580,2026-09-03,review_required,SOURCE_UNVERIFIED,naver
797,032620,2026-09-03,review_required,SOURCE_UNVERIFIED,naver
799,032680,2026-09-03,review_required,SOURCE_UNVERIFIED,naver
801,032750,2026-09-03,review_required,SOURCE_UNVERIFIED,naver
802,032790,2026-09-03,review_required,SOURCE_UNVERIFIED,naver
803,032800,2026-09-03,review_required,SOURCE_UNVERIFIED,naver
804,032820,2026-09-03,review_required,SOURCE_UNVERIFIED,naver
806,032850,2026-09-03,review_required,SOURCE_UNVERIFIED,naver
807,032860,2026-09-03,review_required,SOURCE_UNVERIFIED,naver
808,032940,2026-09-03,review_required,SOURCE_UNVERIFIED,naver
809,032960,2026-09-03,review_required,SOURCE_UNVERIFIED,naver
810,033050,2026-09-03,review_required,SOURCE_UNVERIFIED,naver
811,033100,2026-09-03,review_required,SOURCE_UNVERIFIED,naver
812,033130,2026-09-03,review_required,SOURCE_UNVERIFIED,naver
813,033160,2026-09-03,review_required,SOURCE_UNVERIFIED,naver
814,033170,2026-09-03,review_required,SOURCE_UNVERIFIED,naver
815,033200,2026-09-03,review_required,SOURCE_UNVERIFIED,naver
816,033230,2026-09-03,review_required,SOURCE_UNVERIFIED,naver
820,033290,2026-09-03,review_required,SOURCE_UNVERIFIED,naver
821,033310,2026-09-03,review_required,SOURCE_UNVERIFIED,naver
822,033320,2026-09-03,review_required,SOURCE_UNVERIFIED,naver
824,033500,2026-09-03,review_required,SOURCE_UNVERIFIED,naver
826,033540,2026-09-03,review_required,SOURCE_UNVERIFIED,naver
827,033560,2026-09-03,review_required,SOURCE_UNVERIFIED,naver
828,033640,2026-09-03,review_required,SOURCE_UNVERIFIED,naver
830,033790,2026-09-03,review_required,SOURCE_UNVERIFIED,naver
831,033830,2026-09-03,review_required,SOURCE_UNVERIFIED,naver
841,034810,2026-09-03,review_required,SOURCE_UNVERIFIED,naver
844,034940,2026-09-03,review_required,SOURCE_UNVERIFIED,naver
845,034950,2026-09-03,review_required,SOURCE_UNVERIFIED,naver
847,035080,2026-09-03,review_required,SOURCE_UNVERIFIED,naver
849,035200,2026-09-03,review_required,SOURCE_UNVERIFIED,naver
851,035290,2026-09-03,review_required,SOURCE_UNVERIFIED,naver
853,035460,2026-09-03,review_required,SOURCE_UNVERIFIED,naver
855,035600,2026-09-03,review_required,SOURCE_UNVERIFIED,naver
856,035610,2026-09-03,review_required,SOURCE_UNVERIFIED,naver
857,035620,2026-09-03,review_required,SOURCE_UNVERIFIED,naver
859,035760,2026-09-03,review_required,SOURCE_UNVERIFIED,naver
860,035810,2026-09-03,review_required,SOURCE_UNVERIFIED,naver
861,035890,2026-09-03,review_required,SOURCE_UNVERIFIED,naver
862,035900,2026-09-03,review_required,SOURCE_UNVERIFIED,naver
863,036000,2026-09-03,review_required,SOURCE_UNVERIFIED,naver
864,036010,2026-09-03,review_required,SOURCE_UNVERIFIED,naver
865,036030,2026-09-03,review_required,SOURCE_UNVERIFIED,naver
866,036090,2026-09-03,review_required,SOURCE_UNVERIFIED,naver
867,036120,2026-09-03,review_required,SOURCE_UNVERIFIED,naver
868,036170,2026-09-03,review_required,SOURCE_UNVERIFIED,naver
869,036190,2026-09-03,review_required,SOURCE_UNVERIFIED,naver
870,036200,2026-09-03,review_required,SOURCE_UNVERIFIED,naver
874,036480,2026-09-03,review_required,SOURCE_UNVERIFIED,naver
876,036540,2026-09-03,review_required,SOURCE_UNVERIFIED,naver
877,036560,2026-09-03,review_required,SOURCE_UNVERIFIED,naver
880,036620,2026-09-03,review_required,SOURCE_UNVERIFIED,naver
881,036630,2026-09-03,review_required,SOURCE_UNVERIFIED,naver
882,036640,2026-09-03,review_required,SOURCE_UNVERIFIED,naver
883,036670,2026-09-03,review_required,SOURCE_UNVERIFIED,naver
885,036710,2026-09-03,review_required,SOURCE_UNVERIFIED,naver
886,036800,2026-09-03,review_required,SOURCE_UNVERIFIED,naver
887,036810,2026-09-03,review_required,SOURCE_UNVERIFIED,naver
888,036830,2026-09-03,review_required,SOURCE_UNVERIFIED,naver
889,036890,2026-09-03,review_required,SOURCE_UNVERIFIED,naver
890,036930,2026-09-03,review_required,SOURCE_UNVERIFIED,naver
892,037070,2026-09-03,review_required,SOURCE_UNVERIFIED,naver
893,037230,2026-09-03,review_required,SOURCE_UNVERIFIED,naver
895,037330,2026-09-03,review_required,SOURCE_UNVERIFIED,naver
896,037350,2026-09-03,review_required,SOURCE_UNVERIFIED,naver
897,037370,2026-09-03,review_required,SOURCE_UNVERIFIED,naver
898,037400,2026-09-03,review_required,SOURCE_UNVERIFIED,naver
899,037440,2026-09-03,review_required,SOURCE_UNVERIFIED,naver
900,037460,2026-09-03,review_required,SOURCE_UNVERIFIED,naver
903,037760,2026-09-03,review_required,SOURCE_UNVERIFIED,naver
904,037950,2026-09-03,review_required,SOURCE_UNVERIFIED,naver
905,038010,2026-09-03,review_required,SOURCE_UNVERIFIED,naver
906,038060,2026-09-03,review_required,SOURCE_UNVERIFIED,naver
907,038070,2026-09-03,review_required,SOURCE_UNVERIFIED,naver
908,038110,2026-09-03,review_required,SOURCE_UNVERIFIED,naver
909,038290,2026-09-03,review_required,SOURCE_UNVERIFIED,naver
910,038390,2026-09-03,review_required,SOURCE_UNVERIFIED,naver
911,038460,2026-09-03,review_required,SOURCE_UNVERIFIED,naver
912,038500,2026-09-03,review_required,SOURCE_UNVERIFIED,naver
914,038540,2026-09-03,review_required,SOURCE_UNVERIFIED,naver
915,038620,2026-09-03,review_required,SOURCE_UNVERIFIED,naver
916,038680,2026-09-03,review_required,SOURCE_UNVERIFIED,naver
917,038870,2026-09-03,review_required,SOURCE_UNVERIFIED,naver
918,038880,2026-09-03,review_required,SOURCE_UNVERIFIED,naver
919,038950,2026-09-03,review_required,SOURCE_UNVERIFIED,naver
920,039010,2026-09-03,review_required,SOURCE_UNVERIFIED,naver
921,039020,2026-09-03,review_required,SOURCE_UNVERIFIED,naver
922,039030,2026-09-03,review_required,SOURCE_UNVERIFIED,naver
924,039200,2026-09-03,review_required,SOURCE_UNVERIFIED,naver
925,039240,2026-09-03,review_required,SOURCE_UNVERIFIED,naver
926,039290,2026-09-03,review_required,SOURCE_UNVERIFIED,naver
927,039310,2026-09-03,review_required,SOURCE_UNVERIFIED,naver
928,039340,2026-09-03,review_required,SOURCE_UNVERIFIED,naver
929,039420,2026-09-03,review_required,SOURCE_UNVERIFIED,naver
930,039440,2026-09-03,review_required,SOURCE_UNVERIFIED,naver
932,039560,2026-09-03,review_required,SOURCE_UNVERIFIED,naver
934,039610,2026-09-03,review_required,SOURCE_UNVERIFIED,naver
935,039740,2026-09-03,review_required,SOURCE_UNVERIFIED,naver
936,039830,2026-09-03,review_required,SOURCE_UNVERIFIED,naver
937,039840,2026-09-03,review_required,SOURCE_UNVERIFIED,naver
938,039860,2026-09-03,review_required,SOURCE_UNVERIFIED,naver
939,039980,2026-09-03,review_required,SOURCE_UNVERIFIED,naver
940,040160,2026-09-03,review_required,SOURCE_UNVERIFIED,naver
941,040300,2026-09-03,review_required,SOURCE_UNVERIFIED,naver
942,040350,2026-09-03,review_required,SOURCE_UNVERIFIED,naver
943,040420,2026-09-03,review_required,SOURCE_UNVERIFIED,naver
944,040610,2026-09-03,review_required,SOURCE_UNVERIFIED,naver
945,040910,2026-09-03,review_required,SOURCE_UNVERIFIED,naver
946,041020,2026-09-03,review_required,SOURCE_UNVERIFIED,naver
947,041190,2026-09-03,review_required,SOURCE_UNVERIFIED,naver
948,041440,2026-09-03,review_required,SOURCE_UNVERIFIED,naver
949,041460,2026-09-03,review_required,SOURCE_UNVERIFIED,naver
950,041510,2026-09-03,review_required,SOURCE_UNVERIFIED,naver
951,041520,2026-09-03,review_required,SOURCE_UNVERIFIED,naver
954,041830,2026-09-03,review_required,SOURCE_UNVERIFIED,naver
955,041910,2026-09-03,review_required,SOURCE_UNVERIFIED,naver
956,041920,2026-09-03,review_required,SOURCE_UNVERIFIED,naver
957,041930,2026-09-03,review_required,SOURCE_UNVERIFIED,naver
958,041960,2026-09-03,review_required,SOURCE_UNVERIFIED,naver
959,042000,2026-09-03,review_required,SOURCE_UNVERIFIED,naver
960,042040,2026-09-03,review_required,SOURCE_UNVERIFIED,naver
961,042110,2026-09-03,review_required,SOURCE_UNVERIFIED,naver
962,042370,2026-09-03,review_required,SOURCE_UNVERIFIED,naver
963,042420,2026-09-03,review_required,SOURCE_UNVERIFIED,naver
964,042500,2026-09-03,review_required,SOURCE_UNVERIFIED,naver
965,042510,2026-09-03,review_required,SOURCE_UNVERIFIED,naver
966,042520,2026-09-03,review_required,SOURCE_UNVERIFIED,naver
967,042600,2026-09-03,review_required,SOURCE_UNVERIFIED,naver
970,042940,2026-09-03,review_required,SOURCE_UNVERIFIED,naver
972,043150,2026-09-03,review_required,SOURCE_UNVERIFIED,naver
973,043200,2026-09-03,review_required,SOURCE_UNVERIFIED,naver
975,043260,2026-09-03,review_required,SOURCE_UNVERIFIED,naver
976,043340,2026-09-03,review_required,SOURCE_UNVERIFIED,naver
977,043360,2026-09-03,review_required,SOURCE_UNVERIFIED,naver
978,043370,2026-09-03,review_required,SOURCE_UNVERIFIED,naver
979,043590,2026-09-03,review_required,SOURCE_UNVERIFIED,naver
980,043610,2026-09-03,review_required,SOURCE_UNVERIFIED,naver
981,043650,2026-09-03,review_required,SOURCE_UNVERIFIED,naver
982,043710,2026-09-03,review_required,SOURCE_UNVERIFIED,naver
983,043910,2026-09-03,review_required,SOURCE_UNVERIFIED,naver
985,044340,2026-09-03,review_required,SOURCE_UNVERIFIED,naver
988,044480,2026-09-03,review_required,SOURCE_UNVERIFIED,naver
989,044490,2026-09-03,review_required,SOURCE_UNVERIFIED,naver
990,044780,2026-09-03,review_required,SOURCE_UNVERIFIED,naver
992,044960,2026-09-03,review_required,SOURCE_UNVERIFIED,naver
993,044990,2026-09-03,review_required,SOURCE_UNVERIFIED,naver
994,045060,2026-09-03,review_required,SOURCE_UNVERIFIED,naver
995,045100,2026-09-03,review_required,SOURCE_UNVERIFIED,naver
996,045300,2026-09-03,review_required,SOURCE_UNVERIFIED,naver
997,045340,2026-09-03,review_required,SOURCE_UNVERIFIED,naver
998,045390,2026-09-03,review_required,SOURCE_UNVERIFIED,naver
999,045510,2026-09-03,review_required,SOURCE_UNVERIFIED,naver
1000,045520,2026-09-03,review_required,SOURCE_UNVERIFIED,naver
1001,045660,2026-09-03,review_required,SOURCE_UNVERIFIED,naver
1002,045970,2026-09-03,review_required,SOURCE_UNVERIFIED,naver
1004,046120,2026-09-03,review_required,SOURCE_UNVERIFIED,naver
1005,046210,2026-09-03,review_required,SOURCE_UNVERIFIED,naver
1006,046310,2026-09-03,review_required,SOURCE_UNVERIFIED,naver
1007,046390,2026-09-03,review_required,SOURCE_UNVERIFIED,naver
1008,046440,2026-09-03,review_required,SOURCE_UNVERIFIED,naver
1009,046890,2026-09-03,review_required,SOURCE_UNVERIFIED,naver
1010,046940,2026-09-03,review_required,SOURCE_UNVERIFIED,naver
1011,046970,2026-09-03,review_required,SOURCE_UNVERIFIED,naver
1014,047080,2026-09-03,review_required,SOURCE_UNVERIFIED,naver
1015,047310,2026-09-03,review_required,SOURCE_UNVERIFIED,naver
1017,047560,2026-09-03,review_required,SOURCE_UNVERIFIED,naver
1018,047770,2026-09-03,review_required,SOURCE_UNVERIFIED,naver
1020,047820,2026-09-03,review_required,SOURCE_UNVERIFIED,naver
1021,047920,2026-09-03,review_required,SOURCE_UNVERIFIED,naver
1022,048410,2026-09-03,review_required,SOURCE_UNVERIFIED,naver
1023,048430,2026-09-03,review_required,SOURCE_UNVERIFIED,naver
1024,048470,2026-09-03,review_required,SOURCE_UNVERIFIED,naver
1025,048530,2026-09-03,review_required,SOURCE_UNVERIFIED,naver
1026,048550,2026-09-03,review_required,SOURCE_UNVERIFIED,naver
1027,048770,2026-09-03,review_required,SOURCE_UNVERIFIED,naver
1028,048830,2026-09-03,review_required,SOURCE_UNVERIFIED,naver
1029,048870,2026-09-03,review_required,SOURCE_UNVERIFIED,naver
1030,048910,2026-09-03,review_required,SOURCE_UNVERIFIED,naver
1031,049070,2026-09-03,review_required,SOURCE_UNVERIFIED,naver
1032,049080,2026-09-03,review_required,SOURCE_UNVERIFIED,naver
1033,049120,2026-09-03,review_required,SOURCE_UNVERIFIED,naver
1035,049430,2026-09-03,review_required,SOURCE_UNVERIFIED,naver
1036,049470,2026-09-03,review_required,SOURCE_UNVERIFIED,naver
1037,049480,2026-09-03,review_required,SOURCE_UNVERIFIED,naver
1038,049520,2026-09-03,review_required,SOURCE_UNVERIFIED,naver
1039,049550,2026-09-03,review_required,SOURCE_UNVERIFIED,naver
1040,049630,2026-09-03,review_required,SOURCE_UNVERIFIED,naver
1041,049720,2026-09-03,review_required,SOURCE_UNVERIFIED,naver
1043,049830,2026-09-03,review_required,SOURCE_UNVERIFIED,naver
1044,049950,2026-09-03,review_required,SOURCE_UNVERIFIED,naver
1045,049960,2026-09-03,review_required,SOURCE_UNVERIFIED,naver
1046,050090,2026-09-03,review_required,SOURCE_UNVERIFIED,naver
1047,050110,2026-09-03,review_required,SOURCE_UNVERIFIED,naver
1048,050120,2026-09-03,review_required,SOURCE_UNVERIFIED,naver
1049,050760,2026-09-03,review_required,SOURCE_UNVERIFIED,naver
1050,050860,2026-09-03,review_required,SOURCE_UNVERIFIED,naver
1051,050890,2026-09-03,review_required,SOURCE_UNVERIFIED,naver
1052,050960,2026-09-03,review_required,SOURCE_UNVERIFIED,naver
1053,051160,2026-09-03,review_required,SOURCE_UNVERIFIED,naver
1054,051360,2026-09-03,review_required,SOURCE_UNVERIFIED,naver
1055,051370,2026-09-03,review_required,SOURCE_UNVERIFIED,naver
1056,051380,2026-09-03,review_required,SOURCE_UNVERIFIED,naver
1057,051390,2026-09-03,review_required,SOURCE_UNVERIFIED,naver
1058,051490,2026-09-03,review_required,SOURCE_UNVERIFIED,naver
1059,051500,2026-09-03,review_required,SOURCE_UNVERIFIED,naver
1062,051780,2026-09-03,review_required,SOURCE_UNVERIFIED,naver
1067,051980,2026-09-03,review_required,SOURCE_UNVERIFIED,naver
1068,052020,2026-09-03,review_required,SOURCE_UNVERIFIED,naver
1069,052220,2026-09-03,review_required,SOURCE_UNVERIFIED,naver
1070,052260,2026-09-03,review_required,SOURCE_UNVERIFIED,naver
1071,052300,2026-09-03,review_required,SOURCE_UNVERIFIED,naver
1072,052330,2026-09-03,review_required,SOURCE_UNVERIFIED,naver
1073,052400,2026-09-03,review_required,SOURCE_UNVERIFIED,naver
1074,052420,2026-09-03,review_required,SOURCE_UNVERIFIED,naver
1075,052460,2026-09-03,review_required,SOURCE_UNVERIFIED,naver
1076,052600,2026-09-03,review_required,SOURCE_UNVERIFIED,naver
1078,052710,2026-09-03,review_required,SOURCE_UNVERIFIED,naver
1080,052790,2026-09-03,review_required,SOURCE_UNVERIFIED,naver
1081,052860,2026-09-03,review_required,SOURCE_UNVERIFIED,naver
1082,052900,2026-09-03,review_required,SOURCE_UNVERIFIED,naver
1083,053030,2026-09-03,review_required,SOURCE_UNVERIFIED,naver
1084,053050,2026-09-03,review_required,SOURCE_UNVERIFIED,naver
1085,053060,2026-09-03,review_required,SOURCE_UNVERIFIED,naver
1086,053080,2026-09-03,review_required,SOURCE_UNVERIFIED,naver
1087,053160,2026-09-03,review_required,SOURCE_UNVERIFIED,naver
1089,053260,2026-09-03,review_required,SOURCE_UNVERIFIED,naver
1090,053270,2026-09-03,review_required,SOURCE_UNVERIFIED,naver
1091,053280,2026-09-03,review_required,SOURCE_UNVERIFIED,naver
1092,053290,2026-09-03,review_required,SOURCE_UNVERIFIED,naver
1093,053300,2026-09-03,review_required,SOURCE_UNVERIFIED,naver
1094,053350,2026-09-03,review_required,SOURCE_UNVERIFIED,naver
1095,053450,2026-09-03,review_required,SOURCE_UNVERIFIED,naver
1096,053580,2026-09-03,review_required,SOURCE_UNVERIFIED,naver
1097,053610,2026-09-03,review_required,SOURCE_UNVERIFIED,naver
1098,053620,2026-09-03,review_required,SOURCE_UNVERIFIED,naver
1100,053700,2026-09-03,review_required,SOURCE_UNVERIFIED,naver
1101,053800,2026-09-03,review_required,SOURCE_UNVERIFIED,naver
1102,053950,2026-09-03,review_required,SOURCE_UNVERIFIED,naver
1103,053980,2026-09-03,review_required,SOURCE_UNVERIFIED,naver
1104,054040,2026-09-03,review_required,SOURCE_UNVERIFIED,naver
1105,054050,2026-09-03,review_required,SOURCE_UNVERIFIED,naver
1106,054090,2026-09-03,review_required,SOURCE_UNVERIFIED,naver
1108,054210,2026-09-03,review_required,SOURCE_UNVERIFIED,naver
1109,054220,2026-09-03,review_required,SOURCE_UNVERIFIED,naver
1110,054300,2026-09-03,review_required,SOURCE_UNVERIFIED,naver
1111,054410,2026-09-03,review_required,SOURCE_UNVERIFIED,naver
1112,054450,2026-09-03,review_required,SOURCE_UNVERIFIED,naver
1113,054540,2026-09-03,review_required,SOURCE_UNVERIFIED,naver
1114,054620,2026-09-03,review_required,SOURCE_UNVERIFIED,naver
1115,054670,2026-09-03,review_required,SOURCE_UNVERIFIED,naver
1116,054780,2026-09-03,review_required,SOURCE_UNVERIFIED,naver
1117,054800,2026-09-03,review_required,SOURCE_UNVERIFIED,naver
1118,054920,2026-09-03,review_required,SOURCE_UNVERIFIED,naver
1119,054930,2026-09-03,review_required,SOURCE_UNVERIFIED,naver
1120,054940,2026-09-03,review_required,SOURCE_UNVERIFIED,naver
1121,054950,2026-09-03,review_required,SOURCE_UNVERIFIED,naver
1124,056080,2026-09-03,review_required,SOURCE_UNVERIFIED,naver
1125,056090,2026-09-03,review_required,SOURCE_UNVERIFIED,naver
1126,056190,2026-09-03,review_required,SOURCE_UNVERIFIED,naver
1127,056360,2026-09-03,review_required,SOURCE_UNVERIFIED,naver
1128,056700,2026-09-03,review_required,SOURCE_UNVERIFIED,naver
1129,056730,2026-09-03,review_required,SOURCE_UNVERIFIED,naver
1130,057030,2026-09-03,review_required,SOURCE_UNVERIFIED,naver
1131,057540,2026-09-03,review_required,SOURCE_UNVERIFIED,naver
1132,057680,2026-09-03,review_required,SOURCE_UNVERIFIED,naver
1133,058110,2026-09-03,review_required,SOURCE_UNVERIFIED,naver
1134,058400,2026-09-03,review_required,SOURCE_UNVERIFIED,naver
1136,058450,2026-09-03,review_required,SOURCE_UNVERIFIED,naver
1137,058470,2026-09-03,review_required,SOURCE_UNVERIFIED,naver
1138,058610,2026-09-03,review_required,SOURCE_UNVERIFIED,naver
1139,058630,2026-09-03,review_required,SOURCE_UNVERIFIED,naver
1142,058820,2026-09-03,review_required,SOURCE_UNVERIFIED,naver
1145,058970,2026-09-03,review_required,SOURCE_UNVERIFIED,naver
1146,059090,2026-09-03,review_required,SOURCE_UNVERIFIED,naver
1147,059100,2026-09-03,review_required,SOURCE_UNVERIFIED,naver
1148,059120,2026-09-03,review_required,SOURCE_UNVERIFIED,naver
1149,059210,2026-09-03,review_required,SOURCE_UNVERIFIED,naver
1150,059270,2026-09-03,review_required,SOURCE_UNVERIFIED,naver
1151,060150,2026-09-03,review_required,SOURCE_UNVERIFIED,naver
1152,060230,2026-09-03,review_required,SOURCE_UNVERIFIED,naver
1153,060250,2026-09-03,review_required,SOURCE_UNVERIFIED,naver
1154,060260,2026-09-03,review_required,SOURCE_UNVERIFIED,naver
1155,060280,2026-09-03,review_required,SOURCE_UNVERIFIED,naver
1156,060310,2026-09-03,review_required,SOURCE_UNVERIFIED,naver
1157,060370,2026-09-03,review_required,SOURCE_UNVERIFIED,naver
1158,060380,2026-09-03,review_required,SOURCE_UNVERIFIED,naver
1159,060480,2026-09-03,review_required,SOURCE_UNVERIFIED,naver
1160,060540,2026-09-03,review_required,SOURCE_UNVERIFIED,naver
1161,060560,2026-09-03,review_required,SOURCE_UNVERIFIED,naver
1162,060570,2026-09-03,review_required,SOURCE_UNVERIFIED,naver
1163,060590,2026-09-03,review_required,SOURCE_UNVERIFIED,naver
1164,060720,2026-09-03,review_required,SOURCE_UNVERIFIED,naver
1165,060850,2026-09-03,review_required,SOURCE_UNVERIFIED,naver
1166,060900,2026-09-03,review_required,SOURCE_UNVERIFIED,naver
1168,061040,2026-09-03,review_required,SOURCE_UNVERIFIED,naver
1169,061090,2026-09-03,review_required,SOURCE_UNVERIFIED,naver
1170,061250,2026-09-03,review_required,SOURCE_UNVERIFIED,naver
1171,061970,2026-09-03,review_required,SOURCE_UNVERIFIED,naver
1174,063080,2026-09-03,review_required,SOURCE_UNVERIFIED,naver
1176,063170,2026-09-03,review_required,SOURCE_UNVERIFIED,naver
1177,063440,2026-09-03,review_required,SOURCE_UNVERIFIED,naver
1178,063570,2026-09-03,review_required,SOURCE_UNVERIFIED,naver
1179,063760,2026-09-03,review_required,SOURCE_UNVERIFIED,naver
1181,064240,2026-09-03,review_required,SOURCE_UNVERIFIED,naver
1182,064260,2026-09-03,review_required,SOURCE_UNVERIFIED,naver
1183,064290,2026-09-03,review_required,SOURCE_UNVERIFIED,naver
1186,064480,2026-09-03,review_required,SOURCE_UNVERIFIED,naver
1187,064520,2026-09-03,review_required,SOURCE_UNVERIFIED,naver
1188,064550,2026-09-03,review_required,SOURCE_UNVERIFIED,naver
1189,064760,2026-09-03,review_required,SOURCE_UNVERIFIED,naver
1190,064800,2026-09-03,review_required,SOURCE_UNVERIFIED,naver
1191,064820,2026-09-03,review_required,SOURCE_UNVERIFIED,naver
1192,064850,2026-09-03,review_required,SOURCE_UNVERIFIED,naver
1194,065060,2026-09-03,review_required,SOURCE_UNVERIFIED,naver
1195,065130,2026-09-03,review_required,SOURCE_UNVERIFIED,naver
1196,065150,2026-09-03,review_required,SOURCE_UNVERIFIED,naver
1197,065170,2026-09-03,review_required,SOURCE_UNVERIFIED,naver
1198,065350,2026-09-03,review_required,SOURCE_UNVERIFIED,naver
1199,065370,2026-09-03,review_required,SOURCE_UNVERIFIED,naver
1201,065440,2026-09-03,review_required,SOURCE_UNVERIFIED,naver
1202,065450,2026-09-03,review_required,SOURCE_UNVERIFIED,naver
1203,065500,2026-09-03,review_required,SOURCE_UNVERIFIED,naver
1204,065510,2026-09-03,review_required,SOURCE_UNVERIFIED,naver
1205,065530,2026-09-03,review_required,SOURCE_UNVERIFIED,naver
1207,065650,2026-09-03,review_required,SOURCE_UNVERIFIED,naver
1208,065660,2026-09-03,review_required,SOURCE_UNVERIFIED,naver
1209,065680,2026-09-03,review_required,SOURCE_UNVERIFIED,naver
1210,065690,2026-09-03,review_required,SOURCE_UNVERIFIED,naver
1211,065710,2026-09-03,review_required,SOURCE_UNVERIFIED,naver
1212,065770,2026-09-03,review_required,SOURCE_UNVERIFIED,naver
1213,065950,2026-09-03,review_required,SOURCE_UNVERIFIED,naver
1214,066130,2026-09-03,review_required,SOURCE_UNVERIFIED,naver
1215,066310,2026-09-03,review_required,SOURCE_UNVERIFIED,naver
1216,066360,2026-09-03,review_required,SOURCE_UNVERIFIED,naver
1218,066430,2026-09-03,review_required,SOURCE_UNVERIFIED,naver
1221,066590,2026-09-03,review_required,SOURCE_UNVERIFIED,naver
1222,066620,2026-09-03,review_required,SOURCE_UNVERIFIED,naver
1223,066670,2026-09-03,review_required,SOURCE_UNVERIFIED,naver
1224,066700,2026-09-03,review_required,SOURCE_UNVERIFIED,naver
1226,066900,2026-09-03,review_required,SOURCE_UNVERIFIED,naver
1227,066910,2026-09-03,review_required,SOURCE_UNVERIFIED,naver
1229,066980,2026-09-03,review_required,SOURCE_UNVERIFIED,naver
1230,067000,2026-09-03,review_required,SOURCE_UNVERIFIED,naver
1231,067010,2026-09-03,review_required,SOURCE_UNVERIFIED,naver
1232,067080,2026-09-03,review_required,SOURCE_UNVERIFIED,naver
1233,067160,2026-09-03,review_required,SOURCE_UNVERIFIED,naver
1234,067170,2026-09-03,review_required,SOURCE_UNVERIFIED,naver
1235,067280,2026-09-03,review_required,SOURCE_UNVERIFIED,naver
1236,067290,2026-09-03,review_required,SOURCE_UNVERIFIED,naver
1237,067310,2026-09-03,review_required,SOURCE_UNVERIFIED,naver
1238,067370,2026-09-03,review_required,SOURCE_UNVERIFIED,naver
1239,067390,2026-09-03,review_required,SOURCE_UNVERIFIED,naver
1240,067570,2026-09-03,review_required,SOURCE_UNVERIFIED,naver
1241,067630,2026-09-03,review_required,SOURCE_UNVERIFIED,naver
1242,067730,2026-09-03,review_required,SOURCE_UNVERIFIED,naver
1243,067770,2026-09-03,review_required,SOURCE_UNVERIFIED,naver
1245,067900,2026-09-03,review_required,SOURCE_UNVERIFIED,naver
1246,067920,2026-09-03,review_required,SOURCE_UNVERIFIED,naver
1247,067990,2026-09-03,review_required,SOURCE_UNVERIFIED,naver
1248,068050,2026-09-03,review_required,SOURCE_UNVERIFIED,naver
1249,068100,2026-09-03,review_required,SOURCE_UNVERIFIED,naver
1253,068330,2026-09-03,review_required,SOURCE_UNVERIFIED,naver
1254,068760,2026-09-03,review_required,SOURCE_UNVERIFIED,naver
1255,068790,2026-09-03,review_required,SOURCE_UNVERIFIED,naver
1256,068930,2026-09-03,review_required,SOURCE_UNVERIFIED,naver
1258,069080,2026-09-03,review_required,SOURCE_UNVERIFIED,naver
1259,069140,2026-09-03,review_required,SOURCE_UNVERIFIED,naver
1261,069330,2026-09-03,review_required,SOURCE_UNVERIFIED,naver
1262,069410,2026-09-03,review_required,SOURCE_UNVERIFIED,naver
1264,069510,2026-09-03,review_required,SOURCE_UNVERIFIED,naver
1265,069540,2026-09-03,review_required,SOURCE_UNVERIFIED,naver
1269,069920,2026-09-03,review_required,SOURCE_UNVERIFIED,naver
1271,070300,2026-09-03,review_required,SOURCE_UNVERIFIED,naver
1272,070590,2026-09-03,review_required,SOURCE_UNVERIFIED,naver
1277,071200,2026-09-03,review_required,SOURCE_UNVERIFIED,naver
1278,071280,2026-09-03,review_required,SOURCE_UNVERIFIED,naver
1280,071670,2026-09-03,review_required,SOURCE_UNVERIFIED,naver
1282,071850,2026-09-03,review_required,SOURCE_UNVERIFIED,naver
1285,072020,2026-09-03,review_required,SOURCE_UNVERIFIED,naver
1287,072470,2026-09-03,review_required,SOURCE_UNVERIFIED,naver
1289,072770,2026-09-03,review_required,SOURCE_UNVERIFIED,naver
1290,072870,2026-09-03,review_required,SOURCE_UNVERIFIED,naver
1291,072950,2026-09-03,review_required,SOURCE_UNVERIFIED,naver
1292,072990,2026-09-03,review_required,SOURCE_UNVERIFIED,naver
1293,073010,2026-09-03,review_required,SOURCE_UNVERIFIED,naver
1294,073110,2026-09-03,review_required,SOURCE_UNVERIFIED,naver
1297,073490,2026-09-03,review_required,SOURCE_UNVERIFIED,naver
1298,073540,2026-09-03,review_required,SOURCE_UNVERIFIED,naver
1299,073560,2026-09-03,review_required,SOURCE_UNVERIFIED,naver
1300,073570,2026-09-03,review_required,SOURCE_UNVERIFIED,naver
1302,074430,2026-09-03,review_required,SOURCE_UNVERIFIED,naver
1303,074600,2026-09-03,review_required,SOURCE_UNVERIFIED,naver
1305,075130,2026-09-03,review_required,SOURCE_UNVERIFIED,naver
1308,075970,2026-09-03,review_required,SOURCE_UNVERIFIED,naver
1309,076080,2026-09-03,review_required,SOURCE_UNVERIFIED,naver
1310,076610,2026-09-03,review_required,SOURCE_UNVERIFIED,naver
1311,077360,2026-09-03,review_required,SOURCE_UNVERIFIED,naver
1315,078020,2026-09-03,review_required,SOURCE_UNVERIFIED,naver
1316,078070,2026-09-03,review_required,SOURCE_UNVERIFIED,naver
1317,078130,2026-09-03,review_required,SOURCE_UNVERIFIED,naver
1318,078140,2026-09-03,review_required,SOURCE_UNVERIFIED,naver
1319,078150,2026-09-03,review_required,SOURCE_UNVERIFIED,naver
1320,078160,2026-09-03,review_required,SOURCE_UNVERIFIED,naver
1321,078340,2026-09-03,review_required,SOURCE_UNVERIFIED,naver
1322,078350,2026-09-03,review_required,SOURCE_UNVERIFIED,naver
1324,078590,2026-09-03,review_required,SOURCE_UNVERIFIED,naver
1325,078600,2026-09-03,review_required,SOURCE_UNVERIFIED,naver
1326,078860,2026-09-03,review_required,SOURCE_UNVERIFIED,naver
1327,078890,2026-09-03,review_required,SOURCE_UNVERIFIED,naver
1330,079000,2026-09-03,review_required,SOURCE_UNVERIFIED,naver
1332,079170,2026-09-03,review_required,SOURCE_UNVERIFIED,naver
1333,079190,2026-09-03,review_required,SOURCE_UNVERIFIED,naver
1334,079370,2026-09-03,review_required,SOURCE_UNVERIFIED,naver
1337,079650,2026-09-03,review_required,SOURCE_UNVERIFIED,naver
1338,079810,2026-09-03,review_required,SOURCE_UNVERIFIED,naver
1340,079940,2026-09-03,review_required,SOURCE_UNVERIFIED,naver
1341,079950,2026-09-03,review_required,SOURCE_UNVERIFIED,naver
1342,079960,2026-09-03,review_required,SOURCE_UNVERIFIED,naver
1345,080010,2026-09-03,review_required,SOURCE_UNVERIFIED,naver
1346,080160,2026-09-03,review_required,SOURCE_UNVERIFIED,naver
1347,080220,2026-09-03,review_required,SOURCE_UNVERIFIED,naver
1348,080420,2026-09-03,review_required,SOURCE_UNVERIFIED,naver
1349,080470,2026-09-03,review_required,SOURCE_UNVERIFIED,naver
1350,080520,2026-09-03,review_required,SOURCE_UNVERIFIED,naver
1351,080530,2026-09-03,review_required,SOURCE_UNVERIFIED,naver
1352,080580,2026-09-03,review_required,SOURCE_UNVERIFIED,naver
1355,081150,2026-09-03,review_required,SOURCE_UNVERIFIED,naver
1356,081180,2026-09-03,review_required,SOURCE_UNVERIFIED,naver
1357,081580,2026-09-03,review_required,SOURCE_UNVERIFIED,naver
1359,082210,2026-09-03,review_required,SOURCE_UNVERIFIED,naver
1360,082270,2026-09-03,review_required,SOURCE_UNVERIFIED,naver
1364,082800,2026-09-03,review_required,SOURCE_UNVERIFIED,naver
1365,082850,2026-09-03,review_required,SOURCE_UNVERIFIED,naver
1366,082920,2026-09-03,review_required,SOURCE_UNVERIFIED,naver
1367,083310,2026-09-03,review_required,SOURCE_UNVERIFIED,naver
1369,083450,2026-09-03,review_required,SOURCE_UNVERIFIED,naver
1370,083470,2026-09-03,review_required,SOURCE_UNVERIFIED,naver
1371,083500,2026-09-03,review_required,SOURCE_UNVERIFIED,naver
1372,083550,2026-09-03,review_required,SOURCE_UNVERIFIED,naver
1373,083640,2026-09-03,review_required,SOURCE_UNVERIFIED,naver
1374,083650,2026-09-03,review_required,SOURCE_UNVERIFIED,naver
1375,083660,2026-09-03,review_required,SOURCE_UNVERIFIED,naver
1376,083790,2026-09-03,review_required,SOURCE_UNVERIFIED,naver
1377,083930,2026-09-03,review_required,SOURCE_UNVERIFIED,naver
1379,084110,2026-09-03,review_required,SOURCE_UNVERIFIED,naver
1380,084180,2026-09-03,review_required,SOURCE_UNVERIFIED,naver
1381,084370,2026-09-03,review_required,SOURCE_UNVERIFIED,naver
1388,084730,2026-09-03,review_required,SOURCE_UNVERIFIED,naver
1389,084850,2026-09-03,review_required,SOURCE_UNVERIFIED,naver
1391,084990,2026-09-03,review_required,SOURCE_UNVERIFIED,naver
1394,085660,2026-09-03,review_required,SOURCE_UNVERIFIED,naver
1395,085670,2026-09-03,review_required,SOURCE_UNVERIFIED,naver
1396,085810,2026-09-03,review_required,SOURCE_UNVERIFIED,naver
1397,085910,2026-09-03,review_required,SOURCE_UNVERIFIED,naver
1398,086040,2026-09-03,review_required,SOURCE_UNVERIFIED,naver
1399,086060,2026-09-03,review_required,SOURCE_UNVERIFIED,naver
1401,086390,2026-09-03,review_required,SOURCE_UNVERIFIED,naver
1402,086450,2026-09-03,review_required,SOURCE_UNVERIFIED,naver
1403,086520,2026-09-03,review_required,SOURCE_UNVERIFIED,naver
1404,086670,2026-09-03,review_required,SOURCE_UNVERIFIED,naver
1405,086710,2026-09-03,review_required,SOURCE_UNVERIFIED,naver
1407,086820,2026-09-03,review_required,SOURCE_UNVERIFIED,naver
1408,086890,2026-09-03,review_required,SOURCE_UNVERIFIED,naver
1409,086900,2026-09-03,review_required,SOURCE_UNVERIFIED,naver
1410,086960,2026-09-03,review_required,SOURCE_UNVERIFIED,naver
1411,086980,2026-09-03,review_required,SOURCE_UNVERIFIED,naver
1412,087010,2026-09-03,review_required,SOURCE_UNVERIFIED,naver
1414,087600,2026-09-03,review_required,SOURCE_UNVERIFIED,naver
1415,088130,2026-09-03,review_required,SOURCE_UNVERIFIED,naver
1417,088280,2026-09-03,review_required,SOURCE_UNVERIFIED,naver
1418,088290,2026-09-03,review_required,SOURCE_UNVERIFIED,naver
1419,088340,2026-09-03,review_required,SOURCE_UNVERIFIED,naver
1421,088390,2026-09-03,review_required,SOURCE_UNVERIFIED,naver
1423,088800,2026-09-03,review_required,SOURCE_UNVERIFIED,naver
1424,088910,2026-09-03,review_required,SOURCE_UNVERIFIED,naver
1426,089010,2026-09-03,review_required,SOURCE_UNVERIFIED,naver
1427,089030,2026-09-03,review_required,SOURCE_UNVERIFIED,naver
1428,089140,2026-09-03,review_required,SOURCE_UNVERIFIED,naver
1429,089150,2026-09-03,review_required,SOURCE_UNVERIFIED,naver
1430,089230,2026-09-03,review_required,SOURCE_UNVERIFIED,naver
1433,089600,2026-09-03,review_required,SOURCE_UNVERIFIED,naver
1434,089790,2026-09-03,review_required,SOURCE_UNVERIFIED,naver
1435,089850,2026-09-03,review_required,SOURCE_UNVERIFIED,naver
1437,089890,2026-09-03,review_required,SOURCE_UNVERIFIED,naver
1438,089970,2026-09-03,review_required,SOURCE_UNVERIFIED,naver
1439,089980,2026-09-03,review_required,SOURCE_UNVERIFIED,naver
1441,090150,2026-09-03,review_required,SOURCE_UNVERIFIED,naver
1444,090360,2026-09-03,review_required,SOURCE_UNVERIFIED,naver
1446,090410,2026-09-03,review_required,SOURCE_UNVERIFIED,naver
1450,090470,2026-09-03,review_required,SOURCE_UNVERIFIED,naver
1451,090710,2026-09-03,review_required,SOURCE_UNVERIFIED,naver
1452,090850,2026-09-03,review_required,SOURCE_UNVERIFIED,naver
1453,091120,2026-09-03,review_required,SOURCE_UNVERIFIED,naver
1454,091340,2026-09-03,review_required,SOURCE_UNVERIFIED,naver
1455,091440,2026-09-03,review_required,SOURCE_UNVERIFIED,naver
1456,091580,2026-09-03,review_required,SOURCE_UNVERIFIED,naver
1457,091590,2026-09-03,review_required,SOURCE_UNVERIFIED,naver
1458,091700,2026-09-03,review_required,SOURCE_UNVERIFIED,naver
1460,091970,2026-09-03,review_required,SOURCE_UNVERIFIED,naver
1461,092040,2026-09-03,review_required,SOURCE_UNVERIFIED,naver
1462,092070,2026-09-03,review_required,SOURCE_UNVERIFIED,naver
1463,092130,2026-09-03,review_required,SOURCE_UNVERIFIED,naver
1464,092190,2026-09-03,review_required,SOURCE_UNVERIFIED,naver
1468,092300,2026-09-03,review_required,SOURCE_UNVERIFIED,naver
1470,092460,2026-09-03,review_required,SOURCE_UNVERIFIED,naver
1471,092600,2026-09-03,review_required,SOURCE_UNVERIFIED,naver
1472,092730,2026-09-03,review_required,SOURCE_UNVERIFIED,naver
1475,092870,2026-09-03,review_required,SOURCE_UNVERIFIED,naver
1477,093190,2026-09-03,review_required,SOURCE_UNVERIFIED,naver
1479,093320,2026-09-03,review_required,SOURCE_UNVERIFIED,naver
1481,093380,2026-09-03,review_required,SOURCE_UNVERIFIED,naver
1482,093520,2026-09-03,review_required,SOURCE_UNVERIFIED,naver
1483,093640,2026-09-03,review_required,SOURCE_UNVERIFIED,naver
1484,093920,2026-09-03,review_required,SOURCE_UNVERIFIED,naver
1485,094170,2026-09-03,review_required,SOURCE_UNVERIFIED,naver
1487,094360,2026-09-03,review_required,SOURCE_UNVERIFIED,naver
1488,094480,2026-09-03,review_required,SOURCE_UNVERIFIED,naver
1490,094820,2026-09-03,review_required,SOURCE_UNVERIFIED,naver
1491,094840,2026-09-03,review_required,SOURCE_UNVERIFIED,naver
1492,094850,2026-09-03,review_required,SOURCE_UNVERIFIED,naver
1493,094860,2026-09-03,review_required,SOURCE_UNVERIFIED,naver
1494,094940,2026-09-03,review_required,SOURCE_UNVERIFIED,naver
1495,094970,2026-09-03,review_required,SOURCE_UNVERIFIED,naver
1496,095190,2026-09-03,review_required,SOURCE_UNVERIFIED,naver
1497,095270,2026-09-03,review_required,SOURCE_UNVERIFIED,naver
1498,095340,2026-09-03,review_required,SOURCE_UNVERIFIED,naver
1499,095500,2026-09-03,review_required,SOURCE_UNVERIFIED,naver
1501,095610,2026-09-03,review_required,SOURCE_UNVERIFIED,naver
1502,095660,2026-09-03,review_required,SOURCE_UNVERIFIED,naver
1503,095700,2026-09-03,review_required,SOURCE_UNVERIFIED,naver
1505,095910,2026-09-03,review_required,SOURCE_UNVERIFIED,naver
1506,096240,2026-09-03,review_required,SOURCE_UNVERIFIED,naver
1507,096250,2026-09-03,review_required,SOURCE_UNVERIFIED,naver
1508,096350,2026-09-03,review_required,SOURCE_UNVERIFIED,naver
1509,096530,2026-09-03,review_required,SOURCE_UNVERIFIED,naver
1511,096630,2026-09-03,review_required,SOURCE_UNVERIFIED,naver
1512,096690,2026-09-03,review_required,SOURCE_UNVERIFIED,naver
1516,096870,2026-09-03,review_required,SOURCE_UNVERIFIED,naver
1519,097780,2026-09-03,review_required,SOURCE_UNVERIFIED,naver
1520,097800,2026-09-03,review_required,SOURCE_UNVERIFIED,naver
1521,097870,2026-09-03,review_required,SOURCE_UNVERIFIED,naver
1524,098070,2026-09-03,review_required,SOURCE_UNVERIFIED,naver
1525,098120,2026-09-03,review_required,SOURCE_UNVERIFIED,naver
1526,098460,2026-09-03,review_required,SOURCE_UNVERIFIED,naver
1527,098660,2026-09-03,review_required,SOURCE_UNVERIFIED,naver
1528,099190,2026-09-03,review_required,SOURCE_UNVERIFIED,naver
1530,099320,2026-09-03,review_required,SOURCE_UNVERIFIED,naver
1531,099390,2026-09-03,review_required,SOURCE_UNVERIFIED,naver
1532,099410,2026-09-03,review_required,SOURCE_UNVERIFIED,naver
1533,099430,2026-09-03,review_required,SOURCE_UNVERIFIED,naver
1534,099440,2026-09-03,review_required,SOURCE_UNVERIFIED,naver
1536,099750,2026-09-03,review_required,SOURCE_UNVERIFIED,naver
1537,100030,2026-09-03,review_required,SOURCE_UNVERIFIED,naver
1539,100120,2026-09-03,review_required,SOURCE_UNVERIFIED,naver
1540,100130,2026-09-03,review_required,SOURCE_UNVERIFIED,naver
1543,100590,2026-09-03,review_required,SOURCE_UNVERIFIED,naver
1544,100660,2026-09-03,review_required,SOURCE_UNVERIFIED,naver
1545,100700,2026-09-03,review_required,SOURCE_UNVERIFIED,naver
1546,100790,2026-09-03,review_required,SOURCE_UNVERIFIED,naver
1548,101000,2026-09-03,review_required,SOURCE_UNVERIFIED,naver
1550,101160,2026-09-03,review_required,SOURCE_UNVERIFIED,naver
1551,101170,2026-09-03,review_required,SOURCE_UNVERIFIED,naver
1552,101240,2026-09-03,review_required,SOURCE_UNVERIFIED,naver
1553,101330,2026-09-03,review_required,SOURCE_UNVERIFIED,naver
1554,101360,2026-09-03,review_required,SOURCE_UNVERIFIED,naver
1555,101400,2026-09-03,review_required,SOURCE_UNVERIFIED,naver
1556,101490,2026-09-03,review_required,SOURCE_UNVERIFIED,naver
1558,101670,2026-09-03,review_required,SOURCE_UNVERIFIED,naver
1559,101680,2026-09-03,review_required,SOURCE_UNVERIFIED,naver
1560,101730,2026-09-03,review_required,SOURCE_UNVERIFIED,naver
1561,101930,2026-09-03,review_required,SOURCE_UNVERIFIED,naver
1563,102120,2026-09-03,review_required,SOURCE_UNVERIFIED,naver
1565,102370,2026-09-03,review_required,SOURCE_UNVERIFIED,naver
1567,102710,2026-09-03,review_required,SOURCE_UNVERIFIED,naver
1568,102940,2026-09-03,review_required,SOURCE_UNVERIFIED,naver
1570,103230,2026-09-03,review_required,SOURCE_UNVERIFIED,naver
1572,103840,2026-09-03,review_required,SOURCE_UNVERIFIED,naver
1573,104040,2026-09-03,review_required,SOURCE_UNVERIFIED,naver
1574,104200,2026-09-03,review_required,SOURCE_UNVERIFIED,naver
1575,104460,2026-09-03,review_required,SOURCE_UNVERIFIED,naver
1576,104480,2026-09-03,review_required,SOURCE_UNVERIFIED,naver
1577,104540,2026-09-03,review_required,SOURCE_UNVERIFIED,naver
1578,104620,2026-09-03,review_required,SOURCE_UNVERIFIED,naver
1580,104830,2026-09-03,review_required,SOURCE_UNVERIFIED,naver
1581,105330,2026-09-03,review_required,SOURCE_UNVERIFIED,naver
1582,105550,2026-09-03,review_required,SOURCE_UNVERIFIED,naver
1585,105740,2026-09-03,review_required,SOURCE_UNVERIFIED,naver
1586,105760,2026-09-03,review_required,SOURCE_UNVERIFIED,naver
1589,106190,2026-09-03,review_required,SOURCE_UNVERIFIED,naver
1590,106240,2026-09-03,review_required,SOURCE_UNVERIFIED,naver
1592,107600,2026-09-03,review_required,SOURCE_UNVERIFIED,naver
1593,107640,2026-09-03,review_required,SOURCE_UNVERIFIED,naver
1594,108230,2026-09-03,review_required,SOURCE_UNVERIFIED,naver
1596,108380,2026-09-03,review_required,SOURCE_UNVERIFIED,naver
1597,108490,2026-09-03,review_required,SOURCE_UNVERIFIED,naver
1600,108860,2026-09-03,review_required,SOURCE_UNVERIFIED,naver
1602,109080,2026-09-03,review_required,SOURCE_UNVERIFIED,naver
1603,109610,2026-09-03,review_required,SOURCE_UNVERIFIED,naver
1604,109670,2026-09-03,review_required,SOURCE_UNVERIFIED,naver
1605,109740,2026-09-03,review_required,SOURCE_UNVERIFIED,naver
1606,109820,2026-09-03,review_required,SOURCE_UNVERIFIED,naver
1607,109860,2026-09-03,review_required,SOURCE_UNVERIFIED,naver
1608,109960,2026-09-03,review_required,SOURCE_UNVERIFIED,naver
1609,110020,2026-09-03,review_required,SOURCE_UNVERIFIED,naver
1610,110790,2026-09-03,review_required,SOURCE_UNVERIFIED,naver
1611,110990,2026-09-03,review_required,SOURCE_UNVERIFIED,naver
1614,111710,2026-09-03,review_required,SOURCE_UNVERIFIED,naver
1616,112040,2026-09-03,review_required,SOURCE_UNVERIFIED,naver
1617,112290,2026-09-03,review_required,SOURCE_UNVERIFIED,naver
1619,113810,2026-09-03,review_required,SOURCE_UNVERIFIED,naver
1621,114190,2026-09-03,review_required,SOURCE_UNVERIFIED,naver
1622,114450,2026-09-03,review_required,SOURCE_UNVERIFIED,naver
1623,114630,2026-09-03,review_required,SOURCE_UNVERIFIED,naver
1624,114810,2026-09-03,review_required,SOURCE_UNVERIFIED,naver
1625,114840,2026-09-03,review_required,SOURCE_UNVERIFIED,naver
1626,115160,2026-09-03,review_required,SOURCE_UNVERIFIED,naver
1627,115180,2026-09-03,review_required,SOURCE_UNVERIFIED,naver
1628,115310,2026-09-03,review_required,SOURCE_UNVERIFIED,naver
1629,115440,2026-09-03,review_required,SOURCE_UNVERIFIED,naver
1630,115450,2026-09-03,review_required,SOURCE_UNVERIFIED,naver
1631,115480,2026-09-03,review_required,SOURCE_UNVERIFIED,naver
1632,115500,2026-09-03,review_required,SOURCE_UNVERIFIED,naver
1633,115530,2026-09-03,review_required,SOURCE_UNVERIFIED,naver
1634,115570,2026-09-03,review_required,SOURCE_UNVERIFIED,naver
1635,115610,2026-09-03,review_required,SOURCE_UNVERIFIED,naver
1637,117670,2026-09-03,review_required,SOURCE_UNVERIFIED,naver
1638,117730,2026-09-03,review_required,SOURCE_UNVERIFIED,naver
1640,118990,2026-09-03,review_required,SOURCE_UNVERIFIED,naver
1641,119500,2026-09-03,review_required,SOURCE_UNVERIFIED,naver
1642,119610,2026-09-03,review_required,SOURCE_UNVERIFIED,naver
1644,119830,2026-09-03,review_required,SOURCE_UNVERIFIED,naver
1645,119850,2026-09-03,review_required,SOURCE_UNVERIFIED,naver
1649,120240,2026-09-03,review_required,SOURCE_UNVERIFIED,naver
1650,121440,2026-09-03,review_required,SOURCE_UNVERIFIED,naver
1651,121600,2026-09-03,review_required,SOURCE_UNVERIFIED,naver
1654,121890,2026-09-03,review_required,SOURCE_UNVERIFIED,naver
1655,122310,2026-09-03,review_required,SOURCE_UNVERIFIED,naver
1656,122350,2026-09-03,review_required,SOURCE_UNVERIFIED,naver
1657,122450,2026-09-03,review_required,SOURCE_UNVERIFIED,naver
1658,122640,2026-09-03,review_required,SOURCE_UNVERIFIED,naver
1659,122690,2026-09-03,review_required,SOURCE_UNVERIFIED,naver
1660,122870,2026-09-03,review_required,SOURCE_UNVERIFIED,naver
1662,122990,2026-09-03,review_required,SOURCE_UNVERIFIED,naver
1663,123010,2026-09-03,review_required,SOURCE_UNVERIFIED,naver
1664,123040,2026-09-03,review_required,SOURCE_UNVERIFIED,naver
1665,123330,2026-09-03,review_required,SOURCE_UNVERIFIED,naver
1666,123410,2026-09-03,review_required,SOURCE_UNVERIFIED,naver
1667,123420,2026-09-03,review_required,SOURCE_UNVERIFIED,naver
1668,123570,2026-09-03,review_required,SOURCE_UNVERIFIED,naver
1671,123750,2026-09-03,review_required,SOURCE_UNVERIFIED,naver
1672,123840,2026-09-03,review_required,SOURCE_UNVERIFIED,naver
1673,123860,2026-09-03,review_required,SOURCE_UNVERIFIED,naver
1675,124500,2026-09-03,review_required,SOURCE_UNVERIFIED,naver
1676,124560,2026-09-03,review_required,SOURCE_UNVERIFIED,naver
1677,125020,2026-09-03,review_required,SOURCE_UNVERIFIED,naver
1678,125210,2026-09-03,review_required,SOURCE_UNVERIFIED,naver
1679,125490,2026-09-03,review_required,SOURCE_UNVERIFIED,naver
1680,126340,2026-09-03,review_required,SOURCE_UNVERIFIED,naver
1682,126600,2026-09-03,review_required,SOURCE_UNVERIFIED,naver
1683,126640,2026-09-03,review_required,SOURCE_UNVERIFIED,naver
1684,126700,2026-09-03,review_required,SOURCE_UNVERIFIED,naver
1686,126730,2026-09-03,review_required,SOURCE_UNVERIFIED,naver
1687,126880,2026-09-03,review_required,SOURCE_UNVERIFIED,naver
1688,127120,2026-09-03,review_required,SOURCE_UNVERIFIED,naver
1689,127710,2026-09-03,review_required,SOURCE_UNVERIFIED,naver
1690,127980,2026-09-03,review_required,SOURCE_UNVERIFIED,naver
1691,128540,2026-09-03,review_required,SOURCE_UNVERIFIED,naver
1692,128660,2026-09-03,review_required,SOURCE_UNVERIFIED,naver
1696,129890,2026-09-03,review_required,SOURCE_UNVERIFIED,naver
1697,129920,2026-09-03,review_required,SOURCE_UNVERIFIED,naver
1698,130500,2026-09-03,review_required,SOURCE_UNVERIFIED,naver
1699,130580,2026-09-03,review_required,SOURCE_UNVERIFIED,naver
1701,130740,2026-09-03,review_required,SOURCE_UNVERIFIED,naver
1702,131030,2026-09-03,review_required,SOURCE_UNVERIFIED,naver
1703,131090,2026-09-03,review_required,SOURCE_UNVERIFIED,naver
1704,131100,2026-09-03,review_required,SOURCE_UNVERIFIED,naver
1705,131180,2026-09-03,review_required,SOURCE_UNVERIFIED,naver
1706,131220,2026-09-03,review_required,SOURCE_UNVERIFIED,naver
1707,131290,2026-09-03,review_required,SOURCE_UNVERIFIED,naver
1708,131370,2026-09-03,review_required,SOURCE_UNVERIFIED,naver
1709,131400,2026-09-03,review_required,SOURCE_UNVERIFIED,naver
1710,131760,2026-09-03,review_required,SOURCE_UNVERIFIED,naver
1711,131970,2026-09-03,review_required,SOURCE_UNVERIFIED,naver
1712,133750,2026-09-03,review_required,SOURCE_UNVERIFIED,naver
1714,134060,2026-09-03,review_required,SOURCE_UNVERIFIED,naver
1718,136150,2026-09-03,review_required,SOURCE_UNVERIFIED,naver
1719,136410,2026-09-03,review_required,SOURCE_UNVERIFIED,naver
1720,136480,2026-09-03,review_required,SOURCE_UNVERIFIED,naver
1722,136540,2026-09-03,review_required,SOURCE_UNVERIFIED,naver
1723,137080,2026-09-03,review_required,SOURCE_UNVERIFIED,naver
1725,137400,2026-09-03,review_required,SOURCE_UNVERIFIED,naver
1726,137940,2026-09-03,review_required,SOURCE_UNVERIFIED,naver
1727,137950,2026-09-03,review_required,SOURCE_UNVERIFIED,naver
1729,138070,2026-09-03,review_required,SOURCE_UNVERIFIED,naver
1730,138080,2026-09-03,review_required,SOURCE_UNVERIFIED,naver
1731,138360,2026-09-03,review_required,SOURCE_UNVERIFIED,naver
1732,138610,2026-09-03,review_required,SOURCE_UNVERIFIED,naver
1736,139670,2026-09-03,review_required,SOURCE_UNVERIFIED,naver
1738,140070,2026-09-03,review_required,SOURCE_UNVERIFIED,naver
1739,140410,2026-09-03,review_required,SOURCE_UNVERIFIED,naver
1740,140430,2026-09-03,review_required,SOURCE_UNVERIFIED,naver
1741,140520,2026-09-03,review_required,SOURCE_UNVERIFIED,naver
1742,140670,2026-09-03,review_required,SOURCE_UNVERIFIED,naver
1743,140860,2026-09-03,review_required,SOURCE_UNVERIFIED,naver
1744,141000,2026-09-03,review_required,SOURCE_UNVERIFIED,naver
1745,141080,2026-09-03,review_required,SOURCE_UNVERIFIED,naver
1746,142210,2026-09-03,review_required,SOURCE_UNVERIFIED,naver
1747,142280,2026-09-03,review_required,SOURCE_UNVERIFIED,naver
1748,142760,2026-09-03,review_required,SOURCE_UNVERIFIED,naver
1749,143160,2026-09-03,review_required,SOURCE_UNVERIFIED,naver
1751,143240,2026-09-03,review_required,SOURCE_UNVERIFIED,naver
1752,143540,2026-09-03,review_required,SOURCE_UNVERIFIED,naver
1753,144510,2026-09-03,review_required,SOURCE_UNVERIFIED,naver
1754,144960,2026-09-03,review_required,SOURCE_UNVERIFIED,naver
1755,145020,2026-09-03,review_required,SOURCE_UNVERIFIED,naver
1756,145170,2026-09-03,review_required,SOURCE_UNVERIFIED,naver
1762,146060,2026-09-03,review_required,SOURCE_UNVERIFIED,naver
1763,146320,2026-09-03,review_required,SOURCE_UNVERIFIED,naver
1764,147760,2026-09-03,review_required,SOURCE_UNVERIFIED,naver
1765,147830,2026-09-03,review_required,SOURCE_UNVERIFIED,naver
1766,148150,2026-09-03,review_required,SOURCE_UNVERIFIED,naver
1767,148250,2026-09-03,review_required,SOURCE_UNVERIFIED,naver
1768,148780,2026-09-03,review_required,SOURCE_UNVERIFIED,naver
1769,148930,2026-09-03,review_required,SOURCE_UNVERIFIED,naver
1770,149950,2026-09-03,review_required,SOURCE_UNVERIFIED,naver
1771,149980,2026-09-03,review_required,SOURCE_UNVERIFIED,naver
1772,150900,2026-09-03,review_required,SOURCE_UNVERIFIED,naver
1773,151860,2026-09-03,review_required,SOURCE_UNVERIFIED,naver
1774,153460,2026-09-03,review_required,SOURCE_UNVERIFIED,naver
1775,153490,2026-09-03,review_required,SOURCE_UNVERIFIED,naver
1776,153710,2026-09-03,review_required,SOURCE_UNVERIFIED,naver
1777,153890,2026-09-03,review_required,SOURCE_UNVERIFIED,naver
1778,154030,2026-09-03,review_required,SOURCE_UNVERIFIED,naver
1780,155650,2026-09-03,review_required,SOURCE_UNVERIFIED,naver
1782,156100,2026-09-03,review_required,SOURCE_UNVERIFIED,naver
1783,158430,2026-09-03,review_required,SOURCE_UNVERIFIED,naver
1784,159010,2026-09-03,review_required,SOURCE_UNVERIFIED,naver
1785,159580,2026-09-03,review_required,SOURCE_UNVERIFIED,naver
1786,159910,2026-09-03,review_required,SOURCE_UNVERIFIED,naver
1787,160190,2026-09-03,review_required,SOURCE_UNVERIFIED,naver
1788,160550,2026-09-03,review_required,SOURCE_UNVERIFIED,naver
1789,160980,2026-09-03,review_required,SOURCE_UNVERIFIED,naver
1792,161580,2026-09-03,review_required,SOURCE_UNVERIFIED,naver
1794,162300,2026-09-03,review_required,SOURCE_UNVERIFIED,naver
1795,163280,2026-09-03,review_required,SOURCE_UNVERIFIED,naver
1797,163730,2026-09-03,review_required,SOURCE_UNVERIFIED,naver
1798,166090,2026-09-03,review_required,SOURCE_UNVERIFIED,naver
1799,166480,2026-09-03,review_required,SOURCE_UNVERIFIED,naver
1800,168330,2026-09-03,review_required,SOURCE_UNVERIFIED,naver
1801,168360,2026-09-03,review_required,SOURCE_UNVERIFIED,naver
1802,169330,2026-09-03,review_required,SOURCE_UNVERIFIED,naver
1803,170030,2026-09-03,review_required,SOURCE_UNVERIFIED,naver
1804,170790,2026-09-03,review_required,SOURCE_UNVERIFIED,naver
1806,170920,2026-09-03,review_required,SOURCE_UNVERIFIED,naver
1807,171010,2026-09-03,review_required,SOURCE_UNVERIFIED,naver
1808,171090,2026-09-03,review_required,SOURCE_UNVERIFIED,naver
1809,171120,2026-09-03,review_required,SOURCE_UNVERIFIED,naver
1810,172670,2026-09-03,review_required,SOURCE_UNVERIFIED,naver
1811,173130,2026-09-03,review_required,SOURCE_UNVERIFIED,naver
1812,173940,2026-09-03,review_required,SOURCE_UNVERIFIED,naver
1813,174900,2026-09-03,review_required,SOURCE_UNVERIFIED,naver
1814,175140,2026-09-03,review_required,SOURCE_UNVERIFIED,naver
1815,175250,2026-09-03,review_required,SOURCE_UNVERIFIED,naver
1817,176750,2026-09-03,review_required,SOURCE_UNVERIFIED,naver
1818,177350,2026-09-03,review_required,SOURCE_UNVERIFIED,naver
1819,177830,2026-09-03,review_required,SOURCE_UNVERIFIED,naver
1820,177900,2026-09-03,review_required,SOURCE_UNVERIFIED,naver
1821,178320,2026-09-03,review_required,SOURCE_UNVERIFIED,naver
1822,178780,2026-09-03,review_required,SOURCE_UNVERIFIED,naver
1824,179290,2026-09-03,review_required,SOURCE_UNVERIFIED,naver
1825,179530,2026-09-03,review_required,SOURCE_UNVERIFIED,naver
1826,179900,2026-09-03,review_required,SOURCE_UNVERIFIED,naver
1827,180400,2026-09-03,review_required,SOURCE_UNVERIFIED,naver
1831,182360,2026-09-03,review_required,SOURCE_UNVERIFIED,naver
1834,183300,2026-09-03,review_required,SOURCE_UNVERIFIED,naver
1836,184230,2026-09-03,review_required,SOURCE_UNVERIFIED,naver
1837,185490,2026-09-03,review_required,SOURCE_UNVERIFIED,naver
1839,186230,2026-09-03,review_required,SOURCE_UNVERIFIED,naver
1840,187220,2026-09-03,review_required,SOURCE_UNVERIFIED,naver
1841,187270,2026-09-03,review_required,SOURCE_UNVERIFIED,naver
1842,187420,2026-09-03,review_required,SOURCE_UNVERIFIED,naver
1843,187660,2026-09-03,review_required,SOURCE_UNVERIFIED,naver
1844,187790,2026-09-03,review_required,SOURCE_UNVERIFIED,naver
1845,187870,2026-09-03,review_required,SOURCE_UNVERIFIED,naver
1846,188040,2026-09-03,review_required,SOURCE_UNVERIFIED,naver
1847,188260,2026-09-03,review_required,SOURCE_UNVERIFIED,naver
1848,189300,2026-09-03,review_required,SOURCE_UNVERIFIED,naver
1849,189330,2026-09-03,review_required,SOURCE_UNVERIFIED,naver
1850,189690,2026-09-03,review_required,SOURCE_UNVERIFIED,naver
1851,189860,2026-09-03,review_required,SOURCE_UNVERIFIED,naver
1852,189980,2026-09-03,review_required,SOURCE_UNVERIFIED,naver
1853,190510,2026-09-03,review_required,SOURCE_UNVERIFIED,naver
1854,190650,2026-09-03,review_required,SOURCE_UNVERIFIED,naver
1855,191410,2026-09-03,review_required,SOURCE_UNVERIFIED,naver
1856,191420,2026-09-03,review_required,SOURCE_UNVERIFIED,naver
1858,192250,2026-09-03,review_required,SOURCE_UNVERIFIED,naver
1859,192390,2026-09-03,review_required,SOURCE_UNVERIFIED,naver
1861,192410,2026-09-03,review_required,SOURCE_UNVERIFIED,naver
1862,192440,2026-09-03,review_required,SOURCE_UNVERIFIED,naver
1865,193250,2026-09-03,review_required,SOURCE_UNVERIFIED,naver
1867,194480,2026-09-03,review_required,SOURCE_UNVERIFIED,naver
1868,194700,2026-09-03,review_required,SOURCE_UNVERIFIED,naver
1869,195500,2026-09-03,review_required,SOURCE_UNVERIFIED,naver
1871,195940,2026-09-03,review_required,SOURCE_UNVERIFIED,naver
1872,195990,2026-09-03,review_required,SOURCE_UNVERIFIED,naver
1873,196170,2026-09-03,review_required,SOURCE_UNVERIFIED,naver
1874,196300,2026-09-03,review_required,SOURCE_UNVERIFIED,naver
1875,196450,2026-09-03,review_required,SOURCE_UNVERIFIED,naver
1877,196700,2026-09-03,review_required,SOURCE_UNVERIFIED,naver
1878,197140,2026-09-03,review_required,SOURCE_UNVERIFIED,naver
1879,198080,2026-09-03,review_required,SOURCE_UNVERIFIED,naver
1880,198440,2026-09-03,review_required,SOURCE_UNVERIFIED,naver
1881,198940,2026-09-03,review_required,SOURCE_UNVERIFIED,naver
1882,199430,2026-09-03,review_required,SOURCE_UNVERIFIED,naver
1883,199480,2026-09-03,review_required,SOURCE_UNVERIFIED,naver
1884,199550,2026-09-03,review_required,SOURCE_UNVERIFIED,naver
1885,199730,2026-09-03,review_required,SOURCE_UNVERIFIED,naver
1886,199800,2026-09-03,review_required,SOURCE_UNVERIFIED,naver
1887,199820,2026-09-03,review_required,SOURCE_UNVERIFIED,naver
1888,200130,2026-09-03,review_required,SOURCE_UNVERIFIED,naver
1889,200230,2026-09-03,review_required,SOURCE_UNVERIFIED,naver
1890,200350,2026-09-03,review_required,SOURCE_UNVERIFIED,naver
1891,200470,2026-09-03,review_required,SOURCE_UNVERIFIED,naver
1892,200670,2026-09-03,review_required,SOURCE_UNVERIFIED,naver
1893,200710,2026-09-03,review_required,SOURCE_UNVERIFIED,naver
1894,200780,2026-09-03,review_required,SOURCE_UNVERIFIED,naver
1896,201490,2026-09-03,review_required,SOURCE_UNVERIFIED,naver
1898,203450,2026-09-03,review_required,SOURCE_UNVERIFIED,naver
1899,203650,2026-09-03,review_required,SOURCE_UNVERIFIED,naver
1900,204020,2026-09-03,review_required,SOURCE_UNVERIFIED,naver
1901,204270,2026-09-03,review_required,SOURCE_UNVERIFIED,naver
1903,204610,2026-09-03,review_required,SOURCE_UNVERIFIED,naver
1904,204620,2026-09-03,review_required,SOURCE_UNVERIFIED,naver
1905,204840,2026-09-03,review_required,SOURCE_UNVERIFIED,naver
1906,205100,2026-09-03,review_required,SOURCE_UNVERIFIED,naver
1907,205470,2026-09-03,review_required,SOURCE_UNVERIFIED,naver
1908,205500,2026-09-03,review_required,SOURCE_UNVERIFIED,naver
1909,206400,2026-09-03,review_required,SOURCE_UNVERIFIED,naver
1911,206640,2026-09-03,review_required,SOURCE_UNVERIFIED,naver
1912,206650,2026-09-03,review_required,SOURCE_UNVERIFIED,naver
1913,207760,2026-09-03,review_required,SOURCE_UNVERIFIED,naver
1915,208140,2026-09-03,review_required,SOURCE_UNVERIFIED,naver
1916,208350,2026-09-03,review_required,SOURCE_UNVERIFIED,naver
1917,208370,2026-09-03,review_required,SOURCE_UNVERIFIED,naver
1918,208640,2026-09-03,review_required,SOURCE_UNVERIFIED,naver
1919,208710,2026-09-03,review_required,SOURCE_UNVERIFIED,naver
1921,209640,2026-09-03,review_required,SOURCE_UNVERIFIED,naver
1922,210120,2026-09-03,review_required,SOURCE_UNVERIFIED,naver
1925,211050,2026-09-03,review_required,SOURCE_UNVERIFIED,naver
1926,211270,2026-09-03,review_required,SOURCE_UNVERIFIED,naver
1927,212560,2026-09-03,review_required,SOURCE_UNVERIFIED,naver
1928,212710,2026-09-03,review_required,SOURCE_UNVERIFIED,naver
1929,213420,2026-09-03,review_required,SOURCE_UNVERIFIED,naver
1931,214150,2026-09-03,review_required,SOURCE_UNVERIFIED,naver
1932,214180,2026-09-03,review_required,SOURCE_UNVERIFIED,naver
1933,214260,2026-09-03,review_required,SOURCE_UNVERIFIED,naver
1934,214270,2026-09-03,review_required,SOURCE_UNVERIFIED,naver
1937,214370,2026-09-03,review_required,SOURCE_UNVERIFIED,naver
1940,214430,2026-09-03,review_required,SOURCE_UNVERIFIED,naver
1941,214450,2026-09-03,review_required,SOURCE_UNVERIFIED,naver
1943,214680,2026-09-03,review_required,SOURCE_UNVERIFIED,naver
1944,215000,2026-09-03,review_required,SOURCE_UNVERIFIED,naver
1945,215090,2026-09-03,review_required,SOURCE_UNVERIFIED,naver
1946,215100,2026-09-03,review_required,SOURCE_UNVERIFIED,naver
1947,215200,2026-09-03,review_required,SOURCE_UNVERIFIED,naver
1948,215360,2026-09-03,review_required,SOURCE_UNVERIFIED,naver
1949,215380,2026-09-03,review_required,SOURCE_UNVERIFIED,naver
1950,215480,2026-09-03,review_required,SOURCE_UNVERIFIED,naver
1951,215600,2026-09-03,review_required,SOURCE_UNVERIFIED,naver
1952,215790,2026-09-03,review_required,SOURCE_UNVERIFIED,naver
1953,216050,2026-09-03,review_required,SOURCE_UNVERIFIED,naver
1954,216080,2026-09-03,review_required,SOURCE_UNVERIFIED,naver
1955,217190,2026-09-03,review_required,SOURCE_UNVERIFIED,naver
1956,217270,2026-09-03,review_required,SOURCE_UNVERIFIED,naver
1957,217330,2026-09-03,review_required,SOURCE_UNVERIFIED,naver
1959,217500,2026-09-03,review_required,SOURCE_UNVERIFIED,naver
1961,217730,2026-09-03,review_required,SOURCE_UNVERIFIED,naver
1962,217820,2026-09-03,review_required,SOURCE_UNVERIFIED,naver
1963,218150,2026-09-03,review_required,SOURCE_UNVERIFIED,naver
1964,218410,2026-09-03,review_required,SOURCE_UNVERIFIED,naver
1965,219130,2026-09-03,review_required,SOURCE_UNVERIFIED,naver
1966,219420,2026-09-03,review_required,SOURCE_UNVERIFIED,naver
1967,219550,2026-09-03,review_required,SOURCE_UNVERIFIED,naver
1968,219750,2026-09-03,review_required,SOURCE_UNVERIFIED,naver
1969,220100,2026-09-03,review_required,SOURCE_UNVERIFIED,naver
1970,220180,2026-09-03,review_required,SOURCE_UNVERIFIED,naver
1971,220260,2026-09-03,review_required,SOURCE_UNVERIFIED,naver
1972,221800,2026-09-03,review_required,SOURCE_UNVERIFIED,naver
1973,221840,2026-09-03,review_required,SOURCE_UNVERIFIED,naver
1974,221980,2026-09-03,review_required,SOURCE_UNVERIFIED,naver
1975,222040,2026-09-03,review_required,SOURCE_UNVERIFIED,naver
1976,222080,2026-09-03,review_required,SOURCE_UNVERIFIED,naver
1977,222110,2026-09-03,review_required,SOURCE_UNVERIFIED,naver
1978,222420,2026-09-03,review_required,SOURCE_UNVERIFIED,naver
1979,222800,2026-09-03,review_required,SOURCE_UNVERIFIED,naver
1980,222980,2026-09-03,review_required,SOURCE_UNVERIFIED,naver
1981,223250,2026-09-03,review_required,SOURCE_UNVERIFIED,naver
1982,223310,2026-09-03,review_required,SOURCE_UNVERIFIED,naver
1983,224060,2026-09-03,review_required,SOURCE_UNVERIFIED,naver
1984,224110,2026-09-03,review_required,SOURCE_UNVERIFIED,naver
1986,225220,2026-09-03,review_required,SOURCE_UNVERIFIED,naver
1987,225430,2026-09-03,review_required,SOURCE_UNVERIFIED,naver
1988,225530,2026-09-03,review_required,SOURCE_UNVERIFIED,naver
1989,225570,2026-09-03,review_required,SOURCE_UNVERIFIED,naver
1990,225590,2026-09-03,review_required,SOURCE_UNVERIFIED,naver
1992,226330,2026-09-03,review_required,SOURCE_UNVERIFIED,naver
1993,226340,2026-09-03,review_required,SOURCE_UNVERIFIED,naver
1994,226400,2026-09-03,review_required,SOURCE_UNVERIFIED,naver
1995,226590,2026-09-03,review_required,SOURCE_UNVERIFIED,naver
1996,226950,2026-09-03,review_required,SOURCE_UNVERIFIED,naver
1997,227610,2026-09-03,review_required,SOURCE_UNVERIFIED,naver
1999,227950,2026-09-03,review_required,SOURCE_UNVERIFIED,naver
2000,228340,2026-09-03,review_required,SOURCE_UNVERIFIED,naver
2001,228670,2026-09-03,review_required,SOURCE_UNVERIFIED,naver
2002,228760,2026-09-03,review_required,SOURCE_UNVERIFIED,naver
2003,228850,2026-09-03,review_required,SOURCE_UNVERIFIED,naver
2004,229000,2026-09-03,review_required,SOURCE_UNVERIFIED,naver
2006,230240,2026-09-03,review_required,SOURCE_UNVERIFIED,naver
2007,232140,2026-09-03,review_required,SOURCE_UNVERIFIED,naver
2008,232680,2026-09-03,review_required,SOURCE_UNVERIFIED,naver
2009,232830,2026-09-03,review_required,SOURCE_UNVERIFIED,naver
2010,234030,2026-09-03,review_required,SOURCE_UNVERIFIED,naver
2012,234100,2026-09-03,review_required,SOURCE_UNVERIFIED,naver
2013,234300,2026-09-03,review_required,SOURCE_UNVERIFIED,naver
2014,234340,2026-09-03,review_required,SOURCE_UNVERIFIED,naver
2015,234690,2026-09-03,review_required,SOURCE_UNVERIFIED,naver
2017,235980,2026-09-03,review_required,SOURCE_UNVERIFIED,naver
2018,236200,2026-09-03,review_required,SOURCE_UNVERIFIED,naver
2019,236810,2026-09-03,review_required,SOURCE_UNVERIFIED,naver
2020,237690,2026-09-03,review_required,SOURCE_UNVERIFIED,naver
2021,237750,2026-09-03,review_required,SOURCE_UNVERIFIED,naver
2022,237820,2026-09-03,review_required,SOURCE_UNVERIFIED,naver
2023,237880,2026-09-03,review_required,SOURCE_UNVERIFIED,naver
2024,238090,2026-09-03,review_required,SOURCE_UNVERIFIED,naver
2025,238120,2026-09-03,review_required,SOURCE_UNVERIFIED,naver
2026,238200,2026-09-03,review_required,SOURCE_UNVERIFIED,naver
2027,238490,2026-09-03,review_required,SOURCE_UNVERIFIED,naver
2029,239610,2026-09-03,review_required,SOURCE_UNVERIFIED,naver
2030,239890,2026-09-03,review_required,SOURCE_UNVERIFIED,naver
2031,240550,2026-09-03,review_required,SOURCE_UNVERIFIED,naver
2032,240600,2026-09-03,review_required,SOURCE_UNVERIFIED,naver
2033,240810,2026-09-03,review_required,SOURCE_UNVERIFIED,naver
2034,241520,2026-09-03,review_required,SOURCE_UNVERIFIED,naver
2037,241690,2026-09-03,review_required,SOURCE_UNVERIFIED,naver
2038,241710,2026-09-03,review_required,SOURCE_UNVERIFIED,naver
2039,241770,2026-09-03,review_required,SOURCE_UNVERIFIED,naver
2040,241790,2026-09-03,review_required,SOURCE_UNVERIFIED,naver
2042,241840,2026-09-03,review_required,SOURCE_UNVERIFIED,naver
2043,242040,2026-09-03,review_required,SOURCE_UNVERIFIED,naver
2044,243070,2026-09-03,review_required,SOURCE_UNVERIFIED,naver
2045,243840,2026-09-03,review_required,SOURCE_UNVERIFIED,naver
2050,246690,2026-09-03,review_required,SOURCE_UNVERIFIED,naver
2051,246710,2026-09-03,review_required,SOURCE_UNVERIFIED,naver
2053,246960,2026-09-03,review_required,SOURCE_UNVERIFIED,naver
2054,247540,2026-09-03,review_required,SOURCE_UNVERIFIED,naver
2055,247660,2026-09-03,review_required,SOURCE_UNVERIFIED,naver
2059,250000,2026-09-03,review_required,SOURCE_UNVERIFIED,naver
2060,250060,2026-09-03,review_required,SOURCE_UNVERIFIED,naver
2061,250930,2026-09-03,review_required,SOURCE_UNVERIFIED,naver
2062,251120,2026-09-03,review_required,SOURCE_UNVERIFIED,naver
2064,251370,2026-09-03,review_required,SOURCE_UNVERIFIED,naver
2065,251630,2026-09-03,review_required,SOURCE_UNVERIFIED,naver
2066,251970,2026-09-03,review_required,SOURCE_UNVERIFIED,naver
2067,252500,2026-09-03,review_required,SOURCE_UNVERIFIED,naver
2068,252990,2026-09-03,review_required,SOURCE_UNVERIFIED,naver
2069,253450,2026-09-03,review_required,SOURCE_UNVERIFIED,naver
2070,253590,2026-09-03,review_required,SOURCE_UNVERIFIED,naver
2071,253840,2026-09-03,review_required,SOURCE_UNVERIFIED,naver
2072,254120,2026-09-03,review_required,SOURCE_UNVERIFIED,naver
2073,254490,2026-09-03,review_required,SOURCE_UNVERIFIED,naver
2074,255220,2026-09-03,review_required,SOURCE_UNVERIFIED,naver
2075,255440,2026-09-03,review_required,SOURCE_UNVERIFIED,naver
2076,256150,2026-09-03,review_required,SOURCE_UNVERIFIED,naver
2077,256630,2026-09-03,review_required,SOURCE_UNVERIFIED,naver
2078,256840,2026-09-03,review_required,SOURCE_UNVERIFIED,naver
2079,256940,2026-09-03,review_required,SOURCE_UNVERIFIED,naver
2080,257370,2026-09-03,review_required,SOURCE_UNVERIFIED,naver
2081,257720,2026-09-03,review_required,SOURCE_UNVERIFIED,naver
2082,258610,2026-09-03,review_required,SOURCE_UNVERIFIED,naver
2083,258790,2026-09-03,review_required,SOURCE_UNVERIFIED,naver
2085,259630,2026-09-03,review_required,SOURCE_UNVERIFIED,naver
2087,260660,2026-09-03,review_required,SOURCE_UNVERIFIED,naver
2088,260930,2026-09-03,review_required,SOURCE_UNVERIFIED,naver
2089,260970,2026-09-03,review_required,SOURCE_UNVERIFIED,naver
2090,261200,2026-09-03,review_required,SOURCE_UNVERIFIED,naver
2091,261520,2026-09-03,review_required,SOURCE_UNVERIFIED,naver
2092,261780,2026-09-03,review_required,SOURCE_UNVERIFIED,naver
2093,262260,2026-09-03,review_required,SOURCE_UNVERIFIED,naver
2094,262840,2026-09-03,review_required,SOURCE_UNVERIFIED,naver
2095,263020,2026-09-03,review_required,SOURCE_UNVERIFIED,naver
2097,263600,2026-09-03,review_required,SOURCE_UNVERIFIED,naver
2098,263690,2026-09-03,review_required,SOURCE_UNVERIFIED,naver
2099,263700,2026-09-03,review_required,SOURCE_UNVERIFIED,naver
2100,263720,2026-09-03,review_required,SOURCE_UNVERIFIED,naver
2101,263750,2026-09-03,review_required,SOURCE_UNVERIFIED,naver
2102,263770,2026-09-03,review_required,SOURCE_UNVERIFIED,naver
2103,263800,2026-09-03,review_required,SOURCE_UNVERIFIED,naver
2104,263810,2026-09-03,review_required,SOURCE_UNVERIFIED,naver
2105,263860,2026-09-03,review_required,SOURCE_UNVERIFIED,naver
2106,263920,2026-09-03,review_required,SOURCE_UNVERIFIED,naver
2107,264450,2026-09-03,review_required,SOURCE_UNVERIFIED,naver
2108,264660,2026-09-03,review_required,SOURCE_UNVERIFIED,naver
2109,264850,2026-09-03,review_required,SOURCE_UNVERIFIED,naver
2112,265520,2026-09-03,review_required,SOURCE_UNVERIFIED,naver
2113,265560,2026-09-03,review_required,SOURCE_UNVERIFIED,naver
2114,265740,2026-09-03,review_required,SOURCE_UNVERIFIED,naver
2119,267320,2026-09-03,review_required,SOURCE_UNVERIFIED,naver
2120,267790,2026-09-03,review_required,SOURCE_UNVERIFIED,naver
2122,267980,2026-09-03,review_required,SOURCE_UNVERIFIED,naver
2125,270520,2026-09-03,review_required,SOURCE_UNVERIFIED,naver
2126,270660,2026-09-03,review_required,SOURCE_UNVERIFIED,naver
2127,270870,2026-09-03,review_required,SOURCE_UNVERIFIED,naver
2129,271830,2026-09-03,review_required,SOURCE_UNVERIFIED,naver
2132,272110,2026-09-03,review_required,SOURCE_UNVERIFIED,naver
2134,272290,2026-09-03,review_required,SOURCE_UNVERIFIED,naver
2137,273060,2026-09-03,review_required,SOURCE_UNVERIFIED,naver
2138,273640,2026-09-03,review_required,SOURCE_UNVERIFIED,naver
2139,274090,2026-09-03,review_required,SOURCE_UNVERIFIED,naver
2140,274400,2026-09-03,review_required,SOURCE_UNVERIFIED,naver
2141,275630,2026-09-03,review_required,SOURCE_UNVERIFIED,naver
2143,276730,2026-09-03,review_required,SOURCE_UNVERIFIED,naver
2144,277070,2026-09-03,review_required,SOURCE_UNVERIFIED,naver
2145,277410,2026-09-03,review_required,SOURCE_UNVERIFIED,naver
2146,277810,2026-09-03,review_required,SOURCE_UNVERIFIED,naver
2147,277880,2026-09-03,review_required,SOURCE_UNVERIFIED,naver
2148,278280,2026-09-03,review_required,SOURCE_UNVERIFIED,naver
2150,278650,2026-09-03,review_required,SOURCE_UNVERIFIED,naver
2152,279600,2026-09-03,review_required,SOURCE_UNVERIFIED,naver
2154,281740,2026-09-03,review_required,SOURCE_UNVERIFIED,naver
2157,282720,2026-09-03,review_required,SOURCE_UNVERIFIED,naver
2158,282880,2026-09-03,review_required,SOURCE_UNVERIFIED,naver
2163,285490,2026-09-03,review_required,SOURCE_UNVERIFIED,naver
2164,285800,2026-09-03,review_required,SOURCE_UNVERIFIED,naver
2165,286750,2026-09-03,review_required,SOURCE_UNVERIFIED,naver
2167,287840,2026-09-03,review_required,SOURCE_UNVERIFIED,naver
2168,288180,2026-09-03,review_required,SOURCE_UNVERIFIED,naver
2170,288620,2026-09-03,review_required,SOURCE_UNVERIFIED,naver
2171,288980,2026-09-03,review_required,SOURCE_UNVERIFIED,naver
2172,289010,2026-09-03,review_required,SOURCE_UNVERIFIED,naver
2173,289080,2026-09-03,review_required,SOURCE_UNVERIFIED,naver
2174,289220,2026-09-03,review_required,SOURCE_UNVERIFIED,naver
2175,289930,2026-09-03,review_required,SOURCE_UNVERIFIED,naver
2176,290090,2026-09-03,review_required,SOURCE_UNVERIFIED,naver
2177,290120,2026-09-03,review_required,SOURCE_UNVERIFIED,naver
2178,290270,2026-09-03,review_required,SOURCE_UNVERIFIED,naver
2179,290520,2026-09-03,review_required,SOURCE_UNVERIFIED,naver
2180,290550,2026-09-03,review_required,SOURCE_UNVERIFIED,naver
2181,290560,2026-09-03,review_required,SOURCE_UNVERIFIED,naver
2182,290650,2026-09-03,review_required,SOURCE_UNVERIFIED,naver
2183,290660,2026-09-03,review_required,SOURCE_UNVERIFIED,naver
2184,290670,2026-09-03,review_required,SOURCE_UNVERIFIED,naver
2185,290690,2026-09-03,review_required,SOURCE_UNVERIFIED,naver
2186,290720,2026-09-03,review_required,SOURCE_UNVERIFIED,naver
2187,290740,2026-09-03,review_required,SOURCE_UNVERIFIED,naver
2188,291230,2026-09-03,review_required,SOURCE_UNVERIFIED,naver
2189,291650,2026-09-03,review_required,SOURCE_UNVERIFIED,naver
2190,291810,2026-09-03,review_required,SOURCE_UNVERIFIED,naver
2192,293490,2026-09-03,review_required,SOURCE_UNVERIFIED,naver
2193,293580,2026-09-03,review_required,SOURCE_UNVERIFIED,naver
2194,293780,2026-09-03,review_required,SOURCE_UNVERIFIED,naver
2197,294140,2026-09-03,review_required,SOURCE_UNVERIFIED,naver
2198,294570,2026-09-03,review_required,SOURCE_UNVERIFIED,naver
2199,294630,2026-09-03,review_required,SOURCE_UNVERIFIED,naver
2201,295310,2026-09-03,review_required,SOURCE_UNVERIFIED,naver
2202,296640,2026-09-03,review_required,SOURCE_UNVERIFIED,naver
2203,297090,2026-09-03,review_required,SOURCE_UNVERIFIED,naver
2204,297570,2026-09-03,review_required,SOURCE_UNVERIFIED,naver
2205,297890,2026-09-03,review_required,SOURCE_UNVERIFIED,naver
2210,298060,2026-09-03,review_required,SOURCE_UNVERIFIED,naver
2211,298380,2026-09-03,review_required,SOURCE_UNVERIFIED,naver
2212,298540,2026-09-03,review_required,SOURCE_UNVERIFIED,naver
2214,298830,2026-09-03,review_required,SOURCE_UNVERIFIED,naver
2215,299030,2026-09-03,review_required,SOURCE_UNVERIFIED,naver
2216,299170,2026-09-03,review_required,SOURCE_UNVERIFIED,naver
2217,299660,2026-09-03,review_required,SOURCE_UNVERIFIED,naver
2218,300080,2026-09-03,review_required,SOURCE_UNVERIFIED,naver
2219,300120,2026-09-03,review_required,SOURCE_UNVERIFIED,naver
2221,301300,2026-09-03,review_required,SOURCE_UNVERIFIED,naver
2222,302430,2026-09-03,review_required,SOURCE_UNVERIFIED,naver
2224,302550,2026-09-03,review_required,SOURCE_UNVERIFIED,naver
2225,303030,2026-09-03,review_required,SOURCE_UNVERIFIED,naver
2226,303360,2026-09-03,review_required,SOURCE_UNVERIFIED,naver
2227,303530,2026-09-03,review_required,SOURCE_UNVERIFIED,naver
2228,303810,2026-09-03,review_required,SOURCE_UNVERIFIED,naver
2229,304100,2026-09-03,review_required,SOURCE_UNVERIFIED,naver
2230,304360,2026-09-03,review_required,SOURCE_UNVERIFIED,naver
2232,305090,2026-09-03,review_required,SOURCE_UNVERIFIED,naver
2233,306040,2026-09-03,review_required,SOURCE_UNVERIFIED,naver
2235,306620,2026-09-03,review_required,SOURCE_UNVERIFIED,naver
2236,307180,2026-09-03,review_required,SOURCE_UNVERIFIED,naver
2237,307280,2026-09-03,review_required,SOURCE_UNVERIFIED,naver
2238,307750,2026-09-03,review_required,SOURCE_UNVERIFIED,naver
2239,307870,2026-09-03,review_required,SOURCE_UNVERIFIED,naver
2240,307930,2026-09-03,review_required,SOURCE_UNVERIFIED,naver
2242,308080,2026-09-03,review_required,SOURCE_UNVERIFIED,naver
2243,308100,2026-09-03,review_required,SOURCE_UNVERIFIED,naver
2245,308430,2026-09-03,review_required,SOURCE_UNVERIFIED,naver
2247,309930,2026-09-03,review_required,SOURCE_UNVERIFIED,naver
2248,309960,2026-09-03,review_required,SOURCE_UNVERIFIED,naver
2249,310200,2026-09-03,review_required,SOURCE_UNVERIFIED,naver
2250,310210,2026-09-03,review_required,SOURCE_UNVERIFIED,naver
2251,310870,2026-09-03,review_required,SOURCE_UNVERIFIED,naver
2252,311320,2026-09-03,review_required,SOURCE_UNVERIFIED,naver
2253,311390,2026-09-03,review_required,SOURCE_UNVERIFIED,naver
2254,311690,2026-09-03,review_required,SOURCE_UNVERIFIED,naver
2255,312610,2026-09-03,review_required,SOURCE_UNVERIFIED,naver
2257,314130,2026-09-03,review_required,SOURCE_UNVERIFIED,naver
2258,314140,2026-09-03,review_required,SOURCE_UNVERIFIED,naver
2259,314930,2026-09-03,review_required,SOURCE_UNVERIFIED,naver
2260,315640,2026-09-03,review_required,SOURCE_UNVERIFIED,naver
2262,317120,2026-09-03,review_required,SOURCE_UNVERIFIED,naver
2263,317240,2026-09-03,review_required,SOURCE_UNVERIFIED,naver
2264,317330,2026-09-03,review_required,SOURCE_UNVERIFIED,naver
2267,317530,2026-09-03,review_required,SOURCE_UNVERIFIED,naver
2268,317690,2026-09-03,review_required,SOURCE_UNVERIFIED,naver
2269,317770,2026-09-03,review_required,SOURCE_UNVERIFIED,naver
2270,317830,2026-09-03,review_required,SOURCE_UNVERIFIED,naver
2271,317850,2026-09-03,review_required,SOURCE_UNVERIFIED,naver
2272,317870,2026-09-03,review_required,SOURCE_UNVERIFIED,naver
2273,318000,2026-09-03,review_required,SOURCE_UNVERIFIED,naver
2274,318010,2026-09-03,review_required,SOURCE_UNVERIFIED,naver
2275,318020,2026-09-03,review_required,SOURCE_UNVERIFIED,naver
2276,318060,2026-09-03,review_required,SOURCE_UNVERIFIED,naver
2277,318160,2026-09-03,review_required,SOURCE_UNVERIFIED,naver
2278,318410,2026-09-03,review_required,SOURCE_UNVERIFIED,naver
2279,319400,2026-09-03,review_required,SOURCE_UNVERIFIED,naver
2280,319660,2026-09-03,review_required,SOURCE_UNVERIFIED,naver
2281,320000,2026-09-03,review_required,SOURCE_UNVERIFIED,naver
2282,321260,2026-09-03,review_required,SOURCE_UNVERIFIED,naver
2283,321370,2026-09-03,review_required,SOURCE_UNVERIFIED,naver
2284,321550,2026-09-03,review_required,SOURCE_UNVERIFIED,naver
2285,321820,2026-09-03,review_required,SOURCE_UNVERIFIED,naver
2287,322180,2026-09-03,review_required,SOURCE_UNVERIFIED,naver
2288,322310,2026-09-03,review_required,SOURCE_UNVERIFIED,naver
2289,322510,2026-09-03,review_required,SOURCE_UNVERIFIED,naver
2290,322780,2026-09-03,review_required,SOURCE_UNVERIFIED,naver
2291,323280,2026-09-03,review_required,SOURCE_UNVERIFIED,naver
2292,323350,2026-09-03,review_required,SOURCE_UNVERIFIED,naver
2294,323990,2026-09-03,review_required,SOURCE_UNVERIFIED,naver
2296,327260,2026-09-03,review_required,SOURCE_UNVERIFIED,naver
2297,328130,2026-09-03,review_required,SOURCE_UNVERIFIED,naver
2298,328380,2026-09-03,review_required,SOURCE_UNVERIFIED,naver
2300,330350,2026-09-03,review_required,SOURCE_UNVERIFIED,naver
2302,330730,2026-09-03,review_required,SOURCE_UNVERIFIED,naver
2303,330860,2026-09-03,review_required,SOURCE_UNVERIFIED,naver
2304,331380,2026-09-03,review_required,SOURCE_UNVERIFIED,naver
2305,331520,2026-09-03,review_required,SOURCE_UNVERIFIED,naver
2306,331740,2026-09-03,review_required,SOURCE_UNVERIFIED,naver
2307,331920,2026-09-03,review_required,SOURCE_UNVERIFIED,naver
2308,332290,2026-09-03,review_required,SOURCE_UNVERIFIED,naver
2309,332370,2026-09-03,review_required,SOURCE_UNVERIFIED,naver
2310,332570,2026-09-03,review_required,SOURCE_UNVERIFIED,naver
2311,333050,2026-09-03,review_required,SOURCE_UNVERIFIED,naver
2312,333430,2026-09-03,review_required,SOURCE_UNVERIFIED,naver
2313,333620,2026-09-03,review_required,SOURCE_UNVERIFIED,naver
2315,334970,2026-09-03,review_required,SOURCE_UNVERIFIED,naver
2316,335810,2026-09-03,review_required,SOURCE_UNVERIFIED,naver
2317,335870,2026-09-03,review_required,SOURCE_UNVERIFIED,naver
2318,336060,2026-09-03,review_required,SOURCE_UNVERIFIED,naver
2325,336570,2026-09-03,review_required,SOURCE_UNVERIFIED,naver
2326,336680,2026-09-03,review_required,SOURCE_UNVERIFIED,naver
2327,337930,2026-09-03,review_required,SOURCE_UNVERIFIED,naver
2329,338220,2026-09-03,review_required,SOURCE_UNVERIFIED,naver
2330,338840,2026-09-03,review_required,SOURCE_UNVERIFIED,naver
2332,339950,2026-09-03,review_required,SOURCE_UNVERIFIED,naver
2333,340360,2026-09-03,review_required,SOURCE_UNVERIFIED,naver
2334,340440,2026-09-03,review_required,SOURCE_UNVERIFIED,naver
2335,340450,2026-09-03,review_required,SOURCE_UNVERIFIED,naver
2336,340570,2026-09-03,review_required,SOURCE_UNVERIFIED,naver
2337,340810,2026-09-03,review_required,SOURCE_UNVERIFIED,naver
2339,342870,2026-09-03,review_required,SOURCE_UNVERIFIED,naver
2341,344860,2026-09-03,review_required,SOURCE_UNVERIFIED,naver
2342,347000,2026-09-03,review_required,SOURCE_UNVERIFIED,naver
2343,347700,2026-09-03,review_required,SOURCE_UNVERIFIED,naver
2344,347740,2026-09-03,review_required,SOURCE_UNVERIFIED,naver
2345,347770,2026-09-03,review_required,SOURCE_UNVERIFIED,naver
2346,347850,2026-09-03,review_required,SOURCE_UNVERIFIED,naver
2347,347860,2026-09-03,review_required,SOURCE_UNVERIFIED,naver
2348,347890,2026-09-03,review_required,SOURCE_UNVERIFIED,naver
2349,348030,2026-09-03,review_required,SOURCE_UNVERIFIED,naver
2350,348080,2026-09-03,review_required,SOURCE_UNVERIFIED,naver
2351,348150,2026-09-03,review_required,SOURCE_UNVERIFIED,naver
2352,348210,2026-09-03,review_required,SOURCE_UNVERIFIED,naver
2353,348340,2026-09-03,review_required,SOURCE_UNVERIFIED,naver
2354,348350,2026-09-03,review_required,SOURCE_UNVERIFIED,naver
2355,348370,2026-09-03,review_required,SOURCE_UNVERIFIED,naver
2358,351320,2026-09-03,review_required,SOURCE_UNVERIFIED,naver
2359,351330,2026-09-03,review_required,SOURCE_UNVERIFIED,naver
2360,351870,2026-09-03,review_required,SOURCE_UNVERIFIED,naver
2361,352090,2026-09-03,review_required,SOURCE_UNVERIFIED,naver
2362,352480,2026-09-03,review_required,SOURCE_UNVERIFIED,naver
2363,352700,2026-09-03,review_required,SOURCE_UNVERIFIED,naver
2366,352910,2026-09-03,review_required,SOURCE_UNVERIFIED,naver
2367,352940,2026-09-03,review_required,SOURCE_UNVERIFIED,naver
2368,353190,2026-09-03,review_required,SOURCE_UNVERIFIED,naver
2371,353590,2026-09-03,review_required,SOURCE_UNVERIFIED,naver
2372,353810,2026-09-03,review_required,SOURCE_UNVERIFIED,naver
2373,354200,2026-09-03,review_required,SOURCE_UNVERIFIED,naver
2374,354320,2026-09-03,review_required,SOURCE_UNVERIFIED,naver
2375,355150,2026-09-03,review_required,SOURCE_UNVERIFIED,naver
2376,355390,2026-09-03,review_required,SOURCE_UNVERIFIED,naver
2377,355690,2026-09-03,review_required,SOURCE_UNVERIFIED,naver
2378,356680,2026-09-03,review_required,SOURCE_UNVERIFIED,naver
2379,356860,2026-09-03,review_required,SOURCE_UNVERIFIED,naver
2380,356890,2026-09-03,review_required,SOURCE_UNVERIFIED,naver
2382,357230,2026-09-03,review_required,SOURCE_UNVERIFIED,naver
2385,357550,2026-09-03,review_required,SOURCE_UNVERIFIED,naver
2386,357580,2026-09-03,review_required,SOURCE_UNVERIFIED,naver
2387,357780,2026-09-03,review_required,SOURCE_UNVERIFIED,naver
2388,357880,2026-09-03,review_required,SOURCE_UNVERIFIED,naver
2389,358570,2026-09-03,review_required,SOURCE_UNVERIFIED,naver
2390,359090,2026-09-03,review_required,SOURCE_UNVERIFIED,naver
2391,360070,2026-09-03,review_required,SOURCE_UNVERIFIED,naver
2392,360350,2026-09-03,review_required,SOURCE_UNVERIFIED,naver
2393,361390,2026-09-03,review_required,SOURCE_UNVERIFIED,naver
2394,361570,2026-09-03,review_required,SOURCE_UNVERIFIED,naver
2396,361670,2026-09-03,review_required,SOURCE_UNVERIFIED,naver
2397,362320,2026-09-03,review_required,SOURCE_UNVERIFIED,naver
2398,362990,2026-09-03,review_required,SOURCE_UNVERIFIED,naver
2399,363250,2026-09-03,review_required,SOURCE_UNVERIFIED,naver
2400,363260,2026-09-03,review_required,SOURCE_UNVERIFIED,naver
2403,364950,2026-09-03,review_required,SOURCE_UNVERIFIED,naver
2404,365270,2026-09-03,review_required,SOURCE_UNVERIFIED,naver
2405,365330,2026-09-03,review_required,SOURCE_UNVERIFIED,naver
2406,365340,2026-09-03,review_required,SOURCE_UNVERIFIED,naver
2409,365660,2026-09-03,review_required,SOURCE_UNVERIFIED,naver
2410,365900,2026-09-03,review_required,SOURCE_UNVERIFIED,naver
2411,366030,2026-09-03,review_required,SOURCE_UNVERIFIED,naver
2412,367000,2026-09-03,review_required,SOURCE_UNVERIFIED,naver
2413,368600,2026-09-03,review_required,SOURCE_UNVERIFIED,naver
2414,368770,2026-09-03,review_required,SOURCE_UNVERIFIED,naver
2415,368970,2026-09-03,review_required,SOURCE_UNVERIFIED,naver
2416,369370,2026-09-03,review_required,SOURCE_UNVERIFIED,naver
2417,370090,2026-09-03,review_required,SOURCE_UNVERIFIED,naver
2418,371950,2026-09-03,review_required,SOURCE_UNVERIFIED,naver
2419,372170,2026-09-03,review_required,SOURCE_UNVERIFIED,naver
2420,372320,2026-09-03,review_required,SOURCE_UNVERIFIED,naver
2421,372800,2026-09-03,review_required,SOURCE_UNVERIFIED,naver
2423,373110,2026-09-03,review_required,SOURCE_UNVERIFIED,naver
2424,373160,2026-09-03,review_required,SOURCE_UNVERIFIED,naver
2425,373170,2026-09-03,review_required,SOURCE_UNVERIFIED,naver
2426,373200,2026-09-03,review_required,SOURCE_UNVERIFIED,naver
2431,376180,2026-09-03,review_required,SOURCE_UNVERIFIED,naver
2432,376270,2026-09-03,review_required,SOURCE_UNVERIFIED,naver
2433,376290,2026-09-03,review_required,SOURCE_UNVERIFIED,naver
2434,376300,2026-09-03,review_required,SOURCE_UNVERIFIED,naver
2435,376900,2026-09-03,review_required,SOURCE_UNVERIFIED,naver
2436,376930,2026-09-03,review_required,SOURCE_UNVERIFIED,naver
2437,376980,2026-09-03,review_required,SOURCE_UNVERIFIED,naver
2438,377030,2026-09-03,review_required,SOURCE_UNVERIFIED,naver
2440,377220,2026-09-03,review_required,SOURCE_UNVERIFIED,naver
2442,377330,2026-09-03,review_required,SOURCE_UNVERIFIED,naver
2443,377450,2026-09-03,review_required,SOURCE_UNVERIFIED,naver
2445,377480,2026-09-03,review_required,SOURCE_UNVERIFIED,naver
2447,378340,2026-09-03,review_required,SOURCE_UNVERIFIED,naver
2448,378800,2026-09-03,review_required,SOURCE_UNVERIFIED,naver
2451,380550,2026-09-03,review_required,SOURCE_UNVERIFIED,naver
2452,381620,2026-09-03,review_required,SOURCE_UNVERIFIED,naver
2454,382150,2026-09-03,review_required,SOURCE_UNVERIFIED,naver
2455,382480,2026-09-03,review_required,SOURCE_UNVERIFIED,naver
2456,382800,2026-09-03,review_required,SOURCE_UNVERIFIED,naver
2457,382840,2026-09-03,review_required,SOURCE_UNVERIFIED,naver
2458,382900,2026-09-03,review_required,SOURCE_UNVERIFIED,naver
2460,383310,2026-09-03,review_required,SOURCE_UNVERIFIED,naver
2463,383930,2026-09-03,review_required,SOURCE_UNVERIFIED,naver
2464,384470,2026-09-03,review_required,SOURCE_UNVERIFIED,naver
2465,387570,2026-09-03,review_required,SOURCE_UNVERIFIED,naver
2466,387690,2026-09-03,review_required,SOURCE_UNVERIFIED,naver
2467,388050,2026-09-03,review_required,SOURCE_UNVERIFIED,naver
2468,388210,2026-09-03,review_required,SOURCE_UNVERIFIED,naver
2469,388610,2026-09-03,review_required,SOURCE_UNVERIFIED,naver
2470,388720,2026-09-03,review_required,SOURCE_UNVERIFIED,naver
2471,388790,2026-09-03,review_required,SOURCE_UNVERIFIED,naver
2472,388870,2026-09-03,review_required,SOURCE_UNVERIFIED,naver
2473,389020,2026-09-03,review_required,SOURCE_UNVERIFIED,naver
2474,389030,2026-09-03,review_required,SOURCE_UNVERIFIED,naver
2475,389140,2026-09-03,review_required,SOURCE_UNVERIFIED,naver
2476,389260,2026-09-03,review_required,SOURCE_UNVERIFIED,naver
2477,389470,2026-09-03,review_required,SOURCE_UNVERIFIED,naver
2478,389500,2026-09-03,review_required,SOURCE_UNVERIFIED,naver
2479,389650,2026-09-03,review_required,SOURCE_UNVERIFIED,naver
2480,389680,2026-09-03,review_required,SOURCE_UNVERIFIED,naver
2481,391710,2026-09-03,review_required,SOURCE_UNVERIFIED,naver
2482,393210,2026-09-03,review_required,SOURCE_UNVERIFIED,naver
2483,393890,2026-09-03,review_required,SOURCE_UNVERIFIED,naver
2485,394280,2026-09-03,review_required,SOURCE_UNVERIFIED,naver
2486,394420,2026-09-03,review_required,SOURCE_UNVERIFIED,naver
2487,394800,2026-09-03,review_required,SOURCE_UNVERIFIED,naver
2489,396270,2026-09-03,review_required,SOURCE_UNVERIFIED,naver
2490,396300,2026-09-03,review_required,SOURCE_UNVERIFIED,naver
2491,396470,2026-09-03,review_required,SOURCE_UNVERIFIED,naver
2493,397030,2026-09-03,review_required,SOURCE_UNVERIFIED,naver
2494,397810,2026-09-03,review_required,SOURCE_UNVERIFIED,naver
2495,398120,2026-09-03,review_required,SOURCE_UNVERIFIED,naver
2496,399720,2026-09-03,review_required,SOURCE_UNVERIFIED,naver
2498,402030,2026-09-03,review_required,SOURCE_UNVERIFIED,naver
2500,402490,2026-09-03,review_required,SOURCE_UNVERIFIED,naver
2501,403490,2026-09-03,review_required,SOURCE_UNVERIFIED,naver
2503,403850,2026-09-03,review_required,SOURCE_UNVERIFIED,naver
2504,403870,2026-09-03,review_required,SOURCE_UNVERIFIED,naver
2506,405000,2026-09-03,review_required,SOURCE_UNVERIFIED,naver
2507,405100,2026-09-03,review_required,SOURCE_UNVERIFIED,naver
2508,405920,2026-09-03,review_required,SOURCE_UNVERIFIED,naver
2509,406820,2026-09-03,review_required,SOURCE_UNVERIFIED,naver
2510,407400,2026-09-03,review_required,SOURCE_UNVERIFIED,naver
2511,408470,2026-09-03,review_required,SOURCE_UNVERIFIED,naver
2512,408900,2026-09-03,review_required,SOURCE_UNVERIFIED,naver
2513,408920,2026-09-03,review_required,SOURCE_UNVERIFIED,naver
2514,411080,2026-09-03,review_required,SOURCE_UNVERIFIED,naver
2515,412350,2026-09-03,review_required,SOURCE_UNVERIFIED,naver
2517,413390,2026-09-03,review_required,SOURCE_UNVERIFIED,naver
2518,413630,2026-09-03,review_required,SOURCE_UNVERIFIED,naver
2519,413640,2026-09-03,review_required,SOURCE_UNVERIFIED,naver
2520,415380,2026-09-03,review_required,SOURCE_UNVERIFIED,naver
2522,416180,2026-09-03,review_required,SOURCE_UNVERIFIED,naver
2523,417010,2026-09-03,review_required,SOURCE_UNVERIFIED,naver
2524,417180,2026-09-03,review_required,SOURCE_UNVERIFIED,naver
2525,417200,2026-09-03,review_required,SOURCE_UNVERIFIED,naver
2527,417500,2026-09-03,review_required,SOURCE_UNVERIFIED,naver
2528,417790,2026-09-03,review_required,SOURCE_UNVERIFIED,naver
2529,417840,2026-09-03,review_required,SOURCE_UNVERIFIED,naver
2530,417860,2026-09-03,review_required,SOURCE_UNVERIFIED,naver
2531,417970,2026-09-03,review_required,SOURCE_UNVERIFIED,naver
2533,418420,2026-09-03,review_required,SOURCE_UNVERIFIED,naver
2534,418470,2026-09-03,review_required,SOURCE_UNVERIFIED,naver
2535,418550,2026-09-03,review_required,SOURCE_UNVERIFIED,naver
2536,418620,2026-09-03,review_required,SOURCE_UNVERIFIED,naver
2537,419050,2026-09-03,review_required,SOURCE_UNVERIFIED,naver
2538,419080,2026-09-03,review_required,SOURCE_UNVERIFIED,naver
2539,419120,2026-09-03,review_required,SOURCE_UNVERIFIED,naver
2540,419530,2026-09-03,review_required,SOURCE_UNVERIFIED,naver
2541,419540,2026-09-03,review_required,SOURCE_UNVERIFIED,naver
2542,420570,2026-09-03,review_required,SOURCE_UNVERIFIED,naver
2543,420770,2026-09-03,review_required,SOURCE_UNVERIFIED,naver
2544,424760,2026-09-03,review_required,SOURCE_UNVERIFIED,naver
2545,424870,2026-09-03,review_required,SOURCE_UNVERIFIED,naver
2546,424960,2026-09-03,review_required,SOURCE_UNVERIFIED,naver
2547,424980,2026-09-03,review_required,SOURCE_UNVERIFIED,naver
2548,425040,2026-09-03,review_required,SOURCE_UNVERIFIED,naver
2549,425420,2026-09-03,review_required,SOURCE_UNVERIFIED,naver
2550,429270,2026-09-03,review_required,SOURCE_UNVERIFIED,naver
2551,430690,2026-09-03,review_required,SOURCE_UNVERIFIED,naver
2552,431190,2026-09-03,review_required,SOURCE_UNVERIFIED,naver
2554,432430,2026-09-03,review_required,SOURCE_UNVERIFIED,naver
2555,432470,2026-09-03,review_required,SOURCE_UNVERIFIED,naver
2556,432720,2026-09-03,review_required,SOURCE_UNVERIFIED,naver
2557,432980,2026-09-03,review_required,SOURCE_UNVERIFIED,naver
2558,434480,2026-09-03,review_required,SOURCE_UNVERIFIED,naver
2559,435570,2026-09-03,review_required,SOURCE_UNVERIFIED,naver
2560,437730,2026-09-03,review_required,SOURCE_UNVERIFIED,naver
2561,438700,2026-09-03,review_required,SOURCE_UNVERIFIED,naver
2562,439090,2026-09-03,review_required,SOURCE_UNVERIFIED,naver
2564,439580,2026-09-03,review_required,SOURCE_UNVERIFIED,naver
2565,439960,2026-09-03,review_required,SOURCE_UNVERIFIED,naver
2566,440110,2026-09-03,review_required,SOURCE_UNVERIFIED,naver
2567,440290,2026-09-03,review_required,SOURCE_UNVERIFIED,naver
2568,440320,2026-09-03,review_required,SOURCE_UNVERIFIED,naver
2569,441270,2026-09-03,review_required,SOURCE_UNVERIFIED,naver
2571,443250,2026-09-03,review_required,SOURCE_UNVERIFIED,naver
2572,443670,2026-09-03,review_required,SOURCE_UNVERIFIED,naver
2573,444530,2026-09-03,review_required,SOURCE_UNVERIFIED,naver
2574,445090,2026-09-03,review_required,SOURCE_UNVERIFIED,naver
2575,445180,2026-09-03,review_required,SOURCE_UNVERIFIED,naver
2576,445680,2026-09-03,review_required,SOURCE_UNVERIFIED,naver
2578,446540,2026-09-03,review_required,SOURCE_UNVERIFIED,naver
2579,446840,2026-09-03,review_required,SOURCE_UNVERIFIED,naver
2580,448280,2026-09-03,review_required,SOURCE_UNVERIFIED,naver
2581,448710,2026-09-03,review_required,SOURCE_UNVERIFIED,naver
2583,448900,2026-09-03,review_required,SOURCE_UNVERIFIED,naver
2585,450330,2026-09-03,review_required,SOURCE_UNVERIFIED,naver
2586,450520,2026-09-03,review_required,SOURCE_UNVERIFIED,naver
2587,450950,2026-09-03,review_required,SOURCE_UNVERIFIED,naver
2588,451220,2026-09-03,review_required,SOURCE_UNVERIFIED,naver
2589,451250,2026-09-03,review_required,SOURCE_UNVERIFIED,naver
2590,451760,2026-09-03,review_required,SOURCE_UNVERIFIED,naver
2592,452160,2026-09-03,review_required,SOURCE_UNVERIFIED,naver
2593,452190,2026-09-03,review_required,SOURCE_UNVERIFIED,naver
2594,452200,2026-09-03,review_required,SOURCE_UNVERIFIED,naver
2597,452280,2026-09-03,review_required,SOURCE_UNVERIFIED,naver
2598,452300,2026-09-03,review_required,SOURCE_UNVERIFIED,naver
2599,452400,2026-09-03,review_required,SOURCE_UNVERIFIED,naver
2600,452430,2026-09-03,review_required,SOURCE_UNVERIFIED,naver
2601,452450,2026-09-03,review_required,SOURCE_UNVERIFIED,naver
2603,453450,2026-09-03,review_required,SOURCE_UNVERIFIED,naver
2604,453860,2026-09-03,review_required,SOURCE_UNVERIFIED,naver
2606,455180,2026-09-03,review_required,SOURCE_UNVERIFIED,naver
2607,455900,2026-09-03,review_required,SOURCE_UNVERIFIED,naver
2608,456010,2026-09-03,review_required,SOURCE_UNVERIFIED,naver
2610,456070,2026-09-03,review_required,SOURCE_UNVERIFIED,naver
2611,456160,2026-09-03,review_required,SOURCE_UNVERIFIED,naver
2613,457370,2026-09-03,review_required,SOURCE_UNVERIFIED,naver
2614,457550,2026-09-03,review_required,SOURCE_UNVERIFIED,naver
2615,457600,2026-09-03,review_required,SOURCE_UNVERIFIED,naver
2616,458350,2026-09-03,review_required,SOURCE_UNVERIFIED,naver
2617,458650,2026-09-03,review_required,SOURCE_UNVERIFIED,naver
2618,458870,2026-09-03,review_required,SOURCE_UNVERIFIED,naver
2619,459100,2026-09-03,review_required,SOURCE_UNVERIFIED,naver
2620,459510,2026-09-03,review_required,SOURCE_UNVERIFIED,naver
2621,459550,2026-09-03,review_required,SOURCE_UNVERIFIED,naver
2622,460470,2026-09-03,review_required,SOURCE_UNVERIFIED,naver
2625,460870,2026-09-03,review_required,SOURCE_UNVERIFIED,naver
2626,460930,2026-09-03,review_required,SOURCE_UNVERIFIED,naver
2627,460940,2026-09-03,review_required,SOURCE_UNVERIFIED,naver
2628,461030,2026-09-03,review_required,SOURCE_UNVERIFIED,naver
2629,461300,2026-09-03,review_required,SOURCE_UNVERIFIED,naver
2630,462310,2026-09-03,review_required,SOURCE_UNVERIFIED,naver
2631,462350,2026-09-03,review_required,SOURCE_UNVERIFIED,naver
2632,462510,2026-09-03,review_required,SOURCE_UNVERIFIED,naver
2634,462860,2026-09-03,review_required,SOURCE_UNVERIFIED,naver
2636,462980,2026-09-03,review_required,SOURCE_UNVERIFIED,naver
2637,463020,2026-09-03,review_required,SOURCE_UNVERIFIED,naver
2638,463480,2026-09-03,review_required,SOURCE_UNVERIFIED,naver
2639,464080,2026-09-03,review_required,SOURCE_UNVERIFIED,naver
2640,464280,2026-09-03,review_required,SOURCE_UNVERIFIED,naver
2641,464490,2026-09-03,review_required,SOURCE_UNVERIFIED,naver
2642,464500,2026-09-03,review_required,SOURCE_UNVERIFIED,naver
2643,464580,2026-09-03,review_required,SOURCE_UNVERIFIED,naver
2645,465480,2026-09-03,review_required,SOURCE_UNVERIFIED,naver
2647,466100,2026-09-03,review_required,SOURCE_UNVERIFIED,naver
2648,466410,2026-09-03,review_required,SOURCE_UNVERIFIED,naver
2649,466690,2026-09-03,review_required,SOURCE_UNVERIFIED,naver
2650,468530,2026-09-03,review_required,SOURCE_UNVERIFIED,naver
2653,469610,2026-09-03,review_required,SOURCE_UNVERIFIED,naver
2654,469750,2026-09-03,review_required,SOURCE_UNVERIFIED,naver
2655,469900,2026-09-03,review_required,SOURCE_UNVERIFIED,naver
2657,471820,2026-09-03,review_required,SOURCE_UNVERIFIED,naver
2659,472230,2026-09-03,review_required,SOURCE_UNVERIFIED,naver
2660,472850,2026-09-03,review_required,SOURCE_UNVERIFIED,naver
2661,473000,2026-09-03,review_required,SOURCE_UNVERIFIED,naver
2662,473050,2026-09-03,review_required,SOURCE_UNVERIFIED,naver
2663,473950,2026-09-03,review_required,SOURCE_UNVERIFIED,naver
2664,473980,2026-09-03,review_required,SOURCE_UNVERIFIED,naver
2665,474170,2026-09-03,review_required,SOURCE_UNVERIFIED,naver
2666,474490,2026-09-03,review_required,SOURCE_UNVERIFIED,naver
2667,474610,2026-09-03,review_required,SOURCE_UNVERIFIED,naver
2668,474650,2026-09-03,review_required,SOURCE_UNVERIFIED,naver
2669,474660,2026-09-03,review_required,SOURCE_UNVERIFIED,naver
2670,474930,2026-09-03,review_required,SOURCE_UNVERIFIED,naver
2671,475040,2026-09-03,review_required,SOURCE_UNVERIFIED,naver
2673,475230,2026-09-03,review_required,SOURCE_UNVERIFIED,naver
2674,475240,2026-09-03,review_required,SOURCE_UNVERIFIED,naver
2675,475250,2026-09-03,review_required,SOURCE_UNVERIFIED,naver
2676,475400,2026-09-03,review_required,SOURCE_UNVERIFIED,naver
2677,475430,2026-09-03,review_required,SOURCE_UNVERIFIED,naver
2678,475460,2026-09-03,review_required,SOURCE_UNVERIFIED,naver
2680,475580,2026-09-03,review_required,SOURCE_UNVERIFIED,naver
2681,475660,2026-09-03,review_required,SOURCE_UNVERIFIED,naver
2682,475830,2026-09-03,review_required,SOURCE_UNVERIFIED,naver
2683,475960,2026-09-03,review_required,SOURCE_UNVERIFIED,naver
2684,476040,2026-09-03,review_required,SOURCE_UNVERIFIED,naver
2685,476060,2026-09-03,review_required,SOURCE_UNVERIFIED,naver
2686,476080,2026-09-03,review_required,SOURCE_UNVERIFIED,naver
2687,476830,2026-09-03,review_required,SOURCE_UNVERIFIED,naver
2688,477340,2026-09-03,review_required,SOURCE_UNVERIFIED,naver
2689,477380,2026-09-03,review_required,SOURCE_UNVERIFIED,naver
2690,477470,2026-09-03,review_required,SOURCE_UNVERIFIED,naver
2691,477760,2026-09-03,review_required,SOURCE_UNVERIFIED,naver
2692,477850,2026-09-03,review_required,SOURCE_UNVERIFIED,naver
2693,478110,2026-09-03,review_required,SOURCE_UNVERIFIED,naver
2694,478340,2026-09-03,review_required,SOURCE_UNVERIFIED,naver
2695,478390,2026-09-03,review_required,SOURCE_UNVERIFIED,naver
2696,478440,2026-09-03,review_required,SOURCE_UNVERIFIED,naver
2697,478560,2026-09-03,review_required,SOURCE_UNVERIFIED,naver
2698,479880,2026-09-03,review_required,SOURCE_UNVERIFIED,naver
2699,479960,2026-09-03,review_required,SOURCE_UNVERIFIED,naver
2701,481070,2026-09-03,review_required,SOURCE_UNVERIFIED,naver
2703,481890,2026-09-03,review_required,SOURCE_UNVERIFIED,naver
2704,482520,2026-09-03,review_required,SOURCE_UNVERIFIED,naver
2705,482630,2026-09-03,review_required,SOURCE_UNVERIFIED,naver
2707,482690,2026-09-03,review_required,SOURCE_UNVERIFIED,naver
2708,483350,2026-09-03,review_required,SOURCE_UNVERIFIED,naver
2710,484120,2026-09-03,review_required,SOURCE_UNVERIFIED,naver
2711,484130,2026-09-03,review_required,SOURCE_UNVERIFIED,naver
2712,484590,2026-09-03,review_required,SOURCE_UNVERIFIED,naver
2713,484810,2026-09-03,review_required,SOURCE_UNVERIFIED,naver
2715,486630,2026-09-03,review_required,SOURCE_UNVERIFIED,naver
2716,486990,2026-09-03,review_required,SOURCE_UNVERIFIED,naver
2717,487360,2026-09-03,review_required,SOURCE_UNVERIFIED,naver
2718,487400,2026-09-03,review_required,SOURCE_UNVERIFIED,naver
2720,487580,2026-09-03,review_required,SOURCE_UNVERIFIED,naver
2721,487720,2026-09-03,review_required,SOURCE_UNVERIFIED,naver
2722,487830,2026-09-03,review_required,SOURCE_UNVERIFIED,naver
2723,488060,2026-09-03,review_required,SOURCE_UNVERIFIED,naver
2724,488280,2026-09-03,review_required,SOURCE_UNVERIFIED,naver
2725,488900,2026-09-03,review_required,SOURCE_UNVERIFIED,naver
2726,489210,2026-09-03,review_required,SOURCE_UNVERIFIED,naver
2727,489460,2026-09-03,review_required,SOURCE_UNVERIFIED,naver
2728,489480,2026-09-03,review_required,SOURCE_UNVERIFIED,naver
2729,489500,2026-09-03,review_required,SOURCE_UNVERIFIED,naver
2730,489730,2026-09-03,review_required,SOURCE_UNVERIFIED,naver
2732,490470,2026-09-03,review_required,SOURCE_UNVERIFIED,naver
2733,491000,2026-09-03,review_required,SOURCE_UNVERIFIED,naver
2734,492220,2026-09-03,review_required,SOURCE_UNVERIFIED,naver
2735,493280,2026-09-03,review_required,SOURCE_UNVERIFIED,naver
2736,493330,2026-09-03,review_required,SOURCE_UNVERIFIED,naver
2737,493790,2026-09-03,review_required,SOURCE_UNVERIFIED,naver
2738,494120,2026-09-03,review_required,SOURCE_UNVERIFIED,naver
2739,496070,2026-09-03,review_required,SOURCE_UNVERIFIED,naver
2764,282620,2026-09-03,review_required,SOURCE_UNVERIFIED,naver
2765,417030,2026-09-03,review_required,SOURCE_UNVERIFIED,naver
2766,0155E0,2026-09-03,review_required,SOURCE_UNVERIFIED,naver
5,000080,2026-09-03,review_required,SOURCE_UNVERIFIED,naver
56,000850,2026-09-03,review_required,SOURCE_UNVERIFIED,naver
112,001560,2026-09-03,review_required,SOURCE_UNVERIFIED,naver
126,001780,2026-09-03,review_required,SOURCE_UNVERIFIED,naver
141,002150,2026-09-03,review_required,SOURCE_UNVERIFIED,naver
164,002690,2026-09-03,review_required,SOURCE_UNVERIFIED,naver
199,003220,2026-09-03,review_required,SOURCE_UNVERIFIED,naver
227,003670,2026-09-03,review_required,SOURCE_UNVERIFIED,naver
264,004440,2026-09-03,review_required,SOURCE_UNVERIFIED,naver
284,004890,2026-09-03,review_required,SOURCE_UNVERIFIED,naver
365,006650,2026-09-03,review_required,SOURCE_UNVERIFIED,naver
372,006840,2026-09-03,review_required,SOURCE_UNVERIFIED,naver
373,006880,2026-09-03,review_required,SOURCE_UNVERIFIED,naver
374,006890,2026-09-03,review_required,SOURCE_UNVERIFIED,naver
379,007070,2026-09-03,review_required,SOURCE_UNVERIFIED,naver
381,007120,2026-09-03,review_required,SOURCE_UNVERIFIED,naver
399,007660,2026-09-03,review_required,SOURCE_UNVERIFIED,naver
444,009240,2026-09-03,review_required,SOURCE_UNVERIFIED,naver
459,009540,2026-09-03,review_required,SOURCE_UNVERIFIED,naver
466,009770,2026-09-03,review_required,SOURCE_UNVERIFIED,naver
473,009900,2026-09-03,review_required,SOURCE_UNVERIFIED,naver
477,010040,2026-09-03,review_required,SOURCE_UNVERIFIED,naver
487,010400,2026-09-03,review_required,SOURCE_UNVERIFIED,naver
499,010960,2026-09-03,review_required,SOURCE_UNVERIFIED,naver
502,011070,2026-09-03,review_required,SOURCE_UNVERIFIED,naver
509,011210,2026-09-03,review_required,SOURCE_UNVERIFIED,naver
518,011500,2026-09-03,review_required,SOURCE_UNVERIFIED,naver
531,0120G0,2026-09-03,review_required,SOURCE_UNVERIFIED,naver
532,012160,2026-09-03,review_required,SOURCE_UNVERIFIED,naver
546,0126Z0,2026-09-03,review_required,SOURCE_UNVERIFIED,naver
569,013870,2026-09-03,review_required,SOURCE_UNVERIFIED,naver
570,013890,2026-09-03,review_required,SOURCE_UNVERIFIED,naver
585,014710,2026-09-03,review_required,SOURCE_UNVERIFIED,naver
589,014830,2026-09-03,review_required,SOURCE_UNVERIFIED,naver
612,016450,2026-09-03,review_required,SOURCE_UNVERIFIED,naver
620,016710,2026-09-03,review_required,SOURCE_UNVERIFIED,naver
621,016740,2026-09-03,review_required,SOURCE_UNVERIFIED,naver
628,017180,2026-09-03,review_required,SOURCE_UNVERIFIED,naver
630,017370,2026-09-03,review_required,SOURCE_UNVERIFIED,naver
639,017860,2026-09-03,review_required,SOURCE_UNVERIFIED,naver
646,018250,2026-09-03,review_required,SOURCE_UNVERIFIED,naver
647,018260,2026-09-03,review_required,SOURCE_UNVERIFIED,naver
667,019680,2026-09-03,review_required,SOURCE_UNVERIFIED,naver
673,020150,2026-09-03,review_required,SOURCE_UNVERIFIED,naver
676,020560,2026-09-03,review_required,SOURCE_UNVERIFIED,naver
683,021240,2026-09-03,review_required,SOURCE_UNVERIFIED,naver
689,022100,2026-09-03,review_required,SOURCE_UNVERIFIED,naver
691,023000,2026-09-03,review_required,SOURCE_UNVERIFIED,naver
694,023350,2026-09-03,review_required,SOURCE_UNVERIFIED,naver
698,023530,2026-09-03,review_required,SOURCE_UNVERIFIED,naver
705,023810,2026-09-03,review_required,SOURCE_UNVERIFIED,naver
711,024090,2026-09-03,review_required,SOURCE_UNVERIFIED,naver
712,024110,2026-09-03,review_required,SOURCE_UNVERIFIED,naver
714,024720,2026-09-03,review_required,SOURCE_UNVERIFIED,naver
734,025750,2026-09-03,review_required,SOURCE_UNVERIFIED,naver
748,026940,2026-09-03,review_required,SOURCE_UNVERIFIED,naver
749,026960,2026-09-03,review_required,SOURCE_UNVERIFIED,naver
753,027410,2026-09-03,review_required,SOURCE_UNVERIFIED,naver
756,027740,2026-09-03,review_required,SOURCE_UNVERIFIED,naver
761,028100,2026-09-03,review_required,SOURCE_UNVERIFIED,naver
762,028260,2026-09-03,review_required,SOURCE_UNVERIFIED,naver
765,028670,2026-09-03,review_required,SOURCE_UNVERIFIED,naver
769,029780,2026-09-03,review_required,SOURCE_UNVERIFIED,naver
771,030190,2026-09-03,review_required,SOURCE_UNVERIFIED,naver
777,030610,2026-09-03,review_required,SOURCE_UNVERIFIED,naver
780,031210,2026-09-03,review_required,SOURCE_UNVERIFIED,naver
783,031430,2026-09-03,review_required,SOURCE_UNVERIFIED,naver
792,032350,2026-09-03,review_required,SOURCE_UNVERIFIED,naver
795,032560,2026-09-03,review_required,SOURCE_UNVERIFIED,naver
798,032640,2026-09-03,review_required,SOURCE_UNVERIFIED,naver
805,032830,2026-09-03,review_required,SOURCE_UNVERIFIED,naver
817,033240,2026-09-03,review_required,SOURCE_UNVERIFIED,naver
818,033250,2026-09-03,review_required,SOURCE_UNVERIFIED,naver
819,033270,2026-09-03,review_required,SOURCE_UNVERIFIED,naver
825,033530,2026-09-03,review_required,SOURCE_UNVERIFIED,naver
829,033780,2026-09-03,review_required,SOURCE_UNVERIFIED,naver
832,033920,2026-09-03,review_required,SOURCE_UNVERIFIED,naver
833,034020,2026-09-03,review_required,SOURCE_UNVERIFIED,naver
834,034120,2026-09-03,review_required,SOURCE_UNVERIFIED,naver
835,034220,2026-09-03,review_required,SOURCE_UNVERIFIED,naver
836,034230,2026-09-03,review_required,SOURCE_UNVERIFIED,naver
837,034310,2026-09-03,review_required,SOURCE_UNVERIFIED,naver
838,034590,2026-09-03,review_required,SOURCE_UNVERIFIED,naver
839,034730,2026-09-03,review_required,SOURCE_UNVERIFIED,naver
843,034830,2026-09-03,review_required,SOURCE_UNVERIFIED,naver
846,035000,2026-09-03,review_required,SOURCE_UNVERIFIED,naver
848,035150,2026-09-03,review_required,SOURCE_UNVERIFIED,naver
850,035250,2026-09-03,review_required,SOURCE_UNVERIFIED,naver
852,035420,2026-09-03,review_required,SOURCE_UNVERIFIED,naver
854,035510,2026-09-03,review_required,SOURCE_UNVERIFIED,naver
858,035720,2026-09-03,review_required,SOURCE_UNVERIFIED,naver
872,036420,2026-09-03,review_required,SOURCE_UNVERIFIED,naver
873,036460,2026-09-03,review_required,SOURCE_UNVERIFIED,naver
875,036530,2026-09-03,review_required,SOURCE_UNVERIFIED,naver
878,036570,2026-09-03,review_required,SOURCE_UNVERIFIED,naver
879,036580,2026-09-03,review_required,SOURCE_UNVERIFIED,naver
894,037270,2026-09-03,review_required,SOURCE_UNVERIFIED,naver
901,037560,2026-09-03,review_required,SOURCE_UNVERIFIED,naver
902,037710,2026-09-03,review_required,SOURCE_UNVERIFIED,naver
923,039130,2026-09-03,review_required,SOURCE_UNVERIFIED,naver
931,039490,2026-09-03,review_required,SOURCE_UNVERIFIED,naver
933,039570,2026-09-03,review_required,SOURCE_UNVERIFIED,naver
953,041650,2026-09-03,review_required,SOURCE_UNVERIFIED,naver
968,042660,2026-09-03,review_required,SOURCE_UNVERIFIED,naver
969,042700,2026-09-03,review_required,SOURCE_UNVERIFIED,naver
986,044380,2026-09-03,review_required,SOURCE_UNVERIFIED,naver
987,044450,2026-09-03,review_required,SOURCE_UNVERIFIED,naver
991,044820,2026-09-03,review_required,SOURCE_UNVERIFIED,naver
1012,047040,2026-09-03,review_required,SOURCE_UNVERIFIED,naver
1013,047050,2026-09-03,review_required,SOURCE_UNVERIFIED,naver
1016,047400,2026-09-03,review_required,SOURCE_UNVERIFIED,naver
1019,047810,2026-09-03,review_required,SOURCE_UNVERIFIED,naver
1042,049800,2026-09-03,review_required,SOURCE_UNVERIFIED,naver
1060,051600,2026-09-03,review_required,SOURCE_UNVERIFIED,naver
1061,051630,2026-09-03,review_required,SOURCE_UNVERIFIED,naver
1063,051900,2026-09-03,review_required,SOURCE_UNVERIFIED,naver
1065,051910,2026-09-03,review_required,SOURCE_UNVERIFIED,naver
1077,052690,2026-09-03,review_required,SOURCE_UNVERIFIED,naver
1088,053210,2026-09-03,review_required,SOURCE_UNVERIFIED,naver
1099,053690,2026-09-03,review_required,SOURCE_UNVERIFIED,naver
1122,055490,2026-09-03,review_required,SOURCE_UNVERIFIED,naver
1123,055550,2026-09-03,review_required,SOURCE_UNVERIFIED,naver
1135,058430,2026-09-03,review_required,SOURCE_UNVERIFIED,naver
1140,058650,2026-09-03,review_required,SOURCE_UNVERIFIED,naver
1141,058730,2026-09-03,review_required,SOURCE_UNVERIFIED,naver
1143,058850,2026-09-03,review_required,SOURCE_UNVERIFIED,naver
1144,058860,2026-09-03,review_required,SOURCE_UNVERIFIED,naver
1167,060980,2026-09-03,review_required,SOURCE_UNVERIFIED,naver
1172,062040,2026-09-03,review_required,SOURCE_UNVERIFIED,naver
1175,063160,2026-09-03,review_required,SOURCE_UNVERIFIED,naver
1184,064350,2026-09-03,review_required,SOURCE_UNVERIFIED,naver
1185,064400,2026-09-03,review_required,SOURCE_UNVERIFIED,naver
1193,064960,2026-09-03,review_required,SOURCE_UNVERIFIED,naver
1219,066570,2026-09-03,review_required,SOURCE_UNVERIFIED,naver
1228,066970,2026-09-03,review_required,SOURCE_UNVERIFIED,naver
1244,067830,2026-09-03,review_required,SOURCE_UNVERIFIED,naver
1251,068270,2026-09-03,review_required,SOURCE_UNVERIFIED,naver
1252,068290,2026-09-03,review_required,SOURCE_UNVERIFIED,naver
1260,069260,2026-09-03,review_required,SOURCE_UNVERIFIED,naver
1266,069620,2026-09-03,review_required,SOURCE_UNVERIFIED,naver
1267,069640,2026-09-03,review_required,SOURCE_UNVERIFIED,naver
1268,069730,2026-09-03,review_required,SOURCE_UNVERIFIED,naver
1270,069960,2026-09-03,review_required,SOURCE_UNVERIFIED,naver
1273,070960,2026-09-03,review_required,SOURCE_UNVERIFIED,naver
1274,071050,2026-09-03,review_required,SOURCE_UNVERIFIED,naver
1276,071090,2026-09-03,review_required,SOURCE_UNVERIFIED,naver
1279,071320,2026-09-03,review_required,SOURCE_UNVERIFIED,naver
1281,071840,2026-09-03,review_required,SOURCE_UNVERIFIED,naver
1283,071950,2026-09-03,review_required,SOURCE_UNVERIFIED,naver
1284,071970,2026-09-03,review_required,SOURCE_UNVERIFIED,naver
1286,072130,2026-09-03,review_required,SOURCE_UNVERIFIED,naver
1288,072710,2026-09-03,review_required,SOURCE_UNVERIFIED,naver
1296,073240,2026-09-03,review_required,SOURCE_UNVERIFIED,naver
1306,075180,2026-09-03,review_required,SOURCE_UNVERIFIED,naver
1307,075580,2026-09-03,review_required,SOURCE_UNVERIFIED,naver
1312,077500,2026-09-03,review_required,SOURCE_UNVERIFIED,naver
1313,077970,2026-09-03,review_required,SOURCE_UNVERIFIED,naver
1314,078000,2026-09-03,review_required,SOURCE_UNVERIFIED,naver
1323,078520,2026-09-03,review_required,SOURCE_UNVERIFIED,naver
1328,078930,2026-09-03,review_required,SOURCE_UNVERIFIED,naver
1331,079160,2026-09-03,review_required,SOURCE_UNVERIFIED,naver
1335,079430,2026-09-03,review_required,SOURCE_UNVERIFIED,naver
1336,079550,2026-09-03,review_required,SOURCE_UNVERIFIED,naver
1339,079900,2026-09-03,review_required,SOURCE_UNVERIFIED,naver
1344,079980,2026-09-03,review_required,SOURCE_UNVERIFIED,naver
1354,081000,2026-09-03,review_required,SOURCE_UNVERIFIED,naver
1358,081660,2026-09-03,review_required,SOURCE_UNVERIFIED,naver
1363,082740,2026-09-03,review_required,SOURCE_UNVERIFIED,naver
1368,083420,2026-09-03,review_required,SOURCE_UNVERIFIED,naver
1378,084010,2026-09-03,review_required,SOURCE_UNVERIFIED,naver
1384,084670,2026-09-03,review_required,SOURCE_UNVERIFIED,naver
1386,084690,2026-09-03,review_required,SOURCE_UNVERIFIED,naver
1390,084870,2026-09-03,review_required,SOURCE_UNVERIFIED,naver
1392,085310,2026-09-03,review_required,SOURCE_UNVERIFIED,naver
1393,085620,2026-09-03,review_required,SOURCE_UNVERIFIED,naver
1400,086280,2026-09-03,review_required,SOURCE_UNVERIFIED,naver
1406,086790,2026-09-03,review_required,SOURCE_UNVERIFIED,naver
1420,088350,2026-09-03,review_required,SOURCE_UNVERIFIED,naver
1422,088790,2026-09-03,review_required,SOURCE_UNVERIFIED,naver
1431,089470,2026-09-03,review_required,SOURCE_UNVERIFIED,naver
1432,089590,2026-09-03,review_required,SOURCE_UNVERIFIED,naver
1436,089860,2026-09-03,review_required,SOURCE_UNVERIFIED,naver
1440,090080,2026-09-03,review_required,SOURCE_UNVERIFIED,naver
1442,090350,2026-09-03,review_required,SOURCE_UNVERIFIED,naver
1445,090370,2026-09-03,review_required,SOURCE_UNVERIFIED,naver
1447,090430,2026-09-03,review_required,SOURCE_UNVERIFIED,naver
1449,090460,2026-09-03,review_required,SOURCE_UNVERIFIED,naver
1459,091810,2026-09-03,review_required,SOURCE_UNVERIFIED,naver
1465,092200,2026-09-03,review_required,SOURCE_UNVERIFIED,naver
1466,092220,2026-09-03,review_required,SOURCE_UNVERIFIED,naver
1467,092230,2026-09-03,review_required,SOURCE_UNVERIFIED,naver
1469,092440,2026-09-03,review_required,SOURCE_UNVERIFIED,naver
1473,092780,2026-09-03,review_required,SOURCE_UNVERIFIED,naver
1474,092790,2026-09-03,review_required,SOURCE_UNVERIFIED,naver
1476,093050,2026-09-03,review_required,SOURCE_UNVERIFIED,naver
1480,093370,2026-09-03,review_required,SOURCE_UNVERIFIED,naver
1486,094280,2026-09-03,review_required,SOURCE_UNVERIFIED,naver
1500,095570,2026-09-03,review_required,SOURCE_UNVERIFIED,naver
1504,095720,2026-09-03,review_required,SOURCE_UNVERIFIED,naver
1513,096760,2026-09-03,review_required,SOURCE_UNVERIFIED,naver
1514,096770,2026-09-03,review_required,SOURCE_UNVERIFIED,naver
1517,097230,2026-09-03,review_required,SOURCE_UNVERIFIED,naver
1518,097520,2026-09-03,review_required,SOURCE_UNVERIFIED,naver
1522,097950,2026-09-03,review_required,SOURCE_UNVERIFIED,naver
1538,100090,2026-09-03,review_required,SOURCE_UNVERIFIED,naver
1541,100220,2026-09-03,review_required,SOURCE_UNVERIFIED,naver
1542,100250,2026-09-03,review_required,SOURCE_UNVERIFIED,naver
1547,100840,2026-09-03,review_required,SOURCE_UNVERIFIED,naver
1549,101140,2026-09-03,review_required,SOURCE_UNVERIFIED,naver
1557,101530,2026-09-03,review_required,SOURCE_UNVERIFIED,naver
1564,102260,2026-09-03,review_required,SOURCE_UNVERIFIED,naver
1566,102460,2026-09-03,review_required,SOURCE_UNVERIFIED,naver
1569,103140,2026-09-03,review_required,SOURCE_UNVERIFIED,naver
1571,103590,2026-09-03,review_required,SOURCE_UNVERIFIED,naver
1579,104700,2026-09-03,review_required,SOURCE_UNVERIFIED,naver
1583,105560,2026-09-03,review_required,SOURCE_UNVERIFIED,naver
1584,105630,2026-09-03,review_required,SOURCE_UNVERIFIED,naver
1587,105840,2026-09-03,review_required,SOURCE_UNVERIFIED,naver
1591,107590,2026-09-03,review_required,SOURCE_UNVERIFIED,naver
1595,108320,2026-09-03,review_required,SOURCE_UNVERIFIED,naver
1598,108670,2026-09-03,review_required,SOURCE_UNVERIFIED,naver
1612,111110,2026-09-03,review_required,SOURCE_UNVERIFIED,naver
1613,111380,2026-09-03,review_required,SOURCE_UNVERIFIED,naver
1615,111770,2026-09-03,review_required,SOURCE_UNVERIFIED,naver
1618,112610,2026-09-03,review_required,SOURCE_UNVERIFIED,naver
1620,114090,2026-09-03,review_required,SOURCE_UNVERIFIED,naver
1636,117580,2026-09-03,review_required,SOURCE_UNVERIFIED,naver
1639,118000,2026-09-03,review_required,SOURCE_UNVERIFIED,naver
1646,120030,2026-09-03,review_required,SOURCE_UNVERIFIED,naver
1647,120110,2026-09-03,review_required,SOURCE_UNVERIFIED,naver
1661,122900,2026-09-03,review_required,SOURCE_UNVERIFIED,naver
1669,123690,2026-09-03,review_required,SOURCE_UNVERIFIED,naver
1670,123700,2026-09-03,review_required,SOURCE_UNVERIFIED,naver
1674,123890,2026-09-03,review_required,SOURCE_UNVERIFIED,naver
1681,126560,2026-09-03,review_required,SOURCE_UNVERIFIED,naver
1685,126720,2026-09-03,review_required,SOURCE_UNVERIFIED,naver
1693,128820,2026-09-03,review_required,SOURCE_UNVERIFIED,naver
1694,128940,2026-09-03,review_required,SOURCE_UNVERIFIED,naver
1695,129260,2026-09-03,review_required,SOURCE_UNVERIFIED,naver
1700,130660,2026-09-03,review_required,SOURCE_UNVERIFIED,naver
1713,133820,2026-09-03,review_required,SOURCE_UNVERIFIED,naver
1715,134380,2026-09-03,review_required,SOURCE_UNVERIFIED,naver
1717,134790,2026-09-03,review_required,SOURCE_UNVERIFIED,naver
1721,136490,2026-09-03,review_required,SOURCE_UNVERIFIED,naver
1724,137310,2026-09-03,review_required,SOURCE_UNVERIFIED,naver
1728,138040,2026-09-03,review_required,SOURCE_UNVERIFIED,naver
1733,138930,2026-09-03,review_required,SOURCE_UNVERIFIED,naver
1734,139130,2026-09-03,review_required,SOURCE_UNVERIFIED,naver
1735,139480,2026-09-03,review_required,SOURCE_UNVERIFIED,naver
1737,139990,2026-09-03,review_required,SOURCE_UNVERIFIED,naver
1759,145720,2026-09-03,review_required,SOURCE_UNVERIFIED,naver
1760,145990,2026-09-03,review_required,SOURCE_UNVERIFIED,naver
1781,155660,2026-09-03,review_required,SOURCE_UNVERIFIED,naver
1790,161000,2026-09-03,review_required,SOURCE_UNVERIFIED,naver
1791,161390,2026-09-03,review_required,SOURCE_UNVERIFIED,naver
1793,161890,2026-09-03,review_required,SOURCE_UNVERIFIED,naver
1796,163560,2026-09-03,review_required,SOURCE_UNVERIFIED,naver
1805,170900,2026-09-03,review_required,SOURCE_UNVERIFIED,naver
1816,175330,2026-09-03,review_required,SOURCE_UNVERIFIED,naver
1823,178920,2026-09-03,review_required,SOURCE_UNVERIFIED,naver
1828,180640,2026-09-03,review_required,SOURCE_UNVERIFIED,naver
1830,181710,2026-09-03,review_required,SOURCE_UNVERIFIED,naver
1833,183190,2026-09-03,review_required,SOURCE_UNVERIFIED,naver
1838,185750,2026-09-03,review_required,SOURCE_UNVERIFIED,naver
1857,192080,2026-09-03,review_required,SOURCE_UNVERIFIED,naver
1860,192400,2026-09-03,review_required,SOURCE_UNVERIFIED,naver
1863,192650,2026-09-03,review_required,SOURCE_UNVERIFIED,naver
1864,192820,2026-09-03,review_required,SOURCE_UNVERIFIED,naver
1866,194370,2026-09-03,review_required,SOURCE_UNVERIFIED,naver
1870,195870,2026-09-03,review_required,SOURCE_UNVERIFIED,naver
1895,200880,2026-09-03,review_required,SOURCE_UNVERIFIED,naver
1902,204320,2026-09-03,review_required,SOURCE_UNVERIFIED,naver
1914,207940,2026-09-03,review_required,SOURCE_UNVERIFIED,naver
1923,210540,2026-09-03,review_required,SOURCE_UNVERIFIED,naver
1924,210980,2026-09-03,review_required,SOURCE_UNVERIFIED,naver
1930,213500,2026-09-03,review_required,SOURCE_UNVERIFIED,naver
1935,214320,2026-09-03,review_required,SOURCE_UNVERIFIED,naver
1936,214330,2026-09-03,review_required,SOURCE_UNVERIFIED,naver
1938,214390,2026-09-03,review_required,SOURCE_UNVERIFIED,naver
1939,214420,2026-09-03,review_required,SOURCE_UNVERIFIED,naver
1960,217590,2026-09-03,review_required,SOURCE_UNVERIFIED,naver
1991,226320,2026-09-03,review_required,SOURCE_UNVERIFIED,naver
1998,227840,2026-09-03,review_required,SOURCE_UNVERIFIED,naver
2005,229640,2026-09-03,review_required,SOURCE_UNVERIFIED,naver
2011,234080,2026-09-03,review_required,SOURCE_UNVERIFIED,naver
2035,241560,2026-09-03,review_required,SOURCE_UNVERIFIED,naver
2036,241590,2026-09-03,review_required,SOURCE_UNVERIFIED,naver
2047,244920,2026-09-03,review_required,SOURCE_UNVERIFIED,naver
2056,248070,2026-09-03,review_required,SOURCE_UNVERIFIED,naver
2057,248170,2026-09-03,review_required,SOURCE_UNVERIFIED,naver
2058,249420,2026-09-03,review_required,SOURCE_UNVERIFIED,naver
2063,251270,2026-09-03,review_required,SOURCE_UNVERIFIED,naver
2086,259960,2026-09-03,review_required,SOURCE_UNVERIFIED,naver
2110,264900,2026-09-03,review_required,SOURCE_UNVERIFIED,naver
2115,267250,2026-09-03,review_required,SOURCE_UNVERIFIED,naver
2116,267260,2026-09-03,review_required,SOURCE_UNVERIFIED,naver
2117,267270,2026-09-03,review_required,SOURCE_UNVERIFIED,naver
2118,267290,2026-09-03,review_required,SOURCE_UNVERIFIED,naver
2121,267850,2026-09-03,review_required,SOURCE_UNVERIFIED,naver
2123,268280,2026-09-03,review_required,SOURCE_UNVERIFIED,naver
2128,271560,2026-09-03,review_required,SOURCE_UNVERIFIED,naver
2130,271940,2026-09-03,review_required,SOURCE_UNVERIFIED,naver
2131,271980,2026-09-03,review_required,SOURCE_UNVERIFIED,naver
2133,272210,2026-09-03,review_required,SOURCE_UNVERIFIED,naver
2135,272450,2026-09-03,review_required,SOURCE_UNVERIFIED,naver
2136,272550,2026-09-03,review_required,SOURCE_UNVERIFIED,naver
2149,278470,2026-09-03,review_required,SOURCE_UNVERIFIED,naver
2151,279570,2026-09-03,review_required,SOURCE_UNVERIFIED,naver
2153,280360,2026-09-03,review_required,SOURCE_UNVERIFIED,naver
2155,281820,2026-09-03,review_required,SOURCE_UNVERIFIED,naver
2156,282330,2026-09-03,review_required,SOURCE_UNVERIFIED,naver
2160,284740,2026-09-03,review_required,SOURCE_UNVERIFIED,naver
2161,285130,2026-09-03,review_required,SOURCE_UNVERIFIED,naver
2166,286940,2026-09-03,review_required,SOURCE_UNVERIFIED,naver
2191,293480,2026-09-03,review_required,SOURCE_UNVERIFIED,naver
2200,294870,2026-09-03,review_required,SOURCE_UNVERIFIED,naver
2206,298000,2026-09-03,review_required,SOURCE_UNVERIFIED,naver
2207,298020,2026-09-03,review_required,SOURCE_UNVERIFIED,naver
2208,298040,2026-09-03,review_required,SOURCE_UNVERIFIED,naver
2209,298050,2026-09-03,review_required,SOURCE_UNVERIFIED,naver
2213,298690,2026-09-03,review_required,SOURCE_UNVERIFIED,naver
2220,300720,2026-09-03,review_required,SOURCE_UNVERIFIED,naver
2223,302440,2026-09-03,review_required,SOURCE_UNVERIFIED,naver
2234,306200,2026-09-03,review_required,SOURCE_UNVERIFIED,naver
2241,307950,2026-09-03,review_required,SOURCE_UNVERIFIED,naver
2244,308170,2026-09-03,review_required,SOURCE_UNVERIFIED,naver
2261,316140,2026-09-03,review_required,SOURCE_UNVERIFIED,naver
2265,317400,2026-09-03,review_required,SOURCE_UNVERIFIED,naver
2266,317450,2026-09-03,review_required,SOURCE_UNVERIFIED,naver
2286,322000,2026-09-03,review_required,SOURCE_UNVERIFIED,naver
2293,323410,2026-09-03,review_required,SOURCE_UNVERIFIED,naver
2295,326030,2026-09-03,review_required,SOURCE_UNVERIFIED,naver
2299,329180,2026-09-03,review_required,SOURCE_UNVERIFIED,naver
2319,336260,2026-09-03,review_required,SOURCE_UNVERIFIED,naver
2322,336370,2026-09-03,review_required,SOURCE_UNVERIFIED,naver
2331,339770,2026-09-03,review_required,SOURCE_UNVERIFIED,naver
2340,344820,2026-09-03,review_required,SOURCE_UNVERIFIED,naver
2365,352820,2026-09-03,review_required,SOURCE_UNVERIFIED,naver
2369,353200,2026-09-03,review_required,SOURCE_UNVERIFIED,naver
2395,361610,2026-09-03,review_required,SOURCE_UNVERIFIED,naver
2401,363280,2026-09-03,review_required,SOURCE_UNVERIFIED,naver
2422,372910,2026-09-03,review_required,SOURCE_UNVERIFIED,naver
2427,373220,2026-09-03,review_required,SOURCE_UNVERIFIED,naver
2428,375500,2026-09-03,review_required,SOURCE_UNVERIFIED,naver
2441,377300,2026-09-03,review_required,SOURCE_UNVERIFIED,naver
2446,377740,2026-09-03,review_required,SOURCE_UNVERIFIED,naver
2449,378850,2026-09-03,review_required,SOURCE_UNVERIFIED,naver
2453,381970,2026-09-03,review_required,SOURCE_UNVERIFIED,naver
2459,383220,2026-09-03,review_required,SOURCE_UNVERIFIED,naver
2461,383800,2026-09-03,review_required,SOURCE_UNVERIFIED,naver
2499,402340,2026-09-03,review_required,SOURCE_UNVERIFIED,naver
2502,403550,2026-09-03,review_required,SOURCE_UNVERIFIED,naver
2563,439260,2026-09-03,review_required,SOURCE_UNVERIFIED,naver
2570,443060,2026-09-03,review_required,SOURCE_UNVERIFIED,naver
2577,446070,2026-09-03,review_required,SOURCE_UNVERIFIED,naver
2584,450080,2026-09-03,review_required,SOURCE_UNVERIFIED,naver
2595,452260,2026-09-03,review_required,SOURCE_UNVERIFIED,naver
2602,453340,2026-09-03,review_required,SOURCE_UNVERIFIED,naver
2605,454910,2026-09-03,review_required,SOURCE_UNVERIFIED,naver
2609,456040,2026-09-03,review_required,SOURCE_UNVERIFIED,naver
2612,457190,2026-09-03,review_required,SOURCE_UNVERIFIED,naver
2623,460850,2026-09-03,review_required,SOURCE_UNVERIFIED,naver
2624,460860,2026-09-03,review_required,SOURCE_UNVERIFIED,naver
2633,462520,2026-09-03,review_required,SOURCE_UNVERIFIED,naver
2635,462870,2026-09-03,review_required,SOURCE_UNVERIFIED,naver
2646,465770,2026-09-03,review_required,SOURCE_UNVERIFIED,naver
2672,475150,2026-09-03,review_required,SOURCE_UNVERIFIED,naver
2679,475560,2026-09-03,review_required,SOURCE_UNVERIFIED,naver
2700,480370,2026-09-03,review_required,SOURCE_UNVERIFIED,naver
2709,483650,2026-09-03,review_required,SOURCE_UNVERIFIED,naver
2714,484870,2026-09-03,review_required,SOURCE_UNVERIFIED,naver
2719,487570,2026-09-03,review_required,SOURCE_UNVERIFIED,naver
2731,489790,2026-09-03,review_required,SOURCE_UNVERIFIED,naver
2741,499790,2026-09-03,review_required,SOURCE_UNVERIFIED,naver
16,0001A0,2026-09-04,review_required,SOURCE_UNVERIFIED,naver
24,000250,2026-09-04,review_required,SOURCE_UNVERIFIED,naver
33,000440,2026-09-04,review_required,SOURCE_UNVERIFIED,naver
36,0004V0,2026-09-04,review_required,SOURCE_UNVERIFIED,naver
37,0004Y0,2026-09-04,review_required,SOURCE_UNVERIFIED,naver
52,0007C0,2026-09-04,review_required,SOURCE_UNVERIFIED,naver
53,0007J0,2026-09-04,review_required,SOURCE_UNVERIFIED,naver
61,0008Z0,2026-09-04,review_required,SOURCE_UNVERIFIED,naver
66,0009K0,2026-09-04,review_required,SOURCE_UNVERIFIED,naver
67,001000,2026-09-04,review_required,SOURCE_UNVERIFIED,naver
77,0010F0,2026-09-04,review_required,SOURCE_UNVERIFIED,naver
78,0010V0,2026-09-04,review_required,SOURCE_UNVERIFIED,naver
81,0011A0,2026-09-04,review_required,SOURCE_UNVERIFIED,naver
82,0011T0,2026-09-04,review_required,SOURCE_UNVERIFIED,naver
95,0013V0,2026-09-04,review_required,SOURCE_UNVERIFIED,naver
110,001540,2026-09-04,review_required,SOURCE_UNVERIFIED,naver
114,0015G0,2026-09-04,review_required,SOURCE_UNVERIFIED,naver
115,0015N0,2026-09-04,review_required,SOURCE_UNVERIFIED,naver
116,0015S0,2026-09-04,review_required,SOURCE_UNVERIFIED,naver
129,0017J0,2026-09-04,review_required,SOURCE_UNVERIFIED,naver
131,001810,2026-09-04,review_required,SOURCE_UNVERIFIED,naver
146,002230,2026-09-04,review_required,SOURCE_UNVERIFIED,naver
148,002290,2026-09-04,review_required,SOURCE_UNVERIFIED,naver
163,002680,2026-09-04,review_required,SOURCE_UNVERIFIED,naver
175,002800,2026-09-04,review_required,SOURCE_UNVERIFIED,naver
195,003100,2026-09-04,review_required,SOURCE_UNVERIFIED,naver
204,003310,2026-09-04,review_required,SOURCE_UNVERIFIED,naver
232,0037T0,2026-09-04,review_required,SOURCE_UNVERIFIED,naver
233,003800,2026-09-04,review_required,SOURCE_UNVERIFIED,naver
239,0039P0,2026-09-04,review_required,SOURCE_UNVERIFIED,naver
250,0041B0,2026-09-04,review_required,SOURCE_UNVERIFIED,naver
251,0041J0,2026-09-04,review_required,SOURCE_UNVERIFIED,naver
252,0041L0,2026-09-04,review_required,SOURCE_UNVERIFIED,naver
267,0044K0,2026-09-04,review_required,SOURCE_UNVERIFIED,naver
271,004590,2026-09-04,review_required,SOURCE_UNVERIFIED,naver
272,004650,2026-09-04,review_required,SOURCE_UNVERIFIED,naver
278,004780,2026-09-04,review_required,SOURCE_UNVERIFIED,naver
298,005160,2026-09-04,review_required,SOURCE_UNVERIFIED,naver
302,005290,2026-09-04,review_required,SOURCE_UNVERIFIED,naver
315,0054V0,2026-09-04,review_required,SOURCE_UNVERIFIED,naver
318,005670,2026-09-04,review_required,SOURCE_UNVERIFIED,naver
321,005710,2026-09-04,review_required,SOURCE_UNVERIFIED,naver
332,005860,2026-09-04,review_required,SOURCE_UNVERIFIED,naver
342,005990,2026-09-04,review_required,SOURCE_UNVERIFIED,naver
344,006050,2026-09-04,review_required,SOURCE_UNVERIFIED,naver
350,006140,2026-09-04,review_required,SOURCE_UNVERIFIED,naver
364,006620,2026-09-04,review_required,SOURCE_UNVERIFIED,naver
367,006730,2026-09-04,review_required,SOURCE_UNVERIFIED,naver
375,0068Y0,2026-09-04,review_required,SOURCE_UNVERIFIED,naver
376,006910,2026-09-04,review_required,SOURCE_UNVERIFIED,naver
377,006920,2026-09-04,review_required,SOURCE_UNVERIFIED,naver
383,0071M0,2026-09-04,review_required,SOURCE_UNVERIFIED,naver
386,0072Z0,2026-09-04,review_required,SOURCE_UNVERIFIED,naver
388,007330,2026-09-04,review_required,SOURCE_UNVERIFIED,naver
390,007370,2026-09-04,review_required,SOURCE_UNVERIFIED,naver
391,007390,2026-09-04,review_required,SOURCE_UNVERIFIED,naver
393,007530,2026-09-04,review_required,SOURCE_UNVERIFIED,naver
400,007680,2026-09-04,review_required,SOURCE_UNVERIFIED,naver
403,007720,2026-09-04,review_required,SOURCE_UNVERIFIED,naver
404,007770,2026-09-04,review_required,SOURCE_UNVERIFIED,naver
408,007820,2026-09-04,review_required,SOURCE_UNVERIFIED,naver
416,008290,2026-09-04,review_required,SOURCE_UNVERIFIED,naver
417,0082N0,2026-09-04,review_required,SOURCE_UNVERIFIED,naver
420,008370,2026-09-04,review_required,SOURCE_UNVERIFIED,naver
422,008470,2026-09-04,review_required,SOURCE_UNVERIFIED,naver
429,008830,2026-09-04,review_required,SOURCE_UNVERIFIED,naver
431,0088D0,2026-09-04,review_required,SOURCE_UNVERIFIED,naver
432,0088M0,2026-09-04,review_required,SOURCE_UNVERIFIED,naver
442,0091W0,2026-09-04,review_required,SOURCE_UNVERIFIED,naver
447,009300,2026-09-04,review_required,SOURCE_UNVERIFIED,naver
450,0093G0,2026-09-04,review_required,SOURCE_UNVERIFIED,naver
458,009520,2026-09-04,review_required,SOURCE_UNVERIFIED,naver
463,0096B0,2026-09-04,review_required,SOURCE_UNVERIFIED,naver
464,0096D0,2026-09-04,review_required,SOURCE_UNVERIFIED,naver
465,009730,2026-09-04,review_required,SOURCE_UNVERIFIED,naver
467,009780,2026-09-04,review_required,SOURCE_UNVERIFIED,naver
468,0097F0,2026-09-04,review_required,SOURCE_UNVERIFIED,naver
472,0098T0,2026-09-04,review_required,SOURCE_UNVERIFIED,naver
475,0099W0,2026-09-04,review_required,SOURCE_UNVERIFIED,naver
483,010170,2026-09-04,review_required,SOURCE_UNVERIFIED,naver
484,0101C0,2026-09-04,review_required,SOURCE_UNVERIFIED,naver
485,010240,2026-09-04,review_required,SOURCE_UNVERIFIED,naver
486,010280,2026-09-04,review_required,SOURCE_UNVERIFIED,naver
488,010470,2026-09-04,review_required,SOURCE_UNVERIFIED,naver
490,0105P0,2026-09-04,review_required,SOURCE_UNVERIFIED,naver
501,011040,2026-09-04,review_required,SOURCE_UNVERIFIED,naver
503,011080,2026-09-04,review_required,SOURCE_UNVERIFIED,naver
513,011320,2026-09-04,review_required,SOURCE_UNVERIFIED,naver
515,011370,2026-09-04,review_required,SOURCE_UNVERIFIED,naver
519,011560,2026-09-04,review_required,SOURCE_UNVERIFIED,naver
520,0115H0,2026-09-04,review_required,SOURCE_UNVERIFIED,naver
527,0117P0,2026-09-04,review_required,SOURCE_UNVERIFIED,naver
536,012210,2026-09-04,review_required,SOURCE_UNVERIFIED,naver
540,012340,2026-09-04,review_required,SOURCE_UNVERIFIED,naver
543,012620,2026-09-04,review_required,SOURCE_UNVERIFIED,naver
547,012700,2026-09-04,review_required,SOURCE_UNVERIFIED,naver
549,012790,2026-09-04,review_required,SOURCE_UNVERIFIED,naver
551,012860,2026-09-04,review_required,SOURCE_UNVERIFIED,naver
552,0129K0,2026-09-04,review_required,SOURCE_UNVERIFIED,naver
554,013030,2026-09-04,review_required,SOURCE_UNVERIFIED,naver
555,0130D0,2026-09-04,review_required,SOURCE_UNVERIFIED,naver
556,0130H0,2026-09-04,review_required,SOURCE_UNVERIFIED,naver
557,013120,2026-09-04,review_required,SOURCE_UNVERIFIED,naver
558,0131D0,2026-09-04,review_required,SOURCE_UNVERIFIED,naver
559,0132G0,2026-09-04,review_required,SOURCE_UNVERIFIED,naver
562,0134X0,2026-09-04,review_required,SOURCE_UNVERIFIED,naver
567,013720,2026-09-04,review_required,SOURCE_UNVERIFIED,naver
568,013810,2026-09-04,review_required,SOURCE_UNVERIFIED,naver
571,013990,2026-09-04,review_required,SOURCE_UNVERIFIED,naver
572,014100,2026-09-04,review_required,SOURCE_UNVERIFIED,naver
575,014190,2026-09-04,review_required,SOURCE_UNVERIFIED,naver
579,014470,2026-09-04,review_required,SOURCE_UNVERIFIED,naver
581,014570,2026-09-04,review_required,SOURCE_UNVERIFIED,naver
583,014620,2026-09-04,review_required,SOURCE_UNVERIFIED,naver
592,014940,2026-09-04,review_required,SOURCE_UNVERIFIED,naver
593,014950,2026-09-04,review_required,SOURCE_UNVERIFIED,naver
594,014970,2026-09-04,review_required,SOURCE_UNVERIFIED,naver
601,0156T0,2026-09-04,review_required,SOURCE_UNVERIFIED,naver
602,015710,2026-09-04,review_required,SOURCE_UNVERIFIED,naver
603,015750,2026-09-04,review_required,SOURCE_UNVERIFIED,naver
608,016100,2026-09-04,review_required,SOURCE_UNVERIFIED,naver
609,016250,2026-09-04,review_required,SOURCE_UNVERIFIED,naver
613,0164H0,2026-09-04,review_required,SOURCE_UNVERIFIED,naver
616,0165X0,2026-09-04,review_required,SOURCE_UNVERIFIED,naver
617,016600,2026-09-04,review_required,SOURCE_UNVERIFIED,naver
619,016670,2026-09-04,review_required,SOURCE_UNVERIFIED,naver
625,016920,2026-09-04,review_required,SOURCE_UNVERIFIED,naver
626,017000,2026-09-04,review_required,SOURCE_UNVERIFIED,naver
629,017250,2026-09-04,review_required,SOURCE_UNVERIFIED,naver
632,017480,2026-09-04,review_required,SOURCE_UNVERIFIED,naver
633,017510,2026-09-04,review_required,SOURCE_UNVERIFIED,naver
635,017650,2026-09-04,review_required,SOURCE_UNVERIFIED,naver
640,017890,2026-09-04,review_required,SOURCE_UNVERIFIED,naver
644,018000,2026-09-04,review_required,SOURCE_UNVERIFIED,naver
645,018120,2026-09-04,review_required,SOURCE_UNVERIFIED,naver
648,018290,2026-09-04,review_required,SOURCE_UNVERIFIED,naver
649,018310,2026-09-04,review_required,SOURCE_UNVERIFIED,naver
652,018620,2026-09-04,review_required,SOURCE_UNVERIFIED,naver
654,018680,2026-09-04,review_required,SOURCE_UNVERIFIED,naver
655,018700,2026-09-04,review_required,SOURCE_UNVERIFIED,naver
657,019010,2026-09-04,review_required,SOURCE_UNVERIFIED,naver
661,019210,2026-09-04,review_required,SOURCE_UNVERIFIED,naver
663,019540,2026-09-04,review_required,SOURCE_UNVERIFIED,naver
664,019550,2026-09-04,review_required,SOURCE_UNVERIFIED,naver
665,019570,2026-09-04,review_required,SOURCE_UNVERIFIED,naver
666,019660,2026-09-04,review_required,SOURCE_UNVERIFIED,naver
669,019770,2026-09-04,review_required,SOURCE_UNVERIFIED,naver
670,019990,2026-09-04,review_required,SOURCE_UNVERIFIED,naver
674,020180,2026-09-04,review_required,SOURCE_UNVERIFIED,naver
675,020400,2026-09-04,review_required,SOURCE_UNVERIFIED,naver
677,020710,2026-09-04,review_required,SOURCE_UNVERIFIED,naver
679,021040,2026-09-04,review_required,SOURCE_UNVERIFIED,naver
682,021080,2026-09-04,review_required,SOURCE_UNVERIFIED,naver
684,021320,2026-09-04,review_required,SOURCE_UNVERIFIED,naver
685,021650,2026-09-04,review_required,SOURCE_UNVERIFIED,naver
687,021880,2026-09-04,review_required,SOURCE_UNVERIFIED,naver
688,0218L0,2026-09-04,review_required,SOURCE_UNVERIFIED,naver
693,023160,2026-09-04,review_required,SOURCE_UNVERIFIED,naver
695,023410,2026-09-04,review_required,SOURCE_UNVERIFIED,naver
700,023600,2026-09-04,review_required,SOURCE_UNVERIFIED,naver
701,023760,2026-09-04,review_required,SOURCE_UNVERIFIED,naver
702,023770,2026-09-04,review_required,SOURCE_UNVERIFIED,naver
703,023790,2026-09-04,review_required,SOURCE_UNVERIFIED,naver
706,023900,2026-09-04,review_required,SOURCE_UNVERIFIED,naver
707,023910,2026-09-04,review_required,SOURCE_UNVERIFIED,naver
709,024060,2026-09-04,review_required,SOURCE_UNVERIFIED,naver
713,024120,2026-09-04,review_required,SOURCE_UNVERIFIED,naver
715,024740,2026-09-04,review_required,SOURCE_UNVERIFIED,naver
716,024800,2026-09-04,review_required,SOURCE_UNVERIFIED,naver
717,024830,2026-09-04,review_required,SOURCE_UNVERIFIED,naver
718,024840,2026-09-04,review_required,SOURCE_UNVERIFIED,naver
720,024880,2026-09-04,review_required,SOURCE_UNVERIFIED,naver
723,024910,2026-09-04,review_required,SOURCE_UNVERIFIED,naver
724,024940,2026-09-04,review_required,SOURCE_UNVERIFIED,naver
725,024950,2026-09-04,review_required,SOURCE_UNVERIFIED,naver
727,025320,2026-09-04,review_required,SOURCE_UNVERIFIED,naver
728,025440,2026-09-04,review_required,SOURCE_UNVERIFIED,naver
731,025550,2026-09-04,review_required,SOURCE_UNVERIFIED,naver
735,025770,2026-09-04,review_required,SOURCE_UNVERIFIED,naver
738,025870,2026-09-04,review_required,SOURCE_UNVERIFIED,naver
739,025880,2026-09-04,review_required,SOURCE_UNVERIFIED,naver
741,025900,2026-09-04,review_required,SOURCE_UNVERIFIED,naver
742,025950,2026-09-04,review_required,SOURCE_UNVERIFIED,naver
743,025980,2026-09-04,review_required,SOURCE_UNVERIFIED,naver
744,026040,2026-09-04,review_required,SOURCE_UNVERIFIED,naver
745,026150,2026-09-04,review_required,SOURCE_UNVERIFIED,naver
747,026910,2026-09-04,review_required,SOURCE_UNVERIFIED,naver
750,027040,2026-09-04,review_required,SOURCE_UNVERIFIED,naver
751,027050,2026-09-04,review_required,SOURCE_UNVERIFIED,naver
752,027360,2026-09-04,review_required,SOURCE_UNVERIFIED,naver
754,027580,2026-09-04,review_required,SOURCE_UNVERIFIED,naver
755,027710,2026-09-04,review_required,SOURCE_UNVERIFIED,naver
757,027830,2026-09-04,review_required,SOURCE_UNVERIFIED,naver
760,028080,2026-09-04,review_required,SOURCE_UNVERIFIED,naver
764,028300,2026-09-04,review_required,SOURCE_UNVERIFIED,naver
767,029480,2026-09-04,review_required,SOURCE_UNVERIFIED,naver
775,030520,2026-09-04,review_required,SOURCE_UNVERIFIED,naver
776,030530,2026-09-04,review_required,SOURCE_UNVERIFIED,naver
779,030960,2026-09-04,review_required,SOURCE_UNVERIFIED,naver
781,031310,2026-09-04,review_required,SOURCE_UNVERIFIED,naver
782,031330,2026-09-04,review_required,SOURCE_UNVERIFIED,naver
784,031510,2026-09-04,review_required,SOURCE_UNVERIFIED,naver
787,031980,2026-09-04,review_required,SOURCE_UNVERIFIED,naver
788,032080,2026-09-04,review_required,SOURCE_UNVERIFIED,naver
789,032190,2026-09-04,review_required,SOURCE_UNVERIFIED,naver
790,032280,2026-09-04,review_required,SOURCE_UNVERIFIED,naver
791,032300,2026-09-04,review_required,SOURCE_UNVERIFIED,naver
793,032500,2026-09-04,review_required,SOURCE_UNVERIFIED,naver
794,032540,2026-09-04,review_required,SOURCE_UNVERIFIED,naver
796,032580,2026-09-04,review_required,SOURCE_UNVERIFIED,naver
797,032620,2026-09-04,review_required,SOURCE_UNVERIFIED,naver
799,032680,2026-09-04,review_required,SOURCE_UNVERIFIED,naver
801,032750,2026-09-04,review_required,SOURCE_UNVERIFIED,naver
802,032790,2026-09-04,review_required,SOURCE_UNVERIFIED,naver
803,032800,2026-09-04,review_required,SOURCE_UNVERIFIED,naver
804,032820,2026-09-04,review_required,SOURCE_UNVERIFIED,naver
806,032850,2026-09-04,review_required,SOURCE_UNVERIFIED,naver
807,032860,2026-09-04,review_required,SOURCE_UNVERIFIED,naver
808,032940,2026-09-04,review_required,SOURCE_UNVERIFIED,naver
809,032960,2026-09-04,review_required,SOURCE_UNVERIFIED,naver
810,033050,2026-09-04,review_required,SOURCE_UNVERIFIED,naver
811,033100,2026-09-04,review_required,SOURCE_UNVERIFIED,naver
812,033130,2026-09-04,review_required,SOURCE_UNVERIFIED,naver
813,033160,2026-09-04,review_required,SOURCE_UNVERIFIED,naver
814,033170,2026-09-04,review_required,SOURCE_UNVERIFIED,naver
815,033200,2026-09-04,review_required,SOURCE_UNVERIFIED,naver
816,033230,2026-09-04,review_required,SOURCE_UNVERIFIED,naver
820,033290,2026-09-04,review_required,SOURCE_UNVERIFIED,naver
821,033310,2026-09-04,review_required,SOURCE_UNVERIFIED,naver
822,033320,2026-09-04,review_required,SOURCE_UNVERIFIED,naver
824,033500,2026-09-04,review_required,SOURCE_UNVERIFIED,naver
826,033540,2026-09-04,review_required,SOURCE_UNVERIFIED,naver
827,033560,2026-09-04,review_required,SOURCE_UNVERIFIED,naver
828,033640,2026-09-04,review_required,SOURCE_UNVERIFIED,naver
830,033790,2026-09-04,review_required,SOURCE_UNVERIFIED,naver
831,033830,2026-09-04,review_required,SOURCE_UNVERIFIED,naver
841,034810,2026-09-04,review_required,SOURCE_UNVERIFIED,naver
844,034940,2026-09-04,review_required,SOURCE_UNVERIFIED,naver
845,034950,2026-09-04,review_required,SOURCE_UNVERIFIED,naver
847,035080,2026-09-04,review_required,SOURCE_UNVERIFIED,naver
849,035200,2026-09-04,review_required,SOURCE_UNVERIFIED,naver
851,035290,2026-09-04,review_required,SOURCE_UNVERIFIED,naver
853,035460,2026-09-04,review_required,SOURCE_UNVERIFIED,naver
855,035600,2026-09-04,review_required,SOURCE_UNVERIFIED,naver
856,035610,2026-09-04,review_required,SOURCE_UNVERIFIED,naver
857,035620,2026-09-04,review_required,SOURCE_UNVERIFIED,naver
859,035760,2026-09-04,review_required,SOURCE_UNVERIFIED,naver
860,035810,2026-09-04,review_required,SOURCE_UNVERIFIED,naver
861,035890,2026-09-04,review_required,SOURCE_UNVERIFIED,naver
862,035900,2026-09-04,review_required,SOURCE_UNVERIFIED,naver
863,036000,2026-09-04,review_required,SOURCE_UNVERIFIED,naver
864,036010,2026-09-04,review_required,SOURCE_UNVERIFIED,naver
865,036030,2026-09-04,review_required,SOURCE_UNVERIFIED,naver
866,036090,2026-09-04,review_required,SOURCE_UNVERIFIED,naver
867,036120,2026-09-04,review_required,SOURCE_UNVERIFIED,naver
868,036170,2026-09-04,review_required,SOURCE_UNVERIFIED,naver
869,036190,2026-09-04,review_required,SOURCE_UNVERIFIED,naver
870,036200,2026-09-04,review_required,SOURCE_UNVERIFIED,naver
874,036480,2026-09-04,review_required,SOURCE_UNVERIFIED,naver
876,036540,2026-09-04,review_required,SOURCE_UNVERIFIED,naver
877,036560,2026-09-04,review_required,SOURCE_UNVERIFIED,naver
880,036620,2026-09-04,review_required,SOURCE_UNVERIFIED,naver
881,036630,2026-09-04,review_required,SOURCE_UNVERIFIED,naver
882,036640,2026-09-04,review_required,SOURCE_UNVERIFIED,naver
883,036670,2026-09-04,review_required,SOURCE_UNVERIFIED,naver
885,036710,2026-09-04,review_required,SOURCE_UNVERIFIED,naver
886,036800,2026-09-04,review_required,SOURCE_UNVERIFIED,naver
887,036810,2026-09-04,review_required,SOURCE_UNVERIFIED,naver
888,036830,2026-09-04,review_required,SOURCE_UNVERIFIED,naver
889,036890,2026-09-04,review_required,SOURCE_UNVERIFIED,naver
890,036930,2026-09-04,review_required,SOURCE_UNVERIFIED,naver
892,037070,2026-09-04,review_required,SOURCE_UNVERIFIED,naver
893,037230,2026-09-04,review_required,SOURCE_UNVERIFIED,naver
895,037330,2026-09-04,review_required,SOURCE_UNVERIFIED,naver
896,037350,2026-09-04,review_required,SOURCE_UNVERIFIED,naver
897,037370,2026-09-04,review_required,SOURCE_UNVERIFIED,naver
898,037400,2026-09-04,review_required,SOURCE_UNVERIFIED,naver
899,037440,2026-09-04,review_required,SOURCE_UNVERIFIED,naver
900,037460,2026-09-04,review_required,SOURCE_UNVERIFIED,naver
903,037760,2026-09-04,review_required,SOURCE_UNVERIFIED,naver
904,037950,2026-09-04,review_required,SOURCE_UNVERIFIED,naver
905,038010,2026-09-04,review_required,SOURCE_UNVERIFIED,naver
906,038060,2026-09-04,review_required,SOURCE_UNVERIFIED,naver
907,038070,2026-09-04,review_required,SOURCE_UNVERIFIED,naver
908,038110,2026-09-04,review_required,SOURCE_UNVERIFIED,naver
909,038290,2026-09-04,review_required,SOURCE_UNVERIFIED,naver
910,038390,2026-09-04,review_required,SOURCE_UNVERIFIED,naver
911,038460,2026-09-04,review_required,SOURCE_UNVERIFIED,naver
912,038500,2026-09-04,review_required,SOURCE_UNVERIFIED,naver
914,038540,2026-09-04,review_required,SOURCE_UNVERIFIED,naver
915,038620,2026-09-04,review_required,SOURCE_UNVERIFIED,naver
916,038680,2026-09-04,review_required,SOURCE_UNVERIFIED,naver
917,038870,2026-09-04,review_required,SOURCE_UNVERIFIED,naver
918,038880,2026-09-04,review_required,SOURCE_UNVERIFIED,naver
919,038950,2026-09-04,review_required,SOURCE_UNVERIFIED,naver
920,039010,2026-09-04,review_required,SOURCE_UNVERIFIED,naver
921,039020,2026-09-04,review_required,SOURCE_UNVERIFIED,naver
922,039030,2026-09-04,review_required,SOURCE_UNVERIFIED,naver
924,039200,2026-09-04,review_required,SOURCE_UNVERIFIED,naver
925,039240,2026-09-04,review_required,SOURCE_UNVERIFIED,naver
926,039290,2026-09-04,review_required,SOURCE_UNVERIFIED,naver
927,039310,2026-09-04,review_required,SOURCE_UNVERIFIED,naver
928,039340,2026-09-04,review_required,SOURCE_UNVERIFIED,naver
929,039420,2026-09-04,review_required,SOURCE_UNVERIFIED,naver
930,039440,2026-09-04,review_required,SOURCE_UNVERIFIED,naver
932,039560,2026-09-04,review_required,SOURCE_UNVERIFIED,naver
934,039610,2026-09-04,review_required,SOURCE_UNVERIFIED,naver
935,039740,2026-09-04,review_required,SOURCE_UNVERIFIED,naver
936,039830,2026-09-04,review_required,SOURCE_UNVERIFIED,naver
937,039840,2026-09-04,review_required,SOURCE_UNVERIFIED,naver
938,039860,2026-09-04,review_required,SOURCE_UNVERIFIED,naver
939,039980,2026-09-04,review_required,SOURCE_UNVERIFIED,naver
940,040160,2026-09-04,review_required,SOURCE_UNVERIFIED,naver
941,040300,2026-09-04,review_required,SOURCE_UNVERIFIED,naver
942,040350,2026-09-04,review_required,SOURCE_UNVERIFIED,naver
943,040420,2026-09-04,review_required,SOURCE_UNVERIFIED,naver
944,040610,2026-09-04,review_required,SOURCE_UNVERIFIED,naver
945,040910,2026-09-04,review_required,SOURCE_UNVERIFIED,naver
946,041020,2026-09-04,review_required,SOURCE_UNVERIFIED,naver
947,041190,2026-09-04,review_required,SOURCE_UNVERIFIED,naver
948,041440,2026-09-04,review_required,SOURCE_UNVERIFIED,naver
949,041460,2026-09-04,review_required,SOURCE_UNVERIFIED,naver
950,041510,2026-09-04,review_required,SOURCE_UNVERIFIED,naver
951,041520,2026-09-04,review_required,SOURCE_UNVERIFIED,naver
954,041830,2026-09-04,review_required,SOURCE_UNVERIFIED,naver
955,041910,2026-09-04,review_required,SOURCE_UNVERIFIED,naver
956,041920,2026-09-04,review_required,SOURCE_UNVERIFIED,naver
957,041930,2026-09-04,review_required,SOURCE_UNVERIFIED,naver
958,041960,2026-09-04,review_required,SOURCE_UNVERIFIED,naver
959,042000,2026-09-04,review_required,SOURCE_UNVERIFIED,naver
960,042040,2026-09-04,review_required,SOURCE_UNVERIFIED,naver
961,042110,2026-09-04,review_required,SOURCE_UNVERIFIED,naver
962,042370,2026-09-04,review_required,SOURCE_UNVERIFIED,naver
963,042420,2026-09-04,review_required,SOURCE_UNVERIFIED,naver
964,042500,2026-09-04,review_required,SOURCE_UNVERIFIED,naver
965,042510,2026-09-04,review_required,SOURCE_UNVERIFIED,naver
966,042520,2026-09-04,review_required,SOURCE_UNVERIFIED,naver
967,042600,2026-09-04,review_required,SOURCE_UNVERIFIED,naver
970,042940,2026-09-04,review_required,SOURCE_UNVERIFIED,naver
972,043150,2026-09-04,review_required,SOURCE_UNVERIFIED,naver
973,043200,2026-09-04,review_required,SOURCE_UNVERIFIED,naver
975,043260,2026-09-04,review_required,SOURCE_UNVERIFIED,naver
976,043340,2026-09-04,review_required,SOURCE_UNVERIFIED,naver
977,043360,2026-09-04,review_required,SOURCE_UNVERIFIED,naver
978,043370,2026-09-04,review_required,SOURCE_UNVERIFIED,naver
979,043590,2026-09-04,review_required,SOURCE_UNVERIFIED,naver
980,043610,2026-09-04,review_required,SOURCE_UNVERIFIED,naver
981,043650,2026-09-04,review_required,SOURCE_UNVERIFIED,naver
982,043710,2026-09-04,review_required,SOURCE_UNVERIFIED,naver
983,043910,2026-09-04,review_required,SOURCE_UNVERIFIED,naver
985,044340,2026-09-04,review_required,SOURCE_UNVERIFIED,naver
988,044480,2026-09-04,review_required,SOURCE_UNVERIFIED,naver
989,044490,2026-09-04,review_required,SOURCE_UNVERIFIED,naver
990,044780,2026-09-04,review_required,SOURCE_UNVERIFIED,naver
992,044960,2026-09-04,review_required,SOURCE_UNVERIFIED,naver
993,044990,2026-09-04,review_required,SOURCE_UNVERIFIED,naver
994,045060,2026-09-04,review_required,SOURCE_UNVERIFIED,naver
995,045100,2026-09-04,review_required,SOURCE_UNVERIFIED,naver
996,045300,2026-09-04,review_required,SOURCE_UNVERIFIED,naver
997,045340,2026-09-04,review_required,SOURCE_UNVERIFIED,naver
998,045390,2026-09-04,review_required,SOURCE_UNVERIFIED,naver
999,045510,2026-09-04,review_required,SOURCE_UNVERIFIED,naver
1000,045520,2026-09-04,review_required,SOURCE_UNVERIFIED,naver
1001,045660,2026-09-04,review_required,SOURCE_UNVERIFIED,naver
1002,045970,2026-09-04,review_required,SOURCE_UNVERIFIED,naver
1004,046120,2026-09-04,review_required,SOURCE_UNVERIFIED,naver
1005,046210,2026-09-04,review_required,SOURCE_UNVERIFIED,naver
1006,046310,2026-09-04,review_required,SOURCE_UNVERIFIED,naver
1007,046390,2026-09-04,review_required,SOURCE_UNVERIFIED,naver
1008,046440,2026-09-04,review_required,SOURCE_UNVERIFIED,naver
1009,046890,2026-09-04,review_required,SOURCE_UNVERIFIED,naver
1010,046940,2026-09-04,review_required,SOURCE_UNVERIFIED,naver
1011,046970,2026-09-04,review_required,SOURCE_UNVERIFIED,naver
1014,047080,2026-09-04,review_required,SOURCE_UNVERIFIED,naver
1015,047310,2026-09-04,review_required,SOURCE_UNVERIFIED,naver
1017,047560,2026-09-04,review_required,SOURCE_UNVERIFIED,naver
1018,047770,2026-09-04,review_required,SOURCE_UNVERIFIED,naver
1020,047820,2026-09-04,review_required,SOURCE_UNVERIFIED,naver
1021,047920,2026-09-04,review_required,SOURCE_UNVERIFIED,naver
1022,048410,2026-09-04,review_required,SOURCE_UNVERIFIED,naver
1023,048430,2026-09-04,review_required,SOURCE_UNVERIFIED,naver
1024,048470,2026-09-04,review_required,SOURCE_UNVERIFIED,naver
1025,048530,2026-09-04,review_required,SOURCE_UNVERIFIED,naver
1026,048550,2026-09-04,review_required,SOURCE_UNVERIFIED,naver
1027,048770,2026-09-04,review_required,SOURCE_UNVERIFIED,naver
1028,048830,2026-09-04,review_required,SOURCE_UNVERIFIED,naver
1029,048870,2026-09-04,review_required,SOURCE_UNVERIFIED,naver
1030,048910,2026-09-04,review_required,SOURCE_UNVERIFIED,naver
1031,049070,2026-09-04,review_required,SOURCE_UNVERIFIED,naver
1032,049080,2026-09-04,review_required,SOURCE_UNVERIFIED,naver
1033,049120,2026-09-04,review_required,SOURCE_UNVERIFIED,naver
1035,049430,2026-09-04,review_required,SOURCE_UNVERIFIED,naver
1036,049470,2026-09-04,review_required,SOURCE_UNVERIFIED,naver
1037,049480,2026-09-04,review_required,SOURCE_UNVERIFIED,naver
1038,049520,2026-09-04,review_required,SOURCE_UNVERIFIED,naver
1039,049550,2026-09-04,review_required,SOURCE_UNVERIFIED,naver
1040,049630,2026-09-04,review_required,SOURCE_UNVERIFIED,naver
1041,049720,2026-09-04,review_required,SOURCE_UNVERIFIED,naver
1043,049830,2026-09-04,review_required,SOURCE_UNVERIFIED,naver
1044,049950,2026-09-04,review_required,SOURCE_UNVERIFIED,naver
1045,049960,2026-09-04,review_required,SOURCE_UNVERIFIED,naver
1046,050090,2026-09-04,review_required,SOURCE_UNVERIFIED,naver
1047,050110,2026-09-04,review_required,SOURCE_UNVERIFIED,naver
1048,050120,2026-09-04,review_required,SOURCE_UNVERIFIED,naver
1049,050760,2026-09-04,review_required,SOURCE_UNVERIFIED,naver
1050,050860,2026-09-04,review_required,SOURCE_UNVERIFIED,naver
1051,050890,2026-09-04,review_required,SOURCE_UNVERIFIED,naver
1052,050960,2026-09-04,review_required,SOURCE_UNVERIFIED,naver
1053,051160,2026-09-04,review_required,SOURCE_UNVERIFIED,naver
1054,051360,2026-09-04,review_required,SOURCE_UNVERIFIED,naver
1055,051370,2026-09-04,review_required,SOURCE_UNVERIFIED,naver
1056,051380,2026-09-04,review_required,SOURCE_UNVERIFIED,naver
1057,051390,2026-09-04,review_required,SOURCE_UNVERIFIED,naver
1058,051490,2026-09-04,review_required,SOURCE_UNVERIFIED,naver
1059,051500,2026-09-04,review_required,SOURCE_UNVERIFIED,naver
1062,051780,2026-09-04,review_required,SOURCE_UNVERIFIED,naver
1067,051980,2026-09-04,review_required,SOURCE_UNVERIFIED,naver
1068,052020,2026-09-04,review_required,SOURCE_UNVERIFIED,naver
1069,052220,2026-09-04,review_required,SOURCE_UNVERIFIED,naver
1070,052260,2026-09-04,review_required,SOURCE_UNVERIFIED,naver
1071,052300,2026-09-04,review_required,SOURCE_UNVERIFIED,naver
1072,052330,2026-09-04,review_required,SOURCE_UNVERIFIED,naver
1073,052400,2026-09-04,review_required,SOURCE_UNVERIFIED,naver
1074,052420,2026-09-04,review_required,SOURCE_UNVERIFIED,naver
1075,052460,2026-09-04,review_required,SOURCE_UNVERIFIED,naver
1076,052600,2026-09-04,review_required,SOURCE_UNVERIFIED,naver
1078,052710,2026-09-04,review_required,SOURCE_UNVERIFIED,naver
1080,052790,2026-09-04,review_required,SOURCE_UNVERIFIED,naver
1081,052860,2026-09-04,review_required,SOURCE_UNVERIFIED,naver
1082,052900,2026-09-04,review_required,SOURCE_UNVERIFIED,naver
1083,053030,2026-09-04,review_required,SOURCE_UNVERIFIED,naver
1084,053050,2026-09-04,review_required,SOURCE_UNVERIFIED,naver
1085,053060,2026-09-04,review_required,SOURCE_UNVERIFIED,naver
1086,053080,2026-09-04,review_required,SOURCE_UNVERIFIED,naver
1087,053160,2026-09-04,review_required,SOURCE_UNVERIFIED,naver
1089,053260,2026-09-04,review_required,SOURCE_UNVERIFIED,naver
1090,053270,2026-09-04,review_required,SOURCE_UNVERIFIED,naver
1091,053280,2026-09-04,review_required,SOURCE_UNVERIFIED,naver
1092,053290,2026-09-04,review_required,SOURCE_UNVERIFIED,naver
1093,053300,2026-09-04,review_required,SOURCE_UNVERIFIED,naver
1094,053350,2026-09-04,review_required,SOURCE_UNVERIFIED,naver
1095,053450,2026-09-04,review_required,SOURCE_UNVERIFIED,naver
1096,053580,2026-09-04,review_required,SOURCE_UNVERIFIED,naver
1097,053610,2026-09-04,review_required,SOURCE_UNVERIFIED,naver
1098,053620,2026-09-04,review_required,SOURCE_UNVERIFIED,naver
1100,053700,2026-09-04,review_required,SOURCE_UNVERIFIED,naver
1101,053800,2026-09-04,review_required,SOURCE_UNVERIFIED,naver
1102,053950,2026-09-04,review_required,SOURCE_UNVERIFIED,naver
1103,053980,2026-09-04,review_required,SOURCE_UNVERIFIED,naver
1104,054040,2026-09-04,review_required,SOURCE_UNVERIFIED,naver
1105,054050,2026-09-04,review_required,SOURCE_UNVERIFIED,naver
1106,054090,2026-09-04,review_required,SOURCE_UNVERIFIED,naver
1108,054210,2026-09-04,review_required,SOURCE_UNVERIFIED,naver
1109,054220,2026-09-04,review_required,SOURCE_UNVERIFIED,naver
1110,054300,2026-09-04,review_required,SOURCE_UNVERIFIED,naver
1111,054410,2026-09-04,review_required,SOURCE_UNVERIFIED,naver
1112,054450,2026-09-04,review_required,SOURCE_UNVERIFIED,naver
1113,054540,2026-09-04,review_required,SOURCE_UNVERIFIED,naver
1114,054620,2026-09-04,review_required,SOURCE_UNVERIFIED,naver
1115,054670,2026-09-04,review_required,SOURCE_UNVERIFIED,naver
1116,054780,2026-09-04,review_required,SOURCE_UNVERIFIED,naver
1117,054800,2026-09-04,review_required,SOURCE_UNVERIFIED,naver
1118,054920,2026-09-04,review_required,SOURCE_UNVERIFIED,naver
1119,054930,2026-09-04,review_required,SOURCE_UNVERIFIED,naver
1120,054940,2026-09-04,review_required,SOURCE_UNVERIFIED,naver
1121,054950,2026-09-04,review_required,SOURCE_UNVERIFIED,naver
1124,056080,2026-09-04,review_required,SOURCE_UNVERIFIED,naver
1125,056090,2026-09-04,review_required,SOURCE_UNVERIFIED,naver
1126,056190,2026-09-04,review_required,SOURCE_UNVERIFIED,naver
1127,056360,2026-09-04,review_required,SOURCE_UNVERIFIED,naver
1128,056700,2026-09-04,review_required,SOURCE_UNVERIFIED,naver
1129,056730,2026-09-04,review_required,SOURCE_UNVERIFIED,naver
1130,057030,2026-09-04,review_required,SOURCE_UNVERIFIED,naver
1131,057540,2026-09-04,review_required,SOURCE_UNVERIFIED,naver
1132,057680,2026-09-04,review_required,SOURCE_UNVERIFIED,naver
1133,058110,2026-09-04,review_required,SOURCE_UNVERIFIED,naver
1134,058400,2026-09-04,review_required,SOURCE_UNVERIFIED,naver
1136,058450,2026-09-04,review_required,SOURCE_UNVERIFIED,naver
1137,058470,2026-09-04,review_required,SOURCE_UNVERIFIED,naver
1138,058610,2026-09-04,review_required,SOURCE_UNVERIFIED,naver
1139,058630,2026-09-04,review_required,SOURCE_UNVERIFIED,naver
1142,058820,2026-09-04,review_required,SOURCE_UNVERIFIED,naver
1145,058970,2026-09-04,review_required,SOURCE_UNVERIFIED,naver
1146,059090,2026-09-04,review_required,SOURCE_UNVERIFIED,naver
1147,059100,2026-09-04,review_required,SOURCE_UNVERIFIED,naver
1148,059120,2026-09-04,review_required,SOURCE_UNVERIFIED,naver
1149,059210,2026-09-04,review_required,SOURCE_UNVERIFIED,naver
1150,059270,2026-09-04,review_required,SOURCE_UNVERIFIED,naver
1151,060150,2026-09-04,review_required,SOURCE_UNVERIFIED,naver
1152,060230,2026-09-04,review_required,SOURCE_UNVERIFIED,naver
1153,060250,2026-09-04,review_required,SOURCE_UNVERIFIED,naver
1154,060260,2026-09-04,review_required,SOURCE_UNVERIFIED,naver
1155,060280,2026-09-04,review_required,SOURCE_UNVERIFIED,naver
1156,060310,2026-09-04,review_required,SOURCE_UNVERIFIED,naver
1157,060370,2026-09-04,review_required,SOURCE_UNVERIFIED,naver
1158,060380,2026-09-04,review_required,SOURCE_UNVERIFIED,naver
1159,060480,2026-09-04,review_required,SOURCE_UNVERIFIED,naver
1160,060540,2026-09-04,review_required,SOURCE_UNVERIFIED,naver
1161,060560,2026-09-04,review_required,SOURCE_UNVERIFIED,naver
1162,060570,2026-09-04,review_required,SOURCE_UNVERIFIED,naver
1163,060590,2026-09-04,review_required,SOURCE_UNVERIFIED,naver
1164,060720,2026-09-04,review_required,SOURCE_UNVERIFIED,naver
1165,060850,2026-09-04,review_required,SOURCE_UNVERIFIED,naver
1166,060900,2026-09-04,review_required,SOURCE_UNVERIFIED,naver
1168,061040,2026-09-04,review_required,SOURCE_UNVERIFIED,naver
1169,061090,2026-09-04,review_required,SOURCE_UNVERIFIED,naver
1170,061250,2026-09-04,review_required,SOURCE_UNVERIFIED,naver
1171,061970,2026-09-04,review_required,SOURCE_UNVERIFIED,naver
1174,063080,2026-09-04,review_required,SOURCE_UNVERIFIED,naver
1176,063170,2026-09-04,review_required,SOURCE_UNVERIFIED,naver
1177,063440,2026-09-04,review_required,SOURCE_UNVERIFIED,naver
1178,063570,2026-09-04,review_required,SOURCE_UNVERIFIED,naver
1179,063760,2026-09-04,review_required,SOURCE_UNVERIFIED,naver
1181,064240,2026-09-04,review_required,SOURCE_UNVERIFIED,naver
1182,064260,2026-09-04,review_required,SOURCE_UNVERIFIED,naver
1183,064290,2026-09-04,review_required,SOURCE_UNVERIFIED,naver
1186,064480,2026-09-04,review_required,SOURCE_UNVERIFIED,naver
1187,064520,2026-09-04,review_required,SOURCE_UNVERIFIED,naver
1188,064550,2026-09-04,review_required,SOURCE_UNVERIFIED,naver
1189,064760,2026-09-04,review_required,SOURCE_UNVERIFIED,naver
1190,064800,2026-09-04,review_required,SOURCE_UNVERIFIED,naver
1191,064820,2026-09-04,review_required,SOURCE_UNVERIFIED,naver
1192,064850,2026-09-04,review_required,SOURCE_UNVERIFIED,naver
1194,065060,2026-09-04,review_required,SOURCE_UNVERIFIED,naver
1195,065130,2026-09-04,review_required,SOURCE_UNVERIFIED,naver
1196,065150,2026-09-04,review_required,SOURCE_UNVERIFIED,naver
1197,065170,2026-09-04,review_required,SOURCE_UNVERIFIED,naver
1198,065350,2026-09-04,review_required,SOURCE_UNVERIFIED,naver
1199,065370,2026-09-04,review_required,SOURCE_UNVERIFIED,naver
1201,065440,2026-09-04,review_required,SOURCE_UNVERIFIED,naver
1202,065450,2026-09-04,review_required,SOURCE_UNVERIFIED,naver
1203,065500,2026-09-04,review_required,SOURCE_UNVERIFIED,naver
1204,065510,2026-09-04,review_required,SOURCE_UNVERIFIED,naver
1205,065530,2026-09-04,review_required,SOURCE_UNVERIFIED,naver
1207,065650,2026-09-04,review_required,SOURCE_UNVERIFIED,naver
1208,065660,2026-09-04,review_required,SOURCE_UNVERIFIED,naver
1209,065680,2026-09-04,review_required,SOURCE_UNVERIFIED,naver
1210,065690,2026-09-04,review_required,SOURCE_UNVERIFIED,naver
1211,065710,2026-09-04,review_required,SOURCE_UNVERIFIED,naver
1212,065770,2026-09-04,review_required,SOURCE_UNVERIFIED,naver
1213,065950,2026-09-04,review_required,SOURCE_UNVERIFIED,naver
1214,066130,2026-09-04,review_required,SOURCE_UNVERIFIED,naver
1215,066310,2026-09-04,review_required,SOURCE_UNVERIFIED,naver
1216,066360,2026-09-04,review_required,SOURCE_UNVERIFIED,naver
1218,066430,2026-09-04,review_required,SOURCE_UNVERIFIED,naver
1221,066590,2026-09-04,review_required,SOURCE_UNVERIFIED,naver
1222,066620,2026-09-04,review_required,SOURCE_UNVERIFIED,naver
1223,066670,2026-09-04,review_required,SOURCE_UNVERIFIED,naver
1224,066700,2026-09-04,review_required,SOURCE_UNVERIFIED,naver
1226,066900,2026-09-04,review_required,SOURCE_UNVERIFIED,naver
1227,066910,2026-09-04,review_required,SOURCE_UNVERIFIED,naver
1229,066980,2026-09-04,review_required,SOURCE_UNVERIFIED,naver
1230,067000,2026-09-04,review_required,SOURCE_UNVERIFIED,naver
1231,067010,2026-09-04,review_required,SOURCE_UNVERIFIED,naver
1232,067080,2026-09-04,review_required,SOURCE_UNVERIFIED,naver
1233,067160,2026-09-04,review_required,SOURCE_UNVERIFIED,naver
1234,067170,2026-09-04,review_required,SOURCE_UNVERIFIED,naver
1235,067280,2026-09-04,review_required,SOURCE_UNVERIFIED,naver
1236,067290,2026-09-04,review_required,SOURCE_UNVERIFIED,naver
1237,067310,2026-09-04,review_required,SOURCE_UNVERIFIED,naver
1238,067370,2026-09-04,review_required,SOURCE_UNVERIFIED,naver
1239,067390,2026-09-04,review_required,SOURCE_UNVERIFIED,naver
1240,067570,2026-09-04,review_required,SOURCE_UNVERIFIED,naver
1241,067630,2026-09-04,review_required,SOURCE_UNVERIFIED,naver
1242,067730,2026-09-04,review_required,SOURCE_UNVERIFIED,naver
1243,067770,2026-09-04,review_required,SOURCE_UNVERIFIED,naver
1245,067900,2026-09-04,review_required,SOURCE_UNVERIFIED,naver
1246,067920,2026-09-04,review_required,SOURCE_UNVERIFIED,naver
1247,067990,2026-09-04,review_required,SOURCE_UNVERIFIED,naver
1248,068050,2026-09-04,review_required,SOURCE_UNVERIFIED,naver
1249,068100,2026-09-04,review_required,SOURCE_UNVERIFIED,naver
1253,068330,2026-09-04,review_required,SOURCE_UNVERIFIED,naver
1254,068760,2026-09-04,review_required,SOURCE_UNVERIFIED,naver
1255,068790,2026-09-04,review_required,SOURCE_UNVERIFIED,naver
1256,068930,2026-09-04,review_required,SOURCE_UNVERIFIED,naver
1258,069080,2026-09-04,review_required,SOURCE_UNVERIFIED,naver
1259,069140,2026-09-04,review_required,SOURCE_UNVERIFIED,naver
1261,069330,2026-09-04,review_required,SOURCE_UNVERIFIED,naver
1262,069410,2026-09-04,review_required,SOURCE_UNVERIFIED,naver
1264,069510,2026-09-04,review_required,SOURCE_UNVERIFIED,naver
1265,069540,2026-09-04,review_required,SOURCE_UNVERIFIED,naver
1269,069920,2026-09-04,review_required,SOURCE_UNVERIFIED,naver
1271,070300,2026-09-04,review_required,SOURCE_UNVERIFIED,naver
1272,070590,2026-09-04,review_required,SOURCE_UNVERIFIED,naver
1277,071200,2026-09-04,review_required,SOURCE_UNVERIFIED,naver
1278,071280,2026-09-04,review_required,SOURCE_UNVERIFIED,naver
1280,071670,2026-09-04,review_required,SOURCE_UNVERIFIED,naver
1282,071850,2026-09-04,review_required,SOURCE_UNVERIFIED,naver
1285,072020,2026-09-04,review_required,SOURCE_UNVERIFIED,naver
1287,072470,2026-09-04,review_required,SOURCE_UNVERIFIED,naver
1289,072770,2026-09-04,review_required,SOURCE_UNVERIFIED,naver
1290,072870,2026-09-04,review_required,SOURCE_UNVERIFIED,naver
1291,072950,2026-09-04,review_required,SOURCE_UNVERIFIED,naver
1292,072990,2026-09-04,review_required,SOURCE_UNVERIFIED,naver
1293,073010,2026-09-04,review_required,SOURCE_UNVERIFIED,naver
1294,073110,2026-09-04,review_required,SOURCE_UNVERIFIED,naver
1297,073490,2026-09-04,review_required,SOURCE_UNVERIFIED,naver
1298,073540,2026-09-04,review_required,SOURCE_UNVERIFIED,naver
1299,073560,2026-09-04,review_required,SOURCE_UNVERIFIED,naver
1300,073570,2026-09-04,review_required,SOURCE_UNVERIFIED,naver
1302,074430,2026-09-04,review_required,SOURCE_UNVERIFIED,naver
1303,074600,2026-09-04,review_required,SOURCE_UNVERIFIED,naver
1305,075130,2026-09-04,review_required,SOURCE_UNVERIFIED,naver
1308,075970,2026-09-04,review_required,SOURCE_UNVERIFIED,naver
1309,076080,2026-09-04,review_required,SOURCE_UNVERIFIED,naver
1310,076610,2026-09-04,review_required,SOURCE_UNVERIFIED,naver
1311,077360,2026-09-04,review_required,SOURCE_UNVERIFIED,naver
1315,078020,2026-09-04,review_required,SOURCE_UNVERIFIED,naver
1316,078070,2026-09-04,review_required,SOURCE_UNVERIFIED,naver
1317,078130,2026-09-04,review_required,SOURCE_UNVERIFIED,naver
1318,078140,2026-09-04,review_required,SOURCE_UNVERIFIED,naver
1319,078150,2026-09-04,review_required,SOURCE_UNVERIFIED,naver
1320,078160,2026-09-04,review_required,SOURCE_UNVERIFIED,naver
1321,078340,2026-09-04,review_required,SOURCE_UNVERIFIED,naver
1322,078350,2026-09-04,review_required,SOURCE_UNVERIFIED,naver
1324,078590,2026-09-04,review_required,SOURCE_UNVERIFIED,naver
1325,078600,2026-09-04,review_required,SOURCE_UNVERIFIED,naver
1326,078860,2026-09-04,review_required,SOURCE_UNVERIFIED,naver
1327,078890,2026-09-04,review_required,SOURCE_UNVERIFIED,naver
1330,079000,2026-09-04,review_required,SOURCE_UNVERIFIED,naver
1332,079170,2026-09-04,review_required,SOURCE_UNVERIFIED,naver
1333,079190,2026-09-04,review_required,SOURCE_UNVERIFIED,naver
1334,079370,2026-09-04,review_required,SOURCE_UNVERIFIED,naver
1337,079650,2026-09-04,review_required,SOURCE_UNVERIFIED,naver
1338,079810,2026-09-04,review_required,SOURCE_UNVERIFIED,naver
1340,079940,2026-09-04,review_required,SOURCE_UNVERIFIED,naver
1341,079950,2026-09-04,review_required,SOURCE_UNVERIFIED,naver
1342,079960,2026-09-04,review_required,SOURCE_UNVERIFIED,naver
1345,080010,2026-09-04,review_required,SOURCE_UNVERIFIED,naver
1346,080160,2026-09-04,review_required,SOURCE_UNVERIFIED,naver
1347,080220,2026-09-04,review_required,SOURCE_UNVERIFIED,naver
1348,080420,2026-09-04,review_required,SOURCE_UNVERIFIED,naver
1349,080470,2026-09-04,review_required,SOURCE_UNVERIFIED,naver
1350,080520,2026-09-04,review_required,SOURCE_UNVERIFIED,naver
1351,080530,2026-09-04,review_required,SOURCE_UNVERIFIED,naver
1352,080580,2026-09-04,review_required,SOURCE_UNVERIFIED,naver
1355,081150,2026-09-04,review_required,SOURCE_UNVERIFIED,naver
1356,081180,2026-09-04,review_required,SOURCE_UNVERIFIED,naver
1357,081580,2026-09-04,review_required,SOURCE_UNVERIFIED,naver
1359,082210,2026-09-04,review_required,SOURCE_UNVERIFIED,naver
1360,082270,2026-09-04,review_required,SOURCE_UNVERIFIED,naver
1364,082800,2026-09-04,review_required,SOURCE_UNVERIFIED,naver
1365,082850,2026-09-04,review_required,SOURCE_UNVERIFIED,naver
1366,082920,2026-09-04,review_required,SOURCE_UNVERIFIED,naver
1367,083310,2026-09-04,review_required,SOURCE_UNVERIFIED,naver
1369,083450,2026-09-04,review_required,SOURCE_UNVERIFIED,naver
1370,083470,2026-09-04,review_required,SOURCE_UNVERIFIED,naver
1371,083500,2026-09-04,review_required,SOURCE_UNVERIFIED,naver
1372,083550,2026-09-04,review_required,SOURCE_UNVERIFIED,naver
1373,083640,2026-09-04,review_required,SOURCE_UNVERIFIED,naver
1374,083650,2026-09-04,review_required,SOURCE_UNVERIFIED,naver
1375,083660,2026-09-04,review_required,SOURCE_UNVERIFIED,naver
1376,083790,2026-09-04,review_required,SOURCE_UNVERIFIED,naver
1377,083930,2026-09-04,review_required,SOURCE_UNVERIFIED,naver
1379,084110,2026-09-04,review_required,SOURCE_UNVERIFIED,naver
1380,084180,2026-09-04,review_required,SOURCE_UNVERIFIED,naver
1381,084370,2026-09-04,review_required,SOURCE_UNVERIFIED,naver
1388,084730,2026-09-04,review_required,SOURCE_UNVERIFIED,naver
1389,084850,2026-09-04,review_required,SOURCE_UNVERIFIED,naver
1391,084990,2026-09-04,review_required,SOURCE_UNVERIFIED,naver
1394,085660,2026-09-04,review_required,SOURCE_UNVERIFIED,naver
1395,085670,2026-09-04,review_required,SOURCE_UNVERIFIED,naver
1396,085810,2026-09-04,review_required,SOURCE_UNVERIFIED,naver
1397,085910,2026-09-04,review_required,SOURCE_UNVERIFIED,naver
1398,086040,2026-09-04,review_required,SOURCE_UNVERIFIED,naver
1399,086060,2026-09-04,review_required,SOURCE_UNVERIFIED,naver
1401,086390,2026-09-04,review_required,SOURCE_UNVERIFIED,naver
1402,086450,2026-09-04,review_required,SOURCE_UNVERIFIED,naver
1403,086520,2026-09-04,review_required,SOURCE_UNVERIFIED,naver
1404,086670,2026-09-04,review_required,SOURCE_UNVERIFIED,naver
1405,086710,2026-09-04,review_required,SOURCE_UNVERIFIED,naver
1407,086820,2026-09-04,review_required,SOURCE_UNVERIFIED,naver
1408,086890,2026-09-04,review_required,SOURCE_UNVERIFIED,naver
1409,086900,2026-09-04,review_required,SOURCE_UNVERIFIED,naver
1410,086960,2026-09-04,review_required,SOURCE_UNVERIFIED,naver
1411,086980,2026-09-04,review_required,SOURCE_UNVERIFIED,naver
1412,087010,2026-09-04,review_required,SOURCE_UNVERIFIED,naver
1414,087600,2026-09-04,review_required,SOURCE_UNVERIFIED,naver
1415,088130,2026-09-04,review_required,SOURCE_UNVERIFIED,naver
1417,088280,2026-09-04,review_required,SOURCE_UNVERIFIED,naver
1418,088290,2026-09-04,review_required,SOURCE_UNVERIFIED,naver
1419,088340,2026-09-04,review_required,SOURCE_UNVERIFIED,naver
1421,088390,2026-09-04,review_required,SOURCE_UNVERIFIED,naver
1423,088800,2026-09-04,review_required,SOURCE_UNVERIFIED,naver
1424,088910,2026-09-04,review_required,SOURCE_UNVERIFIED,naver
1426,089010,2026-09-04,review_required,SOURCE_UNVERIFIED,naver
1427,089030,2026-09-04,review_required,SOURCE_UNVERIFIED,naver
1428,089140,2026-09-04,review_required,SOURCE_UNVERIFIED,naver
1429,089150,2026-09-04,review_required,SOURCE_UNVERIFIED,naver
1430,089230,2026-09-04,review_required,SOURCE_UNVERIFIED,naver
1433,089600,2026-09-04,review_required,SOURCE_UNVERIFIED,naver
1434,089790,2026-09-04,review_required,SOURCE_UNVERIFIED,naver
1435,089850,2026-09-04,review_required,SOURCE_UNVERIFIED,naver
1437,089890,2026-09-04,review_required,SOURCE_UNVERIFIED,naver
1438,089970,2026-09-04,review_required,SOURCE_UNVERIFIED,naver
1439,089980,2026-09-04,review_required,SOURCE_UNVERIFIED,naver
1441,090150,2026-09-04,review_required,SOURCE_UNVERIFIED,naver
1444,090360,2026-09-04,review_required,SOURCE_UNVERIFIED,naver
1446,090410,2026-09-04,review_required,SOURCE_UNVERIFIED,naver
1450,090470,2026-09-04,review_required,SOURCE_UNVERIFIED,naver
1451,090710,2026-09-04,review_required,SOURCE_UNVERIFIED,naver
1452,090850,2026-09-04,review_required,SOURCE_UNVERIFIED,naver
1453,091120,2026-09-04,review_required,SOURCE_UNVERIFIED,naver
1454,091340,2026-09-04,review_required,SOURCE_UNVERIFIED,naver
1455,091440,2026-09-04,review_required,SOURCE_UNVERIFIED,naver
1456,091580,2026-09-04,review_required,SOURCE_UNVERIFIED,naver
1457,091590,2026-09-04,review_required,SOURCE_UNVERIFIED,naver
1458,091700,2026-09-04,review_required,SOURCE_UNVERIFIED,naver
1460,091970,2026-09-04,review_required,SOURCE_UNVERIFIED,naver
1461,092040,2026-09-04,review_required,SOURCE_UNVERIFIED,naver
1462,092070,2026-09-04,review_required,SOURCE_UNVERIFIED,naver
1463,092130,2026-09-04,review_required,SOURCE_UNVERIFIED,naver
1464,092190,2026-09-04,review_required,SOURCE_UNVERIFIED,naver
1468,092300,2026-09-04,review_required,SOURCE_UNVERIFIED,naver
1470,092460,2026-09-04,review_required,SOURCE_UNVERIFIED,naver
1471,092600,2026-09-04,review_required,SOURCE_UNVERIFIED,naver
1472,092730,2026-09-04,review_required,SOURCE_UNVERIFIED,naver
1475,092870,2026-09-04,review_required,SOURCE_UNVERIFIED,naver
1477,093190,2026-09-04,review_required,SOURCE_UNVERIFIED,naver
1479,093320,2026-09-04,review_required,SOURCE_UNVERIFIED,naver
1481,093380,2026-09-04,review_required,SOURCE_UNVERIFIED,naver
1482,093520,2026-09-04,review_required,SOURCE_UNVERIFIED,naver
1483,093640,2026-09-04,review_required,SOURCE_UNVERIFIED,naver
1484,093920,2026-09-04,review_required,SOURCE_UNVERIFIED,naver
1485,094170,2026-09-04,review_required,SOURCE_UNVERIFIED,naver
1487,094360,2026-09-04,review_required,SOURCE_UNVERIFIED,naver
1488,094480,2026-09-04,review_required,SOURCE_UNVERIFIED,naver
1490,094820,2026-09-04,review_required,SOURCE_UNVERIFIED,naver
1491,094840,2026-09-04,review_required,SOURCE_UNVERIFIED,naver
1492,094850,2026-09-04,review_required,SOURCE_UNVERIFIED,naver
1493,094860,2026-09-04,review_required,SOURCE_UNVERIFIED,naver
1494,094940,2026-09-04,review_required,SOURCE_UNVERIFIED,naver
1495,094970,2026-09-04,review_required,SOURCE_UNVERIFIED,naver
1496,095190,2026-09-04,review_required,SOURCE_UNVERIFIED,naver
1497,095270,2026-09-04,review_required,SOURCE_UNVERIFIED,naver
1498,095340,2026-09-04,review_required,SOURCE_UNVERIFIED,naver
1499,095500,2026-09-04,review_required,SOURCE_UNVERIFIED,naver
1501,095610,2026-09-04,review_required,SOURCE_UNVERIFIED,naver
1502,095660,2026-09-04,review_required,SOURCE_UNVERIFIED,naver
1503,095700,2026-09-04,review_required,SOURCE_UNVERIFIED,naver
1505,095910,2026-09-04,review_required,SOURCE_UNVERIFIED,naver
1506,096240,2026-09-04,review_required,SOURCE_UNVERIFIED,naver
1507,096250,2026-09-04,review_required,SOURCE_UNVERIFIED,naver
1508,096350,2026-09-04,review_required,SOURCE_UNVERIFIED,naver
1509,096530,2026-09-04,review_required,SOURCE_UNVERIFIED,naver
1511,096630,2026-09-04,review_required,SOURCE_UNVERIFIED,naver
1512,096690,2026-09-04,review_required,SOURCE_UNVERIFIED,naver
1516,096870,2026-09-04,review_required,SOURCE_UNVERIFIED,naver
1519,097780,2026-09-04,review_required,SOURCE_UNVERIFIED,naver
1520,097800,2026-09-04,review_required,SOURCE_UNVERIFIED,naver
1521,097870,2026-09-04,review_required,SOURCE_UNVERIFIED,naver
1524,098070,2026-09-04,review_required,SOURCE_UNVERIFIED,naver
1525,098120,2026-09-04,review_required,SOURCE_UNVERIFIED,naver
1526,098460,2026-09-04,review_required,SOURCE_UNVERIFIED,naver
1527,098660,2026-09-04,review_required,SOURCE_UNVERIFIED,naver
1528,099190,2026-09-04,review_required,SOURCE_UNVERIFIED,naver
1530,099320,2026-09-04,review_required,SOURCE_UNVERIFIED,naver
1531,099390,2026-09-04,review_required,SOURCE_UNVERIFIED,naver
1532,099410,2026-09-04,review_required,SOURCE_UNVERIFIED,naver
1533,099430,2026-09-04,review_required,SOURCE_UNVERIFIED,naver
1534,099440,2026-09-04,review_required,SOURCE_UNVERIFIED,naver
1536,099750,2026-09-04,review_required,SOURCE_UNVERIFIED,naver
1537,100030,2026-09-04,review_required,SOURCE_UNVERIFIED,naver
1539,100120,2026-09-04,review_required,SOURCE_UNVERIFIED,naver
1540,100130,2026-09-04,review_required,SOURCE_UNVERIFIED,naver
1543,100590,2026-09-04,review_required,SOURCE_UNVERIFIED,naver
1544,100660,2026-09-04,review_required,SOURCE_UNVERIFIED,naver
1545,100700,2026-09-04,review_required,SOURCE_UNVERIFIED,naver
1546,100790,2026-09-04,review_required,SOURCE_UNVERIFIED,naver
1548,101000,2026-09-04,review_required,SOURCE_UNVERIFIED,naver
1550,101160,2026-09-04,review_required,SOURCE_UNVERIFIED,naver
1551,101170,2026-09-04,review_required,SOURCE_UNVERIFIED,naver
1552,101240,2026-09-04,review_required,SOURCE_UNVERIFIED,naver
1553,101330,2026-09-04,review_required,SOURCE_UNVERIFIED,naver
1554,101360,2026-09-04,review_required,SOURCE_UNVERIFIED,naver
1555,101400,2026-09-04,review_required,SOURCE_UNVERIFIED,naver
1556,101490,2026-09-04,review_required,SOURCE_UNVERIFIED,naver
1558,101670,2026-09-04,review_required,SOURCE_UNVERIFIED,naver
1559,101680,2026-09-04,review_required,SOURCE_UNVERIFIED,naver
1560,101730,2026-09-04,review_required,SOURCE_UNVERIFIED,naver
1561,101930,2026-09-04,review_required,SOURCE_UNVERIFIED,naver
1563,102120,2026-09-04,review_required,SOURCE_UNVERIFIED,naver
1565,102370,2026-09-04,review_required,SOURCE_UNVERIFIED,naver
1567,102710,2026-09-04,review_required,SOURCE_UNVERIFIED,naver
1568,102940,2026-09-04,review_required,SOURCE_UNVERIFIED,naver
1570,103230,2026-09-04,review_required,SOURCE_UNVERIFIED,naver
1572,103840,2026-09-04,review_required,SOURCE_UNVERIFIED,naver
1573,104040,2026-09-04,review_required,SOURCE_UNVERIFIED,naver
1574,104200,2026-09-04,review_required,SOURCE_UNVERIFIED,naver
1575,104460,2026-09-04,review_required,SOURCE_UNVERIFIED,naver
1576,104480,2026-09-04,review_required,SOURCE_UNVERIFIED,naver
1577,104540,2026-09-04,review_required,SOURCE_UNVERIFIED,naver
1578,104620,2026-09-04,review_required,SOURCE_UNVERIFIED,naver
1580,104830,2026-09-04,review_required,SOURCE_UNVERIFIED,naver
1581,105330,2026-09-04,review_required,SOURCE_UNVERIFIED,naver
1582,105550,2026-09-04,review_required,SOURCE_UNVERIFIED,naver
1585,105740,2026-09-04,review_required,SOURCE_UNVERIFIED,naver
1586,105760,2026-09-04,review_required,SOURCE_UNVERIFIED,naver
1589,106190,2026-09-04,review_required,SOURCE_UNVERIFIED,naver
1590,106240,2026-09-04,review_required,SOURCE_UNVERIFIED,naver
1592,107600,2026-09-04,review_required,SOURCE_UNVERIFIED,naver
1593,107640,2026-09-04,review_required,SOURCE_UNVERIFIED,naver
1594,108230,2026-09-04,review_required,SOURCE_UNVERIFIED,naver
1596,108380,2026-09-04,review_required,SOURCE_UNVERIFIED,naver
1597,108490,2026-09-04,review_required,SOURCE_UNVERIFIED,naver
1600,108860,2026-09-04,review_required,SOURCE_UNVERIFIED,naver
1602,109080,2026-09-04,review_required,SOURCE_UNVERIFIED,naver
1603,109610,2026-09-04,review_required,SOURCE_UNVERIFIED,naver
1604,109670,2026-09-04,review_required,SOURCE_UNVERIFIED,naver
1605,109740,2026-09-04,review_required,SOURCE_UNVERIFIED,naver
1606,109820,2026-09-04,review_required,SOURCE_UNVERIFIED,naver
1607,109860,2026-09-04,review_required,SOURCE_UNVERIFIED,naver
1608,109960,2026-09-04,review_required,SOURCE_UNVERIFIED,naver
1609,110020,2026-09-04,review_required,SOURCE_UNVERIFIED,naver
1610,110790,2026-09-04,review_required,SOURCE_UNVERIFIED,naver
1611,110990,2026-09-04,review_required,SOURCE_UNVERIFIED,naver
1614,111710,2026-09-04,review_required,SOURCE_UNVERIFIED,naver
1616,112040,2026-09-04,review_required,SOURCE_UNVERIFIED,naver
1617,112290,2026-09-04,review_required,SOURCE_UNVERIFIED,naver
1619,113810,2026-09-04,review_required,SOURCE_UNVERIFIED,naver
1621,114190,2026-09-04,review_required,SOURCE_UNVERIFIED,naver
1622,114450,2026-09-04,review_required,SOURCE_UNVERIFIED,naver
1623,114630,2026-09-04,review_required,SOURCE_UNVERIFIED,naver
1624,114810,2026-09-04,review_required,SOURCE_UNVERIFIED,naver
1625,114840,2026-09-04,review_required,SOURCE_UNVERIFIED,naver
1626,115160,2026-09-04,review_required,SOURCE_UNVERIFIED,naver
1627,115180,2026-09-04,review_required,SOURCE_UNVERIFIED,naver
1628,115310,2026-09-04,review_required,SOURCE_UNVERIFIED,naver
1629,115440,2026-09-04,review_required,SOURCE_UNVERIFIED,naver
1630,115450,2026-09-04,review_required,SOURCE_UNVERIFIED,naver
1631,115480,2026-09-04,review_required,SOURCE_UNVERIFIED,naver
1632,115500,2026-09-04,review_required,SOURCE_UNVERIFIED,naver
1633,115530,2026-09-04,review_required,SOURCE_UNVERIFIED,naver
1634,115570,2026-09-04,review_required,SOURCE_UNVERIFIED,naver
1635,115610,2026-09-04,review_required,SOURCE_UNVERIFIED,naver
1637,117670,2026-09-04,review_required,SOURCE_UNVERIFIED,naver
1638,117730,2026-09-04,review_required,SOURCE_UNVERIFIED,naver
1640,118990,2026-09-04,review_required,SOURCE_UNVERIFIED,naver
1641,119500,2026-09-04,review_required,SOURCE_UNVERIFIED,naver
1642,119610,2026-09-04,review_required,SOURCE_UNVERIFIED,naver
1644,119830,2026-09-04,review_required,SOURCE_UNVERIFIED,naver
1645,119850,2026-09-04,review_required,SOURCE_UNVERIFIED,naver
1649,120240,2026-09-04,review_required,SOURCE_UNVERIFIED,naver
1650,121440,2026-09-04,review_required,SOURCE_UNVERIFIED,naver
1651,121600,2026-09-04,review_required,SOURCE_UNVERIFIED,naver
1654,121890,2026-09-04,review_required,SOURCE_UNVERIFIED,naver
1655,122310,2026-09-04,review_required,SOURCE_UNVERIFIED,naver
1656,122350,2026-09-04,review_required,SOURCE_UNVERIFIED,naver
1657,122450,2026-09-04,review_required,SOURCE_UNVERIFIED,naver
1658,122640,2026-09-04,review_required,SOURCE_UNVERIFIED,naver
1659,122690,2026-09-04,review_required,SOURCE_UNVERIFIED,naver
1660,122870,2026-09-04,review_required,SOURCE_UNVERIFIED,naver
1662,122990,2026-09-04,review_required,SOURCE_UNVERIFIED,naver
1663,123010,2026-09-04,review_required,SOURCE_UNVERIFIED,naver
1664,123040,2026-09-04,review_required,SOURCE_UNVERIFIED,naver
1665,123330,2026-09-04,review_required,SOURCE_UNVERIFIED,naver
1666,123410,2026-09-04,review_required,SOURCE_UNVERIFIED,naver
1667,123420,2026-09-04,review_required,SOURCE_UNVERIFIED,naver
1668,123570,2026-09-04,review_required,SOURCE_UNVERIFIED,naver
1671,123750,2026-09-04,review_required,SOURCE_UNVERIFIED,naver
1672,123840,2026-09-04,review_required,SOURCE_UNVERIFIED,naver
1673,123860,2026-09-04,review_required,SOURCE_UNVERIFIED,naver
1675,124500,2026-09-04,review_required,SOURCE_UNVERIFIED,naver
1676,124560,2026-09-04,review_required,SOURCE_UNVERIFIED,naver
1677,125020,2026-09-04,review_required,SOURCE_UNVERIFIED,naver
1678,125210,2026-09-04,review_required,SOURCE_UNVERIFIED,naver
1679,125490,2026-09-04,review_required,SOURCE_UNVERIFIED,naver
1680,126340,2026-09-04,review_required,SOURCE_UNVERIFIED,naver
1682,126600,2026-09-04,review_required,SOURCE_UNVERIFIED,naver
1683,126640,2026-09-04,review_required,SOURCE_UNVERIFIED,naver
1684,126700,2026-09-04,review_required,SOURCE_UNVERIFIED,naver
1686,126730,2026-09-04,review_required,SOURCE_UNVERIFIED,naver
1687,126880,2026-09-04,review_required,SOURCE_UNVERIFIED,naver
1688,127120,2026-09-04,review_required,SOURCE_UNVERIFIED,naver
1689,127710,2026-09-04,review_required,SOURCE_UNVERIFIED,naver
1690,127980,2026-09-04,review_required,SOURCE_UNVERIFIED,naver
1691,128540,2026-09-04,review_required,SOURCE_UNVERIFIED,naver
1692,128660,2026-09-04,review_required,SOURCE_UNVERIFIED,naver
1696,129890,2026-09-04,review_required,SOURCE_UNVERIFIED,naver
1697,129920,2026-09-04,review_required,SOURCE_UNVERIFIED,naver
1698,130500,2026-09-04,review_required,SOURCE_UNVERIFIED,naver
1699,130580,2026-09-04,review_required,SOURCE_UNVERIFIED,naver
1701,130740,2026-09-04,review_required,SOURCE_UNVERIFIED,naver
1702,131030,2026-09-04,review_required,SOURCE_UNVERIFIED,naver
1703,131090,2026-09-04,review_required,SOURCE_UNVERIFIED,naver
1704,131100,2026-09-04,review_required,SOURCE_UNVERIFIED,naver
1705,131180,2026-09-04,review_required,SOURCE_UNVERIFIED,naver
1706,131220,2026-09-04,review_required,SOURCE_UNVERIFIED,naver
1707,131290,2026-09-04,review_required,SOURCE_UNVERIFIED,naver
1708,131370,2026-09-04,review_required,SOURCE_UNVERIFIED,naver
1709,131400,2026-09-04,review_required,SOURCE_UNVERIFIED,naver
1710,131760,2026-09-04,review_required,SOURCE_UNVERIFIED,naver
1711,131970,2026-09-04,review_required,SOURCE_UNVERIFIED,naver
1712,133750,2026-09-04,review_required,SOURCE_UNVERIFIED,naver
1714,134060,2026-09-04,review_required,SOURCE_UNVERIFIED,naver
1718,136150,2026-09-04,review_required,SOURCE_UNVERIFIED,naver
1719,136410,2026-09-04,review_required,SOURCE_UNVERIFIED,naver
1720,136480,2026-09-04,review_required,SOURCE_UNVERIFIED,naver
1722,136540,2026-09-04,review_required,SOURCE_UNVERIFIED,naver
1723,137080,2026-09-04,review_required,SOURCE_UNVERIFIED,naver
1725,137400,2026-09-04,review_required,SOURCE_UNVERIFIED,naver
1726,137940,2026-09-04,review_required,SOURCE_UNVERIFIED,naver
1727,137950,2026-09-04,review_required,SOURCE_UNVERIFIED,naver
1729,138070,2026-09-04,review_required,SOURCE_UNVERIFIED,naver
1730,138080,2026-09-04,review_required,SOURCE_UNVERIFIED,naver
1731,138360,2026-09-04,review_required,SOURCE_UNVERIFIED,naver
1732,138610,2026-09-04,review_required,SOURCE_UNVERIFIED,naver
1736,139670,2026-09-04,review_required,SOURCE_UNVERIFIED,naver
1738,140070,2026-09-04,review_required,SOURCE_UNVERIFIED,naver
1739,140410,2026-09-04,review_required,SOURCE_UNVERIFIED,naver
1740,140430,2026-09-04,review_required,SOURCE_UNVERIFIED,naver
1741,140520,2026-09-04,review_required,SOURCE_UNVERIFIED,naver
1742,140670,2026-09-04,review_required,SOURCE_UNVERIFIED,naver
1743,140860,2026-09-04,review_required,SOURCE_UNVERIFIED,naver
1744,141000,2026-09-04,review_required,SOURCE_UNVERIFIED,naver
1745,141080,2026-09-04,review_required,SOURCE_UNVERIFIED,naver
1746,142210,2026-09-04,review_required,SOURCE_UNVERIFIED,naver
1747,142280,2026-09-04,review_required,SOURCE_UNVERIFIED,naver
1748,142760,2026-09-04,review_required,SOURCE_UNVERIFIED,naver
1749,143160,2026-09-04,review_required,SOURCE_UNVERIFIED,naver
1751,143240,2026-09-04,review_required,SOURCE_UNVERIFIED,naver
1752,143540,2026-09-04,review_required,SOURCE_UNVERIFIED,naver
1753,144510,2026-09-04,review_required,SOURCE_UNVERIFIED,naver
1754,144960,2026-09-04,review_required,SOURCE_UNVERIFIED,naver
1755,145020,2026-09-04,review_required,SOURCE_UNVERIFIED,naver
1756,145170,2026-09-04,review_required,SOURCE_UNVERIFIED,naver
1762,146060,2026-09-04,review_required,SOURCE_UNVERIFIED,naver
1763,146320,2026-09-04,review_required,SOURCE_UNVERIFIED,naver
1764,147760,2026-09-04,review_required,SOURCE_UNVERIFIED,naver
1765,147830,2026-09-04,review_required,SOURCE_UNVERIFIED,naver
1766,148150,2026-09-04,review_required,SOURCE_UNVERIFIED,naver
1767,148250,2026-09-04,review_required,SOURCE_UNVERIFIED,naver
1768,148780,2026-09-04,review_required,SOURCE_UNVERIFIED,naver
1769,148930,2026-09-04,review_required,SOURCE_UNVERIFIED,naver
1770,149950,2026-09-04,review_required,SOURCE_UNVERIFIED,naver
1771,149980,2026-09-04,review_required,SOURCE_UNVERIFIED,naver
1772,150900,2026-09-04,review_required,SOURCE_UNVERIFIED,naver
1773,151860,2026-09-04,review_required,SOURCE_UNVERIFIED,naver
1774,153460,2026-09-04,review_required,SOURCE_UNVERIFIED,naver
1775,153490,2026-09-04,review_required,SOURCE_UNVERIFIED,naver
1776,153710,2026-09-04,review_required,SOURCE_UNVERIFIED,naver
1777,153890,2026-09-04,review_required,SOURCE_UNVERIFIED,naver
1778,154030,2026-09-04,review_required,SOURCE_UNVERIFIED,naver
1780,155650,2026-09-04,review_required,SOURCE_UNVERIFIED,naver
1782,156100,2026-09-04,review_required,SOURCE_UNVERIFIED,naver
1783,158430,2026-09-04,review_required,SOURCE_UNVERIFIED,naver
1784,159010,2026-09-04,review_required,SOURCE_UNVERIFIED,naver
1785,159580,2026-09-04,review_required,SOURCE_UNVERIFIED,naver
1786,159910,2026-09-04,review_required,SOURCE_UNVERIFIED,naver
1787,160190,2026-09-04,review_required,SOURCE_UNVERIFIED,naver
1788,160550,2026-09-04,review_required,SOURCE_UNVERIFIED,naver
1789,160980,2026-09-04,review_required,SOURCE_UNVERIFIED,naver
1792,161580,2026-09-04,review_required,SOURCE_UNVERIFIED,naver
1794,162300,2026-09-04,review_required,SOURCE_UNVERIFIED,naver
1795,163280,2026-09-04,review_required,SOURCE_UNVERIFIED,naver
1797,163730,2026-09-04,review_required,SOURCE_UNVERIFIED,naver
1798,166090,2026-09-04,review_required,SOURCE_UNVERIFIED,naver
1799,166480,2026-09-04,review_required,SOURCE_UNVERIFIED,naver
1800,168330,2026-09-04,review_required,SOURCE_UNVERIFIED,naver
1801,168360,2026-09-04,review_required,SOURCE_UNVERIFIED,naver
1802,169330,2026-09-04,review_required,SOURCE_UNVERIFIED,naver
1803,170030,2026-09-04,review_required,SOURCE_UNVERIFIED,naver
1804,170790,2026-09-04,review_required,SOURCE_UNVERIFIED,naver
1806,170920,2026-09-04,review_required,SOURCE_UNVERIFIED,naver
1807,171010,2026-09-04,review_required,SOURCE_UNVERIFIED,naver
1808,171090,2026-09-04,review_required,SOURCE_UNVERIFIED,naver
1809,171120,2026-09-04,review_required,SOURCE_UNVERIFIED,naver
1810,172670,2026-09-04,review_required,SOURCE_UNVERIFIED,naver
1811,173130,2026-09-04,review_required,SOURCE_UNVERIFIED,naver
1812,173940,2026-09-04,review_required,SOURCE_UNVERIFIED,naver
1813,174900,2026-09-04,review_required,SOURCE_UNVERIFIED,naver
1814,175140,2026-09-04,review_required,SOURCE_UNVERIFIED,naver
1815,175250,2026-09-04,review_required,SOURCE_UNVERIFIED,naver
1817,176750,2026-09-04,review_required,SOURCE_UNVERIFIED,naver
1818,177350,2026-09-04,review_required,SOURCE_UNVERIFIED,naver
1819,177830,2026-09-04,review_required,SOURCE_UNVERIFIED,naver
1820,177900,2026-09-04,review_required,SOURCE_UNVERIFIED,naver
1821,178320,2026-09-04,review_required,SOURCE_UNVERIFIED,naver
1822,178780,2026-09-04,review_required,SOURCE_UNVERIFIED,naver
1824,179290,2026-09-04,review_required,SOURCE_UNVERIFIED,naver
1825,179530,2026-09-04,review_required,SOURCE_UNVERIFIED,naver
1826,179900,2026-09-04,review_required,SOURCE_UNVERIFIED,naver
1827,180400,2026-09-04,review_required,SOURCE_UNVERIFIED,naver
1831,182360,2026-09-04,review_required,SOURCE_UNVERIFIED,naver
1834,183300,2026-09-04,review_required,SOURCE_UNVERIFIED,naver
1836,184230,2026-09-04,review_required,SOURCE_UNVERIFIED,naver
1837,185490,2026-09-04,review_required,SOURCE_UNVERIFIED,naver
1839,186230,2026-09-04,review_required,SOURCE_UNVERIFIED,naver
1840,187220,2026-09-04,review_required,SOURCE_UNVERIFIED,naver
1841,187270,2026-09-04,review_required,SOURCE_UNVERIFIED,naver
1842,187420,2026-09-04,review_required,SOURCE_UNVERIFIED,naver
1843,187660,2026-09-04,review_required,SOURCE_UNVERIFIED,naver
1844,187790,2026-09-04,review_required,SOURCE_UNVERIFIED,naver
1845,187870,2026-09-04,review_required,SOURCE_UNVERIFIED,naver
1846,188040,2026-09-04,review_required,SOURCE_UNVERIFIED,naver
1847,188260,2026-09-04,review_required,SOURCE_UNVERIFIED,naver
1848,189300,2026-09-04,review_required,SOURCE_UNVERIFIED,naver
1849,189330,2026-09-04,review_required,SOURCE_UNVERIFIED,naver
1850,189690,2026-09-04,review_required,SOURCE_UNVERIFIED,naver
1851,189860,2026-09-04,review_required,SOURCE_UNVERIFIED,naver
1852,189980,2026-09-04,review_required,SOURCE_UNVERIFIED,naver
1853,190510,2026-09-04,review_required,SOURCE_UNVERIFIED,naver
1854,190650,2026-09-04,review_required,SOURCE_UNVERIFIED,naver
1855,191410,2026-09-04,review_required,SOURCE_UNVERIFIED,naver
1856,191420,2026-09-04,review_required,SOURCE_UNVERIFIED,naver
1858,192250,2026-09-04,review_required,SOURCE_UNVERIFIED,naver
1859,192390,2026-09-04,review_required,SOURCE_UNVERIFIED,naver
1861,192410,2026-09-04,review_required,SOURCE_UNVERIFIED,naver
1862,192440,2026-09-04,review_required,SOURCE_UNVERIFIED,naver
1865,193250,2026-09-04,review_required,SOURCE_UNVERIFIED,naver
1867,194480,2026-09-04,review_required,SOURCE_UNVERIFIED,naver
1868,194700,2026-09-04,review_required,SOURCE_UNVERIFIED,naver
1869,195500,2026-09-04,review_required,SOURCE_UNVERIFIED,naver
1871,195940,2026-09-04,review_required,SOURCE_UNVERIFIED,naver
1872,195990,2026-09-04,review_required,SOURCE_UNVERIFIED,naver
1873,196170,2026-09-04,review_required,SOURCE_UNVERIFIED,naver
1874,196300,2026-09-04,review_required,SOURCE_UNVERIFIED,naver
1875,196450,2026-09-04,review_required,SOURCE_UNVERIFIED,naver
1877,196700,2026-09-04,review_required,SOURCE_UNVERIFIED,naver
1878,197140,2026-09-04,review_required,SOURCE_UNVERIFIED,naver
1879,198080,2026-09-04,review_required,SOURCE_UNVERIFIED,naver
1880,198440,2026-09-04,review_required,SOURCE_UNVERIFIED,naver
1881,198940,2026-09-04,review_required,SOURCE_UNVERIFIED,naver
1882,199430,2026-09-04,review_required,SOURCE_UNVERIFIED,naver
1883,199480,2026-09-04,review_required,SOURCE_UNVERIFIED,naver
1884,199550,2026-09-04,review_required,SOURCE_UNVERIFIED,naver
1885,199730,2026-09-04,review_required,SOURCE_UNVERIFIED,naver
1886,199800,2026-09-04,review_required,SOURCE_UNVERIFIED,naver
1887,199820,2026-09-04,review_required,SOURCE_UNVERIFIED,naver
1888,200130,2026-09-04,review_required,SOURCE_UNVERIFIED,naver
1889,200230,2026-09-04,review_required,SOURCE_UNVERIFIED,naver
1890,200350,2026-09-04,review_required,SOURCE_UNVERIFIED,naver
1891,200470,2026-09-04,review_required,SOURCE_UNVERIFIED,naver
1892,200670,2026-09-04,review_required,SOURCE_UNVERIFIED,naver
1893,200710,2026-09-04,review_required,SOURCE_UNVERIFIED,naver
1894,200780,2026-09-04,review_required,SOURCE_UNVERIFIED,naver
1896,201490,2026-09-04,review_required,SOURCE_UNVERIFIED,naver
1898,203450,2026-09-04,review_required,SOURCE_UNVERIFIED,naver
1899,203650,2026-09-04,review_required,SOURCE_UNVERIFIED,naver
1900,204020,2026-09-04,review_required,SOURCE_UNVERIFIED,naver
1901,204270,2026-09-04,review_required,SOURCE_UNVERIFIED,naver
1903,204610,2026-09-04,review_required,SOURCE_UNVERIFIED,naver
1904,204620,2026-09-04,review_required,SOURCE_UNVERIFIED,naver
1905,204840,2026-09-04,review_required,SOURCE_UNVERIFIED,naver
1906,205100,2026-09-04,review_required,SOURCE_UNVERIFIED,naver
1907,205470,2026-09-04,review_required,SOURCE_UNVERIFIED,naver
1908,205500,2026-09-04,review_required,SOURCE_UNVERIFIED,naver
1909,206400,2026-09-04,review_required,SOURCE_UNVERIFIED,naver
1911,206640,2026-09-04,review_required,SOURCE_UNVERIFIED,naver
1912,206650,2026-09-04,review_required,SOURCE_UNVERIFIED,naver
1913,207760,2026-09-04,review_required,SOURCE_UNVERIFIED,naver
1915,208140,2026-09-04,review_required,SOURCE_UNVERIFIED,naver
1916,208350,2026-09-04,review_required,SOURCE_UNVERIFIED,naver
1917,208370,2026-09-04,review_required,SOURCE_UNVERIFIED,naver
1918,208640,2026-09-04,review_required,SOURCE_UNVERIFIED,naver
1919,208710,2026-09-04,review_required,SOURCE_UNVERIFIED,naver
1921,209640,2026-09-04,review_required,SOURCE_UNVERIFIED,naver
1922,210120,2026-09-04,review_required,SOURCE_UNVERIFIED,naver
1925,211050,2026-09-04,review_required,SOURCE_UNVERIFIED,naver
1926,211270,2026-09-04,review_required,SOURCE_UNVERIFIED,naver
1927,212560,2026-09-04,review_required,SOURCE_UNVERIFIED,naver
1928,212710,2026-09-04,review_required,SOURCE_UNVERIFIED,naver
1929,213420,2026-09-04,review_required,SOURCE_UNVERIFIED,naver
1931,214150,2026-09-04,review_required,SOURCE_UNVERIFIED,naver
1932,214180,2026-09-04,review_required,SOURCE_UNVERIFIED,naver
1933,214260,2026-09-04,review_required,SOURCE_UNVERIFIED,naver
1934,214270,2026-09-04,review_required,SOURCE_UNVERIFIED,naver
1937,214370,2026-09-04,review_required,SOURCE_UNVERIFIED,naver
1940,214430,2026-09-04,review_required,SOURCE_UNVERIFIED,naver
1941,214450,2026-09-04,review_required,SOURCE_UNVERIFIED,naver
1943,214680,2026-09-04,review_required,SOURCE_UNVERIFIED,naver
1944,215000,2026-09-04,review_required,SOURCE_UNVERIFIED,naver
1945,215090,2026-09-04,review_required,SOURCE_UNVERIFIED,naver
1946,215100,2026-09-04,review_required,SOURCE_UNVERIFIED,naver
1947,215200,2026-09-04,review_required,SOURCE_UNVERIFIED,naver
1948,215360,2026-09-04,review_required,SOURCE_UNVERIFIED,naver
1949,215380,2026-09-04,review_required,SOURCE_UNVERIFIED,naver
1950,215480,2026-09-04,review_required,SOURCE_UNVERIFIED,naver
1951,215600,2026-09-04,review_required,SOURCE_UNVERIFIED,naver
1952,215790,2026-09-04,review_required,SOURCE_UNVERIFIED,naver
1953,216050,2026-09-04,review_required,SOURCE_UNVERIFIED,naver
1954,216080,2026-09-04,review_required,SOURCE_UNVERIFIED,naver
1955,217190,2026-09-04,review_required,SOURCE_UNVERIFIED,naver
1956,217270,2026-09-04,review_required,SOURCE_UNVERIFIED,naver
1957,217330,2026-09-04,review_required,SOURCE_UNVERIFIED,naver
1959,217500,2026-09-04,review_required,SOURCE_UNVERIFIED,naver
1961,217730,2026-09-04,review_required,SOURCE_UNVERIFIED,naver
1962,217820,2026-09-04,review_required,SOURCE_UNVERIFIED,naver
1963,218150,2026-09-04,review_required,SOURCE_UNVERIFIED,naver
1964,218410,2026-09-04,review_required,SOURCE_UNVERIFIED,naver
1965,219130,2026-09-04,review_required,SOURCE_UNVERIFIED,naver
1966,219420,2026-09-04,review_required,SOURCE_UNVERIFIED,naver
1967,219550,2026-09-04,review_required,SOURCE_UNVERIFIED,naver
1968,219750,2026-09-04,review_required,SOURCE_UNVERIFIED,naver
1969,220100,2026-09-04,review_required,SOURCE_UNVERIFIED,naver
1970,220180,2026-09-04,review_required,SOURCE_UNVERIFIED,naver
1971,220260,2026-09-04,review_required,SOURCE_UNVERIFIED,naver
1972,221800,2026-09-04,review_required,SOURCE_UNVERIFIED,naver
1973,221840,2026-09-04,review_required,SOURCE_UNVERIFIED,naver
1974,221980,2026-09-04,review_required,SOURCE_UNVERIFIED,naver
1975,222040,2026-09-04,review_required,SOURCE_UNVERIFIED,naver
1976,222080,2026-09-04,review_required,SOURCE_UNVERIFIED,naver
1977,222110,2026-09-04,review_required,SOURCE_UNVERIFIED,naver
1978,222420,2026-09-04,review_required,SOURCE_UNVERIFIED,naver
1979,222800,2026-09-04,review_required,SOURCE_UNVERIFIED,naver
1980,222980,2026-09-04,review_required,SOURCE_UNVERIFIED,naver
1981,223250,2026-09-04,review_required,SOURCE_UNVERIFIED,naver
1982,223310,2026-09-04,review_required,SOURCE_UNVERIFIED,naver
1983,224060,2026-09-04,review_required,SOURCE_UNVERIFIED,naver
1984,224110,2026-09-04,review_required,SOURCE_UNVERIFIED,naver
1986,225220,2026-09-04,review_required,SOURCE_UNVERIFIED,naver
1987,225430,2026-09-04,review_required,SOURCE_UNVERIFIED,naver
1988,225530,2026-09-04,review_required,SOURCE_UNVERIFIED,naver
1989,225570,2026-09-04,review_required,SOURCE_UNVERIFIED,naver
1990,225590,2026-09-04,review_required,SOURCE_UNVERIFIED,naver
1992,226330,2026-09-04,review_required,SOURCE_UNVERIFIED,naver
1993,226340,2026-09-04,review_required,SOURCE_UNVERIFIED,naver
1994,226400,2026-09-04,review_required,SOURCE_UNVERIFIED,naver
1995,226590,2026-09-04,review_required,SOURCE_UNVERIFIED,naver
1996,226950,2026-09-04,review_required,SOURCE_UNVERIFIED,naver
1997,227610,2026-09-04,review_required,SOURCE_UNVERIFIED,naver
1999,227950,2026-09-04,review_required,SOURCE_UNVERIFIED,naver
2000,228340,2026-09-04,review_required,SOURCE_UNVERIFIED,naver
2001,228670,2026-09-04,review_required,SOURCE_UNVERIFIED,naver
2002,228760,2026-09-04,review_required,SOURCE_UNVERIFIED,naver
2003,228850,2026-09-04,review_required,SOURCE_UNVERIFIED,naver
2004,229000,2026-09-04,review_required,SOURCE_UNVERIFIED,naver
2006,230240,2026-09-04,review_required,SOURCE_UNVERIFIED,naver
2007,232140,2026-09-04,review_required,SOURCE_UNVERIFIED,naver
2008,232680,2026-09-04,review_required,SOURCE_UNVERIFIED,naver
2009,232830,2026-09-04,review_required,SOURCE_UNVERIFIED,naver
2010,234030,2026-09-04,review_required,SOURCE_UNVERIFIED,naver
2012,234100,2026-09-04,review_required,SOURCE_UNVERIFIED,naver
2013,234300,2026-09-04,review_required,SOURCE_UNVERIFIED,naver
2014,234340,2026-09-04,review_required,SOURCE_UNVERIFIED,naver
2015,234690,2026-09-04,review_required,SOURCE_UNVERIFIED,naver
2017,235980,2026-09-04,review_required,SOURCE_UNVERIFIED,naver
2018,236200,2026-09-04,review_required,SOURCE_UNVERIFIED,naver
2019,236810,2026-09-04,review_required,SOURCE_UNVERIFIED,naver
2020,237690,2026-09-04,review_required,SOURCE_UNVERIFIED,naver
2021,237750,2026-09-04,review_required,SOURCE_UNVERIFIED,naver
2022,237820,2026-09-04,review_required,SOURCE_UNVERIFIED,naver
2023,237880,2026-09-04,review_required,SOURCE_UNVERIFIED,naver
2024,238090,2026-09-04,review_required,SOURCE_UNVERIFIED,naver
2025,238120,2026-09-04,review_required,SOURCE_UNVERIFIED,naver
2026,238200,2026-09-04,review_required,SOURCE_UNVERIFIED,naver
2027,238490,2026-09-04,review_required,SOURCE_UNVERIFIED,naver
2029,239610,2026-09-04,review_required,SOURCE_UNVERIFIED,naver
2030,239890,2026-09-04,review_required,SOURCE_UNVERIFIED,naver
2031,240550,2026-09-04,review_required,SOURCE_UNVERIFIED,naver
2032,240600,2026-09-04,review_required,SOURCE_UNVERIFIED,naver
2033,240810,2026-09-04,review_required,SOURCE_UNVERIFIED,naver
2034,241520,2026-09-04,review_required,SOURCE_UNVERIFIED,naver
2037,241690,2026-09-04,review_required,SOURCE_UNVERIFIED,naver
2038,241710,2026-09-04,review_required,SOURCE_UNVERIFIED,naver
2039,241770,2026-09-04,review_required,SOURCE_UNVERIFIED,naver
2040,241790,2026-09-04,review_required,SOURCE_UNVERIFIED,naver
2042,241840,2026-09-04,review_required,SOURCE_UNVERIFIED,naver
2043,242040,2026-09-04,review_required,SOURCE_UNVERIFIED,naver
2044,243070,2026-09-04,review_required,SOURCE_UNVERIFIED,naver
2045,243840,2026-09-04,review_required,SOURCE_UNVERIFIED,naver
2050,246690,2026-09-04,review_required,SOURCE_UNVERIFIED,naver
2051,246710,2026-09-04,review_required,SOURCE_UNVERIFIED,naver
2053,246960,2026-09-04,review_required,SOURCE_UNVERIFIED,naver
2054,247540,2026-09-04,review_required,SOURCE_UNVERIFIED,naver
2055,247660,2026-09-04,review_required,SOURCE_UNVERIFIED,naver
2059,250000,2026-09-04,review_required,SOURCE_UNVERIFIED,naver
2060,250060,2026-09-04,review_required,SOURCE_UNVERIFIED,naver
2061,250930,2026-09-04,review_required,SOURCE_UNVERIFIED,naver
2062,251120,2026-09-04,review_required,SOURCE_UNVERIFIED,naver
2064,251370,2026-09-04,review_required,SOURCE_UNVERIFIED,naver
2065,251630,2026-09-04,review_required,SOURCE_UNVERIFIED,naver
2066,251970,2026-09-04,review_required,SOURCE_UNVERIFIED,naver
2067,252500,2026-09-04,review_required,SOURCE_UNVERIFIED,naver
2068,252990,2026-09-04,review_required,SOURCE_UNVERIFIED,naver
2069,253450,2026-09-04,review_required,SOURCE_UNVERIFIED,naver
2070,253590,2026-09-04,review_required,SOURCE_UNVERIFIED,naver
2071,253840,2026-09-04,review_required,SOURCE_UNVERIFIED,naver
2072,254120,2026-09-04,review_required,SOURCE_UNVERIFIED,naver
2073,254490,2026-09-04,review_required,SOURCE_UNVERIFIED,naver
2074,255220,2026-09-04,review_required,SOURCE_UNVERIFIED,naver
2075,255440,2026-09-04,review_required,SOURCE_UNVERIFIED,naver
2076,256150,2026-09-04,review_required,SOURCE_UNVERIFIED,naver
2077,256630,2026-09-04,review_required,SOURCE_UNVERIFIED,naver
2078,256840,2026-09-04,review_required,SOURCE_UNVERIFIED,naver
2079,256940,2026-09-04,review_required,SOURCE_UNVERIFIED,naver
2080,257370,2026-09-04,review_required,SOURCE_UNVERIFIED,naver
2081,257720,2026-09-04,review_required,SOURCE_UNVERIFIED,naver
2082,258610,2026-09-04,review_required,SOURCE_UNVERIFIED,naver
2083,258790,2026-09-04,review_required,SOURCE_UNVERIFIED,naver
2085,259630,2026-09-04,review_required,SOURCE_UNVERIFIED,naver
2087,260660,2026-09-04,review_required,SOURCE_UNVERIFIED,naver
2088,260930,2026-09-04,review_required,SOURCE_UNVERIFIED,naver
2089,260970,2026-09-04,review_required,SOURCE_UNVERIFIED,naver
2090,261200,2026-09-04,review_required,SOURCE_UNVERIFIED,naver
2091,261520,2026-09-04,review_required,SOURCE_UNVERIFIED,naver
2092,261780,2026-09-04,review_required,SOURCE_UNVERIFIED,naver
2093,262260,2026-09-04,review_required,SOURCE_UNVERIFIED,naver
2094,262840,2026-09-04,review_required,SOURCE_UNVERIFIED,naver
2095,263020,2026-09-04,review_required,SOURCE_UNVERIFIED,naver
2097,263600,2026-09-04,review_required,SOURCE_UNVERIFIED,naver
2098,263690,2026-09-04,review_required,SOURCE_UNVERIFIED,naver
2099,263700,2026-09-04,review_required,SOURCE_UNVERIFIED,naver
2100,263720,2026-09-04,review_required,SOURCE_UNVERIFIED,naver
2101,263750,2026-09-04,review_required,SOURCE_UNVERIFIED,naver
2102,263770,2026-09-04,review_required,SOURCE_UNVERIFIED,naver
2103,263800,2026-09-04,review_required,SOURCE_UNVERIFIED,naver
2104,263810,2026-09-04,review_required,SOURCE_UNVERIFIED,naver
2105,263860,2026-09-04,review_required,SOURCE_UNVERIFIED,naver
2106,263920,2026-09-04,review_required,SOURCE_UNVERIFIED,naver
2107,264450,2026-09-04,review_required,SOURCE_UNVERIFIED,naver
2108,264660,2026-09-04,review_required,SOURCE_UNVERIFIED,naver
2109,264850,2026-09-04,review_required,SOURCE_UNVERIFIED,naver
2112,265520,2026-09-04,review_required,SOURCE_UNVERIFIED,naver
2113,265560,2026-09-04,review_required,SOURCE_UNVERIFIED,naver
2114,265740,2026-09-04,review_required,SOURCE_UNVERIFIED,naver
2119,267320,2026-09-04,review_required,SOURCE_UNVERIFIED,naver
2120,267790,2026-09-04,review_required,SOURCE_UNVERIFIED,naver
2122,267980,2026-09-04,review_required,SOURCE_UNVERIFIED,naver
2125,270520,2026-09-04,review_required,SOURCE_UNVERIFIED,naver
2126,270660,2026-09-04,review_required,SOURCE_UNVERIFIED,naver
2127,270870,2026-09-04,review_required,SOURCE_UNVERIFIED,naver
2129,271830,2026-09-04,review_required,SOURCE_UNVERIFIED,naver
2132,272110,2026-09-04,review_required,SOURCE_UNVERIFIED,naver
2134,272290,2026-09-04,review_required,SOURCE_UNVERIFIED,naver
2137,273060,2026-09-04,review_required,SOURCE_UNVERIFIED,naver
2138,273640,2026-09-04,review_required,SOURCE_UNVERIFIED,naver
2139,274090,2026-09-04,review_required,SOURCE_UNVERIFIED,naver
2140,274400,2026-09-04,review_required,SOURCE_UNVERIFIED,naver
2141,275630,2026-09-04,review_required,SOURCE_UNVERIFIED,naver
2143,276730,2026-09-04,review_required,SOURCE_UNVERIFIED,naver
2144,277070,2026-09-04,review_required,SOURCE_UNVERIFIED,naver
2145,277410,2026-09-04,review_required,SOURCE_UNVERIFIED,naver
2146,277810,2026-09-04,review_required,SOURCE_UNVERIFIED,naver
2147,277880,2026-09-04,review_required,SOURCE_UNVERIFIED,naver
2148,278280,2026-09-04,review_required,SOURCE_UNVERIFIED,naver
2150,278650,2026-09-04,review_required,SOURCE_UNVERIFIED,naver
2152,279600,2026-09-04,review_required,SOURCE_UNVERIFIED,naver
2154,281740,2026-09-04,review_required,SOURCE_UNVERIFIED,naver
2157,282720,2026-09-04,review_required,SOURCE_UNVERIFIED,naver
2158,282880,2026-09-04,review_required,SOURCE_UNVERIFIED,naver
2163,285490,2026-09-04,review_required,SOURCE_UNVERIFIED,naver
2164,285800,2026-09-04,review_required,SOURCE_UNVERIFIED,naver
2165,286750,2026-09-04,review_required,SOURCE_UNVERIFIED,naver
2167,287840,2026-09-04,review_required,SOURCE_UNVERIFIED,naver
2168,288180,2026-09-04,review_required,SOURCE_UNVERIFIED,naver
2170,288620,2026-09-04,review_required,SOURCE_UNVERIFIED,naver
2171,288980,2026-09-04,review_required,SOURCE_UNVERIFIED,naver
2172,289010,2026-09-04,review_required,SOURCE_UNVERIFIED,naver
2173,289080,2026-09-04,review_required,SOURCE_UNVERIFIED,naver
2174,289220,2026-09-04,review_required,SOURCE_UNVERIFIED,naver
2175,289930,2026-09-04,review_required,SOURCE_UNVERIFIED,naver
2176,290090,2026-09-04,review_required,SOURCE_UNVERIFIED,naver
2177,290120,2026-09-04,review_required,SOURCE_UNVERIFIED,naver
2178,290270,2026-09-04,review_required,SOURCE_UNVERIFIED,naver
2179,290520,2026-09-04,review_required,SOURCE_UNVERIFIED,naver
2180,290550,2026-09-04,review_required,SOURCE_UNVERIFIED,naver
2181,290560,2026-09-04,review_required,SOURCE_UNVERIFIED,naver
2182,290650,2026-09-04,review_required,SOURCE_UNVERIFIED,naver
2183,290660,2026-09-04,review_required,SOURCE_UNVERIFIED,naver
2184,290670,2026-09-04,review_required,SOURCE_UNVERIFIED,naver
2185,290690,2026-09-04,review_required,SOURCE_UNVERIFIED,naver
2186,290720,2026-09-04,review_required,SOURCE_UNVERIFIED,naver
2187,290740,2026-09-04,review_required,SOURCE_UNVERIFIED,naver
2188,291230,2026-09-04,review_required,SOURCE_UNVERIFIED,naver
2189,291650,2026-09-04,review_required,SOURCE_UNVERIFIED,naver
2190,291810,2026-09-04,review_required,SOURCE_UNVERIFIED,naver
2192,293490,2026-09-04,review_required,SOURCE_UNVERIFIED,naver
2193,293580,2026-09-04,review_required,SOURCE_UNVERIFIED,naver
2194,293780,2026-09-04,review_required,SOURCE_UNVERIFIED,naver
2197,294140,2026-09-04,review_required,SOURCE_UNVERIFIED,naver
2198,294570,2026-09-04,review_required,SOURCE_UNVERIFIED,naver
2199,294630,2026-09-04,review_required,SOURCE_UNVERIFIED,naver
2201,295310,2026-09-04,review_required,SOURCE_UNVERIFIED,naver
2202,296640,2026-09-04,review_required,SOURCE_UNVERIFIED,naver
2203,297090,2026-09-04,review_required,SOURCE_UNVERIFIED,naver
2204,297570,2026-09-04,review_required,SOURCE_UNVERIFIED,naver
2205,297890,2026-09-04,review_required,SOURCE_UNVERIFIED,naver
2210,298060,2026-09-04,review_required,SOURCE_UNVERIFIED,naver
2211,298380,2026-09-04,review_required,SOURCE_UNVERIFIED,naver
2212,298540,2026-09-04,review_required,SOURCE_UNVERIFIED,naver
2214,298830,2026-09-04,review_required,SOURCE_UNVERIFIED,naver
2215,299030,2026-09-04,review_required,SOURCE_UNVERIFIED,naver
2216,299170,2026-09-04,review_required,SOURCE_UNVERIFIED,naver
2217,299660,2026-09-04,review_required,SOURCE_UNVERIFIED,naver
2218,300080,2026-09-04,review_required,SOURCE_UNVERIFIED,naver
2219,300120,2026-09-04,review_required,SOURCE_UNVERIFIED,naver
2221,301300,2026-09-04,review_required,SOURCE_UNVERIFIED,naver
2222,302430,2026-09-04,review_required,SOURCE_UNVERIFIED,naver
2224,302550,2026-09-04,review_required,SOURCE_UNVERIFIED,naver
2225,303030,2026-09-04,review_required,SOURCE_UNVERIFIED,naver
2226,303360,2026-09-04,review_required,SOURCE_UNVERIFIED,naver
2227,303530,2026-09-04,review_required,SOURCE_UNVERIFIED,naver
2228,303810,2026-09-04,review_required,SOURCE_UNVERIFIED,naver
2229,304100,2026-09-04,review_required,SOURCE_UNVERIFIED,naver
2230,304360,2026-09-04,review_required,SOURCE_UNVERIFIED,naver
2233,306040,2026-09-04,review_required,SOURCE_UNVERIFIED,naver
2235,306620,2026-09-04,review_required,SOURCE_UNVERIFIED,naver
2236,307180,2026-09-04,review_required,SOURCE_UNVERIFIED,naver
2237,307280,2026-09-04,review_required,SOURCE_UNVERIFIED,naver
2238,307750,2026-09-04,review_required,SOURCE_UNVERIFIED,naver
2239,307870,2026-09-04,review_required,SOURCE_UNVERIFIED,naver
2240,307930,2026-09-04,review_required,SOURCE_UNVERIFIED,naver
2242,308080,2026-09-04,review_required,SOURCE_UNVERIFIED,naver
2243,308100,2026-09-04,review_required,SOURCE_UNVERIFIED,naver
2245,308430,2026-09-04,review_required,SOURCE_UNVERIFIED,naver
2247,309930,2026-09-04,review_required,SOURCE_UNVERIFIED,naver
2248,309960,2026-09-04,review_required,SOURCE_UNVERIFIED,naver
2249,310200,2026-09-04,review_required,SOURCE_UNVERIFIED,naver
2250,310210,2026-09-04,review_required,SOURCE_UNVERIFIED,naver
2251,310870,2026-09-04,review_required,SOURCE_UNVERIFIED,naver
2252,311320,2026-09-04,review_required,SOURCE_UNVERIFIED,naver
2253,311390,2026-09-04,review_required,SOURCE_UNVERIFIED,naver
2254,311690,2026-09-04,review_required,SOURCE_UNVERIFIED,naver
2255,312610,2026-09-04,review_required,SOURCE_UNVERIFIED,naver
2257,314130,2026-09-04,review_required,SOURCE_UNVERIFIED,naver
2258,314140,2026-09-04,review_required,SOURCE_UNVERIFIED,naver
2259,314930,2026-09-04,review_required,SOURCE_UNVERIFIED,naver
2260,315640,2026-09-04,review_required,SOURCE_UNVERIFIED,naver
2262,317120,2026-09-04,review_required,SOURCE_UNVERIFIED,naver
2263,317240,2026-09-04,review_required,SOURCE_UNVERIFIED,naver
2264,317330,2026-09-04,review_required,SOURCE_UNVERIFIED,naver
2267,317530,2026-09-04,review_required,SOURCE_UNVERIFIED,naver
2268,317690,2026-09-04,review_required,SOURCE_UNVERIFIED,naver
2269,317770,2026-09-04,review_required,SOURCE_UNVERIFIED,naver
2270,317830,2026-09-04,review_required,SOURCE_UNVERIFIED,naver
2271,317850,2026-09-04,review_required,SOURCE_UNVERIFIED,naver
2272,317870,2026-09-04,review_required,SOURCE_UNVERIFIED,naver
2273,318000,2026-09-04,review_required,SOURCE_UNVERIFIED,naver
2274,318010,2026-09-04,review_required,SOURCE_UNVERIFIED,naver
2275,318020,2026-09-04,review_required,SOURCE_UNVERIFIED,naver
2276,318060,2026-09-04,review_required,SOURCE_UNVERIFIED,naver
2277,318160,2026-09-04,review_required,SOURCE_UNVERIFIED,naver
2278,318410,2026-09-04,review_required,SOURCE_UNVERIFIED,naver
2279,319400,2026-09-04,review_required,SOURCE_UNVERIFIED,naver
2280,319660,2026-09-04,review_required,SOURCE_UNVERIFIED,naver
2281,320000,2026-09-04,review_required,SOURCE_UNVERIFIED,naver
2282,321260,2026-09-04,review_required,SOURCE_UNVERIFIED,naver
2283,321370,2026-09-04,review_required,SOURCE_UNVERIFIED,naver
2284,321550,2026-09-04,review_required,SOURCE_UNVERIFIED,naver
2285,321820,2026-09-04,review_required,SOURCE_UNVERIFIED,naver
2287,322180,2026-09-04,review_required,SOURCE_UNVERIFIED,naver
2288,322310,2026-09-04,review_required,SOURCE_UNVERIFIED,naver
2289,322510,2026-09-04,review_required,SOURCE_UNVERIFIED,naver
2290,322780,2026-09-04,review_required,SOURCE_UNVERIFIED,naver
2291,323280,2026-09-04,review_required,SOURCE_UNVERIFIED,naver
2292,323350,2026-09-04,review_required,SOURCE_UNVERIFIED,naver
2294,323990,2026-09-04,review_required,SOURCE_UNVERIFIED,naver
2296,327260,2026-09-04,review_required,SOURCE_UNVERIFIED,naver
2297,328130,2026-09-04,review_required,SOURCE_UNVERIFIED,naver
2298,328380,2026-09-04,review_required,SOURCE_UNVERIFIED,naver
2300,330350,2026-09-04,review_required,SOURCE_UNVERIFIED,naver
2302,330730,2026-09-04,review_required,SOURCE_UNVERIFIED,naver
2303,330860,2026-09-04,review_required,SOURCE_UNVERIFIED,naver
2304,331380,2026-09-04,review_required,SOURCE_UNVERIFIED,naver
2305,331520,2026-09-04,review_required,SOURCE_UNVERIFIED,naver
2306,331740,2026-09-04,review_required,SOURCE_UNVERIFIED,naver
2307,331920,2026-09-04,review_required,SOURCE_UNVERIFIED,naver
2308,332290,2026-09-04,review_required,SOURCE_UNVERIFIED,naver
2309,332370,2026-09-04,review_required,SOURCE_UNVERIFIED,naver
2310,332570,2026-09-04,review_required,SOURCE_UNVERIFIED,naver
2311,333050,2026-09-04,review_required,SOURCE_UNVERIFIED,naver
2312,333430,2026-09-04,review_required,SOURCE_UNVERIFIED,naver
2313,333620,2026-09-04,review_required,SOURCE_UNVERIFIED,naver
2315,334970,2026-09-04,review_required,SOURCE_UNVERIFIED,naver
2316,335810,2026-09-04,review_required,SOURCE_UNVERIFIED,naver
2317,335870,2026-09-04,review_required,SOURCE_UNVERIFIED,naver
2318,336060,2026-09-04,review_required,SOURCE_UNVERIFIED,naver
2325,336570,2026-09-04,review_required,SOURCE_UNVERIFIED,naver
2326,336680,2026-09-04,review_required,SOURCE_UNVERIFIED,naver
2327,337930,2026-09-04,review_required,SOURCE_UNVERIFIED,naver
2329,338220,2026-09-04,review_required,SOURCE_UNVERIFIED,naver
2330,338840,2026-09-04,review_required,SOURCE_UNVERIFIED,naver
2332,339950,2026-09-04,review_required,SOURCE_UNVERIFIED,naver
2333,340360,2026-09-04,review_required,SOURCE_UNVERIFIED,naver
2334,340440,2026-09-04,review_required,SOURCE_UNVERIFIED,naver
2335,340450,2026-09-04,review_required,SOURCE_UNVERIFIED,naver
2336,340570,2026-09-04,review_required,SOURCE_UNVERIFIED,naver
2337,340810,2026-09-04,review_required,SOURCE_UNVERIFIED,naver
2339,342870,2026-09-04,review_required,SOURCE_UNVERIFIED,naver
2341,344860,2026-09-04,review_required,SOURCE_UNVERIFIED,naver
2342,347000,2026-09-04,review_required,SOURCE_UNVERIFIED,naver
2343,347700,2026-09-04,review_required,SOURCE_UNVERIFIED,naver
2344,347740,2026-09-04,review_required,SOURCE_UNVERIFIED,naver
2345,347770,2026-09-04,review_required,SOURCE_UNVERIFIED,naver
2346,347850,2026-09-04,review_required,SOURCE_UNVERIFIED,naver
2347,347860,2026-09-04,review_required,SOURCE_UNVERIFIED,naver
2348,347890,2026-09-04,review_required,SOURCE_UNVERIFIED,naver
2349,348030,2026-09-04,review_required,SOURCE_UNVERIFIED,naver
2350,348080,2026-09-04,review_required,SOURCE_UNVERIFIED,naver
2351,348150,2026-09-04,review_required,SOURCE_UNVERIFIED,naver
2352,348210,2026-09-04,review_required,SOURCE_UNVERIFIED,naver
2353,348340,2026-09-04,review_required,SOURCE_UNVERIFIED,naver
2354,348350,2026-09-04,review_required,SOURCE_UNVERIFIED,naver
2355,348370,2026-09-04,review_required,SOURCE_UNVERIFIED,naver
2358,351320,2026-09-04,review_required,SOURCE_UNVERIFIED,naver
2359,351330,2026-09-04,review_required,SOURCE_UNVERIFIED,naver
2360,351870,2026-09-04,review_required,SOURCE_UNVERIFIED,naver
2361,352090,2026-09-04,review_required,SOURCE_UNVERIFIED,naver
2362,352480,2026-09-04,review_required,SOURCE_UNVERIFIED,naver
2363,352700,2026-09-04,review_required,SOURCE_UNVERIFIED,naver
2366,352910,2026-09-04,review_required,SOURCE_UNVERIFIED,naver
2367,352940,2026-09-04,review_required,SOURCE_UNVERIFIED,naver
2368,353190,2026-09-04,review_required,SOURCE_UNVERIFIED,naver
2371,353590,2026-09-04,review_required,SOURCE_UNVERIFIED,naver
2372,353810,2026-09-04,review_required,SOURCE_UNVERIFIED,naver
2373,354200,2026-09-04,review_required,SOURCE_UNVERIFIED,naver
2374,354320,2026-09-04,review_required,SOURCE_UNVERIFIED,naver
2375,355150,2026-09-04,review_required,SOURCE_UNVERIFIED,naver
2376,355390,2026-09-04,review_required,SOURCE_UNVERIFIED,naver
2377,355690,2026-09-04,review_required,SOURCE_UNVERIFIED,naver
2378,356680,2026-09-04,review_required,SOURCE_UNVERIFIED,naver
2379,356860,2026-09-04,review_required,SOURCE_UNVERIFIED,naver
2380,356890,2026-09-04,review_required,SOURCE_UNVERIFIED,naver
2382,357230,2026-09-04,review_required,SOURCE_UNVERIFIED,naver
2385,357550,2026-09-04,review_required,SOURCE_UNVERIFIED,naver
2386,357580,2026-09-04,review_required,SOURCE_UNVERIFIED,naver
2387,357780,2026-09-04,review_required,SOURCE_UNVERIFIED,naver
2388,357880,2026-09-04,review_required,SOURCE_UNVERIFIED,naver
2389,358570,2026-09-04,review_required,SOURCE_UNVERIFIED,naver
2390,359090,2026-09-04,review_required,SOURCE_UNVERIFIED,naver
2391,360070,2026-09-04,review_required,SOURCE_UNVERIFIED,naver
2392,360350,2026-09-04,review_required,SOURCE_UNVERIFIED,naver
2393,361390,2026-09-04,review_required,SOURCE_UNVERIFIED,naver
2394,361570,2026-09-04,review_required,SOURCE_UNVERIFIED,naver
2396,361670,2026-09-04,review_required,SOURCE_UNVERIFIED,naver
2397,362320,2026-09-04,review_required,SOURCE_UNVERIFIED,naver
2398,362990,2026-09-04,review_required,SOURCE_UNVERIFIED,naver
2399,363250,2026-09-04,review_required,SOURCE_UNVERIFIED,naver
2400,363260,2026-09-04,review_required,SOURCE_UNVERIFIED,naver
2403,364950,2026-09-04,review_required,SOURCE_UNVERIFIED,naver
2404,365270,2026-09-04,review_required,SOURCE_UNVERIFIED,naver
2405,365330,2026-09-04,review_required,SOURCE_UNVERIFIED,naver
2406,365340,2026-09-04,review_required,SOURCE_UNVERIFIED,naver
2409,365660,2026-09-04,review_required,SOURCE_UNVERIFIED,naver
2410,365900,2026-09-04,review_required,SOURCE_UNVERIFIED,naver
2411,366030,2026-09-04,review_required,SOURCE_UNVERIFIED,naver
2412,367000,2026-09-04,review_required,SOURCE_UNVERIFIED,naver
2413,368600,2026-09-04,review_required,SOURCE_UNVERIFIED,naver
2414,368770,2026-09-04,review_required,SOURCE_UNVERIFIED,naver
2415,368970,2026-09-04,review_required,SOURCE_UNVERIFIED,naver
2416,369370,2026-09-04,review_required,SOURCE_UNVERIFIED,naver
2417,370090,2026-09-04,review_required,SOURCE_UNVERIFIED,naver
2418,371950,2026-09-04,review_required,SOURCE_UNVERIFIED,naver
2419,372170,2026-09-04,review_required,SOURCE_UNVERIFIED,naver
2420,372320,2026-09-04,review_required,SOURCE_UNVERIFIED,naver
2421,372800,2026-09-04,review_required,SOURCE_UNVERIFIED,naver
2423,373110,2026-09-04,review_required,SOURCE_UNVERIFIED,naver
2424,373160,2026-09-04,review_required,SOURCE_UNVERIFIED,naver
2425,373170,2026-09-04,review_required,SOURCE_UNVERIFIED,naver
2426,373200,2026-09-04,review_required,SOURCE_UNVERIFIED,naver
2431,376180,2026-09-04,review_required,SOURCE_UNVERIFIED,naver
2432,376270,2026-09-04,review_required,SOURCE_UNVERIFIED,naver
2433,376290,2026-09-04,review_required,SOURCE_UNVERIFIED,naver
2434,376300,2026-09-04,review_required,SOURCE_UNVERIFIED,naver
2435,376900,2026-09-04,review_required,SOURCE_UNVERIFIED,naver
2436,376930,2026-09-04,review_required,SOURCE_UNVERIFIED,naver
2437,376980,2026-09-04,review_required,SOURCE_UNVERIFIED,naver
2438,377030,2026-09-04,review_required,SOURCE_UNVERIFIED,naver
2440,377220,2026-09-04,review_required,SOURCE_UNVERIFIED,naver
2442,377330,2026-09-04,review_required,SOURCE_UNVERIFIED,naver
2443,377450,2026-09-04,review_required,SOURCE_UNVERIFIED,naver
2445,377480,2026-09-04,review_required,SOURCE_UNVERIFIED,naver
2447,378340,2026-09-04,review_required,SOURCE_UNVERIFIED,naver
2451,380550,2026-09-04,review_required,SOURCE_UNVERIFIED,naver
2452,381620,2026-09-04,review_required,SOURCE_UNVERIFIED,naver
2454,382150,2026-09-04,review_required,SOURCE_UNVERIFIED,naver
2455,382480,2026-09-04,review_required,SOURCE_UNVERIFIED,naver
2456,382800,2026-09-04,review_required,SOURCE_UNVERIFIED,naver
2457,382840,2026-09-04,review_required,SOURCE_UNVERIFIED,naver
2458,382900,2026-09-04,review_required,SOURCE_UNVERIFIED,naver
2460,383310,2026-09-04,review_required,SOURCE_UNVERIFIED,naver
2463,383930,2026-09-04,review_required,SOURCE_UNVERIFIED,naver
2464,384470,2026-09-04,review_required,SOURCE_UNVERIFIED,naver
2465,387570,2026-09-04,review_required,SOURCE_UNVERIFIED,naver
2466,387690,2026-09-04,review_required,SOURCE_UNVERIFIED,naver
2467,388050,2026-09-04,review_required,SOURCE_UNVERIFIED,naver
2468,388210,2026-09-04,review_required,SOURCE_UNVERIFIED,naver
2469,388610,2026-09-04,review_required,SOURCE_UNVERIFIED,naver
2470,388720,2026-09-04,review_required,SOURCE_UNVERIFIED,naver
2471,388790,2026-09-04,review_required,SOURCE_UNVERIFIED,naver
2472,388870,2026-09-04,review_required,SOURCE_UNVERIFIED,naver
2473,389020,2026-09-04,review_required,SOURCE_UNVERIFIED,naver
2474,389030,2026-09-04,review_required,SOURCE_UNVERIFIED,naver
2475,389140,2026-09-04,review_required,SOURCE_UNVERIFIED,naver
2476,389260,2026-09-04,review_required,SOURCE_UNVERIFIED,naver
2477,389470,2026-09-04,review_required,SOURCE_UNVERIFIED,naver
2478,389500,2026-09-04,review_required,SOURCE_UNVERIFIED,naver
2479,389650,2026-09-04,review_required,SOURCE_UNVERIFIED,naver
2480,389680,2026-09-04,review_required,SOURCE_UNVERIFIED,naver
2481,391710,2026-09-04,review_required,SOURCE_UNVERIFIED,naver
2482,393210,2026-09-04,review_required,SOURCE_UNVERIFIED,naver
2483,393890,2026-09-04,review_required,SOURCE_UNVERIFIED,naver
2485,394280,2026-09-04,review_required,SOURCE_UNVERIFIED,naver
2486,394420,2026-09-04,review_required,SOURCE_UNVERIFIED,naver
2487,394800,2026-09-04,review_required,SOURCE_UNVERIFIED,naver
2489,396270,2026-09-04,review_required,SOURCE_UNVERIFIED,naver
2490,396300,2026-09-04,review_required,SOURCE_UNVERIFIED,naver
2491,396470,2026-09-04,review_required,SOURCE_UNVERIFIED,naver
2493,397030,2026-09-04,review_required,SOURCE_UNVERIFIED,naver
2494,397810,2026-09-04,review_required,SOURCE_UNVERIFIED,naver
2495,398120,2026-09-04,review_required,SOURCE_UNVERIFIED,naver
2496,399720,2026-09-04,review_required,SOURCE_UNVERIFIED,naver
2498,402030,2026-09-04,review_required,SOURCE_UNVERIFIED,naver
2500,402490,2026-09-04,review_required,SOURCE_UNVERIFIED,naver
2501,403490,2026-09-04,review_required,SOURCE_UNVERIFIED,naver
2503,403850,2026-09-04,review_required,SOURCE_UNVERIFIED,naver
2504,403870,2026-09-04,review_required,SOURCE_UNVERIFIED,naver
2506,405000,2026-09-04,review_required,SOURCE_UNVERIFIED,naver
2507,405100,2026-09-04,review_required,SOURCE_UNVERIFIED,naver
2508,405920,2026-09-04,review_required,SOURCE_UNVERIFIED,naver
2509,406820,2026-09-04,review_required,SOURCE_UNVERIFIED,naver
2510,407400,2026-09-04,review_required,SOURCE_UNVERIFIED,naver
2511,408470,2026-09-04,review_required,SOURCE_UNVERIFIED,naver
2512,408900,2026-09-04,review_required,SOURCE_UNVERIFIED,naver
2513,408920,2026-09-04,review_required,SOURCE_UNVERIFIED,naver
2514,411080,2026-09-04,review_required,SOURCE_UNVERIFIED,naver
2515,412350,2026-09-04,review_required,SOURCE_UNVERIFIED,naver
2517,413390,2026-09-04,review_required,SOURCE_UNVERIFIED,naver
2518,413630,2026-09-04,review_required,SOURCE_UNVERIFIED,naver
2519,413640,2026-09-04,review_required,SOURCE_UNVERIFIED,naver
2520,415380,2026-09-04,review_required,SOURCE_UNVERIFIED,naver
2522,416180,2026-09-04,review_required,SOURCE_UNVERIFIED,naver
2523,417010,2026-09-04,review_required,SOURCE_UNVERIFIED,naver
2524,417180,2026-09-04,review_required,SOURCE_UNVERIFIED,naver
2525,417200,2026-09-04,review_required,SOURCE_UNVERIFIED,naver
2527,417500,2026-09-04,review_required,SOURCE_UNVERIFIED,naver
2528,417790,2026-09-04,review_required,SOURCE_UNVERIFIED,naver
2529,417840,2026-09-04,review_required,SOURCE_UNVERIFIED,naver
2530,417860,2026-09-04,review_required,SOURCE_UNVERIFIED,naver
2531,417970,2026-09-04,review_required,SOURCE_UNVERIFIED,naver
2533,418420,2026-09-04,review_required,SOURCE_UNVERIFIED,naver
2534,418470,2026-09-04,review_required,SOURCE_UNVERIFIED,naver
2535,418550,2026-09-04,review_required,SOURCE_UNVERIFIED,naver
2536,418620,2026-09-04,review_required,SOURCE_UNVERIFIED,naver
2537,419050,2026-09-04,review_required,SOURCE_UNVERIFIED,naver
2538,419080,2026-09-04,review_required,SOURCE_UNVERIFIED,naver
2539,419120,2026-09-04,review_required,SOURCE_UNVERIFIED,naver
2540,419530,2026-09-04,review_required,SOURCE_UNVERIFIED,naver
2541,419540,2026-09-04,review_required,SOURCE_UNVERIFIED,naver
2542,420570,2026-09-04,review_required,SOURCE_UNVERIFIED,naver
2543,420770,2026-09-04,review_required,SOURCE_UNVERIFIED,naver
2544,424760,2026-09-04,review_required,SOURCE_UNVERIFIED,naver
2545,424870,2026-09-04,review_required,SOURCE_UNVERIFIED,naver
2546,424960,2026-09-04,review_required,SOURCE_UNVERIFIED,naver
2547,424980,2026-09-04,review_required,SOURCE_UNVERIFIED,naver
2548,425040,2026-09-04,review_required,SOURCE_UNVERIFIED,naver
2549,425420,2026-09-04,review_required,SOURCE_UNVERIFIED,naver
2550,429270,2026-09-04,review_required,SOURCE_UNVERIFIED,naver
2551,430690,2026-09-04,review_required,SOURCE_UNVERIFIED,naver
2552,431190,2026-09-04,review_required,SOURCE_UNVERIFIED,naver
2554,432430,2026-09-04,review_required,SOURCE_UNVERIFIED,naver
2555,432470,2026-09-04,review_required,SOURCE_UNVERIFIED,naver
2556,432720,2026-09-04,review_required,SOURCE_UNVERIFIED,naver
2557,432980,2026-09-04,review_required,SOURCE_UNVERIFIED,naver
2558,434480,2026-09-04,review_required,SOURCE_UNVERIFIED,naver
2559,435570,2026-09-04,review_required,SOURCE_UNVERIFIED,naver
2560,437730,2026-09-04,review_required,SOURCE_UNVERIFIED,naver
2561,438700,2026-09-04,review_required,SOURCE_UNVERIFIED,naver
2562,439090,2026-09-04,review_required,SOURCE_UNVERIFIED,naver
2564,439580,2026-09-04,review_required,SOURCE_UNVERIFIED,naver
2565,439960,2026-09-04,review_required,SOURCE_UNVERIFIED,naver
2566,440110,2026-09-04,review_required,SOURCE_UNVERIFIED,naver
2567,440290,2026-09-04,review_required,SOURCE_UNVERIFIED,naver
2568,440320,2026-09-04,review_required,SOURCE_UNVERIFIED,naver
2569,441270,2026-09-04,review_required,SOURCE_UNVERIFIED,naver
2571,443250,2026-09-04,review_required,SOURCE_UNVERIFIED,naver
2572,443670,2026-09-04,review_required,SOURCE_UNVERIFIED,naver
2573,444530,2026-09-04,review_required,SOURCE_UNVERIFIED,naver
2574,445090,2026-09-04,review_required,SOURCE_UNVERIFIED,naver
2575,445180,2026-09-04,review_required,SOURCE_UNVERIFIED,naver
2576,445680,2026-09-04,review_required,SOURCE_UNVERIFIED,naver
2578,446540,2026-09-04,review_required,SOURCE_UNVERIFIED,naver
2579,446840,2026-09-04,review_required,SOURCE_UNVERIFIED,naver
2580,448280,2026-09-04,review_required,SOURCE_UNVERIFIED,naver
2581,448710,2026-09-04,review_required,SOURCE_UNVERIFIED,naver
2583,448900,2026-09-04,review_required,SOURCE_UNVERIFIED,naver
2585,450330,2026-09-04,review_required,SOURCE_UNVERIFIED,naver
2586,450520,2026-09-04,review_required,SOURCE_UNVERIFIED,naver
2587,450950,2026-09-04,review_required,SOURCE_UNVERIFIED,naver
2588,451220,2026-09-04,review_required,SOURCE_UNVERIFIED,naver
2589,451250,2026-09-04,review_required,SOURCE_UNVERIFIED,naver
2590,451760,2026-09-04,review_required,SOURCE_UNVERIFIED,naver
2592,452160,2026-09-04,review_required,SOURCE_UNVERIFIED,naver
2593,452190,2026-09-04,review_required,SOURCE_UNVERIFIED,naver
2594,452200,2026-09-04,review_required,SOURCE_UNVERIFIED,naver
2597,452280,2026-09-04,review_required,SOURCE_UNVERIFIED,naver
2598,452300,2026-09-04,review_required,SOURCE_UNVERIFIED,naver
2599,452400,2026-09-04,review_required,SOURCE_UNVERIFIED,naver
2600,452430,2026-09-04,review_required,SOURCE_UNVERIFIED,naver
2601,452450,2026-09-04,review_required,SOURCE_UNVERIFIED,naver
2603,453450,2026-09-04,review_required,SOURCE_UNVERIFIED,naver
2604,453860,2026-09-04,review_required,SOURCE_UNVERIFIED,naver
2606,455180,2026-09-04,review_required,SOURCE_UNVERIFIED,naver
2607,455900,2026-09-04,review_required,SOURCE_UNVERIFIED,naver
2608,456010,2026-09-04,review_required,SOURCE_UNVERIFIED,naver
2610,456070,2026-09-04,review_required,SOURCE_UNVERIFIED,naver
2611,456160,2026-09-04,review_required,SOURCE_UNVERIFIED,naver
2613,457370,2026-09-04,review_required,SOURCE_UNVERIFIED,naver
2614,457550,2026-09-04,review_required,SOURCE_UNVERIFIED,naver
2615,457600,2026-09-04,review_required,SOURCE_UNVERIFIED,naver
2616,458350,2026-09-04,review_required,SOURCE_UNVERIFIED,naver
2617,458650,2026-09-04,review_required,SOURCE_UNVERIFIED,naver
2618,458870,2026-09-04,review_required,SOURCE_UNVERIFIED,naver
2619,459100,2026-09-04,review_required,SOURCE_UNVERIFIED,naver
2620,459510,2026-09-04,review_required,SOURCE_UNVERIFIED,naver
2621,459550,2026-09-04,review_required,SOURCE_UNVERIFIED,naver
2622,460470,2026-09-04,review_required,SOURCE_UNVERIFIED,naver
2625,460870,2026-09-04,review_required,SOURCE_UNVERIFIED,naver
2626,460930,2026-09-04,review_required,SOURCE_UNVERIFIED,naver
2627,460940,2026-09-04,review_required,SOURCE_UNVERIFIED,naver
2628,461030,2026-09-04,review_required,SOURCE_UNVERIFIED,naver
2629,461300,2026-09-04,review_required,SOURCE_UNVERIFIED,naver
2630,462310,2026-09-04,review_required,SOURCE_UNVERIFIED,naver
2631,462350,2026-09-04,review_required,SOURCE_UNVERIFIED,naver
2632,462510,2026-09-04,review_required,SOURCE_UNVERIFIED,naver
2634,462860,2026-09-04,review_required,SOURCE_UNVERIFIED,naver
2636,462980,2026-09-04,review_required,SOURCE_UNVERIFIED,naver
2637,463020,2026-09-04,review_required,SOURCE_UNVERIFIED,naver
2638,463480,2026-09-04,review_required,SOURCE_UNVERIFIED,naver
2639,464080,2026-09-04,review_required,SOURCE_UNVERIFIED,naver
2640,464280,2026-09-04,review_required,SOURCE_UNVERIFIED,naver
2641,464490,2026-09-04,review_required,SOURCE_UNVERIFIED,naver
2642,464500,2026-09-04,review_required,SOURCE_UNVERIFIED,naver
2643,464580,2026-09-04,review_required,SOURCE_UNVERIFIED,naver
2645,465480,2026-09-04,review_required,SOURCE_UNVERIFIED,naver
2647,466100,2026-09-04,review_required,SOURCE_UNVERIFIED,naver
2648,466410,2026-09-04,review_required,SOURCE_UNVERIFIED,naver
2649,466690,2026-09-04,review_required,SOURCE_UNVERIFIED,naver
2650,468530,2026-09-04,review_required,SOURCE_UNVERIFIED,naver
2653,469610,2026-09-04,review_required,SOURCE_UNVERIFIED,naver
2654,469750,2026-09-04,review_required,SOURCE_UNVERIFIED,naver
2655,469900,2026-09-04,review_required,SOURCE_UNVERIFIED,naver
2657,471820,2026-09-04,review_required,SOURCE_UNVERIFIED,naver
2659,472230,2026-09-04,review_required,SOURCE_UNVERIFIED,naver
2660,472850,2026-09-04,review_required,SOURCE_UNVERIFIED,naver
2661,473000,2026-09-04,review_required,SOURCE_UNVERIFIED,naver
2662,473050,2026-09-04,review_required,SOURCE_UNVERIFIED,naver
2663,473950,2026-09-04,review_required,SOURCE_UNVERIFIED,naver
2664,473980,2026-09-04,review_required,SOURCE_UNVERIFIED,naver
2665,474170,2026-09-04,review_required,SOURCE_UNVERIFIED,naver
2666,474490,2026-09-04,review_required,SOURCE_UNVERIFIED,naver
2667,474610,2026-09-04,review_required,SOURCE_UNVERIFIED,naver
2668,474650,2026-09-04,review_required,SOURCE_UNVERIFIED,naver
2669,474660,2026-09-04,review_required,SOURCE_UNVERIFIED,naver
2670,474930,2026-09-04,review_required,SOURCE_UNVERIFIED,naver
2671,475040,2026-09-04,review_required,SOURCE_UNVERIFIED,naver
2673,475230,2026-09-04,review_required,SOURCE_UNVERIFIED,naver
2674,475240,2026-09-04,review_required,SOURCE_UNVERIFIED,naver
2675,475250,2026-09-04,review_required,SOURCE_UNVERIFIED,naver
2676,475400,2026-09-04,review_required,SOURCE_UNVERIFIED,naver
2677,475430,2026-09-04,review_required,SOURCE_UNVERIFIED,naver
2678,475460,2026-09-04,review_required,SOURCE_UNVERIFIED,naver
2680,475580,2026-09-04,review_required,SOURCE_UNVERIFIED,naver
2681,475660,2026-09-04,review_required,SOURCE_UNVERIFIED,naver
2682,475830,2026-09-04,review_required,SOURCE_UNVERIFIED,naver
2683,475960,2026-09-04,review_required,SOURCE_UNVERIFIED,naver
2684,476040,2026-09-04,review_required,SOURCE_UNVERIFIED,naver
2685,476060,2026-09-04,review_required,SOURCE_UNVERIFIED,naver
2686,476080,2026-09-04,review_required,SOURCE_UNVERIFIED,naver
2687,476830,2026-09-04,review_required,SOURCE_UNVERIFIED,naver
2688,477340,2026-09-04,review_required,SOURCE_UNVERIFIED,naver
2689,477380,2026-09-04,review_required,SOURCE_UNVERIFIED,naver
2690,477470,2026-09-04,review_required,SOURCE_UNVERIFIED,naver
2691,477760,2026-09-04,review_required,SOURCE_UNVERIFIED,naver
2692,477850,2026-09-04,review_required,SOURCE_UNVERIFIED,naver
2693,478110,2026-09-04,review_required,SOURCE_UNVERIFIED,naver
2694,478340,2026-09-04,review_required,SOURCE_UNVERIFIED,naver
2695,478390,2026-09-04,review_required,SOURCE_UNVERIFIED,naver
2696,478440,2026-09-04,review_required,SOURCE_UNVERIFIED,naver
2697,478560,2026-09-04,review_required,SOURCE_UNVERIFIED,naver
2698,479880,2026-09-04,review_required,SOURCE_UNVERIFIED,naver
2699,479960,2026-09-04,review_required,SOURCE_UNVERIFIED,naver
2701,481070,2026-09-04,review_required,SOURCE_UNVERIFIED,naver
2703,481890,2026-09-04,review_required,SOURCE_UNVERIFIED,naver
2704,482520,2026-09-04,review_required,SOURCE_UNVERIFIED,naver
2705,482630,2026-09-04,review_required,SOURCE_UNVERIFIED,naver
2707,482690,2026-09-04,review_required,SOURCE_UNVERIFIED,naver
2708,483350,2026-09-04,review_required,SOURCE_UNVERIFIED,naver
2710,484120,2026-09-04,review_required,SOURCE_UNVERIFIED,naver
2711,484130,2026-09-04,review_required,SOURCE_UNVERIFIED,naver
2712,484590,2026-09-04,review_required,SOURCE_UNVERIFIED,naver
2713,484810,2026-09-04,review_required,SOURCE_UNVERIFIED,naver
2715,486630,2026-09-04,review_required,SOURCE_UNVERIFIED,naver
2716,486990,2026-09-04,review_required,SOURCE_UNVERIFIED,naver
2717,487360,2026-09-04,review_required,SOURCE_UNVERIFIED,naver
2718,487400,2026-09-04,review_required,SOURCE_UNVERIFIED,naver
2720,487580,2026-09-04,review_required,SOURCE_UNVERIFIED,naver
2721,487720,2026-09-04,review_required,SOURCE_UNVERIFIED,naver
2722,487830,2026-09-04,review_required,SOURCE_UNVERIFIED,naver
2723,488060,2026-09-04,review_required,SOURCE_UNVERIFIED,naver
2724,488280,2026-09-04,review_required,SOURCE_UNVERIFIED,naver
2725,488900,2026-09-04,review_required,SOURCE_UNVERIFIED,naver
2726,489210,2026-09-04,review_required,SOURCE_UNVERIFIED,naver
2727,489460,2026-09-04,review_required,SOURCE_UNVERIFIED,naver
2728,489480,2026-09-04,review_required,SOURCE_UNVERIFIED,naver
2729,489500,2026-09-04,review_required,SOURCE_UNVERIFIED,naver
2730,489730,2026-09-04,review_required,SOURCE_UNVERIFIED,naver
2732,490470,2026-09-04,review_required,SOURCE_UNVERIFIED,naver
2733,491000,2026-09-04,review_required,SOURCE_UNVERIFIED,naver
2734,492220,2026-09-04,review_required,SOURCE_UNVERIFIED,naver
2735,493280,2026-09-04,review_required,SOURCE_UNVERIFIED,naver
2736,493330,2026-09-04,review_required,SOURCE_UNVERIFIED,naver
2737,493790,2026-09-04,review_required,SOURCE_UNVERIFIED,naver
2738,494120,2026-09-04,review_required,SOURCE_UNVERIFIED,naver
2739,496070,2026-09-04,review_required,SOURCE_UNVERIFIED,naver
2764,282620,2026-09-04,review_required,SOURCE_UNVERIFIED,naver
2765,417030,2026-09-04,review_required,SOURCE_UNVERIFIED,naver
2766,0155E0,2026-09-04,review_required,SOURCE_UNVERIFIED,naver
5,000080,2026-09-04,review_required,SOURCE_UNVERIFIED,naver
56,000850,2026-09-04,review_required,SOURCE_UNVERIFIED,naver
112,001560,2026-09-04,review_required,SOURCE_UNVERIFIED,naver
126,001780,2026-09-04,review_required,SOURCE_UNVERIFIED,naver
141,002150,2026-09-04,review_required,SOURCE_UNVERIFIED,naver
164,002690,2026-09-04,review_required,SOURCE_UNVERIFIED,naver
199,003220,2026-09-04,review_required,SOURCE_UNVERIFIED,naver
227,003670,2026-09-04,review_required,SOURCE_UNVERIFIED,naver
264,004440,2026-09-04,review_required,SOURCE_UNVERIFIED,naver
284,004890,2026-09-04,review_required,SOURCE_UNVERIFIED,naver
365,006650,2026-09-04,review_required,SOURCE_UNVERIFIED,naver
372,006840,2026-09-04,review_required,SOURCE_UNVERIFIED,naver
373,006880,2026-09-04,review_required,SOURCE_UNVERIFIED,naver
374,006890,2026-09-04,review_required,SOURCE_UNVERIFIED,naver
379,007070,2026-09-04,review_required,SOURCE_UNVERIFIED,naver
381,007120,2026-09-04,review_required,SOURCE_UNVERIFIED,naver
399,007660,2026-09-04,review_required,SOURCE_UNVERIFIED,naver
444,009240,2026-09-04,review_required,SOURCE_UNVERIFIED,naver
459,009540,2026-09-04,review_required,SOURCE_UNVERIFIED,naver
466,009770,2026-09-04,review_required,SOURCE_UNVERIFIED,naver
473,009900,2026-09-04,review_required,SOURCE_UNVERIFIED,naver
477,010040,2026-09-04,review_required,SOURCE_UNVERIFIED,naver
487,010400,2026-09-04,review_required,SOURCE_UNVERIFIED,naver
499,010960,2026-09-04,review_required,SOURCE_UNVERIFIED,naver
502,011070,2026-09-04,review_required,SOURCE_UNVERIFIED,naver
509,011210,2026-09-04,review_required,SOURCE_UNVERIFIED,naver
518,011500,2026-09-04,review_required,SOURCE_UNVERIFIED,naver
531,0120G0,2026-09-04,review_required,SOURCE_UNVERIFIED,naver
532,012160,2026-09-04,review_required,SOURCE_UNVERIFIED,naver
546,0126Z0,2026-09-04,review_required,SOURCE_UNVERIFIED,naver
569,013870,2026-09-04,review_required,SOURCE_UNVERIFIED,naver
570,013890,2026-09-04,review_required,SOURCE_UNVERIFIED,naver
585,014710,2026-09-04,review_required,SOURCE_UNVERIFIED,naver
589,014830,2026-09-04,review_required,SOURCE_UNVERIFIED,naver
612,016450,2026-09-04,review_required,SOURCE_UNVERIFIED,naver
620,016710,2026-09-04,review_required,SOURCE_UNVERIFIED,naver
621,016740,2026-09-04,review_required,SOURCE_UNVERIFIED,naver
628,017180,2026-09-04,review_required,SOURCE_UNVERIFIED,naver
630,017370,2026-09-04,review_required,SOURCE_UNVERIFIED,naver
639,017860,2026-09-04,review_required,SOURCE_UNVERIFIED,naver
646,018250,2026-09-04,review_required,SOURCE_UNVERIFIED,naver
647,018260,2026-09-04,review_required,SOURCE_UNVERIFIED,naver
667,019680,2026-09-04,review_required,SOURCE_UNVERIFIED,naver
673,020150,2026-09-04,review_required,SOURCE_UNVERIFIED,naver
676,020560,2026-09-04,review_required,SOURCE_UNVERIFIED,naver
683,021240,2026-09-04,review_required,SOURCE_UNVERIFIED,naver
689,022100,2026-09-04,review_required,SOURCE_UNVERIFIED,naver
691,023000,2026-09-04,review_required,SOURCE_UNVERIFIED,naver
694,023350,2026-09-04,review_required,SOURCE_UNVERIFIED,naver
698,023530,2026-09-04,review_required,SOURCE_UNVERIFIED,naver
705,023810,2026-09-04,review_required,SOURCE_UNVERIFIED,naver
711,024090,2026-09-04,review_required,SOURCE_UNVERIFIED,naver
712,024110,2026-09-04,review_required,SOURCE_UNVERIFIED,naver
714,024720,2026-09-04,review_required,SOURCE_UNVERIFIED,naver
734,025750,2026-09-04,review_required,SOURCE_UNVERIFIED,naver
748,026940,2026-09-04,review_required,SOURCE_UNVERIFIED,naver
749,026960,2026-09-04,review_required,SOURCE_UNVERIFIED,naver
753,027410,2026-09-04,review_required,SOURCE_UNVERIFIED,naver
756,027740,2026-09-04,review_required,SOURCE_UNVERIFIED,naver
761,028100,2026-09-04,review_required,SOURCE_UNVERIFIED,naver
762,028260,2026-09-04,review_required,SOURCE_UNVERIFIED,naver
765,028670,2026-09-04,review_required,SOURCE_UNVERIFIED,naver
769,029780,2026-09-04,review_required,SOURCE_UNVERIFIED,naver
771,030190,2026-09-04,review_required,SOURCE_UNVERIFIED,naver
777,030610,2026-09-04,review_required,SOURCE_UNVERIFIED,naver
780,031210,2026-09-04,review_required,SOURCE_UNVERIFIED,naver
783,031430,2026-09-04,review_required,SOURCE_UNVERIFIED,naver
792,032350,2026-09-04,review_required,SOURCE_UNVERIFIED,naver
795,032560,2026-09-04,review_required,SOURCE_UNVERIFIED,naver
798,032640,2026-09-04,review_required,SOURCE_UNVERIFIED,naver
805,032830,2026-09-04,review_required,SOURCE_UNVERIFIED,naver
817,033240,2026-09-04,review_required,SOURCE_UNVERIFIED,naver
818,033250,2026-09-04,review_required,SOURCE_UNVERIFIED,naver
819,033270,2026-09-04,review_required,SOURCE_UNVERIFIED,naver
825,033530,2026-09-04,review_required,SOURCE_UNVERIFIED,naver
829,033780,2026-09-04,review_required,SOURCE_UNVERIFIED,naver
832,033920,2026-09-04,review_required,SOURCE_UNVERIFIED,naver
833,034020,2026-09-04,review_required,SOURCE_UNVERIFIED,naver
834,034120,2026-09-04,review_required,SOURCE_UNVERIFIED,naver
835,034220,2026-09-04,review_required,SOURCE_UNVERIFIED,naver
836,034230,2026-09-04,review_required,SOURCE_UNVERIFIED,naver
837,034310,2026-09-04,review_required,SOURCE_UNVERIFIED,naver
838,034590,2026-09-04,review_required,SOURCE_UNVERIFIED,naver
839,034730,2026-09-04,review_required,SOURCE_UNVERIFIED,naver
843,034830,2026-09-04,review_required,SOURCE_UNVERIFIED,naver
846,035000,2026-09-04,review_required,SOURCE_UNVERIFIED,naver
848,035150,2026-09-04,review_required,SOURCE_UNVERIFIED,naver
850,035250,2026-09-04,review_required,SOURCE_UNVERIFIED,naver
852,035420,2026-09-04,review_required,SOURCE_UNVERIFIED,naver
854,035510,2026-09-04,review_required,SOURCE_UNVERIFIED,naver
858,035720,2026-09-04,review_required,SOURCE_UNVERIFIED,naver
872,036420,2026-09-04,review_required,SOURCE_UNVERIFIED,naver
873,036460,2026-09-04,review_required,SOURCE_UNVERIFIED,naver
875,036530,2026-09-04,review_required,SOURCE_UNVERIFIED,naver
878,036570,2026-09-04,review_required,SOURCE_UNVERIFIED,naver
879,036580,2026-09-04,review_required,SOURCE_UNVERIFIED,naver
894,037270,2026-09-04,review_required,SOURCE_UNVERIFIED,naver
901,037560,2026-09-04,review_required,SOURCE_UNVERIFIED,naver
902,037710,2026-09-04,review_required,SOURCE_UNVERIFIED,naver
923,039130,2026-09-04,review_required,SOURCE_UNVERIFIED,naver
931,039490,2026-09-04,review_required,SOURCE_UNVERIFIED,naver
933,039570,2026-09-04,review_required,SOURCE_UNVERIFIED,naver
953,041650,2026-09-04,review_required,SOURCE_UNVERIFIED,naver
968,042660,2026-09-04,review_required,SOURCE_UNVERIFIED,naver
969,042700,2026-09-04,review_required,SOURCE_UNVERIFIED,naver
986,044380,2026-09-04,review_required,SOURCE_UNVERIFIED,naver
987,044450,2026-09-04,review_required,SOURCE_UNVERIFIED,naver
991,044820,2026-09-04,review_required,SOURCE_UNVERIFIED,naver
1012,047040,2026-09-04,review_required,SOURCE_UNVERIFIED,naver
1013,047050,2026-09-04,review_required,SOURCE_UNVERIFIED,naver
1016,047400,2026-09-04,review_required,SOURCE_UNVERIFIED,naver
1019,047810,2026-09-04,review_required,SOURCE_UNVERIFIED,naver
1042,049800,2026-09-04,review_required,SOURCE_UNVERIFIED,naver
1060,051600,2026-09-04,review_required,SOURCE_UNVERIFIED,naver
1061,051630,2026-09-04,review_required,SOURCE_UNVERIFIED,naver
1063,051900,2026-09-04,review_required,SOURCE_UNVERIFIED,naver
1065,051910,2026-09-04,review_required,SOURCE_UNVERIFIED,naver
1077,052690,2026-09-04,review_required,SOURCE_UNVERIFIED,naver
1088,053210,2026-09-04,review_required,SOURCE_UNVERIFIED,naver
1099,053690,2026-09-04,review_required,SOURCE_UNVERIFIED,naver
1122,055490,2026-09-04,review_required,SOURCE_UNVERIFIED,naver
1123,055550,2026-09-04,review_required,SOURCE_UNVERIFIED,naver
1135,058430,2026-09-04,review_required,SOURCE_UNVERIFIED,naver
1140,058650,2026-09-04,review_required,SOURCE_UNVERIFIED,naver
1141,058730,2026-09-04,review_required,SOURCE_UNVERIFIED,naver
1143,058850,2026-09-04,review_required,SOURCE_UNVERIFIED,naver
1144,058860,2026-09-04,review_required,SOURCE_UNVERIFIED,naver
1167,060980,2026-09-04,review_required,SOURCE_UNVERIFIED,naver
1172,062040,2026-09-04,review_required,SOURCE_UNVERIFIED,naver
1175,063160,2026-09-04,review_required,SOURCE_UNVERIFIED,naver
1184,064350,2026-09-04,review_required,SOURCE_UNVERIFIED,naver
1185,064400,2026-09-04,review_required,SOURCE_UNVERIFIED,naver
1193,064960,2026-09-04,review_required,SOURCE_UNVERIFIED,naver
1219,066570,2026-09-04,review_required,SOURCE_UNVERIFIED,naver
1228,066970,2026-09-04,review_required,SOURCE_UNVERIFIED,naver
1244,067830,2026-09-04,review_required,SOURCE_UNVERIFIED,naver
1251,068270,2026-09-04,review_required,SOURCE_UNVERIFIED,naver
1252,068290,2026-09-04,review_required,SOURCE_UNVERIFIED,naver
1260,069260,2026-09-04,review_required,SOURCE_UNVERIFIED,naver
1266,069620,2026-09-04,review_required,SOURCE_UNVERIFIED,naver
1267,069640,2026-09-04,review_required,SOURCE_UNVERIFIED,naver
1268,069730,2026-09-04,review_required,SOURCE_UNVERIFIED,naver
1270,069960,2026-09-04,review_required,SOURCE_UNVERIFIED,naver
1273,070960,2026-09-04,review_required,SOURCE_UNVERIFIED,naver
1274,071050,2026-09-04,review_required,SOURCE_UNVERIFIED,naver
1276,071090,2026-09-04,review_required,SOURCE_UNVERIFIED,naver
1279,071320,2026-09-04,review_required,SOURCE_UNVERIFIED,naver
1281,071840,2026-09-04,review_required,SOURCE_UNVERIFIED,naver
1283,071950,2026-09-04,review_required,SOURCE_UNVERIFIED,naver
1284,071970,2026-09-04,review_required,SOURCE_UNVERIFIED,naver
1286,072130,2026-09-04,review_required,SOURCE_UNVERIFIED,naver
1288,072710,2026-09-04,review_required,SOURCE_UNVERIFIED,naver
1296,073240,2026-09-04,review_required,SOURCE_UNVERIFIED,naver
1306,075180,2026-09-04,review_required,SOURCE_UNVERIFIED,naver
1307,075580,2026-09-04,review_required,SOURCE_UNVERIFIED,naver
1312,077500,2026-09-04,review_required,SOURCE_UNVERIFIED,naver
1313,077970,2026-09-04,review_required,SOURCE_UNVERIFIED,naver
1314,078000,2026-09-04,review_required,SOURCE_UNVERIFIED,naver
1323,078520,2026-09-04,review_required,SOURCE_UNVERIFIED,naver
1328,078930,2026-09-04,review_required,SOURCE_UNVERIFIED,naver
1331,079160,2026-09-04,review_required,SOURCE_UNVERIFIED,naver
1335,079430,2026-09-04,review_required,SOURCE_UNVERIFIED,naver
1336,079550,2026-09-04,review_required,SOURCE_UNVERIFIED,naver
1339,079900,2026-09-04,review_required,SOURCE_UNVERIFIED,naver
1344,079980,2026-09-04,review_required,SOURCE_UNVERIFIED,naver
1354,081000,2026-09-04,review_required,SOURCE_UNVERIFIED,naver
1358,081660,2026-09-04,review_required,SOURCE_UNVERIFIED,naver
1363,082740,2026-09-04,review_required,SOURCE_UNVERIFIED,naver
1368,083420,2026-09-04,review_required,SOURCE_UNVERIFIED,naver
1378,084010,2026-09-04,review_required,SOURCE_UNVERIFIED,naver
1384,084670,2026-09-04,review_required,SOURCE_UNVERIFIED,naver
1386,084690,2026-09-04,review_required,SOURCE_UNVERIFIED,naver
1390,084870,2026-09-04,review_required,SOURCE_UNVERIFIED,naver
1392,085310,2026-09-04,review_required,SOURCE_UNVERIFIED,naver
1393,085620,2026-09-04,review_required,SOURCE_UNVERIFIED,naver
1400,086280,2026-09-04,review_required,SOURCE_UNVERIFIED,naver
1406,086790,2026-09-04,review_required,SOURCE_UNVERIFIED,naver
1420,088350,2026-09-04,review_required,SOURCE_UNVERIFIED,naver
1422,088790,2026-09-04,review_required,SOURCE_UNVERIFIED,naver
1431,089470,2026-09-04,review_required,SOURCE_UNVERIFIED,naver
1432,089590,2026-09-04,review_required,SOURCE_UNVERIFIED,naver
1436,089860,2026-09-04,review_required,SOURCE_UNVERIFIED,naver
1440,090080,2026-09-04,review_required,SOURCE_UNVERIFIED,naver
1442,090350,2026-09-04,review_required,SOURCE_UNVERIFIED,naver
1445,090370,2026-09-04,review_required,SOURCE_UNVERIFIED,naver
1447,090430,2026-09-04,review_required,SOURCE_UNVERIFIED,naver
1449,090460,2026-09-04,review_required,SOURCE_UNVERIFIED,naver
1459,091810,2026-09-04,review_required,SOURCE_UNVERIFIED,naver
1465,092200,2026-09-04,review_required,SOURCE_UNVERIFIED,naver
1466,092220,2026-09-04,review_required,SOURCE_UNVERIFIED,naver
1467,092230,2026-09-04,review_required,SOURCE_UNVERIFIED,naver
1469,092440,2026-09-04,review_required,SOURCE_UNVERIFIED,naver
1473,092780,2026-09-04,review_required,SOURCE_UNVERIFIED,naver
1474,092790,2026-09-04,review_required,SOURCE_UNVERIFIED,naver
1476,093050,2026-09-04,review_required,SOURCE_UNVERIFIED,naver
1480,093370,2026-09-04,review_required,SOURCE_UNVERIFIED,naver
1486,094280,2026-09-04,review_required,SOURCE_UNVERIFIED,naver
1500,095570,2026-09-04,review_required,SOURCE_UNVERIFIED,naver
1504,095720,2026-09-04,review_required,SOURCE_UNVERIFIED,naver
1513,096760,2026-09-04,review_required,SOURCE_UNVERIFIED,naver
1514,096770,2026-09-04,review_required,SOURCE_UNVERIFIED,naver
1517,097230,2026-09-04,review_required,SOURCE_UNVERIFIED,naver
1518,097520,2026-09-04,review_required,SOURCE_UNVERIFIED,naver
1522,097950,2026-09-04,review_required,SOURCE_UNVERIFIED,naver
1538,100090,2026-09-04,review_required,SOURCE_UNVERIFIED,naver
1541,100220,2026-09-04,review_required,SOURCE_UNVERIFIED,naver
1542,100250,2026-09-04,review_required,SOURCE_UNVERIFIED,naver
1547,100840,2026-09-04,review_required,SOURCE_UNVERIFIED,naver
1549,101140,2026-09-04,review_required,SOURCE_UNVERIFIED,naver
1557,101530,2026-09-04,review_required,SOURCE_UNVERIFIED,naver
1564,102260,2026-09-04,review_required,SOURCE_UNVERIFIED,naver
1566,102460,2026-09-04,review_required,SOURCE_UNVERIFIED,naver
1569,103140,2026-09-04,review_required,SOURCE_UNVERIFIED,naver
1571,103590,2026-09-04,review_required,SOURCE_UNVERIFIED,naver
1579,104700,2026-09-04,review_required,SOURCE_UNVERIFIED,naver
1583,105560,2026-09-04,review_required,SOURCE_UNVERIFIED,naver
1584,105630,2026-09-04,review_required,SOURCE_UNVERIFIED,naver
1587,105840,2026-09-04,review_required,SOURCE_UNVERIFIED,naver
1591,107590,2026-09-04,review_required,SOURCE_UNVERIFIED,naver
1595,108320,2026-09-04,review_required,SOURCE_UNVERIFIED,naver
1598,108670,2026-09-04,review_required,SOURCE_UNVERIFIED,naver
1612,111110,2026-09-04,review_required,SOURCE_UNVERIFIED,naver
1613,111380,2026-09-04,review_required,SOURCE_UNVERIFIED,naver
1615,111770,2026-09-04,review_required,SOURCE_UNVERIFIED,naver
1618,112610,2026-09-04,review_required,SOURCE_UNVERIFIED,naver
1620,114090,2026-09-04,review_required,SOURCE_UNVERIFIED,naver
1636,117580,2026-09-04,review_required,SOURCE_UNVERIFIED,naver
1639,118000,2026-09-04,review_required,SOURCE_UNVERIFIED,naver
1646,120030,2026-09-04,review_required,SOURCE_UNVERIFIED,naver
1647,120110,2026-09-04,review_required,SOURCE_UNVERIFIED,naver
1661,122900,2026-09-04,review_required,SOURCE_UNVERIFIED,naver
1669,123690,2026-09-04,review_required,SOURCE_UNVERIFIED,naver
1670,123700,2026-09-04,review_required,SOURCE_UNVERIFIED,naver
1674,123890,2026-09-04,review_required,SOURCE_UNVERIFIED,naver
1681,126560,2026-09-04,review_required,SOURCE_UNVERIFIED,naver
1685,126720,2026-09-04,review_required,SOURCE_UNVERIFIED,naver
1693,128820,2026-09-04,review_required,SOURCE_UNVERIFIED,naver
1694,128940,2026-09-04,review_required,SOURCE_UNVERIFIED,naver
1695,129260,2026-09-04,review_required,SOURCE_UNVERIFIED,naver
1700,130660,2026-09-04,review_required,SOURCE_UNVERIFIED,naver
1713,133820,2026-09-04,review_required,SOURCE_UNVERIFIED,naver
1715,134380,2026-09-04,review_required,SOURCE_UNVERIFIED,naver
1717,134790,2026-09-04,review_required,SOURCE_UNVERIFIED,naver
1721,136490,2026-09-04,review_required,SOURCE_UNVERIFIED,naver
1724,137310,2026-09-04,review_required,SOURCE_UNVERIFIED,naver
1728,138040,2026-09-04,review_required,SOURCE_UNVERIFIED,naver
1733,138930,2026-09-04,review_required,SOURCE_UNVERIFIED,naver
1734,139130,2026-09-04,review_required,SOURCE_UNVERIFIED,naver
1735,139480,2026-09-04,review_required,SOURCE_UNVERIFIED,naver
1737,139990,2026-09-04,review_required,SOURCE_UNVERIFIED,naver
1759,145720,2026-09-04,review_required,SOURCE_UNVERIFIED,naver
1760,145990,2026-09-04,review_required,SOURCE_UNVERIFIED,naver
1781,155660,2026-09-04,review_required,SOURCE_UNVERIFIED,naver
1790,161000,2026-09-04,review_required,SOURCE_UNVERIFIED,naver
1791,161390,2026-09-04,review_required,SOURCE_UNVERIFIED,naver
1793,161890,2026-09-04,review_required,SOURCE_UNVERIFIED,naver
1796,163560,2026-09-04,review_required,SOURCE_UNVERIFIED,naver
1805,170900,2026-09-04,review_required,SOURCE_UNVERIFIED,naver
1816,175330,2026-09-04,review_required,SOURCE_UNVERIFIED,naver
1823,178920,2026-09-04,review_required,SOURCE_UNVERIFIED,naver
1828,180640,2026-09-04,review_required,SOURCE_UNVERIFIED,naver
1830,181710,2026-09-04,review_required,SOURCE_UNVERIFIED,naver
1833,183190,2026-09-04,review_required,SOURCE_UNVERIFIED,naver
1838,185750,2026-09-04,review_required,SOURCE_UNVERIFIED,naver
1857,192080,2026-09-04,review_required,SOURCE_UNVERIFIED,naver
1860,192400,2026-09-04,review_required,SOURCE_UNVERIFIED,naver
1863,192650,2026-09-04,review_required,SOURCE_UNVERIFIED,naver
1864,192820,2026-09-04,review_required,SOURCE_UNVERIFIED,naver
1866,194370,2026-09-04,review_required,SOURCE_UNVERIFIED,naver
1870,195870,2026-09-04,review_required,SOURCE_UNVERIFIED,naver
1895,200880,2026-09-04,review_required,SOURCE_UNVERIFIED,naver
1902,204320,2026-09-04,review_required,SOURCE_UNVERIFIED,naver
1914,207940,2026-09-04,review_required,SOURCE_UNVERIFIED,naver
1923,210540,2026-09-04,review_required,SOURCE_UNVERIFIED,naver
1924,210980,2026-09-04,review_required,SOURCE_UNVERIFIED,naver
1930,213500,2026-09-04,review_required,SOURCE_UNVERIFIED,naver
1935,214320,2026-09-04,review_required,SOURCE_UNVERIFIED,naver
1936,214330,2026-09-04,review_required,SOURCE_UNVERIFIED,naver
1938,214390,2026-09-04,review_required,SOURCE_UNVERIFIED,naver
1939,214420,2026-09-04,review_required,SOURCE_UNVERIFIED,naver
1960,217590,2026-09-04,review_required,SOURCE_UNVERIFIED,naver
1991,226320,2026-09-04,review_required,SOURCE_UNVERIFIED,naver
1998,227840,2026-09-04,review_required,SOURCE_UNVERIFIED,naver
2005,229640,2026-09-04,review_required,SOURCE_UNVERIFIED,naver
2011,234080,2026-09-04,review_required,SOURCE_UNVERIFIED,naver
2035,241560,2026-09-04,review_required,SOURCE_UNVERIFIED,naver
2036,241590,2026-09-04,review_required,SOURCE_UNVERIFIED,naver
2047,244920,2026-09-04,review_required,SOURCE_UNVERIFIED,naver
2056,248070,2026-09-04,review_required,SOURCE_UNVERIFIED,naver
2057,248170,2026-09-04,review_required,SOURCE_UNVERIFIED,naver
2058,249420,2026-09-04,review_required,SOURCE_UNVERIFIED,naver
2063,251270,2026-09-04,review_required,SOURCE_UNVERIFIED,naver
2086,259960,2026-09-04,review_required,SOURCE_UNVERIFIED,naver
2110,264900,2026-09-04,review_required,SOURCE_UNVERIFIED,naver
2115,267250,2026-09-04,review_required,SOURCE_UNVERIFIED,naver
2116,267260,2026-09-04,review_required,SOURCE_UNVERIFIED,naver
2117,267270,2026-09-04,review_required,SOURCE_UNVERIFIED,naver
2118,267290,2026-09-04,review_required,SOURCE_UNVERIFIED,naver
2121,267850,2026-09-04,review_required,SOURCE_UNVERIFIED,naver
2123,268280,2026-09-04,review_required,SOURCE_UNVERIFIED,naver
2128,271560,2026-09-04,review_required,SOURCE_UNVERIFIED,naver
2130,271940,2026-09-04,review_required,SOURCE_UNVERIFIED,naver
2131,271980,2026-09-04,review_required,SOURCE_UNVERIFIED,naver
2133,272210,2026-09-04,review_required,SOURCE_UNVERIFIED,naver
2135,272450,2026-09-04,review_required,SOURCE_UNVERIFIED,naver
2136,272550,2026-09-04,review_required,SOURCE_UNVERIFIED,naver
2149,278470,2026-09-04,review_required,SOURCE_UNVERIFIED,naver
2151,279570,2026-09-04,review_required,SOURCE_UNVERIFIED,naver
2153,280360,2026-09-04,review_required,SOURCE_UNVERIFIED,naver
2155,281820,2026-09-04,review_required,SOURCE_UNVERIFIED,naver
2156,282330,2026-09-04,review_required,SOURCE_UNVERIFIED,naver
2160,284740,2026-09-04,review_required,SOURCE_UNVERIFIED,naver
2161,285130,2026-09-04,review_required,SOURCE_UNVERIFIED,naver
2166,286940,2026-09-04,review_required,SOURCE_UNVERIFIED,naver
2191,293480,2026-09-04,review_required,SOURCE_UNVERIFIED,naver
2200,294870,2026-09-04,review_required,SOURCE_UNVERIFIED,naver
2206,298000,2026-09-04,review_required,SOURCE_UNVERIFIED,naver
2207,298020,2026-09-04,review_required,SOURCE_UNVERIFIED,naver
2208,298040,2026-09-04,review_required,SOURCE_UNVERIFIED,naver
2209,298050,2026-09-04,review_required,SOURCE_UNVERIFIED,naver
2213,298690,2026-09-04,review_required,SOURCE_UNVERIFIED,naver
2220,300720,2026-09-04,review_required,SOURCE_UNVERIFIED,naver
2223,302440,2026-09-04,review_required,SOURCE_UNVERIFIED,naver
2234,306200,2026-09-04,review_required,SOURCE_UNVERIFIED,naver
2241,307950,2026-09-04,review_required,SOURCE_UNVERIFIED,naver
2244,308170,2026-09-04,review_required,SOURCE_UNVERIFIED,naver
2261,316140,2026-09-04,review_required,SOURCE_UNVERIFIED,naver
2265,317400,2026-09-04,review_required,SOURCE_UNVERIFIED,naver
2266,317450,2026-09-04,review_required,SOURCE_UNVERIFIED,naver
2286,322000,2026-09-04,review_required,SOURCE_UNVERIFIED,naver
2293,323410,2026-09-04,review_required,SOURCE_UNVERIFIED,naver
2295,326030,2026-09-04,review_required,SOURCE_UNVERIFIED,naver
2299,329180,2026-09-04,review_required,SOURCE_UNVERIFIED,naver
2319,336260,2026-09-04,review_required,SOURCE_UNVERIFIED,naver
2322,336370,2026-09-04,review_required,SOURCE_UNVERIFIED,naver
2331,339770,2026-09-04,review_required,SOURCE_UNVERIFIED,naver
2340,344820,2026-09-04,review_required,SOURCE_UNVERIFIED,naver
2365,352820,2026-09-04,review_required,SOURCE_UNVERIFIED,naver
2369,353200,2026-09-04,review_required,SOURCE_UNVERIFIED,naver
2395,361610,2026-09-04,review_required,SOURCE_UNVERIFIED,naver
2401,363280,2026-09-04,review_required,SOURCE_UNVERIFIED,naver
2422,372910,2026-09-04,review_required,SOURCE_UNVERIFIED,naver
2427,373220,2026-09-04,review_required,SOURCE_UNVERIFIED,naver
2428,375500,2026-09-04,review_required,SOURCE_UNVERIFIED,naver
2441,377300,2026-09-04,review_required,SOURCE_UNVERIFIED,naver
2446,377740,2026-09-04,review_required,SOURCE_UNVERIFIED,naver
2449,378850,2026-09-04,review_required,SOURCE_UNVERIFIED,naver
2453,381970,2026-09-04,review_required,SOURCE_UNVERIFIED,naver
2459,383220,2026-09-04,review_required,SOURCE_UNVERIFIED,naver
2461,383800,2026-09-04,review_required,SOURCE_UNVERIFIED,naver
2499,402340,2026-09-04,review_required,SOURCE_UNVERIFIED,naver
2502,403550,2026-09-04,review_required,SOURCE_UNVERIFIED,naver
2563,439260,2026-09-04,review_required,SOURCE_UNVERIFIED,naver
2570,443060,2026-09-04,review_required,SOURCE_UNVERIFIED,naver
2577,446070,2026-09-04,review_required,SOURCE_UNVERIFIED,naver
2584,450080,2026-09-04,review_required,SOURCE_UNVERIFIED,naver
2595,452260,2026-09-04,review_required,SOURCE_UNVERIFIED,naver
2602,453340,2026-09-04,review_required,SOURCE_UNVERIFIED,naver
2605,454910,2026-09-04,review_required,SOURCE_UNVERIFIED,naver
2609,456040,2026-09-04,review_required,SOURCE_UNVERIFIED,naver
2612,457190,2026-09-04,review_required,SOURCE_UNVERIFIED,naver
2623,460850,2026-09-04,review_required,SOURCE_UNVERIFIED,naver
2624,460860,2026-09-04,review_required,SOURCE_UNVERIFIED,naver
2633,462520,2026-09-04,review_required,SOURCE_UNVERIFIED,naver
2635,462870,2026-09-04,review_required,SOURCE_UNVERIFIED,naver
2646,465770,2026-09-04,review_required,SOURCE_UNVERIFIED,naver
2672,475150,2026-09-04,review_required,SOURCE_UNVERIFIED,naver
2679,475560,2026-09-04,review_required,SOURCE_UNVERIFIED,naver
2700,480370,2026-09-04,review_required,SOURCE_UNVERIFIED,naver
2709,483650,2026-09-04,review_required,SOURCE_UNVERIFIED,naver
2714,484870,2026-09-04,review_required,SOURCE_UNVERIFIED,naver
2719,487570,2026-09-04,review_required,SOURCE_UNVERIFIED,naver
2731,489790,2026-09-04,review_required,SOURCE_UNVERIFIED,naver
2741,499790,2026-09-04,review_required,SOURCE_UNVERIFIED,naver
2767,0220W0,2026-09-04,review_required,SOURCE_UNVERIFIED,naver
