instrument_id,code,trade_date,reason
16,0001A0,2026-09-01,canonical_price_differs
24,000250,2026-09-01,canonical_price_differs
33,000440,2026-09-01,canonical_price_differs
36,0004V0,2026-09-01,canonical_price_differs
37,0004Y0,2026-09-01,canonical_price_differs
52,0007C0,2026-09-01,canonical_price_differs
53,0007J0,2026-09-01,canonical_price_differs
61,0008Z0,2026-09-01,canonical_price_differs
66,0009K0,2026-09-01,canonical_price_differs
67,001000,2026-09-01,canonical_price_differs
77,0010F0,2026-09-01,canonical_price_differs
78,0010V0,2026-09-01,canonical_price_differs
82,0011T0,2026-09-01,canonical_price_differs
95,0013V0,2026-09-01,canonical_price_differs
110,001540,2026-09-01,canonical_price_differs
114,0015G0,2026-09-01,canonical_price_differs
115,0015N0,2026-09-01,canonical_price_differs
116,0015S0,2026-09-01,canonical_price_differs
129,0017J0,2026-09-01,canonical_price_differs
131,001810,2026-09-01,canonical_price_differs
146,002230,2026-09-01,canonical_price_differs
148,002290,2026-09-01,canonical_price_differs
163,002680,2026-09-01,canonical_price_differs
175,002800,2026-09-01,canonical_price_differs
195,003100,2026-09-01,canonical_price_differs
204,003310,2026-09-01,canonical_price_differs
232,0037T0,2026-09-01,canonical_price_differs
233,003800,2026-09-01,canonical_price_differs
239,0039P0,2026-09-01,canonical_price_differs
250,0041B0,2026-09-01,canonical_price_differs
251,0041J0,2026-09-01,canonical_price_differs
252,0041L0,2026-09-01,canonical_price_differs
267,0044K0,2026-09-01,canonical_price_differs
271,004590,2026-09-01,canonical_price_differs
272,004650,2026-09-01,canonical_price_differs
278,004780,2026-09-01,canonical_price_differs
298,005160,2026-09-01,canonical_price_differs
302,005290,2026-09-01,canonical_price_differs
315,0054V0,2026-09-01,canonical_price_differs
318,005670,2026-09-01,canonical_price_differs
321,005710,2026-09-01,canonical_price_differs
332,005860,2026-09-01,canonical_price_differs
342,005990,2026-09-01,canonical_price_differs
344,006050,2026-09-01,canonical_price_differs
364,006620,2026-09-01,canonical_price_differs
367,006730,2026-09-01,canonical_price_differs
375,0068Y0,2026-09-01,canonical_price_differs
376,006910,2026-09-01,canonical_price_differs
377,006920,2026-09-01,canonical_price_differs
383,0071M0,2026-09-01,canonical_price_differs
386,0072Z0,2026-09-01,canonical_price_differs
388,007330,2026-09-01,canonical_price_differs
390,007370,2026-09-01,canonical_price_differs
391,007390,2026-09-01,canonical_price_differs
393,007530,2026-09-01,canonical_price_differs
400,007680,2026-09-01,canonical_price_differs
403,007720,2026-09-01,canonical_price_differs
404,007770,2026-09-01,canonical_price_differs
408,007820,2026-09-01,canonical_price_differs
416,008290,2026-09-01,canonical_price_differs
417,0082N0,2026-09-01,canonical_price_differs
420,008370,2026-09-01,canonical_price_differs
422,008470,2026-09-01,canonical_price_differs
429,008830,2026-09-01,canonical_price_differs
431,0088D0,2026-09-01,canonical_price_differs
432,0088M0,2026-09-01,canonical_price_differs
442,0091W0,2026-09-01,canonical_price_differs
447,009300,2026-09-01,canonical_price_differs
450,0093G0,2026-09-01,canonical_price_differs
458,009520,2026-09-01,canonical_price_differs
463,0096B0,2026-09-01,canonical_price_differs
464,0096D0,2026-09-01,canonical_price_differs
465,009730,2026-09-01,canonical_price_differs
467,009780,2026-09-01,canonical_price_differs
468,0097F0,2026-09-01,canonical_price_differs
472,0098T0,2026-09-01,canonical_price_differs
475,0099W0,2026-09-01,canonical_price_differs
483,010170,2026-09-01,canonical_price_differs
484,0101C0,2026-09-01,canonical_price_differs
485,010240,2026-09-01,canonical_price_differs
486,010280,2026-09-01,canonical_price_differs
488,010470,2026-09-01,canonical_price_differs
490,0105P0,2026-09-01,canonical_price_differs
501,011040,2026-09-01,canonical_price_differs
503,011080,2026-09-01,canonical_price_differs
513,011320,2026-09-01,canonical_price_differs
515,011370,2026-09-01,canonical_price_differs
519,011560,2026-09-01,canonical_price_differs
520,0115H0,2026-09-01,canonical_price_differs
527,0117P0,2026-09-01,canonical_price_differs
536,012210,2026-09-01,canonical_price_differs
540,012340,2026-09-01,canonical_price_differs
543,012620,2026-09-01,canonical_price_differs
547,012700,2026-09-01,canonical_price_differs
549,012790,2026-09-01,canonical_price_differs
551,012860,2026-09-01,canonical_price_differs
552,0129K0,2026-09-01,canonical_price_differs
554,013030,2026-09-01,canonical_price_differs
555,0130D0,2026-09-01,canonical_price_differs
556,0130H0,2026-09-01,canonical_price_differs
557,013120,2026-09-01,canonical_price_differs
558,0131D0,2026-09-01,canonical_price_differs
559,0132G0,2026-09-01,canonical_price_differs
562,0134X0,2026-09-01,canonical_price_differs
568,013810,2026-09-01,canonical_price_differs
571,013990,2026-09-01,canonical_price_differs
572,014100,2026-09-01,canonical_price_differs
575,014190,2026-09-01,canonical_price_differs
579,014470,2026-09-01,canonical_price_differs
581,014570,2026-09-01,canonical_price_differs
583,014620,2026-09-01,canonical_price_differs
592,014940,2026-09-01,canonical_price_differs
594,014970,2026-09-01,canonical_price_differs
601,0156T0,2026-09-01,canonical_price_differs
602,015710,2026-09-01,canonical_price_differs
603,015750,2026-09-01,canonical_price_differs
608,016100,2026-09-01,canonical_price_differs
609,016250,2026-09-01,canonical_price_differs
613,0164H0,2026-09-01,canonical_price_differs
616,0165X0,2026-09-01,canonical_price_differs
617,016600,2026-09-01,canonical_price_differs
625,016920,2026-09-01,canonical_price_differs
626,017000,2026-09-01,canonical_price_differs
629,017250,2026-09-01,canonical_price_differs
632,017480,2026-09-01,canonical_price_differs
633,017510,2026-09-01,canonical_price_differs
635,017650,2026-09-01,canonical_price_differs
640,017890,2026-09-01,canonical_price_differs
644,018000,2026-09-01,canonical_price_differs
645,018120,2026-09-01,canonical_price_differs
648,018290,2026-09-01,canonical_price_differs
649,018310,2026-09-01,canonical_price_differs
652,018620,2026-09-01,canonical_price_differs
654,018680,2026-09-01,canonical_price_differs
655,018700,2026-09-01,canonical_price_differs
657,019010,2026-09-01,canonical_price_differs
661,019210,2026-09-01,canonical_price_differs
663,019540,2026-09-01,canonical_price_differs
664,019550,2026-09-01,canonical_price_differs
666,019660,2026-09-01,canonical_price_differs
669,019770,2026-09-01,canonical_price_differs
670,019990,2026-09-01,canonical_price_differs
674,020180,2026-09-01,canonical_price_differs
675,020400,2026-09-01,canonical_price_differs
677,020710,2026-09-01,canonical_price_differs
679,021040,2026-09-01,canonical_price_differs
682,021080,2026-09-01,canonical_price_differs
684,021320,2026-09-01,canonical_price_differs
685,021650,2026-09-01,canonical_price_differs
687,021880,2026-09-01,canonical_price_differs
688,0218L0,2026-09-01,canonical_price_differs
693,023160,2026-09-01,canonical_price_differs
695,023410,2026-09-01,canonical_price_differs
700,023600,2026-09-01,canonical_price_differs
701,023760,2026-09-01,canonical_price_differs
702,023770,2026-09-01,canonical_price_differs
706,023900,2026-09-01,canonical_price_differs
707,023910,2026-09-01,canonical_price_differs
709,024060,2026-09-01,canonical_price_differs
713,024120,2026-09-01,canonical_price_differs
715,024740,2026-09-01,canonical_price_differs
716,024800,2026-09-01,canonical_price_differs
717,024830,2026-09-01,canonical_price_differs
718,024840,2026-09-01,canonical_price_differs
720,024880,2026-09-01,canonical_price_differs
723,024910,2026-09-01,canonical_price_differs
724,024940,2026-09-01,canonical_price_differs
725,024950,2026-09-01,canonical_price_differs
727,025320,2026-09-01,canonical_price_differs
731,025550,2026-09-01,canonical_price_differs
735,025770,2026-09-01,canonical_price_differs
738,025870,2026-09-01,canonical_price_differs
739,025880,2026-09-01,canonical_price_differs
741,025900,2026-09-01,canonical_price_differs
742,025950,2026-09-01,canonical_price_differs
743,025980,2026-09-01,canonical_price_differs
744,026040,2026-09-01,canonical_price_differs
745,026150,2026-09-01,canonical_price_differs
747,026910,2026-09-01,canonical_price_differs
750,027040,2026-09-01,canonical_price_differs
751,027050,2026-09-01,canonical_price_differs
752,027360,2026-09-01,canonical_price_differs
754,027580,2026-09-01,canonical_price_differs
755,027710,2026-09-01,canonical_price_differs
757,027830,2026-09-01,canonical_price_differs
760,028080,2026-09-01,canonical_price_differs
764,028300,2026-09-01,canonical_price_differs
767,029480,2026-09-01,canonical_price_differs
775,030520,2026-09-01,canonical_price_differs
776,030530,2026-09-01,canonical_price_differs
779,030960,2026-09-01,canonical_price_differs
781,031310,2026-09-01,canonical_price_differs
782,031330,2026-09-01,canonical_price_differs
784,031510,2026-09-01,canonical_price_differs
787,031980,2026-09-01,canonical_price_differs
788,032080,2026-09-01,canonical_price_differs
789,032190,2026-09-01,canonical_price_differs
790,032280,2026-09-01,canonical_price_differs
791,032300,2026-09-01,canonical_price_differs
793,032500,2026-09-01,canonical_price_differs
794,032540,2026-09-01,canonical_price_differs
796,032580,2026-09-01,canonical_price_differs
797,032620,2026-09-01,canonical_price_differs
799,032680,2026-09-01,canonical_price_differs
801,032750,2026-09-01,canonical_price_differs
802,032790,2026-09-01,canonical_price_differs
803,032800,2026-09-01,canonical_price_differs
804,032820,2026-09-01,canonical_price_differs
806,032850,2026-09-01,canonical_price_differs
807,032860,2026-09-01,canonical_price_differs
808,032940,2026-09-01,canonical_price_differs
809,032960,2026-09-01,canonical_price_differs
810,033050,2026-09-01,canonical_price_differs
811,033100,2026-09-01,canonical_price_differs
812,033130,2026-09-01,canonical_price_differs
813,033160,2026-09-01,canonical_price_differs
814,033170,2026-09-01,canonical_price_differs
815,033200,2026-09-01,canonical_price_differs
816,033230,2026-09-01,canonical_price_differs
820,033290,2026-09-01,canonical_price_differs
821,033310,2026-09-01,canonical_price_differs
822,033320,2026-09-01,canonical_price_differs
824,033500,2026-09-01,canonical_price_differs
826,033540,2026-09-01,canonical_price_differs
827,033560,2026-09-01,canonical_price_differs
828,033640,2026-09-01,canonical_price_differs
830,033790,2026-09-01,canonical_price_differs
831,033830,2026-09-01,canonical_price_differs
841,034810,2026-09-01,canonical_price_differs
844,034940,2026-09-01,canonical_price_differs
845,034950,2026-09-01,canonical_price_differs
847,035080,2026-09-01,canonical_price_differs
849,035200,2026-09-01,canonical_price_differs
853,035460,2026-09-01,canonical_price_differs
855,035600,2026-09-01,canonical_price_differs
856,035610,2026-09-01,canonical_price_differs
857,035620,2026-09-01,canonical_price_differs
859,035760,2026-09-01,canonical_price_differs
860,035810,2026-09-01,canonical_price_differs
861,035890,2026-09-01,canonical_price_differs
862,035900,2026-09-01,canonical_price_differs
863,036000,2026-09-01,canonical_price_differs
864,036010,2026-09-01,canonical_price_differs
865,036030,2026-09-01,canonical_price_differs
866,036090,2026-09-01,canonical_price_differs
867,036120,2026-09-01,canonical_price_differs
868,036170,2026-09-01,canonical_price_differs
869,036190,2026-09-01,canonical_price_differs
870,036200,2026-09-01,canonical_price_differs
874,036480,2026-09-01,canonical_price_differs
876,036540,2026-09-01,canonical_price_differs
877,036560,2026-09-01,canonical_price_differs
880,036620,2026-09-01,canonical_price_differs
881,036630,2026-09-01,canonical_price_differs
882,036640,2026-09-01,canonical_price_differs
883,036670,2026-09-01,canonical_price_differs
885,036710,2026-09-01,canonical_price_differs
886,036800,2026-09-01,canonical_price_differs
887,036810,2026-09-01,canonical_price_differs
888,036830,2026-09-01,canonical_price_differs
889,036890,2026-09-01,canonical_price_differs
890,036930,2026-09-01,canonical_price_differs
892,037070,2026-09-01,canonical_price_differs
893,037230,2026-09-01,canonical_price_differs
895,037330,2026-09-01,canonical_price_differs
896,037350,2026-09-01,canonical_price_differs
897,037370,2026-09-01,canonical_price_differs
898,037400,2026-09-01,canonical_price_differs
899,037440,2026-09-01,canonical_price_differs
900,037460,2026-09-01,canonical_price_differs
903,037760,2026-09-01,canonical_price_differs
904,037950,2026-09-01,canonical_price_differs
905,038010,2026-09-01,canonical_price_differs
906,038060,2026-09-01,canonical_price_differs
907,038070,2026-09-01,canonical_price_differs
908,038110,2026-09-01,canonical_price_differs
909,038290,2026-09-01,canonical_price_differs
910,038390,2026-09-01,canonical_price_differs
911,038460,2026-09-01,canonical_price_differs
912,038500,2026-09-01,canonical_price_differs
914,038540,2026-09-01,canonical_price_differs
915,038620,2026-09-01,canonical_price_differs
916,038680,2026-09-01,canonical_price_differs
917,038870,2026-09-01,canonical_price_differs
918,038880,2026-09-01,canonical_price_differs
919,038950,2026-09-01,canonical_price_differs
920,039010,2026-09-01,canonical_price_differs
921,039020,2026-09-01,canonical_price_differs
922,039030,2026-09-01,canonical_price_differs
924,039200,2026-09-01,canonical_price_differs
925,039240,2026-09-01,canonical_price_differs
926,039290,2026-09-01,canonical_price_differs
927,039310,2026-09-01,canonical_price_differs
928,039340,2026-09-01,canonical_price_differs
929,039420,2026-09-01,canonical_price_differs
930,039440,2026-09-01,canonical_price_differs
932,039560,2026-09-01,canonical_price_differs
934,039610,2026-09-01,canonical_price_differs
935,039740,2026-09-01,canonical_price_differs
936,039830,2026-09-01,canonical_price_differs
937,039840,2026-09-01,canonical_price_differs
938,039860,2026-09-01,canonical_price_differs
939,039980,2026-09-01,canonical_price_differs
940,040160,2026-09-01,canonical_price_differs
942,040350,2026-09-01,canonical_price_differs
943,040420,2026-09-01,canonical_price_differs
944,040610,2026-09-01,canonical_price_differs
945,040910,2026-09-01,canonical_price_differs
946,041020,2026-09-01,canonical_price_differs
947,041190,2026-09-01,canonical_price_differs
948,041440,2026-09-01,canonical_price_differs
949,041460,2026-09-01,canonical_price_differs
950,041510,2026-09-01,canonical_price_differs
951,041520,2026-09-01,canonical_price_differs
954,041830,2026-09-01,canonical_price_differs
955,041910,2026-09-01,canonical_price_differs
956,041920,2026-09-01,canonical_price_differs
957,041930,2026-09-01,canonical_price_differs
958,041960,2026-09-01,canonical_price_differs
959,042000,2026-09-01,canonical_price_differs
960,042040,2026-09-01,canonical_price_differs
961,042110,2026-09-01,canonical_price_differs
962,042370,2026-09-01,canonical_price_differs
963,042420,2026-09-01,canonical_price_differs
964,042500,2026-09-01,canonical_price_differs
965,042510,2026-09-01,canonical_price_differs
966,042520,2026-09-01,canonical_price_differs
967,042600,2026-09-01,canonical_price_differs
970,042940,2026-09-01,canonical_price_differs
972,043150,2026-09-01,canonical_price_differs
973,043200,2026-09-01,canonical_price_differs
975,043260,2026-09-01,canonical_price_differs
976,043340,2026-09-01,canonical_price_differs
977,043360,2026-09-01,canonical_price_differs
978,043370,2026-09-01,canonical_price_differs
979,043590,2026-09-01,canonical_price_differs
980,043610,2026-09-01,canonical_price_differs
981,043650,2026-09-01,canonical_price_differs
982,043710,2026-09-01,canonical_price_differs
983,043910,2026-09-01,canonical_price_differs
985,044340,2026-09-01,canonical_price_differs
988,044480,2026-09-01,canonical_price_differs
989,044490,2026-09-01,canonical_price_differs
990,044780,2026-09-01,canonical_price_differs
992,044960,2026-09-01,canonical_price_differs
993,044990,2026-09-01,canonical_price_differs
994,045060,2026-09-01,canonical_price_differs
995,045100,2026-09-01,canonical_price_differs
996,045300,2026-09-01,canonical_price_differs
997,045340,2026-09-01,canonical_price_differs
998,045390,2026-09-01,canonical_price_differs
999,045510,2026-09-01,canonical_price_differs
1000,045520,2026-09-01,canonical_price_differs
1001,045660,2026-09-01,canonical_price_differs
1002,045970,2026-09-01,canonical_price_differs
1005,046210,2026-09-01,canonical_price_differs
1006,046310,2026-09-01,canonical_price_differs
1007,046390,2026-09-01,canonical_price_differs
1008,046440,2026-09-01,canonical_price_differs
1009,046890,2026-09-01,canonical_price_differs
1010,046940,2026-09-01,canonical_price_differs
1011,046970,2026-09-01,canonical_price_differs
1014,047080,2026-09-01,canonical_price_differs
1015,047310,2026-09-01,canonical_price_differs
1017,047560,2026-09-01,canonical_price_differs
1020,047820,2026-09-01,canonical_price_differs
1021,047920,2026-09-01,canonical_price_differs
1022,048410,2026-09-01,canonical_price_differs
1023,048430,2026-09-01,canonical_price_differs
1024,048470,2026-09-01,canonical_price_differs
1025,048530,2026-09-01,canonical_price_differs
1026,048550,2026-09-01,canonical_price_differs
1027,048770,2026-09-01,canonical_price_differs
1028,048830,2026-09-01,canonical_price_differs
1030,048910,2026-09-01,canonical_price_differs
1031,049070,2026-09-01,canonical_price_differs
1032,049080,2026-09-01,canonical_price_differs
1033,049120,2026-09-01,canonical_price_differs
1035,049430,2026-09-01,canonical_price_differs
1037,049480,2026-09-01,canonical_price_differs
1038,049520,2026-09-01,canonical_price_differs
1039,049550,2026-09-01,canonical_price_differs
1040,049630,2026-09-01,canonical_price_differs
1041,049720,2026-09-01,canonical_price_differs
1043,049830,2026-09-01,canonical_price_differs
1044,049950,2026-09-01,canonical_price_differs
1045,049960,2026-09-01,canonical_price_differs
1047,050110,2026-09-01,canonical_price_differs
1048,050120,2026-09-01,canonical_price_differs
1049,050760,2026-09-01,canonical_price_differs
1050,050860,2026-09-01,canonical_price_differs
1051,050890,2026-09-01,canonical_price_differs
1052,050960,2026-09-01,canonical_price_differs
1053,051160,2026-09-01,canonical_price_differs
1054,051360,2026-09-01,canonical_price_differs
1055,051370,2026-09-01,canonical_price_differs
1056,051380,2026-09-01,canonical_price_differs
1057,051390,2026-09-01,canonical_price_differs
1058,051490,2026-09-01,canonical_price_differs
1059,051500,2026-09-01,canonical_price_differs
1062,051780,2026-09-01,canonical_price_differs
1067,051980,2026-09-01,canonical_price_differs
1068,052020,2026-09-01,canonical_price_differs
1069,052220,2026-09-01,canonical_price_differs
1070,052260,2026-09-01,canonical_price_differs
1071,052300,2026-09-01,canonical_price_differs
1072,052330,2026-09-01,canonical_price_differs
1073,052400,2026-09-01,canonical_price_differs
1074,052420,2026-09-01,canonical_price_differs
1075,052460,2026-09-01,canonical_price_differs
1076,052600,2026-09-01,canonical_price_differs
1078,052710,2026-09-01,canonical_price_differs
1080,052790,2026-09-01,canonical_price_differs
1081,052860,2026-09-01,canonical_price_differs
1082,052900,2026-09-01,canonical_price_differs
1083,053030,2026-09-01,canonical_price_differs
1084,053050,2026-09-01,canonical_price_differs
1085,053060,2026-09-01,canonical_price_differs
1086,053080,2026-09-01,canonical_price_differs
1087,053160,2026-09-01,canonical_price_differs
1089,053260,2026-09-01,canonical_price_differs
1090,053270,2026-09-01,canonical_price_differs
1091,053280,2026-09-01,canonical_price_differs
1092,053290,2026-09-01,canonical_price_differs
1093,053300,2026-09-01,canonical_price_differs
1094,053350,2026-09-01,canonical_price_differs
1095,053450,2026-09-01,canonical_price_differs
1096,053580,2026-09-01,canonical_price_differs
1097,053610,2026-09-01,canonical_price_differs
1098,053620,2026-09-01,canonical_price_differs
1100,053700,2026-09-01,canonical_price_differs
1101,053800,2026-09-01,canonical_price_differs
1103,053980,2026-09-01,canonical_price_differs
1104,054040,2026-09-01,canonical_price_differs
1105,054050,2026-09-01,canonical_price_differs
1106,054090,2026-09-01,canonical_price_differs
1108,054210,2026-09-01,canonical_price_differs
1109,054220,2026-09-01,canonical_price_differs
1110,054300,2026-09-01,canonical_price_differs
1111,054410,2026-09-01,canonical_price_differs
1112,054450,2026-09-01,canonical_price_differs
1113,054540,2026-09-01,canonical_price_differs
1114,054620,2026-09-01,canonical_price_differs
1115,054670,2026-09-01,canonical_price_differs
1116,054780,2026-09-01,canonical_price_differs
1117,054800,2026-09-01,canonical_price_differs
1119,054930,2026-09-01,canonical_price_differs
1120,054940,2026-09-01,canonical_price_differs
1121,054950,2026-09-01,canonical_price_differs
1124,056080,2026-09-01,canonical_price_differs
1125,056090,2026-09-01,canonical_price_differs
1126,056190,2026-09-01,canonical_price_differs
1127,056360,2026-09-01,canonical_price_differs
1128,056700,2026-09-01,canonical_price_differs
1130,057030,2026-09-01,canonical_price_differs
1131,057540,2026-09-01,canonical_price_differs
1132,057680,2026-09-01,canonical_price_differs
1133,058110,2026-09-01,canonical_price_differs
1134,058400,2026-09-01,canonical_price_differs
1137,058470,2026-09-01,canonical_price_differs
1138,058610,2026-09-01,canonical_price_differs
1139,058630,2026-09-01,canonical_price_differs
1142,058820,2026-09-01,canonical_price_differs
1145,058970,2026-09-01,canonical_price_differs
1146,059090,2026-09-01,canonical_price_differs
1147,059100,2026-09-01,canonical_price_differs
1148,059120,2026-09-01,canonical_price_differs
1149,059210,2026-09-01,canonical_price_differs
1150,059270,2026-09-01,canonical_price_differs
1151,060150,2026-09-01,canonical_price_differs
1152,060230,2026-09-01,canonical_price_differs
1153,060250,2026-09-01,canonical_price_differs
1154,060260,2026-09-01,canonical_price_differs
1155,060280,2026-09-01,canonical_price_differs
1156,060310,2026-09-01,canonical_price_differs
1157,060370,2026-09-01,canonical_price_differs
1158,060380,2026-09-01,canonical_price_differs
1159,060480,2026-09-01,canonical_price_differs
1160,060540,2026-09-01,canonical_price_differs
1161,060560,2026-09-01,canonical_price_differs
1162,060570,2026-09-01,canonical_price_differs
1163,060590,2026-09-01,canonical_price_differs
1164,060720,2026-09-01,canonical_price_differs
1165,060850,2026-09-01,canonical_price_differs
1168,061040,2026-09-01,canonical_price_differs
1169,061090,2026-09-01,canonical_price_differs
1170,061250,2026-09-01,canonical_price_differs
1171,061970,2026-09-01,canonical_price_differs
1174,063080,2026-09-01,canonical_price_differs
1176,063170,2026-09-01,canonical_price_differs
1177,063440,2026-09-01,canonical_price_differs
1178,063570,2026-09-01,canonical_price_differs
1179,063760,2026-09-01,canonical_price_differs
1181,064240,2026-09-01,canonical_price_differs
1182,064260,2026-09-01,canonical_price_differs
1183,064290,2026-09-01,canonical_price_differs
1186,064480,2026-09-01,canonical_price_differs
1187,064520,2026-09-01,canonical_price_differs
1188,064550,2026-09-01,canonical_price_differs
1189,064760,2026-09-01,canonical_price_differs
1190,064800,2026-09-01,canonical_price_differs
1191,064820,2026-09-01,canonical_price_differs
1192,064850,2026-09-01,canonical_price_differs
1194,065060,2026-09-01,canonical_price_differs
1195,065130,2026-09-01,canonical_price_differs
1197,065170,2026-09-01,canonical_price_differs
1198,065350,2026-09-01,canonical_price_differs
1199,065370,2026-09-01,canonical_price_differs
1201,065440,2026-09-01,canonical_price_differs
1202,065450,2026-09-01,canonical_price_differs
1203,065500,2026-09-01,canonical_price_differs
1204,065510,2026-09-01,canonical_price_differs
1205,065530,2026-09-01,canonical_price_differs
1207,065650,2026-09-01,canonical_price_differs
1208,065660,2026-09-01,canonical_price_differs
1209,065680,2026-09-01,canonical_price_differs
1210,065690,2026-09-01,canonical_price_differs
1211,065710,2026-09-01,canonical_price_differs
1212,065770,2026-09-01,canonical_price_differs
1213,065950,2026-09-01,canonical_price_differs
1214,066130,2026-09-01,canonical_price_differs
1215,066310,2026-09-01,canonical_price_differs
1216,066360,2026-09-01,canonical_price_differs
1218,066430,2026-09-01,canonical_price_differs
1221,066590,2026-09-01,canonical_price_differs
1222,066620,2026-09-01,canonical_price_differs
1223,066670,2026-09-01,canonical_price_differs
1224,066700,2026-09-01,canonical_price_differs
1226,066900,2026-09-01,canonical_price_differs
1227,066910,2026-09-01,canonical_price_differs
1229,066980,2026-09-01,canonical_price_differs
1230,067000,2026-09-01,canonical_price_differs
1231,067010,2026-09-01,canonical_price_differs
1232,067080,2026-09-01,canonical_price_differs
1233,067160,2026-09-01,canonical_price_differs
1234,067170,2026-09-01,canonical_price_differs
1235,067280,2026-09-01,canonical_price_differs
1236,067290,2026-09-01,canonical_price_differs
1237,067310,2026-09-01,canonical_price_differs
1238,067370,2026-09-01,canonical_price_differs
1239,067390,2026-09-01,canonical_price_differs
1240,067570,2026-09-01,canonical_price_differs
1241,067630,2026-09-01,canonical_price_differs
1242,067730,2026-09-01,canonical_price_differs
1243,067770,2026-09-01,canonical_price_differs
1245,067900,2026-09-01,canonical_price_differs
1246,067920,2026-09-01,canonical_price_differs
1247,067990,2026-09-01,canonical_price_differs
1248,068050,2026-09-01,canonical_price_differs
1249,068100,2026-09-01,canonical_price_differs
1253,068330,2026-09-01,canonical_price_differs
1254,068760,2026-09-01,canonical_price_differs
1255,068790,2026-09-01,canonical_price_differs
1256,068930,2026-09-01,canonical_price_differs
1258,069080,2026-09-01,canonical_price_differs
1259,069140,2026-09-01,canonical_price_differs
1261,069330,2026-09-01,canonical_price_differs
1262,069410,2026-09-01,canonical_price_differs
1264,069510,2026-09-01,canonical_price_differs
1265,069540,2026-09-01,canonical_price_differs
1269,069920,2026-09-01,canonical_price_differs
1271,070300,2026-09-01,canonical_price_differs
1272,070590,2026-09-01,canonical_price_differs
1277,071200,2026-09-01,canonical_price_differs
1278,071280,2026-09-01,canonical_price_differs
1280,071670,2026-09-01,canonical_price_differs
1282,071850,2026-09-01,canonical_price_differs
1285,072020,2026-09-01,canonical_price_differs
1287,072470,2026-09-01,canonical_price_differs
1289,072770,2026-09-01,canonical_price_differs
1290,072870,2026-09-01,canonical_price_differs
1291,072950,2026-09-01,canonical_price_differs
1292,072990,2026-09-01,canonical_price_differs
1293,073010,2026-09-01,canonical_price_differs
1294,073110,2026-09-01,canonical_price_differs
1297,073490,2026-09-01,canonical_price_differs
1298,073540,2026-09-01,canonical_price_differs
1299,073560,2026-09-01,canonical_price_differs
1300,073570,2026-09-01,canonical_price_differs
1302,074430,2026-09-01,canonical_price_differs
1303,074600,2026-09-01,canonical_price_differs
1305,075130,2026-09-01,canonical_price_differs
1308,075970,2026-09-01,canonical_price_differs
1309,076080,2026-09-01,canonical_price_differs
1311,077360,2026-09-01,canonical_price_differs
1315,078020,2026-09-01,canonical_price_differs
1316,078070,2026-09-01,canonical_price_differs
1318,078140,2026-09-01,canonical_price_differs
1319,078150,2026-09-01,canonical_price_differs
1320,078160,2026-09-01,canonical_price_differs
1321,078340,2026-09-01,canonical_price_differs
1322,078350,2026-09-01,canonical_price_differs
1325,078600,2026-09-01,canonical_price_differs
1327,078890,2026-09-01,canonical_price_differs
1330,079000,2026-09-01,canonical_price_differs
1332,079170,2026-09-01,canonical_price_differs
1333,079190,2026-09-01,canonical_price_differs
1334,079370,2026-09-01,canonical_price_differs
1337,079650,2026-09-01,canonical_price_differs
1338,079810,2026-09-01,canonical_price_differs
1340,079940,2026-09-01,canonical_price_differs
1341,079950,2026-09-01,canonical_price_differs
1342,079960,2026-09-01,canonical_price_differs
1345,080010,2026-09-01,canonical_price_differs
1346,080160,2026-09-01,canonical_price_differs
1347,080220,2026-09-01,canonical_price_differs
1348,080420,2026-09-01,canonical_price_differs
1349,080470,2026-09-01,canonical_price_differs
1350,080520,2026-09-01,canonical_price_differs
1351,080530,2026-09-01,canonical_price_differs
1352,080580,2026-09-01,canonical_price_differs
1355,081150,2026-09-01,canonical_price_differs
1356,081180,2026-09-01,canonical_price_differs
1357,081580,2026-09-01,canonical_price_differs
1359,082210,2026-09-01,canonical_price_differs
1360,082270,2026-09-01,canonical_price_differs
1365,082850,2026-09-01,canonical_price_differs
1366,082920,2026-09-01,canonical_price_differs
1367,083310,2026-09-01,canonical_price_differs
1369,083450,2026-09-01,canonical_price_differs
1370,083470,2026-09-01,canonical_price_differs
1371,083500,2026-09-01,canonical_price_differs
1372,083550,2026-09-01,canonical_price_differs
1373,083640,2026-09-01,canonical_price_differs
1374,083650,2026-09-01,canonical_price_differs
1375,083660,2026-09-01,canonical_price_differs
1376,083790,2026-09-01,canonical_price_differs
1377,083930,2026-09-01,canonical_price_differs
1379,084110,2026-09-01,canonical_price_differs
1380,084180,2026-09-01,canonical_price_differs
1381,084370,2026-09-01,canonical_price_differs
1388,084730,2026-09-01,canonical_price_differs
1389,084850,2026-09-01,canonical_price_differs
1391,084990,2026-09-01,canonical_price_differs
1394,085660,2026-09-01,canonical_price_differs
1395,085670,2026-09-01,canonical_price_differs
1396,085810,2026-09-01,canonical_price_differs
1397,085910,2026-09-01,canonical_price_differs
1398,086040,2026-09-01,canonical_price_differs
1399,086060,2026-09-01,canonical_price_differs
1401,086390,2026-09-01,canonical_price_differs
1402,086450,2026-09-01,canonical_price_differs
1403,086520,2026-09-01,canonical_price_differs
1404,086670,2026-09-01,canonical_price_differs
1405,086710,2026-09-01,canonical_price_differs
1407,086820,2026-09-01,canonical_price_differs
1408,086890,2026-09-01,canonical_price_differs
1409,086900,2026-09-01,canonical_price_differs
1410,086960,2026-09-01,canonical_price_differs
1411,086980,2026-09-01,canonical_price_differs
1412,087010,2026-09-01,canonical_price_differs
1414,087600,2026-09-01,canonical_price_differs
1415,088130,2026-09-01,canonical_price_differs
1417,088280,2026-09-01,canonical_price_differs
1418,088290,2026-09-01,canonical_price_differs
1419,088340,2026-09-01,canonical_price_differs
1421,088390,2026-09-01,canonical_price_differs
1423,088800,2026-09-01,canonical_price_differs
1424,088910,2026-09-01,canonical_price_differs
1426,089010,2026-09-01,canonical_price_differs
1427,089030,2026-09-01,canonical_price_differs
1429,089150,2026-09-01,canonical_price_differs
1433,089600,2026-09-01,canonical_price_differs
1434,089790,2026-09-01,canonical_price_differs
1435,089850,2026-09-01,canonical_price_differs
1437,089890,2026-09-01,canonical_price_differs
1438,089970,2026-09-01,canonical_price_differs
1439,089980,2026-09-01,canonical_price_differs
1441,090150,2026-09-01,canonical_price_differs
1444,090360,2026-09-01,canonical_price_differs
1446,090410,2026-09-01,canonical_price_differs
1450,090470,2026-09-01,canonical_price_differs
1451,090710,2026-09-01,canonical_price_differs
1452,090850,2026-09-01,canonical_price_differs
1453,091120,2026-09-01,canonical_price_differs
1454,091340,2026-09-01,canonical_price_differs
1455,091440,2026-09-01,canonical_price_differs
1456,091580,2026-09-01,canonical_price_differs
1457,091590,2026-09-01,canonical_price_differs
1458,091700,2026-09-01,canonical_price_differs
1461,092040,2026-09-01,canonical_price_differs
1462,092070,2026-09-01,canonical_price_differs
1463,092130,2026-09-01,canonical_price_differs
1464,092190,2026-09-01,canonical_price_differs
1468,092300,2026-09-01,canonical_price_differs
1470,092460,2026-09-01,canonical_price_differs
1472,092730,2026-09-01,canonical_price_differs
1475,092870,2026-09-01,canonical_price_differs
1477,093190,2026-09-01,canonical_price_differs
1479,093320,2026-09-01,canonical_price_differs
1481,093380,2026-09-01,canonical_price_differs
1482,093520,2026-09-01,canonical_price_differs
1483,093640,2026-09-01,canonical_price_differs
1484,093920,2026-09-01,canonical_price_differs
1485,094170,2026-09-01,canonical_price_differs
1487,094360,2026-09-01,canonical_price_differs
1488,094480,2026-09-01,canonical_price_differs
1490,094820,2026-09-01,canonical_price_differs
1491,094840,2026-09-01,canonical_price_differs
1492,094850,2026-09-01,canonical_price_differs
1494,094940,2026-09-01,canonical_price_differs
1495,094970,2026-09-01,canonical_price_differs
1496,095190,2026-09-01,canonical_price_differs
1497,095270,2026-09-01,canonical_price_differs
1498,095340,2026-09-01,canonical_price_differs
1499,095500,2026-09-01,canonical_price_differs
1501,095610,2026-09-01,canonical_price_differs
1502,095660,2026-09-01,canonical_price_differs
1503,095700,2026-09-01,canonical_price_differs
1505,095910,2026-09-01,canonical_price_differs
1506,096240,2026-09-01,canonical_price_differs
1507,096250,2026-09-01,canonical_price_differs
1508,096350,2026-09-01,canonical_price_differs
1509,096530,2026-09-01,canonical_price_differs
1511,096630,2026-09-01,canonical_price_differs
1516,096870,2026-09-01,canonical_price_differs
1519,097780,2026-09-01,canonical_price_differs
1520,097800,2026-09-01,canonical_price_differs
1521,097870,2026-09-01,canonical_price_differs
1524,098070,2026-09-01,canonical_price_differs
1525,098120,2026-09-01,canonical_price_differs
1526,098460,2026-09-01,canonical_price_differs
1527,098660,2026-09-01,canonical_price_differs
1528,099190,2026-09-01,canonical_price_differs
1530,099320,2026-09-01,canonical_price_differs
1531,099390,2026-09-01,canonical_price_differs
1532,099410,2026-09-01,canonical_price_differs
1533,099430,2026-09-01,canonical_price_differs
1534,099440,2026-09-01,canonical_price_differs
1536,099750,2026-09-01,canonical_price_differs
1537,100030,2026-09-01,canonical_price_differs
1539,100120,2026-09-01,canonical_price_differs
1540,100130,2026-09-01,canonical_price_differs
1543,100590,2026-09-01,canonical_price_differs
1544,100660,2026-09-01,canonical_price_differs
1545,100700,2026-09-01,canonical_price_differs
1546,100790,2026-09-01,canonical_price_differs
1550,101160,2026-09-01,canonical_price_differs
1551,101170,2026-09-01,canonical_price_differs
1552,101240,2026-09-01,canonical_price_differs
1553,101330,2026-09-01,canonical_price_differs
1554,101360,2026-09-01,canonical_price_differs
1555,101400,2026-09-01,canonical_price_differs
1556,101490,2026-09-01,canonical_price_differs
1558,101670,2026-09-01,canonical_price_differs
1559,101680,2026-09-01,canonical_price_differs
1560,101730,2026-09-01,canonical_price_differs
1561,101930,2026-09-01,canonical_price_differs
1563,102120,2026-09-01,canonical_price_differs
1565,102370,2026-09-01,canonical_price_differs
1567,102710,2026-09-01,canonical_price_differs
1568,102940,2026-09-01,canonical_price_differs
1570,103230,2026-09-01,canonical_price_differs
1572,103840,2026-09-01,canonical_price_differs
1573,104040,2026-09-01,canonical_price_differs
1574,104200,2026-09-01,canonical_price_differs
1575,104460,2026-09-01,canonical_price_differs
1576,104480,2026-09-01,canonical_price_differs
1577,104540,2026-09-01,canonical_price_differs
1578,104620,2026-09-01,canonical_price_differs
1580,104830,2026-09-01,canonical_price_differs
1581,105330,2026-09-01,canonical_price_differs
1582,105550,2026-09-01,canonical_price_differs
1585,105740,2026-09-01,canonical_price_differs
1586,105760,2026-09-01,canonical_price_differs
1589,106190,2026-09-01,canonical_price_differs
1590,106240,2026-09-01,canonical_price_differs
1592,107600,2026-09-01,canonical_price_differs
1593,107640,2026-09-01,canonical_price_differs
1594,108230,2026-09-01,canonical_price_differs
1596,108380,2026-09-01,canonical_price_differs
1597,108490,2026-09-01,canonical_price_differs
1600,108860,2026-09-01,canonical_price_differs
1602,109080,2026-09-01,canonical_price_differs
1603,109610,2026-09-01,canonical_price_differs
1604,109670,2026-09-01,canonical_price_differs
1605,109740,2026-09-01,canonical_price_differs
1606,109820,2026-09-01,canonical_price_differs
1607,109860,2026-09-01,canonical_price_differs
1609,110020,2026-09-01,canonical_price_differs
1610,110790,2026-09-01,canonical_price_differs
1611,110990,2026-09-01,canonical_price_differs
1614,111710,2026-09-01,canonical_price_differs
1616,112040,2026-09-01,canonical_price_differs
1617,112290,2026-09-01,canonical_price_differs
1619,113810,2026-09-01,canonical_price_differs
1621,114190,2026-09-01,canonical_price_differs
1622,114450,2026-09-01,canonical_price_differs
1623,114630,2026-09-01,canonical_price_differs
1624,114810,2026-09-01,canonical_price_differs
1625,114840,2026-09-01,canonical_price_differs
1626,115160,2026-09-01,canonical_price_differs
1627,115180,2026-09-01,canonical_price_differs
1628,115310,2026-09-01,canonical_price_differs
1629,115440,2026-09-01,canonical_price_differs
1631,115480,2026-09-01,canonical_price_differs
1632,115500,2026-09-01,canonical_price_differs
1633,115530,2026-09-01,canonical_price_differs
1634,115570,2026-09-01,canonical_price_differs
1635,115610,2026-09-01,canonical_price_differs
1637,117670,2026-09-01,canonical_price_differs
1638,117730,2026-09-01,canonical_price_differs
1640,118990,2026-09-01,canonical_price_differs
1641,119500,2026-09-01,canonical_price_differs
1642,119610,2026-09-01,canonical_price_differs
1644,119830,2026-09-01,canonical_price_differs
1645,119850,2026-09-01,canonical_price_differs
1649,120240,2026-09-01,canonical_price_differs
1650,121440,2026-09-01,canonical_price_differs
1651,121600,2026-09-01,canonical_price_differs
1653,121850,2026-09-01,canonical_price_differs
1654,121890,2026-09-01,canonical_price_differs
1655,122310,2026-09-01,canonical_price_differs
1656,122350,2026-09-01,canonical_price_differs
1657,122450,2026-09-01,canonical_price_differs
1658,122640,2026-09-01,canonical_price_differs
1659,122690,2026-09-01,canonical_price_differs
1660,122870,2026-09-01,canonical_price_differs
1662,122990,2026-09-01,canonical_price_differs
1663,123010,2026-09-01,canonical_price_differs
1664,123040,2026-09-01,canonical_price_differs
1665,123330,2026-09-01,canonical_price_differs
1666,123410,2026-09-01,canonical_price_differs
1667,123420,2026-09-01,canonical_price_differs
1668,123570,2026-09-01,canonical_price_differs
1671,123750,2026-09-01,canonical_price_differs
1672,123840,2026-09-01,canonical_price_differs
1673,123860,2026-09-01,canonical_price_differs
1675,124500,2026-09-01,canonical_price_differs
1676,124560,2026-09-01,canonical_price_differs
1677,125020,2026-09-01,canonical_price_differs
1678,125210,2026-09-01,canonical_price_differs
1679,125490,2026-09-01,canonical_price_differs
1680,126340,2026-09-01,canonical_price_differs
1682,126600,2026-09-01,canonical_price_differs
1683,126640,2026-09-01,canonical_price_differs
1684,126700,2026-09-01,canonical_price_differs
1686,126730,2026-09-01,canonical_price_differs
1687,126880,2026-09-01,canonical_price_differs
1688,127120,2026-09-01,canonical_price_differs
1689,127710,2026-09-01,canonical_price_differs
1690,127980,2026-09-01,canonical_price_differs
1691,128540,2026-09-01,canonical_price_differs
1692,128660,2026-09-01,canonical_price_differs
1697,129920,2026-09-01,canonical_price_differs
1698,130500,2026-09-01,canonical_price_differs
1699,130580,2026-09-01,canonical_price_differs
1701,130740,2026-09-01,canonical_price_differs
1702,131030,2026-09-01,canonical_price_differs
1703,131090,2026-09-01,canonical_price_differs
1704,131100,2026-09-01,canonical_price_differs
1705,131180,2026-09-01,canonical_price_differs
1706,131220,2026-09-01,canonical_price_differs
1707,131290,2026-09-01,canonical_price_differs
1708,131370,2026-09-01,canonical_price_differs
1709,131400,2026-09-01,canonical_price_differs
1710,131760,2026-09-01,canonical_price_differs
1711,131970,2026-09-01,canonical_price_differs
1712,133750,2026-09-01,canonical_price_differs
1714,134060,2026-09-01,canonical_price_differs
1718,136150,2026-09-01,canonical_price_differs
1719,136410,2026-09-01,canonical_price_differs
1720,136480,2026-09-01,canonical_price_differs
1722,136540,2026-09-01,canonical_price_differs
1723,137080,2026-09-01,canonical_price_differs
1725,137400,2026-09-01,canonical_price_differs
1726,137940,2026-09-01,canonical_price_differs
1727,137950,2026-09-01,canonical_price_differs
1729,138070,2026-09-01,canonical_price_differs
1730,138080,2026-09-01,canonical_price_differs
1731,138360,2026-09-01,canonical_price_differs
1732,138610,2026-09-01,canonical_price_differs
1736,139670,2026-09-01,canonical_price_differs
1738,140070,2026-09-01,canonical_price_differs
1739,140410,2026-09-01,canonical_price_differs
1740,140430,2026-09-01,canonical_price_differs
1741,140520,2026-09-01,canonical_price_differs
1742,140670,2026-09-01,canonical_price_differs
1743,140860,2026-09-01,canonical_price_differs
1744,141000,2026-09-01,canonical_price_differs
1745,141080,2026-09-01,canonical_price_differs
1746,142210,2026-09-01,canonical_price_differs
1747,142280,2026-09-01,canonical_price_differs
1748,142760,2026-09-01,canonical_price_differs
1749,143160,2026-09-01,canonical_price_differs
1751,143240,2026-09-01,canonical_price_differs
1752,143540,2026-09-01,canonical_price_differs
1753,144510,2026-09-01,canonical_price_differs
1754,144960,2026-09-01,canonical_price_differs
1755,145020,2026-09-01,canonical_price_differs
1756,145170,2026-09-01,canonical_price_differs
1762,146060,2026-09-01,canonical_price_differs
1763,146320,2026-09-01,canonical_price_differs
1764,147760,2026-09-01,canonical_price_differs
1765,147830,2026-09-01,canonical_price_differs
1766,148150,2026-09-01,canonical_price_differs
1767,148250,2026-09-01,canonical_price_differs
1768,148780,2026-09-01,canonical_price_differs
1769,148930,2026-09-01,canonical_price_differs
1770,149950,2026-09-01,canonical_price_differs
1771,149980,2026-09-01,canonical_price_differs
1772,150900,2026-09-01,canonical_price_differs
1773,151860,2026-09-01,canonical_price_differs
1774,153460,2026-09-01,canonical_price_differs
1775,153490,2026-09-01,canonical_price_differs
1776,153710,2026-09-01,canonical_price_differs
1777,153890,2026-09-01,canonical_price_differs
1778,154030,2026-09-01,canonical_price_differs
1779,154040,2026-09-01,canonical_price_differs
1780,155650,2026-09-01,canonical_price_differs
1784,159010,2026-09-01,canonical_price_differs
1785,159580,2026-09-01,canonical_price_differs
1787,160190,2026-09-01,canonical_price_differs
1788,160550,2026-09-01,canonical_price_differs
1789,160980,2026-09-01,canonical_price_differs
1792,161580,2026-09-01,canonical_price_differs
1794,162300,2026-09-01,canonical_price_differs
1795,163280,2026-09-01,canonical_price_differs
1797,163730,2026-09-01,canonical_price_differs
1798,166090,2026-09-01,canonical_price_differs
1799,166480,2026-09-01,canonical_price_differs
1800,168330,2026-09-01,canonical_price_differs
1801,168360,2026-09-01,canonical_price_differs
1802,169330,2026-09-01,canonical_price_differs
1803,170030,2026-09-01,canonical_price_differs
1804,170790,2026-09-01,canonical_price_differs
1806,170920,2026-09-01,canonical_price_differs
1807,171010,2026-09-01,canonical_price_differs
1808,171090,2026-09-01,canonical_price_differs
1809,171120,2026-09-01,canonical_price_differs
1810,172670,2026-09-01,canonical_price_differs
1811,173130,2026-09-01,canonical_price_differs
1812,173940,2026-09-01,canonical_price_differs
1813,174900,2026-09-01,canonical_price_differs
1814,175140,2026-09-01,canonical_price_differs
1817,176750,2026-09-01,canonical_price_differs
1818,177350,2026-09-01,canonical_price_differs
1819,177830,2026-09-01,canonical_price_differs
1820,177900,2026-09-01,canonical_price_differs
1821,178320,2026-09-01,canonical_price_differs
1822,178780,2026-09-01,canonical_price_differs
1824,179290,2026-09-01,canonical_price_differs
1825,179530,2026-09-01,canonical_price_differs
1826,179900,2026-09-01,canonical_price_differs
1827,180400,2026-09-01,canonical_price_differs
1831,182360,2026-09-01,canonical_price_differs
1834,183300,2026-09-01,canonical_price_differs
1836,184230,2026-09-01,canonical_price_differs
1837,185490,2026-09-01,canonical_price_differs
1839,186230,2026-09-01,canonical_price_differs
1840,187220,2026-09-01,canonical_price_differs
1841,187270,2026-09-01,canonical_price_differs
1842,187420,2026-09-01,canonical_price_differs
1844,187790,2026-09-01,canonical_price_differs
1845,187870,2026-09-01,canonical_price_differs
1846,188040,2026-09-01,canonical_price_differs
1847,188260,2026-09-01,canonical_price_differs
1848,189300,2026-09-01,canonical_price_differs
1849,189330,2026-09-01,canonical_price_differs
1850,189690,2026-09-01,canonical_price_differs
1852,189980,2026-09-01,canonical_price_differs
1853,190510,2026-09-01,canonical_price_differs
1854,190650,2026-09-01,canonical_price_differs
1855,191410,2026-09-01,canonical_price_differs
1856,191420,2026-09-01,canonical_price_differs
1858,192250,2026-09-01,canonical_price_differs
1859,192390,2026-09-01,canonical_price_differs
1861,192410,2026-09-01,canonical_price_differs
1862,192440,2026-09-01,canonical_price_differs
1865,193250,2026-09-01,canonical_price_differs
1867,194480,2026-09-01,canonical_price_differs
1868,194700,2026-09-01,canonical_price_differs
1869,195500,2026-09-01,canonical_price_differs
1871,195940,2026-09-01,canonical_price_differs
1872,195990,2026-09-01,canonical_price_differs
1873,196170,2026-09-01,canonical_price_differs
1874,196300,2026-09-01,canonical_price_differs
1875,196450,2026-09-01,canonical_price_differs
1877,196700,2026-09-01,canonical_price_differs
1878,197140,2026-09-01,canonical_price_differs
1879,198080,2026-09-01,canonical_price_differs
1880,198440,2026-09-01,canonical_price_differs
1881,198940,2026-09-01,canonical_price_differs
1882,199430,2026-09-01,canonical_price_differs
1883,199480,2026-09-01,canonical_price_differs
1884,199550,2026-09-01,canonical_price_differs
1885,199730,2026-09-01,canonical_price_differs
1886,199800,2026-09-01,canonical_price_differs
1887,199820,2026-09-01,canonical_price_differs
1888,200130,2026-09-01,canonical_price_differs
1889,200230,2026-09-01,canonical_price_differs
1890,200350,2026-09-01,canonical_price_differs
1891,200470,2026-09-01,canonical_price_differs
1892,200670,2026-09-01,canonical_price_differs
1893,200710,2026-09-01,canonical_price_differs
1894,200780,2026-09-01,canonical_price_differs
1896,201490,2026-09-01,canonical_price_differs
1898,203450,2026-09-01,canonical_price_differs
1899,203650,2026-09-01,canonical_price_differs
1900,204020,2026-09-01,canonical_price_differs
1901,204270,2026-09-01,canonical_price_differs
1903,204610,2026-09-01,canonical_price_differs
1904,204620,2026-09-01,canonical_price_differs
1905,204840,2026-09-01,canonical_price_differs
1906,205100,2026-09-01,canonical_price_differs
1907,205470,2026-09-01,canonical_price_differs
1908,205500,2026-09-01,canonical_price_differs
1911,206640,2026-09-01,canonical_price_differs
1912,206650,2026-09-01,canonical_price_differs
1915,208140,2026-09-01,canonical_price_differs
1916,208350,2026-09-01,canonical_price_differs
1917,208370,2026-09-01,canonical_price_differs
1918,208640,2026-09-01,canonical_price_differs
1919,208710,2026-09-01,canonical_price_differs
1920,208860,2026-09-01,canonical_price_differs
1921,209640,2026-09-01,canonical_price_differs
1922,210120,2026-09-01,canonical_price_differs
1926,211270,2026-09-01,canonical_price_differs
1928,212710,2026-09-01,canonical_price_differs
1929,213420,2026-09-01,canonical_price_differs
1931,214150,2026-09-01,canonical_price_differs
1932,214180,2026-09-01,canonical_price_differs
1933,214260,2026-09-01,canonical_price_differs
1934,214270,2026-09-01,canonical_price_differs
1940,214430,2026-09-01,canonical_price_differs
1941,214450,2026-09-01,canonical_price_differs
1943,214680,2026-09-01,canonical_price_differs
1944,215000,2026-09-01,canonical_price_differs
1945,215090,2026-09-01,canonical_price_differs
1946,215100,2026-09-01,canonical_price_differs
1947,215200,2026-09-01,canonical_price_differs
1948,215360,2026-09-01,canonical_price_differs
1949,215380,2026-09-01,canonical_price_differs
1950,215480,2026-09-01,canonical_price_differs
1951,215600,2026-09-01,canonical_price_differs
1952,215790,2026-09-01,canonical_price_differs
1953,216050,2026-09-01,canonical_price_differs
1954,216080,2026-09-01,canonical_price_differs
1955,217190,2026-09-01,canonical_price_differs
1956,217270,2026-09-01,canonical_price_differs
1957,217330,2026-09-01,canonical_price_differs
1959,217500,2026-09-01,canonical_price_differs
1961,217730,2026-09-01,canonical_price_differs
1963,218150,2026-09-01,canonical_price_differs
1964,218410,2026-09-01,canonical_price_differs
1965,219130,2026-09-01,canonical_price_differs
1966,219420,2026-09-01,canonical_price_differs
1967,219550,2026-09-01,canonical_price_differs
1968,219750,2026-09-01,canonical_price_differs
1969,220100,2026-09-01,canonical_price_differs
1970,220180,2026-09-01,canonical_price_differs
1971,220260,2026-09-01,canonical_price_differs
1972,221800,2026-09-01,canonical_price_differs
1973,221840,2026-09-01,canonical_price_differs
1974,221980,2026-09-01,canonical_price_differs
1975,222040,2026-09-01,canonical_price_differs
1976,222080,2026-09-01,canonical_price_differs
1977,222110,2026-09-01,canonical_price_differs
1978,222420,2026-09-01,canonical_price_differs
1979,222800,2026-09-01,canonical_price_differs
1980,222980,2026-09-01,canonical_price_differs
1981,223250,2026-09-01,canonical_price_differs
1983,224060,2026-09-01,canonical_price_differs
1984,224110,2026-09-01,canonical_price_differs
1986,225220,2026-09-01,canonical_price_differs
1987,225430,2026-09-01,canonical_price_differs
1988,225530,2026-09-01,canonical_price_differs
1989,225570,2026-09-01,canonical_price_differs
1990,225590,2026-09-01,canonical_price_differs
1992,226330,2026-09-01,canonical_price_differs
1993,226340,2026-09-01,canonical_price_differs
1994,226400,2026-09-01,canonical_price_differs
1995,226590,2026-09-01,canonical_price_differs
1996,226950,2026-09-01,canonical_price_differs
1997,227610,2026-09-01,canonical_price_differs
1999,227950,2026-09-01,canonical_price_differs
2000,228340,2026-09-01,canonical_price_differs
2001,228670,2026-09-01,canonical_price_differs
2002,228760,2026-09-01,canonical_price_differs
2003,228850,2026-09-01,canonical_price_differs
2004,229000,2026-09-01,canonical_price_differs
2006,230240,2026-09-01,canonical_price_differs
2007,232140,2026-09-01,canonical_price_differs
2008,232680,2026-09-01,canonical_price_differs
2010,234030,2026-09-01,canonical_price_differs
2012,234100,2026-09-01,canonical_price_differs
2013,234300,2026-09-01,canonical_price_differs
2014,234340,2026-09-01,canonical_price_differs
2015,234690,2026-09-01,canonical_price_differs
2017,235980,2026-09-01,canonical_price_differs
2018,236200,2026-09-01,canonical_price_differs
2019,236810,2026-09-01,canonical_price_differs
2020,237690,2026-09-01,canonical_price_differs
2021,237750,2026-09-01,canonical_price_differs
2022,237820,2026-09-01,canonical_price_differs
2023,237880,2026-09-01,canonical_price_differs
2024,238090,2026-09-01,canonical_price_differs
2025,238120,2026-09-01,canonical_price_differs
2026,238200,2026-09-01,canonical_price_differs
2027,238490,2026-09-01,canonical_price_differs
2029,239610,2026-09-01,canonical_price_differs
2030,239890,2026-09-01,canonical_price_differs
2031,240550,2026-09-01,canonical_price_differs
2032,240600,2026-09-01,canonical_price_differs
2033,240810,2026-09-01,canonical_price_differs
2034,241520,2026-09-01,canonical_price_differs
2037,241690,2026-09-01,canonical_price_differs
2038,241710,2026-09-01,canonical_price_differs
2039,241770,2026-09-01,canonical_price_differs
2040,241790,2026-09-01,canonical_price_differs
2042,241840,2026-09-01,canonical_price_differs
2043,242040,2026-09-01,canonical_price_differs
2044,243070,2026-09-01,canonical_price_differs
2050,246690,2026-09-01,canonical_price_differs
2051,246710,2026-09-01,canonical_price_differs
2053,246960,2026-09-01,canonical_price_differs
2054,247540,2026-09-01,canonical_price_differs
2055,247660,2026-09-01,canonical_price_differs
2059,250000,2026-09-01,canonical_price_differs
2060,250060,2026-09-01,canonical_price_differs
2061,250930,2026-09-01,canonical_price_differs
2062,251120,2026-09-01,canonical_price_differs
2064,251370,2026-09-01,canonical_price_differs
2065,251630,2026-09-01,canonical_price_differs
2066,251970,2026-09-01,canonical_price_differs
2067,252500,2026-09-01,canonical_price_differs
2068,252990,2026-09-01,canonical_price_differs
2069,253450,2026-09-01,canonical_price_differs
2070,253590,2026-09-01,canonical_price_differs
2071,253840,2026-09-01,canonical_price_differs
2072,254120,2026-09-01,canonical_price_differs
2073,254490,2026-09-01,canonical_price_differs
2074,255220,2026-09-01,canonical_price_differs
2075,255440,2026-09-01,canonical_price_differs
2076,256150,2026-09-01,canonical_price_differs
2077,256630,2026-09-01,canonical_price_differs
2078,256840,2026-09-01,canonical_price_differs
2079,256940,2026-09-01,canonical_price_differs
2080,257370,2026-09-01,canonical_price_differs
2081,257720,2026-09-01,canonical_price_differs
2082,258610,2026-09-01,canonical_price_differs
2083,258790,2026-09-01,canonical_price_differs
2085,259630,2026-09-01,canonical_price_differs
2087,260660,2026-09-01,canonical_price_differs
2088,260930,2026-09-01,canonical_price_differs
2089,260970,2026-09-01,canonical_price_differs
2090,261200,2026-09-01,canonical_price_differs
2091,261520,2026-09-01,canonical_price_differs
2092,261780,2026-09-01,canonical_price_differs
2093,262260,2026-09-01,canonical_price_differs
2094,262840,2026-09-01,canonical_price_differs
2095,263020,2026-09-01,canonical_price_differs
2097,263600,2026-09-01,canonical_price_differs
2098,263690,2026-09-01,canonical_price_differs
2099,263700,2026-09-01,canonical_price_differs
2100,263720,2026-09-01,canonical_price_differs
2101,263750,2026-09-01,canonical_price_differs
2102,263770,2026-09-01,canonical_price_differs
2103,263800,2026-09-01,canonical_price_differs
2104,263810,2026-09-01,canonical_price_differs
2105,263860,2026-09-01,canonical_price_differs
2106,263920,2026-09-01,canonical_price_differs
2107,264450,2026-09-01,canonical_price_differs
2108,264660,2026-09-01,canonical_price_differs
2109,264850,2026-09-01,canonical_price_differs
2112,265520,2026-09-01,canonical_price_differs
2113,265560,2026-09-01,canonical_price_differs
2114,265740,2026-09-01,canonical_price_differs
2119,267320,2026-09-01,canonical_price_differs
2120,267790,2026-09-01,canonical_price_differs
2122,267980,2026-09-01,canonical_price_differs
2125,270520,2026-09-01,canonical_price_differs
2126,270660,2026-09-01,canonical_price_differs
2127,270870,2026-09-01,canonical_price_differs
2129,271830,2026-09-01,canonical_price_differs
2132,272110,2026-09-01,canonical_price_differs
2134,272290,2026-09-01,canonical_price_differs
2137,273060,2026-09-01,canonical_price_differs
2138,273640,2026-09-01,canonical_price_differs
2139,274090,2026-09-01,canonical_price_differs
2140,274400,2026-09-01,canonical_price_differs
2141,275630,2026-09-01,canonical_price_differs
2144,277070,2026-09-01,canonical_price_differs
2145,277410,2026-09-01,canonical_price_differs
2146,277810,2026-09-01,canonical_price_differs
2147,277880,2026-09-01,canonical_price_differs
2148,278280,2026-09-01,canonical_price_differs
2150,278650,2026-09-01,canonical_price_differs
2152,279600,2026-09-01,canonical_price_differs
2154,281740,2026-09-01,canonical_price_differs
2157,282720,2026-09-01,canonical_price_differs
2158,282880,2026-09-01,canonical_price_differs
2163,285490,2026-09-01,canonical_price_differs
2164,285800,2026-09-01,canonical_price_differs
2165,286750,2026-09-01,canonical_price_differs
2167,287840,2026-09-01,canonical_price_differs
2168,288180,2026-09-01,canonical_price_differs
2170,288620,2026-09-01,canonical_price_differs
2171,288980,2026-09-01,canonical_price_differs
2172,289010,2026-09-01,canonical_price_differs
2173,289080,2026-09-01,canonical_price_differs
2174,289220,2026-09-01,canonical_price_differs
2175,289930,2026-09-01,canonical_price_differs
2176,290090,2026-09-01,canonical_price_differs
2177,290120,2026-09-01,canonical_price_differs
2178,290270,2026-09-01,canonical_price_differs
2179,290520,2026-09-01,canonical_price_differs
2180,290550,2026-09-01,canonical_price_differs
2181,290560,2026-09-01,canonical_price_differs
2182,290650,2026-09-01,canonical_price_differs
2183,290660,2026-09-01,canonical_price_differs
2184,290670,2026-09-01,canonical_price_differs
2186,290720,2026-09-01,canonical_price_differs
2187,290740,2026-09-01,canonical_price_differs
2188,291230,2026-09-01,canonical_price_differs
2189,291650,2026-09-01,canonical_price_differs
2190,291810,2026-09-01,canonical_price_differs
2192,293490,2026-09-01,canonical_price_differs
2194,293780,2026-09-01,canonical_price_differs
2197,294140,2026-09-01,canonical_price_differs
2198,294570,2026-09-01,canonical_price_differs
2199,294630,2026-09-01,canonical_price_differs
2201,295310,2026-09-01,canonical_price_differs
2202,296640,2026-09-01,canonical_price_differs
2203,297090,2026-09-01,canonical_price_differs
2204,297570,2026-09-01,canonical_price_differs
2205,297890,2026-09-01,canonical_price_differs
2210,298060,2026-09-01,canonical_price_differs
2211,298380,2026-09-01,canonical_price_differs
2212,298540,2026-09-01,canonical_price_differs
2214,298830,2026-09-01,canonical_price_differs
2215,299030,2026-09-01,canonical_price_differs
2216,299170,2026-09-01,canonical_price_differs
2217,299660,2026-09-01,canonical_price_differs
2218,300080,2026-09-01,canonical_price_differs
2221,301300,2026-09-01,canonical_price_differs
2222,302430,2026-09-01,canonical_price_differs
2225,303030,2026-09-01,canonical_price_differs
2226,303360,2026-09-01,canonical_price_differs
2227,303530,2026-09-01,canonical_price_differs
2228,303810,2026-09-01,canonical_price_differs
2229,304100,2026-09-01,canonical_price_differs
2230,304360,2026-09-01,canonical_price_differs
2232,305090,2026-09-01,canonical_price_differs
2233,306040,2026-09-01,canonical_price_differs
2235,306620,2026-09-01,canonical_price_differs
2236,307180,2026-09-01,canonical_price_differs
2237,307280,2026-09-01,canonical_price_differs
2238,307750,2026-09-01,canonical_price_differs
2239,307870,2026-09-01,canonical_price_differs
2240,307930,2026-09-01,canonical_price_differs
2242,308080,2026-09-01,canonical_price_differs
2243,308100,2026-09-01,canonical_price_differs
2245,308430,2026-09-01,canonical_price_differs
2247,309930,2026-09-01,canonical_price_differs
2248,309960,2026-09-01,canonical_price_differs
2249,310200,2026-09-01,canonical_price_differs
2250,310210,2026-09-01,canonical_price_differs
2251,310870,2026-09-01,canonical_price_differs
2252,311320,2026-09-01,canonical_price_differs
2253,311390,2026-09-01,canonical_price_differs
2254,311690,2026-09-01,canonical_price_differs
2255,312610,2026-09-01,canonical_price_differs
2257,314130,2026-09-01,canonical_price_differs
2258,314140,2026-09-01,canonical_price_differs
2259,314930,2026-09-01,canonical_price_differs
2260,315640,2026-09-01,canonical_price_differs
2262,317120,2026-09-01,canonical_price_differs
2263,317240,2026-09-01,canonical_price_differs
2264,317330,2026-09-01,canonical_price_differs
2267,317530,2026-09-01,canonical_price_differs
2268,317690,2026-09-01,canonical_price_differs
2269,317770,2026-09-01,canonical_price_differs
2270,317830,2026-09-01,canonical_price_differs
2271,317850,2026-09-01,canonical_price_differs
2272,317870,2026-09-01,canonical_price_differs
2273,318000,2026-09-01,canonical_price_differs
2274,318010,2026-09-01,canonical_price_differs
2275,318020,2026-09-01,canonical_price_differs
2276,318060,2026-09-01,canonical_price_differs
2277,318160,2026-09-01,canonical_price_differs
2278,318410,2026-09-01,canonical_price_differs
2279,319400,2026-09-01,canonical_price_differs
2280,319660,2026-09-01,canonical_price_differs
2281,320000,2026-09-01,canonical_price_differs
2282,321260,2026-09-01,canonical_price_differs
2284,321550,2026-09-01,canonical_price_differs
2285,321820,2026-09-01,canonical_price_differs
2287,322180,2026-09-01,canonical_price_differs
2288,322310,2026-09-01,canonical_price_differs
2289,322510,2026-09-01,canonical_price_differs
2290,322780,2026-09-01,canonical_price_differs
2291,323280,2026-09-01,canonical_price_differs
2296,327260,2026-09-01,canonical_price_differs
2297,328130,2026-09-01,canonical_price_differs
2298,328380,2026-09-01,canonical_price_differs
2300,330350,2026-09-01,canonical_price_differs
2302,330730,2026-09-01,canonical_price_differs
2303,330860,2026-09-01,canonical_price_differs
2304,331380,2026-09-01,canonical_price_differs
2305,331520,2026-09-01,canonical_price_differs
2306,331740,2026-09-01,canonical_price_differs
2307,331920,2026-09-01,canonical_price_differs
2308,332290,2026-09-01,canonical_price_differs
2309,332370,2026-09-01,canonical_price_differs
2310,332570,2026-09-01,canonical_price_differs
2311,333050,2026-09-01,canonical_price_differs
2312,333430,2026-09-01,canonical_price_differs
2313,333620,2026-09-01,canonical_price_differs
2315,334970,2026-09-01,canonical_price_differs
2316,335810,2026-09-01,canonical_price_differs
2317,335870,2026-09-01,canonical_price_differs
2318,336060,2026-09-01,canonical_price_differs
2325,336570,2026-09-01,canonical_price_differs
2326,336680,2026-09-01,canonical_price_differs
2327,337930,2026-09-01,canonical_price_differs
2329,338220,2026-09-01,canonical_price_differs
2330,338840,2026-09-01,canonical_price_differs
2332,339950,2026-09-01,canonical_price_differs
2333,340360,2026-09-01,canonical_price_differs
2334,340440,2026-09-01,canonical_price_differs
2335,340450,2026-09-01,canonical_price_differs
2336,340570,2026-09-01,canonical_price_differs
2337,340810,2026-09-01,canonical_price_differs
2339,342870,2026-09-01,canonical_price_differs
2341,344860,2026-09-01,canonical_price_differs
2342,347000,2026-09-01,canonical_price_differs
2343,347700,2026-09-01,canonical_price_differs
2344,347740,2026-09-01,canonical_price_differs
2345,347770,2026-09-01,canonical_price_differs
2346,347850,2026-09-01,canonical_price_differs
2347,347860,2026-09-01,canonical_price_differs
2348,347890,2026-09-01,canonical_price_differs
2349,348030,2026-09-01,canonical_price_differs
2351,348150,2026-09-01,canonical_price_differs
2352,348210,2026-09-01,canonical_price_differs
2353,348340,2026-09-01,canonical_price_differs
2354,348350,2026-09-01,canonical_price_differs
2355,348370,2026-09-01,canonical_price_differs
2358,351320,2026-09-01,canonical_price_differs
2359,351330,2026-09-01,canonical_price_differs
2360,351870,2026-09-01,canonical_price_differs
2361,352090,2026-09-01,canonical_price_differs
2362,352480,2026-09-01,canonical_price_differs
2363,352700,2026-09-01,canonical_price_differs
2366,352910,2026-09-01,canonical_price_differs
2367,352940,2026-09-01,canonical_price_differs
2368,353190,2026-09-01,canonical_price_differs
2371,353590,2026-09-01,canonical_price_differs
2372,353810,2026-09-01,canonical_price_differs
2373,354200,2026-09-01,canonical_price_differs
2374,354320,2026-09-01,canonical_price_differs
2376,355390,2026-09-01,canonical_price_differs
2377,355690,2026-09-01,canonical_price_differs
2378,356680,2026-09-01,canonical_price_differs
2379,356860,2026-09-01,canonical_price_differs
2380,356890,2026-09-01,canonical_price_differs
2382,357230,2026-09-01,canonical_price_differs
2385,357550,2026-09-01,canonical_price_differs
2386,357580,2026-09-01,canonical_price_differs
2387,357780,2026-09-01,canonical_price_differs
2388,357880,2026-09-01,canonical_price_differs
2389,358570,2026-09-01,canonical_price_differs
2390,359090,2026-09-01,canonical_price_differs
2391,360070,2026-09-01,canonical_price_differs
2392,360350,2026-09-01,canonical_price_differs
2393,361390,2026-09-01,canonical_price_differs
2394,361570,2026-09-01,canonical_price_differs
2396,361670,2026-09-01,canonical_price_differs
2397,362320,2026-09-01,canonical_price_differs
2398,362990,2026-09-01,canonical_price_differs
2399,363250,2026-09-01,canonical_price_differs
2400,363260,2026-09-01,canonical_price_differs
2403,364950,2026-09-01,canonical_price_differs
2404,365270,2026-09-01,canonical_price_differs
2405,365330,2026-09-01,canonical_price_differs
2406,365340,2026-09-01,canonical_price_differs
2409,365660,2026-09-01,canonical_price_differs
2410,365900,2026-09-01,canonical_price_differs
2411,366030,2026-09-01,canonical_price_differs
2412,367000,2026-09-01,canonical_price_differs
2413,368600,2026-09-01,canonical_price_differs
2414,368770,2026-09-01,canonical_price_differs
2415,368970,2026-09-01,canonical_price_differs
2416,369370,2026-09-01,canonical_price_differs
2417,370090,2026-09-01,canonical_price_differs
2418,371950,2026-09-01,canonical_price_differs
2419,372170,2026-09-01,canonical_price_differs
2420,372320,2026-09-01,canonical_price_differs
2421,372800,2026-09-01,canonical_price_differs
2423,373110,2026-09-01,canonical_price_differs
2424,373160,2026-09-01,canonical_price_differs
2425,373170,2026-09-01,canonical_price_differs
2426,373200,2026-09-01,canonical_price_differs
2431,376180,2026-09-01,canonical_price_differs
2432,376270,2026-09-01,canonical_price_differs
2433,376290,2026-09-01,canonical_price_differs
2434,376300,2026-09-01,canonical_price_differs
2435,376900,2026-09-01,canonical_price_differs
2436,376930,2026-09-01,canonical_price_differs
2437,376980,2026-09-01,canonical_price_differs
2438,377030,2026-09-01,canonical_price_differs
2440,377220,2026-09-01,canonical_price_differs
2442,377330,2026-09-01,canonical_price_differs
2443,377450,2026-09-01,canonical_price_differs
2445,377480,2026-09-01,canonical_price_differs
2447,378340,2026-09-01,canonical_price_differs
2448,378800,2026-09-01,canonical_price_differs
2451,380550,2026-09-01,canonical_price_differs
2452,381620,2026-09-01,canonical_price_differs
2454,382150,2026-09-01,canonical_price_differs
2455,382480,2026-09-01,canonical_price_differs
2456,382800,2026-09-01,canonical_price_differs
2457,382840,2026-09-01,canonical_price_differs
2458,382900,2026-09-01,canonical_price_differs
2460,383310,2026-09-01,canonical_price_differs
2463,383930,2026-09-01,canonical_price_differs
2464,384470,2026-09-01,canonical_price_differs
2465,387570,2026-09-01,canonical_price_differs
2466,387690,2026-09-01,canonical_price_differs
2467,388050,2026-09-01,canonical_price_differs
2468,388210,2026-09-01,canonical_price_differs
2469,388610,2026-09-01,canonical_price_differs
2470,388720,2026-09-01,canonical_price_differs
2471,388790,2026-09-01,canonical_price_differs
2472,388870,2026-09-01,canonical_price_differs
2473,389020,2026-09-01,canonical_price_differs
2474,389030,2026-09-01,canonical_price_differs
2475,389140,2026-09-01,canonical_price_differs
2476,389260,2026-09-01,canonical_price_differs
2477,389470,2026-09-01,canonical_price_differs
2478,389500,2026-09-01,canonical_price_differs
2479,389650,2026-09-01,canonical_price_differs
2480,389680,2026-09-01,canonical_price_differs
2481,391710,2026-09-01,canonical_price_differs
2482,393210,2026-09-01,canonical_price_differs
2483,393890,2026-09-01,canonical_price_differs
2485,394280,2026-09-01,canonical_price_differs
2486,394420,2026-09-01,canonical_price_differs
2487,394800,2026-09-01,canonical_price_differs
2489,396270,2026-09-01,canonical_price_differs
2490,396300,2026-09-01,canonical_price_differs
2491,396470,2026-09-01,canonical_price_differs
2493,397030,2026-09-01,canonical_price_differs
2494,397810,2026-09-01,canonical_price_differs
2495,398120,2026-09-01,canonical_price_differs
2496,399720,2026-09-01,canonical_price_differs
2498,402030,2026-09-01,canonical_price_differs
2500,402490,2026-09-01,canonical_price_differs
2501,403490,2026-09-01,canonical_price_differs
2503,403850,2026-09-01,canonical_price_differs
2504,403870,2026-09-01,canonical_price_differs
2506,405000,2026-09-01,canonical_price_differs
2507,405100,2026-09-01,canonical_price_differs
2508,405920,2026-09-01,canonical_price_differs
2509,406820,2026-09-01,canonical_price_differs
2510,407400,2026-09-01,canonical_price_differs
2511,408470,2026-09-01,canonical_price_differs
2512,408900,2026-09-01,canonical_price_differs
2513,408920,2026-09-01,canonical_price_differs
2514,411080,2026-09-01,canonical_price_differs
2515,412350,2026-09-01,canonical_price_differs
2517,413390,2026-09-01,canonical_price_differs
2518,413630,2026-09-01,canonical_price_differs
2519,413640,2026-09-01,canonical_price_differs
2520,415380,2026-09-01,canonical_price_differs
2522,416180,2026-09-01,canonical_price_differs
2523,417010,2026-09-01,canonical_price_differs
2524,417180,2026-09-01,canonical_price_differs
2525,417200,2026-09-01,canonical_price_differs
2527,417500,2026-09-01,canonical_price_differs
2528,417790,2026-09-01,canonical_price_differs
2529,417840,2026-09-01,canonical_price_differs
2530,417860,2026-09-01,canonical_price_differs
2531,417970,2026-09-01,canonical_price_differs
2533,418420,2026-09-01,canonical_price_differs
2534,418470,2026-09-01,canonical_price_differs
2535,418550,2026-09-01,canonical_price_differs
2536,418620,2026-09-01,canonical_price_differs
2537,419050,2026-09-01,canonical_price_differs
2538,419080,2026-09-01,canonical_price_differs
2539,419120,2026-09-01,canonical_price_differs
2540,419530,2026-09-01,canonical_price_differs
2541,419540,2026-09-01,canonical_price_differs
2542,420570,2026-09-01,canonical_price_differs
2543,420770,2026-09-01,canonical_price_differs
2544,424760,2026-09-01,canonical_price_differs
2545,424870,2026-09-01,canonical_price_differs
2546,424960,2026-09-01,canonical_price_differs
2547,424980,2026-09-01,canonical_price_differs
2548,425040,2026-09-01,canonical_price_differs
2549,425420,2026-09-01,canonical_price_differs
2550,429270,2026-09-01,canonical_price_differs
2551,430690,2026-09-01,canonical_price_differs
2552,431190,2026-09-01,canonical_price_differs
2554,432430,2026-09-01,canonical_price_differs
2555,432470,2026-09-01,canonical_price_differs
2556,432720,2026-09-01,canonical_price_differs
2557,432980,2026-09-01,canonical_price_differs
2558,434480,2026-09-01,canonical_price_differs
2559,435570,2026-09-01,canonical_price_differs
2560,437730,2026-09-01,canonical_price_differs
2561,438700,2026-09-01,canonical_price_differs
2562,439090,2026-09-01,canonical_price_differs
2564,439580,2026-09-01,canonical_price_differs
2565,439960,2026-09-01,canonical_price_differs
2566,440110,2026-09-01,canonical_price_differs
2567,440290,2026-09-01,canonical_price_differs
2568,440320,2026-09-01,canonical_price_differs
2569,441270,2026-09-01,canonical_price_differs
2571,443250,2026-09-01,canonical_price_differs
2572,443670,2026-09-01,canonical_price_differs
2573,444530,2026-09-01,canonical_price_differs
2574,445090,2026-09-01,canonical_price_differs
2575,445180,2026-09-01,canonical_price_differs
2576,445680,2026-09-01,canonical_price_differs
2578,446540,2026-09-01,canonical_price_differs
2579,446840,2026-09-01,canonical_price_differs
2580,448280,2026-09-01,canonical_price_differs
2581,448710,2026-09-01,canonical_price_differs
2583,448900,2026-09-01,canonical_price_differs
2585,450330,2026-09-01,canonical_price_differs
2586,450520,2026-09-01,canonical_price_differs
2587,450950,2026-09-01,canonical_price_differs
2588,451220,2026-09-01,canonical_price_differs
2589,451250,2026-09-01,canonical_price_differs
2590,451760,2026-09-01,canonical_price_differs
2592,452160,2026-09-01,canonical_price_differs
2593,452190,2026-09-01,canonical_price_differs
2594,452200,2026-09-01,canonical_price_differs
2597,452280,2026-09-01,canonical_price_differs
2598,452300,2026-09-01,canonical_price_differs
2599,452400,2026-09-01,canonical_price_differs
2600,452430,2026-09-01,canonical_price_differs
2601,452450,2026-09-01,canonical_price_differs
2603,453450,2026-09-01,canonical_price_differs
2604,453860,2026-09-01,canonical_price_differs
2606,455180,2026-09-01,canonical_price_differs
2607,455900,2026-09-01,canonical_price_differs
2608,456010,2026-09-01,canonical_price_differs
2610,456070,2026-09-01,canonical_price_differs
2611,456160,2026-09-01,canonical_price_differs
2614,457550,2026-09-01,canonical_price_differs
2615,457600,2026-09-01,canonical_price_differs
2616,458350,2026-09-01,canonical_price_differs
2617,458650,2026-09-01,canonical_price_differs
2618,458870,2026-09-01,canonical_price_differs
2619,459100,2026-09-01,canonical_price_differs
2620,459510,2026-09-01,canonical_price_differs
2622,460470,2026-09-01,canonical_price_differs
2625,460870,2026-09-01,canonical_price_differs
2626,460930,2026-09-01,canonical_price_differs
2627,460940,2026-09-01,canonical_price_differs
2628,461030,2026-09-01,canonical_price_differs
2629,461300,2026-09-01,canonical_price_differs
2630,462310,2026-09-01,canonical_price_differs
2631,462350,2026-09-01,canonical_price_differs
2632,462510,2026-09-01,canonical_price_differs
2634,462860,2026-09-01,canonical_price_differs
2636,462980,2026-09-01,canonical_price_differs
2637,463020,2026-09-01,canonical_price_differs
2638,463480,2026-09-01,canonical_price_differs
2639,464080,2026-09-01,canonical_price_differs
2640,464280,2026-09-01,canonical_price_differs
2641,464490,2026-09-01,canonical_price_differs
2642,464500,2026-09-01,canonical_price_differs
2643,464580,2026-09-01,canonical_price_differs
2644,465320,2026-09-01,canonical_price_differs
2645,465480,2026-09-01,canonical_price_differs
2647,466100,2026-09-01,canonical_price_differs
2648,466410,2026-09-01,canonical_price_differs
2649,466690,2026-09-01,canonical_price_differs
2650,468530,2026-09-01,canonical_price_differs
2653,469610,2026-09-01,canonical_price_differs
2654,469750,2026-09-01,canonical_price_differs
2655,469900,2026-09-01,canonical_price_differs
2657,471820,2026-09-01,canonical_price_differs
2661,473000,2026-09-01,canonical_price_differs
2662,473050,2026-09-01,canonical_price_differs
2664,473980,2026-09-01,canonical_price_differs
2665,474170,2026-09-01,canonical_price_differs
2666,474490,2026-09-01,canonical_price_differs
2667,474610,2026-09-01,canonical_price_differs
2668,474650,2026-09-01,canonical_price_differs
2669,474660,2026-09-01,canonical_price_differs
2671,475040,2026-09-01,canonical_price_differs
2673,475230,2026-09-01,canonical_price_differs
2674,475240,2026-09-01,canonical_price_differs
2675,475250,2026-09-01,canonical_price_differs
2676,475400,2026-09-01,canonical_price_differs
2677,475430,2026-09-01,canonical_price_differs
2678,475460,2026-09-01,canonical_price_differs
2680,475580,2026-09-01,canonical_price_differs
2681,475660,2026-09-01,canonical_price_differs
2682,475830,2026-09-01,canonical_price_differs
2683,475960,2026-09-01,canonical_price_differs
2684,476040,2026-09-01,canonical_price_differs
2685,476060,2026-09-01,canonical_price_differs
2686,476080,2026-09-01,canonical_price_differs
2687,476830,2026-09-01,canonical_price_differs
2688,477340,2026-09-01,canonical_price_differs
2689,477380,2026-09-01,canonical_price_differs
2691,477760,2026-09-01,canonical_price_differs
2692,477850,2026-09-01,canonical_price_differs
2693,478110,2026-09-01,canonical_price_differs
2694,478340,2026-09-01,canonical_price_differs
2695,478390,2026-09-01,canonical_price_differs
2696,478440,2026-09-01,canonical_price_differs
2697,478560,2026-09-01,canonical_price_differs
2698,479880,2026-09-01,canonical_price_differs
2699,479960,2026-09-01,canonical_price_differs
2701,481070,2026-09-01,canonical_price_differs
2703,481890,2026-09-01,canonical_price_differs
2704,482520,2026-09-01,canonical_price_differs
2705,482630,2026-09-01,canonical_price_differs
2707,482690,2026-09-01,canonical_price_differs
2708,483350,2026-09-01,canonical_price_differs
2710,484120,2026-09-01,canonical_price_differs
2711,484130,2026-09-01,canonical_price_differs
2712,484590,2026-09-01,canonical_price_differs
2713,484810,2026-09-01,canonical_price_differs
2715,486630,2026-09-01,canonical_price_differs
2716,486990,2026-09-01,canonical_price_differs
2717,487360,2026-09-01,canonical_price_differs
2718,487400,2026-09-01,canonical_price_differs
2720,487580,2026-09-01,canonical_price_differs
2721,487720,2026-09-01,canonical_price_differs
2723,488060,2026-09-01,canonical_price_differs
2724,488280,2026-09-01,canonical_price_differs
2725,488900,2026-09-01,canonical_price_differs
2726,489210,2026-09-01,canonical_price_differs
2727,489460,2026-09-01,canonical_price_differs
2728,489480,2026-09-01,canonical_price_differs
2729,489500,2026-09-01,canonical_price_differs
2730,489730,2026-09-01,canonical_price_differs
2732,490470,2026-09-01,canonical_price_differs
2733,491000,2026-09-01,canonical_price_differs
2734,492220,2026-09-01,canonical_price_differs
2735,493280,2026-09-01,canonical_price_differs
2736,493330,2026-09-01,canonical_price_differs
2737,493790,2026-09-01,canonical_price_differs
2738,494120,2026-09-01,canonical_price_differs
2739,496070,2026-09-01,canonical_price_differs
2764,282620,2026-09-01,canonical_price_differs
2765,417030,2026-09-01,canonical_price_differs
2766,0155E0,2026-09-01,canonical_price_differs
5,000080,2026-09-01,canonical_price_differs
56,000850,2026-09-01,canonical_price_differs
112,001560,2026-09-01,canonical_price_differs
126,001780,2026-09-01,canonical_price_differs
141,002150,2026-09-01,canonical_price_differs
164,002690,2026-09-01,canonical_price_differs
199,003220,2026-09-01,canonical_price_differs
227,003670,2026-09-01,canonical_price_differs
264,004440,2026-09-01,canonical_price_differs
284,004890,2026-09-01,canonical_price_differs
365,006650,2026-09-01,canonical_price_differs
372,006840,2026-09-01,canonical_price_differs
373,006880,2026-09-01,canonical_price_differs
374,006890,2026-09-01,canonical_price_differs
379,007070,2026-09-01,canonical_price_differs
399,007660,2026-09-01,canonical_price_differs
444,009240,2026-09-01,canonical_price_differs
459,009540,2026-09-01,canonical_price_differs
466,009770,2026-09-01,canonical_price_differs
473,009900,2026-09-01,canonical_price_differs
477,010040,2026-09-01,canonical_price_differs
487,010400,2026-09-01,canonical_price_differs
499,010960,2026-09-01,canonical_price_differs
502,011070,2026-09-01,canonical_price_differs
509,011210,2026-09-01,canonical_price_differs
518,011500,2026-09-01,canonical_price_differs
531,0120G0,2026-09-01,canonical_price_differs
532,012160,2026-09-01,canonical_price_differs
546,0126Z0,2026-09-01,canonical_price_differs
569,013870,2026-09-01,canonical_price_differs
570,013890,2026-09-01,canonical_price_differs
585,014710,2026-09-01,canonical_price_differs
589,014830,2026-09-01,canonical_price_differs
612,016450,2026-09-01,canonical_price_differs
620,016710,2026-09-01,canonical_price_differs
621,016740,2026-09-01,canonical_price_differs
628,017180,2026-09-01,canonical_price_differs
630,017370,2026-09-01,canonical_price_differs
639,017860,2026-09-01,canonical_price_differs
646,018250,2026-09-01,canonical_price_differs
647,018260,2026-09-01,canonical_price_differs
667,019680,2026-09-01,canonical_price_differs
673,020150,2026-09-01,canonical_price_differs
676,020560,2026-09-01,canonical_price_differs
683,021240,2026-09-01,canonical_price_differs
689,022100,2026-09-01,canonical_price_differs
691,023000,2026-09-01,canonical_price_differs
694,023350,2026-09-01,canonical_price_differs
698,023530,2026-09-01,canonical_price_differs
705,023810,2026-09-01,canonical_price_differs
711,024090,2026-09-01,canonical_price_differs
712,024110,2026-09-01,canonical_price_differs
714,024720,2026-09-01,canonical_price_differs
734,025750,2026-09-01,canonical_price_differs
748,026940,2026-09-01,canonical_price_differs
749,026960,2026-09-01,canonical_price_differs
753,027410,2026-09-01,canonical_price_differs
756,027740,2026-09-01,canonical_price_differs
761,028100,2026-09-01,canonical_price_differs
762,028260,2026-09-01,canonical_price_differs
765,028670,2026-09-01,canonical_price_differs
769,029780,2026-09-01,canonical_price_differs
771,030190,2026-09-01,canonical_price_differs
777,030610,2026-09-01,canonical_price_differs
780,031210,2026-09-01,canonical_price_differs
783,031430,2026-09-01,canonical_price_differs
792,032350,2026-09-01,canonical_price_differs
795,032560,2026-09-01,canonical_price_differs
798,032640,2026-09-01,canonical_price_differs
805,032830,2026-09-01,canonical_price_differs
817,033240,2026-09-01,canonical_price_differs
818,033250,2026-09-01,canonical_price_differs
819,033270,2026-09-01,canonical_price_differs
825,033530,2026-09-01,canonical_price_differs
829,033780,2026-09-01,canonical_price_differs
832,033920,2026-09-01,canonical_price_differs
833,034020,2026-09-01,canonical_price_differs
834,034120,2026-09-01,canonical_price_differs
835,034220,2026-09-01,canonical_price_differs
836,034230,2026-09-01,canonical_price_differs
837,034310,2026-09-01,canonical_price_differs
838,034590,2026-09-01,canonical_price_differs
839,034730,2026-09-01,canonical_price_differs
843,034830,2026-09-01,canonical_price_differs
846,035000,2026-09-01,canonical_price_differs
848,035150,2026-09-01,canonical_price_differs
850,035250,2026-09-01,canonical_price_differs
852,035420,2026-09-01,canonical_price_differs
854,035510,2026-09-01,canonical_price_differs
858,035720,2026-09-01,canonical_price_differs
872,036420,2026-09-01,canonical_price_differs
873,036460,2026-09-01,canonical_price_differs
875,036530,2026-09-01,canonical_price_differs
878,036570,2026-09-01,canonical_price_differs
879,036580,2026-09-01,canonical_price_differs
894,037270,2026-09-01,canonical_price_differs
901,037560,2026-09-01,canonical_price_differs
902,037710,2026-09-01,canonical_price_differs
923,039130,2026-09-01,canonical_price_differs
931,039490,2026-09-01,canonical_price_differs
933,039570,2026-09-01,canonical_price_differs
953,041650,2026-09-01,canonical_price_differs
968,042660,2026-09-01,canonical_price_differs
969,042700,2026-09-01,canonical_price_differs
986,044380,2026-09-01,canonical_price_differs
987,044450,2026-09-01,canonical_price_differs
991,044820,2026-09-01,canonical_price_differs
1012,047040,2026-09-01,canonical_price_differs
1013,047050,2026-09-01,canonical_price_differs
1016,047400,2026-09-01,canonical_price_differs
1019,047810,2026-09-01,canonical_price_differs
1042,049800,2026-09-01,canonical_price_differs
1060,051600,2026-09-01,canonical_price_differs
1063,051900,2026-09-01,canonical_price_differs
1065,051910,2026-09-01,canonical_price_differs
1077,052690,2026-09-01,canonical_price_differs
1088,053210,2026-09-01,canonical_price_differs
1099,053690,2026-09-01,canonical_price_differs
1122,055490,2026-09-01,canonical_price_differs
1123,055550,2026-09-01,canonical_price_differs
1135,058430,2026-09-01,canonical_price_differs
1140,058650,2026-09-01,canonical_price_differs
1141,058730,2026-09-01,canonical_price_differs
1143,058850,2026-09-01,canonical_price_differs
1144,058860,2026-09-01,canonical_price_differs
1167,060980,2026-09-01,canonical_price_differs
1172,062040,2026-09-01,canonical_price_differs
1175,063160,2026-09-01,canonical_price_differs
1184,064350,2026-09-01,canonical_price_differs
1185,064400,2026-09-01,canonical_price_differs
1193,064960,2026-09-01,canonical_price_differs
1219,066570,2026-09-01,canonical_price_differs
1228,066970,2026-09-01,canonical_price_differs
1244,067830,2026-09-01,canonical_price_differs
1251,068270,2026-09-01,canonical_price_differs
1252,068290,2026-09-01,canonical_price_differs
1260,069260,2026-09-01,canonical_price_differs
1266,069620,2026-09-01,canonical_price_differs
1267,069640,2026-09-01,canonical_price_differs
1268,069730,2026-09-01,canonical_price_differs
1270,069960,2026-09-01,canonical_price_differs
1273,070960,2026-09-01,canonical_price_differs
1274,071050,2026-09-01,canonical_price_differs
1276,071090,2026-09-01,canonical_price_differs
1279,071320,2026-09-01,canonical_price_differs
1281,071840,2026-09-01,canonical_price_differs
1283,071950,2026-09-01,canonical_price_differs
1284,071970,2026-09-01,canonical_price_differs
1286,072130,2026-09-01,canonical_price_differs
1288,072710,2026-09-01,canonical_price_differs
1296,073240,2026-09-01,canonical_price_differs
1306,075180,2026-09-01,canonical_price_differs
1307,075580,2026-09-01,canonical_price_differs
1312,077500,2026-09-01,canonical_price_differs
1313,077970,2026-09-01,canonical_price_differs
1314,078000,2026-09-01,canonical_price_differs
1323,078520,2026-09-01,canonical_price_differs
1328,078930,2026-09-01,canonical_price_differs
1331,079160,2026-09-01,canonical_price_differs
1335,079430,2026-09-01,canonical_price_differs
1336,079550,2026-09-01,canonical_price_differs
1339,079900,2026-09-01,canonical_price_differs
1344,079980,2026-09-01,canonical_price_differs
1354,081000,2026-09-01,canonical_price_differs
1358,081660,2026-09-01,canonical_price_differs
1363,082740,2026-09-01,canonical_price_differs
1368,083420,2026-09-01,canonical_price_differs
1378,084010,2026-09-01,canonical_price_differs
1384,084670,2026-09-01,canonical_price_differs
1386,084690,2026-09-01,canonical_price_differs
1390,084870,2026-09-01,canonical_price_differs
1392,085310,2026-09-01,canonical_price_differs
1393,085620,2026-09-01,canonical_price_differs
1400,086280,2026-09-01,canonical_price_differs
1406,086790,2026-09-01,canonical_price_differs
1420,088350,2026-09-01,canonical_price_differs
1422,088790,2026-09-01,canonical_price_differs
1431,089470,2026-09-01,canonical_price_differs
1432,089590,2026-09-01,canonical_price_differs
1436,089860,2026-09-01,canonical_price_differs
1440,090080,2026-09-01,canonical_price_differs
1442,090350,2026-09-01,canonical_price_differs
1445,090370,2026-09-01,canonical_price_differs
1447,090430,2026-09-01,canonical_price_differs
1449,090460,2026-09-01,canonical_price_differs
1459,091810,2026-09-01,canonical_price_differs
1465,092200,2026-09-01,canonical_price_differs
1466,092220,2026-09-01,canonical_price_differs
1467,092230,2026-09-01,canonical_price_differs
1469,092440,2026-09-01,canonical_price_differs
1473,092780,2026-09-01,canonical_price_differs
1474,092790,2026-09-01,canonical_price_differs
1476,093050,2026-09-01,canonical_price_differs
1480,093370,2026-09-01,canonical_price_differs
1486,094280,2026-09-01,canonical_price_differs
1500,095570,2026-09-01,canonical_price_differs
1504,095720,2026-09-01,canonical_price_differs
1513,096760,2026-09-01,canonical_price_differs
1514,096770,2026-09-01,canonical_price_differs
1517,097230,2026-09-01,canonical_price_differs
1518,097520,2026-09-01,canonical_price_differs
1522,097950,2026-09-01,canonical_price_differs
1538,100090,2026-09-01,canonical_price_differs
1541,100220,2026-09-01,canonical_price_differs
1542,100250,2026-09-01,canonical_price_differs
1547,100840,2026-09-01,canonical_price_differs
1549,101140,2026-09-01,canonical_price_differs
1557,101530,2026-09-01,canonical_price_differs
1564,102260,2026-09-01,canonical_price_differs
1566,102460,2026-09-01,canonical_price_differs
1569,103140,2026-09-01,canonical_price_differs
1571,103590,2026-09-01,canonical_price_differs
1579,104700,2026-09-01,canonical_price_differs
1583,105560,2026-09-01,canonical_price_differs
1584,105630,2026-09-01,canonical_price_differs
1587,105840,2026-09-01,canonical_price_differs
1591,107590,2026-09-01,canonical_price_differs
1595,108320,2026-09-01,canonical_price_differs
1598,108670,2026-09-01,canonical_price_differs
1612,111110,2026-09-01,canonical_price_differs
1613,111380,2026-09-01,canonical_price_differs
1615,111770,2026-09-01,canonical_price_differs
1618,112610,2026-09-01,canonical_price_differs
1620,114090,2026-09-01,canonical_price_differs
1636,117580,2026-09-01,canonical_price_differs
1639,118000,2026-09-01,canonical_price_differs
1646,120030,2026-09-01,canonical_price_differs
1647,120110,2026-09-01,canonical_price_differs
1661,122900,2026-09-01,canonical_price_differs
1669,123690,2026-09-01,canonical_price_differs
1670,123700,2026-09-01,canonical_price_differs
1674,123890,2026-09-01,canonical_price_differs
1681,126560,2026-09-01,canonical_price_differs
1685,126720,2026-09-01,canonical_price_differs
1693,128820,2026-09-01,canonical_price_differs
1694,128940,2026-09-01,canonical_price_differs
1695,129260,2026-09-01,canonical_price_differs
1700,130660,2026-09-01,canonical_price_differs
1713,133820,2026-09-01,canonical_price_differs
1715,134380,2026-09-01,canonical_price_differs
1717,134790,2026-09-01,canonical_price_differs
1721,136490,2026-09-01,canonical_price_differs
1724,137310,2026-09-01,canonical_price_differs
1728,138040,2026-09-01,canonical_price_differs
1733,138930,2026-09-01,canonical_price_differs
1734,139130,2026-09-01,canonical_price_differs
1735,139480,2026-09-01,canonical_price_differs
1737,139990,2026-09-01,canonical_price_differs
1759,145720,2026-09-01,canonical_price_differs
1760,145990,2026-09-01,canonical_price_differs
1781,155660,2026-09-01,canonical_price_differs
1790,161000,2026-09-01,canonical_price_differs
1791,161390,2026-09-01,canonical_price_differs
1793,161890,2026-09-01,canonical_price_differs
1796,163560,2026-09-01,canonical_price_differs
1805,170900,2026-09-01,canonical_price_differs
1816,175330,2026-09-01,canonical_price_differs
1823,178920,2026-09-01,canonical_price_differs
1828,180640,2026-09-01,canonical_price_differs
1830,181710,2026-09-01,canonical_price_differs
1833,183190,2026-09-01,canonical_price_differs
1838,185750,2026-09-01,canonical_price_differs
1857,192080,2026-09-01,canonical_price_differs
1860,192400,2026-09-01,canonical_price_differs
1863,192650,2026-09-01,canonical_price_differs
1864,192820,2026-09-01,canonical_price_differs
1866,194370,2026-09-01,canonical_price_differs
1870,195870,2026-09-01,canonical_price_differs
1895,200880,2026-09-01,canonical_price_differs
1902,204320,2026-09-01,canonical_price_differs
1914,207940,2026-09-01,canonical_price_differs
1923,210540,2026-09-01,canonical_price_differs
1924,210980,2026-09-01,canonical_price_differs
1930,213500,2026-09-01,canonical_price_differs
1935,214320,2026-09-01,canonical_price_differs
1936,214330,2026-09-01,canonical_price_differs
1938,214390,2026-09-01,canonical_price_differs
1939,214420,2026-09-01,canonical_price_differs
1960,217590,2026-09-01,canonical_price_differs
1991,226320,2026-09-01,canonical_price_differs
1998,227840,2026-09-01,canonical_price_differs
2005,229640,2026-09-01,canonical_price_differs
2011,234080,2026-09-01,canonical_price_differs
2035,241560,2026-09-01,canonical_price_differs
2036,241590,2026-09-01,canonical_price_differs
2047,244920,2026-09-01,canonical_price_differs
2056,248070,2026-09-01,canonical_price_differs
2058,249420,2026-09-01,canonical_price_differs
2063,251270,2026-09-01,canonical_price_differs
2086,259960,2026-09-01,canonical_price_differs
2110,264900,2026-09-01,canonical_price_differs
2115,267250,2026-09-01,canonical_price_differs
2116,267260,2026-09-01,canonical_price_differs
2117,267270,2026-09-01,canonical_price_differs
2118,267290,2026-09-01,canonical_price_differs
2121,267850,2026-09-01,canonical_price_differs
2123,268280,2026-09-01,canonical_price_differs
2128,271560,2026-09-01,canonical_price_differs
2130,271940,2026-09-01,canonical_price_differs
2131,271980,2026-09-01,canonical_price_differs
2133,272210,2026-09-01,canonical_price_differs
2135,272450,2026-09-01,canonical_price_differs
2136,272550,2026-09-01,canonical_price_differs
2149,278470,2026-09-01,canonical_price_differs
2151,279570,2026-09-01,canonical_price_differs
2153,280360,2026-09-01,canonical_price_differs
2155,281820,2026-09-01,canonical_price_differs
2156,282330,2026-09-01,canonical_price_differs
2160,284740,2026-09-01,canonical_price_differs
2161,285130,2026-09-01,canonical_price_differs
2166,286940,2026-09-01,canonical_price_differs
2191,293480,2026-09-01,canonical_price_differs
2200,294870,2026-09-01,canonical_price_differs
2206,298000,2026-09-01,canonical_price_differs
2207,298020,2026-09-01,canonical_price_differs
2208,298040,2026-09-01,canonical_price_differs
2209,298050,2026-09-01,canonical_price_differs
2213,298690,2026-09-01,canonical_price_differs
2220,300720,2026-09-01,canonical_price_differs
2223,302440,2026-09-01,canonical_price_differs
2234,306200,2026-09-01,canonical_price_differs
2241,307950,2026-09-01,canonical_price_differs
2244,308170,2026-09-01,canonical_price_differs
2261,316140,2026-09-01,canonical_price_differs
2265,317400,2026-09-01,canonical_price_differs
2266,317450,2026-09-01,canonical_price_differs
2286,322000,2026-09-01,canonical_price_differs
2293,323410,2026-09-01,canonical_price_differs
2295,326030,2026-09-01,canonical_price_differs
2299,329180,2026-09-01,canonical_price_differs
2319,336260,2026-09-01,canonical_price_differs
2322,336370,2026-09-01,canonical_price_differs
2331,339770,2026-09-01,canonical_price_differs
2340,344820,2026-09-01,canonical_price_differs
2365,352820,2026-09-01,canonical_price_differs
2369,353200,2026-09-01,canonical_price_differs
2395,361610,2026-09-01,canonical_price_differs
2401,363280,2026-09-01,canonical_price_differs
2422,372910,2026-09-01,canonical_price_differs
2427,373220,2026-09-01,canonical_price_differs
2428,375500,2026-09-01,canonical_price_differs
2441,377300,2026-09-01,canonical_price_differs
2446,377740,2026-09-01,canonical_price_differs
2449,378850,2026-09-01,canonical_price_differs
2453,381970,2026-09-01,canonical_price_differs
2459,383220,2026-09-01,canonical_price_differs
2461,383800,2026-09-01,canonical_price_differs
2499,402340,2026-09-01,canonical_price_differs
2502,403550,2026-09-01,canonical_price_differs
2563,439260,2026-09-01,canonical_price_differs
2570,443060,2026-09-01,canonical_price_differs
2577,446070,2026-09-01,canonical_price_differs
2584,450080,2026-09-01,canonical_price_differs
2595,452260,2026-09-01,canonical_price_differs
2602,453340,2026-09-01,canonical_price_differs
2605,454910,2026-09-01,canonical_price_differs
2609,456040,2026-09-01,canonical_price_differs
2623,460850,2026-09-01,canonical_price_differs
2624,460860,2026-09-01,canonical_price_differs
2633,462520,2026-09-01,canonical_price_differs
2635,462870,2026-09-01,canonical_price_differs
2646,465770,2026-09-01,canonical_price_differs
2672,475150,2026-09-01,canonical_price_differs
2679,475560,2026-09-01,canonical_price_differs
2700,480370,2026-09-01,canonical_price_differs
2709,483650,2026-09-01,canonical_price_differs
2714,484870,2026-09-01,canonical_price_differs
2719,487570,2026-09-01,canonical_price_differs
2731,489790,2026-09-01,canonical_price_differs
2741,499790,2026-09-01,canonical_price_differs
16,0001A0,2026-09-02,canonical_price_differs
24,000250,2026-09-02,canonical_price_differs
33,000440,2026-09-02,canonical_price_differs
36,0004V0,2026-09-02,canonical_price_differs
37,0004Y0,2026-09-02,canonical_price_differs
52,0007C0,2026-09-02,canonical_price_differs
53,0007J0,2026-09-02,canonical_price_differs
61,0008Z0,2026-09-02,canonical_price_differs
66,0009K0,2026-09-02,canonical_price_differs
67,001000,2026-09-02,canonical_price_differs
77,0010F0,2026-09-02,canonical_price_differs
78,0010V0,2026-09-02,canonical_price_differs
82,0011T0,2026-09-02,canonical_price_differs
95,0013V0,2026-09-02,canonical_price_differs
110,001540,2026-09-02,canonical_price_differs
114,0015G0,2026-09-02,canonical_price_differs
115,0015N0,2026-09-02,canonical_price_differs
116,0015S0,2026-09-02,canonical_price_differs
129,0017J0,2026-09-02,canonical_price_differs
131,001810,2026-09-02,canonical_price_differs
146,002230,2026-09-02,canonical_price_differs
148,002290,2026-09-02,canonical_price_differs
163,002680,2026-09-02,canonical_price_differs
175,002800,2026-09-02,canonical_price_differs
195,003100,2026-09-02,canonical_price_differs
204,003310,2026-09-02,canonical_price_differs
232,0037T0,2026-09-02,canonical_price_differs
233,003800,2026-09-02,canonical_price_differs
239,0039P0,2026-09-02,canonical_price_differs
250,0041B0,2026-09-02,canonical_price_differs
251,0041J0,2026-09-02,canonical_price_differs
252,0041L0,2026-09-02,canonical_price_differs
267,0044K0,2026-09-02,canonical_price_differs
271,004590,2026-09-02,canonical_price_differs
272,004650,2026-09-02,canonical_price_differs
278,004780,2026-09-02,canonical_price_differs
298,005160,2026-09-02,canonical_price_differs
302,005290,2026-09-02,canonical_price_differs
315,0054V0,2026-09-02,canonical_price_differs
318,005670,2026-09-02,canonical_price_differs
321,005710,2026-09-02,canonical_price_differs
332,005860,2026-09-02,canonical_price_differs
342,005990,2026-09-02,canonical_price_differs
344,006050,2026-09-02,canonical_price_differs
364,006620,2026-09-02,canonical_price_differs
367,006730,2026-09-02,canonical_price_differs
375,0068Y0,2026-09-02,canonical_price_differs
376,006910,2026-09-02,canonical_price_differs
377,006920,2026-09-02,canonical_price_differs
383,0071M0,2026-09-02,canonical_price_differs
386,0072Z0,2026-09-02,canonical_price_differs
388,007330,2026-09-02,canonical_price_differs
390,007370,2026-09-02,canonical_price_differs
391,007390,2026-09-02,canonical_price_differs
393,007530,2026-09-02,canonical_price_differs
400,007680,2026-09-02,canonical_price_differs
403,007720,2026-09-02,canonical_price_differs
404,007770,2026-09-02,canonical_price_differs
408,007820,2026-09-02,canonical_price_differs
416,008290,2026-09-02,canonical_price_differs
417,0082N0,2026-09-02,canonical_price_differs
420,008370,2026-09-02,canonical_price_differs
422,008470,2026-09-02,canonical_price_differs
429,008830,2026-09-02,canonical_price_differs
431,0088D0,2026-09-02,canonical_price_differs
432,0088M0,2026-09-02,canonical_price_differs
442,0091W0,2026-09-02,canonical_price_differs
447,009300,2026-09-02,canonical_price_differs
450,0093G0,2026-09-02,canonical_price_differs
458,009520,2026-09-02,canonical_price_differs
463,0096B0,2026-09-02,canonical_price_differs
464,0096D0,2026-09-02,canonical_price_differs
465,009730,2026-09-02,canonical_price_differs
467,009780,2026-09-02,canonical_price_differs
468,0097F0,2026-09-02,canonical_price_differs
472,0098T0,2026-09-02,canonical_price_differs
475,0099W0,2026-09-02,canonical_price_differs
483,010170,2026-09-02,canonical_price_differs
484,0101C0,2026-09-02,canonical_price_differs
485,010240,2026-09-02,canonical_price_differs
486,010280,2026-09-02,canonical_price_differs
488,010470,2026-09-02,canonical_price_differs
490,0105P0,2026-09-02,canonical_price_differs
501,011040,2026-09-02,canonical_price_differs
503,011080,2026-09-02,canonical_price_differs
513,011320,2026-09-02,canonical_price_differs
515,011370,2026-09-02,canonical_price_differs
519,011560,2026-09-02,canonical_price_differs
520,0115H0,2026-09-02,canonical_price_differs
527,0117P0,2026-09-02,canonical_price_differs
536,012210,2026-09-02,canonical_price_differs
540,012340,2026-09-02,canonical_price_differs
543,012620,2026-09-02,canonical_price_differs
547,012700,2026-09-02,canonical_price_differs
549,012790,2026-09-02,canonical_price_differs
551,012860,2026-09-02,canonical_price_differs
552,0129K0,2026-09-02,canonical_price_differs
554,013030,2026-09-02,canonical_price_differs
555,0130D0,2026-09-02,canonical_price_differs
556,0130H0,2026-09-02,canonical_price_differs
557,013120,2026-09-02,canonical_price_differs
558,0131D0,2026-09-02,canonical_price_differs
559,0132G0,2026-09-02,canonical_price_differs
562,0134X0,2026-09-02,canonical_price_differs
568,013810,2026-09-02,canonical_price_differs
571,013990,2026-09-02,canonical_price_differs
572,014100,2026-09-02,canonical_price_differs
575,014190,2026-09-02,canonical_price_differs
579,014470,2026-09-02,canonical_price_differs
581,014570,2026-09-02,canonical_price_differs
583,014620,2026-09-02,canonical_price_differs
592,014940,2026-09-02,canonical_price_differs
594,014970,2026-09-02,canonical_price_differs
601,0156T0,2026-09-02,canonical_price_differs
602,015710,2026-09-02,canonical_price_differs
603,015750,2026-09-02,canonical_price_differs
608,016100,2026-09-02,canonical_price_differs
609,016250,2026-09-02,canonical_price_differs
613,0164H0,2026-09-02,canonical_price_differs
616,0165X0,2026-09-02,canonical_price_differs
617,016600,2026-09-02,canonical_price_differs
625,016920,2026-09-02,canonical_price_differs
626,017000,2026-09-02,canonical_price_differs
629,017250,2026-09-02,canonical_price_differs
632,017480,2026-09-02,canonical_price_differs
633,017510,2026-09-02,canonical_price_differs
635,017650,2026-09-02,canonical_price_differs
640,017890,2026-09-02,canonical_price_differs
644,018000,2026-09-02,canonical_price_differs
645,018120,2026-09-02,canonical_price_differs
648,018290,2026-09-02,canonical_price_differs
649,018310,2026-09-02,canonical_price_differs
652,018620,2026-09-02,canonical_price_differs
654,018680,2026-09-02,canonical_price_differs
655,018700,2026-09-02,canonical_price_differs
657,019010,2026-09-02,canonical_price_differs
661,019210,2026-09-02,canonical_price_differs
663,019540,2026-09-02,canonical_price_differs
664,019550,2026-09-02,canonical_price_differs
666,019660,2026-09-02,canonical_price_differs
669,019770,2026-09-02,canonical_price_differs
670,019990,2026-09-02,canonical_price_differs
674,020180,2026-09-02,canonical_price_differs
675,020400,2026-09-02,canonical_price_differs
677,020710,2026-09-02,canonical_price_differs
679,021040,2026-09-02,canonical_price_differs
682,021080,2026-09-02,canonical_price_differs
684,021320,2026-09-02,canonical_price_differs
685,021650,2026-09-02,canonical_price_differs
687,021880,2026-09-02,canonical_price_differs
688,0218L0,2026-09-02,canonical_price_differs
693,023160,2026-09-02,canonical_price_differs
695,023410,2026-09-02,canonical_price_differs
700,023600,2026-09-02,canonical_price_differs
701,023760,2026-09-02,canonical_price_differs
702,023770,2026-09-02,canonical_price_differs
706,023900,2026-09-02,canonical_price_differs
707,023910,2026-09-02,canonical_price_differs
709,024060,2026-09-02,canonical_price_differs
713,024120,2026-09-02,canonical_price_differs
715,024740,2026-09-02,canonical_price_differs
716,024800,2026-09-02,canonical_price_differs
717,024830,2026-09-02,canonical_price_differs
718,024840,2026-09-02,canonical_price_differs
720,024880,2026-09-02,canonical_price_differs
723,024910,2026-09-02,canonical_price_differs
724,024940,2026-09-02,canonical_price_differs
725,024950,2026-09-02,canonical_price_differs
727,025320,2026-09-02,canonical_price_differs
731,025550,2026-09-02,canonical_price_differs
735,025770,2026-09-02,canonical_price_differs
738,025870,2026-09-02,canonical_price_differs
739,025880,2026-09-02,canonical_price_differs
741,025900,2026-09-02,canonical_price_differs
742,025950,2026-09-02,canonical_price_differs
743,025980,2026-09-02,canonical_price_differs
744,026040,2026-09-02,canonical_price_differs
745,026150,2026-09-02,canonical_price_differs
747,026910,2026-09-02,canonical_price_differs
750,027040,2026-09-02,canonical_price_differs
751,027050,2026-09-02,canonical_price_differs
752,027360,2026-09-02,canonical_price_differs
754,027580,2026-09-02,canonical_price_differs
755,027710,2026-09-02,canonical_price_differs
757,027830,2026-09-02,canonical_price_differs
760,028080,2026-09-02,canonical_price_differs
764,028300,2026-09-02,canonical_price_differs
767,029480,2026-09-02,canonical_price_differs
775,030520,2026-09-02,canonical_price_differs
776,030530,2026-09-02,canonical_price_differs
779,030960,2026-09-02,canonical_price_differs
781,031310,2026-09-02,canonical_price_differs
782,031330,2026-09-02,canonical_price_differs
784,031510,2026-09-02,canonical_price_differs
787,031980,2026-09-02,canonical_price_differs
788,032080,2026-09-02,canonical_price_differs
789,032190,2026-09-02,canonical_price_differs
790,032280,2026-09-02,canonical_price_differs
791,032300,2026-09-02,canonical_price_differs
793,032500,2026-09-02,canonical_price_differs
794,032540,2026-09-02,canonical_price_differs
796,032580,2026-09-02,canonical_price_differs
797,032620,2026-09-02,canonical_price_differs
799,032680,2026-09-02,canonical_price_differs
801,032750,2026-09-02,canonical_price_differs
802,032790,2026-09-02,canonical_price_differs
803,032800,2026-09-02,canonical_price_differs
804,032820,2026-09-02,canonical_price_differs
806,032850,2026-09-02,canonical_price_differs
807,032860,2026-09-02,canonical_price_differs
808,032940,2026-09-02,canonical_price_differs
809,032960,2026-09-02,canonical_price_differs
810,033050,2026-09-02,canonical_price_differs
811,033100,2026-09-02,canonical_price_differs
812,033130,2026-09-02,canonical_price_differs
813,033160,2026-09-02,canonical_price_differs
814,033170,2026-09-02,canonical_price_differs
815,033200,2026-09-02,canonical_price_differs
816,033230,2026-09-02,canonical_price_differs
820,033290,2026-09-02,canonical_price_differs
821,033310,2026-09-02,canonical_price_differs
822,033320,2026-09-02,canonical_price_differs
823,033340,2026-09-02,canonical_price_differs
824,033500,2026-09-02,canonical_price_differs
826,033540,2026-09-02,canonical_price_differs
827,033560,2026-09-02,canonical_price_differs
828,033640,2026-09-02,canonical_price_differs
830,033790,2026-09-02,canonical_price_differs
831,033830,2026-09-02,canonical_price_differs
841,034810,2026-09-02,canonical_price_differs
844,034940,2026-09-02,canonical_price_differs
845,034950,2026-09-02,canonical_price_differs
847,035080,2026-09-02,canonical_price_differs
849,035200,2026-09-02,canonical_price_differs
853,035460,2026-09-02,canonical_price_differs
855,035600,2026-09-02,canonical_price_differs
856,035610,2026-09-02,canonical_price_differs
857,035620,2026-09-02,canonical_price_differs
859,035760,2026-09-02,canonical_price_differs
860,035810,2026-09-02,canonical_price_differs
861,035890,2026-09-02,canonical_price_differs
862,035900,2026-09-02,canonical_price_differs
863,036000,2026-09-02,canonical_price_differs
864,036010,2026-09-02,canonical_price_differs
865,036030,2026-09-02,canonical_price_differs
866,036090,2026-09-02,canonical_price_differs
867,036120,2026-09-02,canonical_price_differs
868,036170,2026-09-02,canonical_price_differs
869,036190,2026-09-02,canonical_price_differs
870,036200,2026-09-02,canonical_price_differs
874,036480,2026-09-02,canonical_price_differs
876,036540,2026-09-02,canonical_price_differs
877,036560,2026-09-02,canonical_price_differs
880,036620,2026-09-02,canonical_price_differs
881,036630,2026-09-02,canonical_price_differs
882,036640,2026-09-02,canonical_price_differs
883,036670,2026-09-02,canonical_price_differs
885,036710,2026-09-02,canonical_price_differs
886,036800,2026-09-02,canonical_price_differs
887,036810,2026-09-02,canonical_price_differs
888,036830,2026-09-02,canonical_price_differs
889,036890,2026-09-02,canonical_price_differs
890,036930,2026-09-02,canonical_price_differs
892,037070,2026-09-02,canonical_price_differs
893,037230,2026-09-02,canonical_price_differs
895,037330,2026-09-02,canonical_price_differs
896,037350,2026-09-02,canonical_price_differs
897,037370,2026-09-02,canonical_price_differs
898,037400,2026-09-02,canonical_price_differs
899,037440,2026-09-02,canonical_price_differs
900,037460,2026-09-02,canonical_price_differs
903,037760,2026-09-02,canonical_price_differs
904,037950,2026-09-02,canonical_price_differs
905,038010,2026-09-02,canonical_price_differs
906,038060,2026-09-02,canonical_price_differs
907,038070,2026-09-02,canonical_price_differs
908,038110,2026-09-02,canonical_price_differs
909,038290,2026-09-02,canonical_price_differs
910,038390,2026-09-02,canonical_price_differs
911,038460,2026-09-02,canonical_price_differs
912,038500,2026-09-02,canonical_price_differs
914,038540,2026-09-02,canonical_price_differs
915,038620,2026-09-02,canonical_price_differs
916,038680,2026-09-02,canonical_price_differs
917,038870,2026-09-02,canonical_price_differs
918,038880,2026-09-02,canonical_price_differs
919,038950,2026-09-02,canonical_price_differs
920,039010,2026-09-02,canonical_price_differs
921,039020,2026-09-02,canonical_price_differs
922,039030,2026-09-02,canonical_price_differs
924,039200,2026-09-02,canonical_price_differs
925,039240,2026-09-02,canonical_price_differs
926,039290,2026-09-02,canonical_price_differs
927,039310,2026-09-02,canonical_price_differs
928,039340,2026-09-02,canonical_price_differs
929,039420,2026-09-02,canonical_price_differs
930,039440,2026-09-02,canonical_price_differs
932,039560,2026-09-02,canonical_price_differs
934,039610,2026-09-02,canonical_price_differs
935,039740,2026-09-02,canonical_price_differs
936,039830,2026-09-02,canonical_price_differs
937,039840,2026-09-02,canonical_price_differs
938,039860,2026-09-02,canonical_price_differs
939,039980,2026-09-02,canonical_price_differs
940,040160,2026-09-02,canonical_price_differs
942,040350,2026-09-02,canonical_price_differs
943,040420,2026-09-02,canonical_price_differs
944,040610,2026-09-02,canonical_price_differs
945,040910,2026-09-02,canonical_price_differs
946,041020,2026-09-02,canonical_price_differs
947,041190,2026-09-02,canonical_price_differs
948,041440,2026-09-02,canonical_price_differs
949,041460,2026-09-02,canonical_price_differs
950,041510,2026-09-02,canonical_price_differs
951,041520,2026-09-02,canonical_price_differs
954,041830,2026-09-02,canonical_price_differs
955,041910,2026-09-02,canonical_price_differs
956,041920,2026-09-02,canonical_price_differs
957,041930,2026-09-02,canonical_price_differs
958,041960,2026-09-02,canonical_price_differs
959,042000,2026-09-02,canonical_price_differs
960,042040,2026-09-02,canonical_price_differs
961,042110,2026-09-02,canonical_price_differs
962,042370,2026-09-02,canonical_price_differs
963,042420,2026-09-02,canonical_price_differs
964,042500,2026-09-02,canonical_price_differs
965,042510,2026-09-02,canonical_price_differs
966,042520,2026-09-02,canonical_price_differs
967,042600,2026-09-02,canonical_price_differs
970,042940,2026-09-02,canonical_price_differs
972,043150,2026-09-02,canonical_price_differs
973,043200,2026-09-02,canonical_price_differs
975,043260,2026-09-02,canonical_price_differs
976,043340,2026-09-02,canonical_price_differs
977,043360,2026-09-02,canonical_price_differs
978,043370,2026-09-02,canonical_price_differs
979,043590,2026-09-02,canonical_price_differs
980,043610,2026-09-02,canonical_price_differs
981,043650,2026-09-02,canonical_price_differs
982,043710,2026-09-02,canonical_price_differs
983,043910,2026-09-02,canonical_price_differs
985,044340,2026-09-02,canonical_price_differs
988,044480,2026-09-02,canonical_price_differs
989,044490,2026-09-02,canonical_price_differs
990,044780,2026-09-02,canonical_price_differs
992,044960,2026-09-02,canonical_price_differs
993,044990,2026-09-02,canonical_price_differs
994,045060,2026-09-02,canonical_price_differs
995,045100,2026-09-02,canonical_price_differs
996,045300,2026-09-02,canonical_price_differs
997,045340,2026-09-02,canonical_price_differs
998,045390,2026-09-02,canonical_price_differs
999,045510,2026-09-02,canonical_price_differs
1000,045520,2026-09-02,canonical_price_differs
1001,045660,2026-09-02,canonical_price_differs
1002,045970,2026-09-02,canonical_price_differs
1005,046210,2026-09-02,canonical_price_differs
1006,046310,2026-09-02,canonical_price_differs
1007,046390,2026-09-02,canonical_price_differs
1008,046440,2026-09-02,canonical_price_differs
1009,046890,2026-09-02,canonical_price_differs
1010,046940,2026-09-02,canonical_price_differs
1011,046970,2026-09-02,canonical_price_differs
1014,047080,2026-09-02,canonical_price_differs
1015,047310,2026-09-02,canonical_price_differs
1017,047560,2026-09-02,canonical_price_differs
1020,047820,2026-09-02,canonical_price_differs
1021,047920,2026-09-02,canonical_price_differs
1022,048410,2026-09-02,canonical_price_differs
1023,048430,2026-09-02,canonical_price_differs
1024,048470,2026-09-02,canonical_price_differs
1025,048530,2026-09-02,canonical_price_differs
1026,048550,2026-09-02,canonical_price_differs
1027,048770,2026-09-02,canonical_price_differs
1028,048830,2026-09-02,canonical_price_differs
1030,048910,2026-09-02,canonical_price_differs
1031,049070,2026-09-02,canonical_price_differs
1032,049080,2026-09-02,canonical_price_differs
1033,049120,2026-09-02,canonical_price_differs
1035,049430,2026-09-02,canonical_price_differs
1037,049480,2026-09-02,canonical_price_differs
1038,049520,2026-09-02,canonical_price_differs
1039,049550,2026-09-02,canonical_price_differs
1040,049630,2026-09-02,canonical_price_differs
1041,049720,2026-09-02,canonical_price_differs
1043,049830,2026-09-02,canonical_price_differs
1044,049950,2026-09-02,canonical_price_differs
1045,049960,2026-09-02,canonical_price_differs
1047,050110,2026-09-02,canonical_price_differs
1048,050120,2026-09-02,canonical_price_differs
1049,050760,2026-09-02,canonical_price_differs
1050,050860,2026-09-02,canonical_price_differs
1051,050890,2026-09-02,canonical_price_differs
1052,050960,2026-09-02,canonical_price_differs
1053,051160,2026-09-02,canonical_price_differs
1054,051360,2026-09-02,canonical_price_differs
1055,051370,2026-09-02,canonical_price_differs
1056,051380,2026-09-02,canonical_price_differs
1057,051390,2026-09-02,canonical_price_differs
1058,051490,2026-09-02,canonical_price_differs
1059,051500,2026-09-02,canonical_price_differs
1062,051780,2026-09-02,canonical_price_differs
1067,051980,2026-09-02,canonical_price_differs
1068,052020,2026-09-02,canonical_price_differs
1069,052220,2026-09-02,canonical_price_differs
1070,052260,2026-09-02,canonical_price_differs
1071,052300,2026-09-02,canonical_price_differs
1072,052330,2026-09-02,canonical_price_differs
1073,052400,2026-09-02,canonical_price_differs
1074,052420,2026-09-02,canonical_price_differs
1075,052460,2026-09-02,canonical_price_differs
1076,052600,2026-09-02,canonical_price_differs
1078,052710,2026-09-02,canonical_price_differs
1080,052790,2026-09-02,canonical_price_differs
1081,052860,2026-09-02,canonical_price_differs
1082,052900,2026-09-02,canonical_price_differs
1083,053030,2026-09-02,canonical_price_differs
1084,053050,2026-09-02,canonical_price_differs
1085,053060,2026-09-02,canonical_price_differs
1086,053080,2026-09-02,canonical_price_differs
1087,053160,2026-09-02,canonical_price_differs
1089,053260,2026-09-02,canonical_price_differs
1090,053270,2026-09-02,canonical_price_differs
1091,053280,2026-09-02,canonical_price_differs
1092,053290,2026-09-02,canonical_price_differs
1093,053300,2026-09-02,canonical_price_differs
1094,053350,2026-09-02,canonical_price_differs
1095,053450,2026-09-02,canonical_price_differs
1096,053580,2026-09-02,canonical_price_differs
1097,053610,2026-09-02,canonical_price_differs
1098,053620,2026-09-02,canonical_price_differs
1100,053700,2026-09-02,canonical_price_differs
1101,053800,2026-09-02,canonical_price_differs
1102,053950,2026-09-02,canonical_price_differs
1103,053980,2026-09-02,canonical_price_differs
1104,054040,2026-09-02,canonical_price_differs
1105,054050,2026-09-02,canonical_price_differs
1106,054090,2026-09-02,canonical_price_differs
1108,054210,2026-09-02,canonical_price_differs
1109,054220,2026-09-02,canonical_price_differs
1110,054300,2026-09-02,canonical_price_differs
1111,054410,2026-09-02,canonical_price_differs
1112,054450,2026-09-02,canonical_price_differs
1113,054540,2026-09-02,canonical_price_differs
1114,054620,2026-09-02,canonical_price_differs
1115,054670,2026-09-02,canonical_price_differs
1116,054780,2026-09-02,canonical_price_differs
1117,054800,2026-09-02,canonical_price_differs
1119,054930,2026-09-02,canonical_price_differs
1120,054940,2026-09-02,canonical_price_differs
1121,054950,2026-09-02,canonical_price_differs
1124,056080,2026-09-02,canonical_price_differs
1125,056090,2026-09-02,canonical_price_differs
1126,056190,2026-09-02,canonical_price_differs
1127,056360,2026-09-02,canonical_price_differs
1128,056700,2026-09-02,canonical_price_differs
1130,057030,2026-09-02,canonical_price_differs
1131,057540,2026-09-02,canonical_price_differs
1132,057680,2026-09-02,canonical_price_differs
1133,058110,2026-09-02,canonical_price_differs
1134,058400,2026-09-02,canonical_price_differs
1137,058470,2026-09-02,canonical_price_differs
1138,058610,2026-09-02,canonical_price_differs
1139,058630,2026-09-02,canonical_price_differs
1142,058820,2026-09-02,canonical_price_differs
1145,058970,2026-09-02,canonical_price_differs
1146,059090,2026-09-02,canonical_price_differs
1147,059100,2026-09-02,canonical_price_differs
1148,059120,2026-09-02,canonical_price_differs
1149,059210,2026-09-02,canonical_price_differs
1150,059270,2026-09-02,canonical_price_differs
1151,060150,2026-09-02,canonical_price_differs
1152,060230,2026-09-02,canonical_price_differs
1153,060250,2026-09-02,canonical_price_differs
1154,060260,2026-09-02,canonical_price_differs
1155,060280,2026-09-02,canonical_price_differs
1156,060310,2026-09-02,canonical_price_differs
1157,060370,2026-09-02,canonical_price_differs
1158,060380,2026-09-02,canonical_price_differs
1159,060480,2026-09-02,canonical_price_differs
1160,060540,2026-09-02,canonical_price_differs
1161,060560,2026-09-02,canonical_price_differs
1162,060570,2026-09-02,canonical_price_differs
1163,060590,2026-09-02,canonical_price_differs
1164,060720,2026-09-02,canonical_price_differs
1165,060850,2026-09-02,canonical_price_differs
1168,061040,2026-09-02,canonical_price_differs
1169,061090,2026-09-02,canonical_price_differs
1170,061250,2026-09-02,canonical_price_differs
1171,061970,2026-09-02,canonical_price_differs
1174,063080,2026-09-02,canonical_price_differs
1176,063170,2026-09-02,canonical_price_differs
1177,063440,2026-09-02,canonical_price_differs
1178,063570,2026-09-02,canonical_price_differs
1179,063760,2026-09-02,canonical_price_differs
1181,064240,2026-09-02,canonical_price_differs
1182,064260,2026-09-02,canonical_price_differs
1183,064290,2026-09-02,canonical_price_differs
1186,064480,2026-09-02,canonical_price_differs
1187,064520,2026-09-02,canonical_price_differs
1188,064550,2026-09-02,canonical_price_differs
1189,064760,2026-09-02,canonical_price_differs
1190,064800,2026-09-02,canonical_price_differs
1191,064820,2026-09-02,canonical_price_differs
1192,064850,2026-09-02,canonical_price_differs
1194,065060,2026-09-02,canonical_price_differs
1195,065130,2026-09-02,canonical_price_differs
1197,065170,2026-09-02,canonical_price_differs
1198,065350,2026-09-02,canonical_price_differs
1199,065370,2026-09-02,canonical_price_differs
1201,065440,2026-09-02,canonical_price_differs
1202,065450,2026-09-02,canonical_price_differs
1203,065500,2026-09-02,canonical_price_differs
1204,065510,2026-09-02,canonical_price_differs
1205,065530,2026-09-02,canonical_price_differs
1207,065650,2026-09-02,canonical_price_differs
1208,065660,2026-09-02,canonical_price_differs
1209,065680,2026-09-02,canonical_price_differs
1210,065690,2026-09-02,canonical_price_differs
1211,065710,2026-09-02,canonical_price_differs
1212,065770,2026-09-02,canonical_price_differs
1213,065950,2026-09-02,canonical_price_differs
1214,066130,2026-09-02,canonical_price_differs
1215,066310,2026-09-02,canonical_price_differs
1216,066360,2026-09-02,canonical_price_differs
1218,066430,2026-09-02,canonical_price_differs
1221,066590,2026-09-02,canonical_price_differs
1222,066620,2026-09-02,canonical_price_differs
1223,066670,2026-09-02,canonical_price_differs
1224,066700,2026-09-02,canonical_price_differs
1226,066900,2026-09-02,canonical_price_differs
1227,066910,2026-09-02,canonical_price_differs
1229,066980,2026-09-02,canonical_price_differs
1230,067000,2026-09-02,canonical_price_differs
1231,067010,2026-09-02,canonical_price_differs
1232,067080,2026-09-02,canonical_price_differs
1233,067160,2026-09-02,canonical_price_differs
1234,067170,2026-09-02,canonical_price_differs
1235,067280,2026-09-02,canonical_price_differs
1236,067290,2026-09-02,canonical_price_differs
1237,067310,2026-09-02,canonical_price_differs
1238,067370,2026-09-02,canonical_price_differs
1239,067390,2026-09-02,canonical_price_differs
1240,067570,2026-09-02,canonical_price_differs
1241,067630,2026-09-02,canonical_price_differs
1242,067730,2026-09-02,canonical_price_differs
1243,067770,2026-09-02,canonical_price_differs
1245,067900,2026-09-02,canonical_price_differs
1246,067920,2026-09-02,canonical_price_differs
1247,067990,2026-09-02,canonical_price_differs
1248,068050,2026-09-02,canonical_price_differs
1249,068100,2026-09-02,canonical_price_differs
1253,068330,2026-09-02,canonical_price_differs
1254,068760,2026-09-02,canonical_price_differs
1255,068790,2026-09-02,canonical_price_differs
1256,068930,2026-09-02,canonical_price_differs
1258,069080,2026-09-02,canonical_price_differs
1259,069140,2026-09-02,canonical_price_differs
1261,069330,2026-09-02,canonical_price_differs
1262,069410,2026-09-02,canonical_price_differs
1264,069510,2026-09-02,canonical_price_differs
1265,069540,2026-09-02,canonical_price_differs
1269,069920,2026-09-02,canonical_price_differs
1271,070300,2026-09-02,canonical_price_differs
1272,070590,2026-09-02,canonical_price_differs
1277,071200,2026-09-02,canonical_price_differs
1278,071280,2026-09-02,canonical_price_differs
1280,071670,2026-09-02,canonical_price_differs
1282,071850,2026-09-02,canonical_price_differs
1285,072020,2026-09-02,canonical_price_differs
1287,072470,2026-09-02,canonical_price_differs
1289,072770,2026-09-02,canonical_price_differs
1290,072870,2026-09-02,canonical_price_differs
1291,072950,2026-09-02,canonical_price_differs
1292,072990,2026-09-02,canonical_price_differs
1293,073010,2026-09-02,canonical_price_differs
1294,073110,2026-09-02,canonical_price_differs
1297,073490,2026-09-02,canonical_price_differs
1298,073540,2026-09-02,canonical_price_differs
1299,073560,2026-09-02,canonical_price_differs
1300,073570,2026-09-02,canonical_price_differs
1302,074430,2026-09-02,canonical_price_differs
1303,074600,2026-09-02,canonical_price_differs
1305,075130,2026-09-02,canonical_price_differs
1308,075970,2026-09-02,canonical_price_differs
1309,076080,2026-09-02,canonical_price_differs
1311,077360,2026-09-02,canonical_price_differs
1315,078020,2026-09-02,canonical_price_differs
1316,078070,2026-09-02,canonical_price_differs
1318,078140,2026-09-02,canonical_price_differs
1319,078150,2026-09-02,canonical_price_differs
1320,078160,2026-09-02,canonical_price_differs
1321,078340,2026-09-02,canonical_price_differs
1322,078350,2026-09-02,canonical_price_differs
1325,078600,2026-09-02,canonical_price_differs
1327,078890,2026-09-02,canonical_price_differs
1330,079000,2026-09-02,canonical_price_differs
1332,079170,2026-09-02,canonical_price_differs
1333,079190,2026-09-02,canonical_price_differs
1334,079370,2026-09-02,canonical_price_differs
1337,079650,2026-09-02,canonical_price_differs
1338,079810,2026-09-02,canonical_price_differs
1340,079940,2026-09-02,canonical_price_differs
1341,079950,2026-09-02,canonical_price_differs
1342,079960,2026-09-02,canonical_price_differs
1345,080010,2026-09-02,canonical_price_differs
1346,080160,2026-09-02,canonical_price_differs
1347,080220,2026-09-02,canonical_price_differs
1348,080420,2026-09-02,canonical_price_differs
1349,080470,2026-09-02,canonical_price_differs
1350,080520,2026-09-02,canonical_price_differs
1351,080530,2026-09-02,canonical_price_differs
1352,080580,2026-09-02,canonical_price_differs
1355,081150,2026-09-02,canonical_price_differs
1356,081180,2026-09-02,canonical_price_differs
1357,081580,2026-09-02,canonical_price_differs
1359,082210,2026-09-02,canonical_price_differs
1360,082270,2026-09-02,canonical_price_differs
1365,082850,2026-09-02,canonical_price_differs
1366,082920,2026-09-02,canonical_price_differs
1367,083310,2026-09-02,canonical_price_differs
1369,083450,2026-09-02,canonical_price_differs
1370,083470,2026-09-02,canonical_price_differs
1371,083500,2026-09-02,canonical_price_differs
1372,083550,2026-09-02,canonical_price_differs
1373,083640,2026-09-02,canonical_price_differs
1374,083650,2026-09-02,canonical_price_differs
1375,083660,2026-09-02,canonical_price_differs
1376,083790,2026-09-02,canonical_price_differs
1377,083930,2026-09-02,canonical_price_differs
1379,084110,2026-09-02,canonical_price_differs
1380,084180,2026-09-02,canonical_price_differs
1381,084370,2026-09-02,canonical_price_differs
1388,084730,2026-09-02,canonical_price_differs
1389,084850,2026-09-02,canonical_price_differs
1391,084990,2026-09-02,canonical_price_differs
1394,085660,2026-09-02,canonical_price_differs
1395,085670,2026-09-02,canonical_price_differs
1396,085810,2026-09-02,canonical_price_differs
1397,085910,2026-09-02,canonical_price_differs
1398,086040,2026-09-02,canonical_price_differs
1399,086060,2026-09-02,canonical_price_differs
1401,086390,2026-09-02,canonical_price_differs
1402,086450,2026-09-02,canonical_price_differs
1403,086520,2026-09-02,canonical_price_differs
1404,086670,2026-09-02,canonical_price_differs
1405,086710,2026-09-02,canonical_price_differs
1407,086820,2026-09-02,canonical_price_differs
1408,086890,2026-09-02,canonical_price_differs
1409,086900,2026-09-02,canonical_price_differs
1410,086960,2026-09-02,canonical_price_differs
1411,086980,2026-09-02,canonical_price_differs
1412,087010,2026-09-02,canonical_price_differs
1414,087600,2026-09-02,canonical_price_differs
1415,088130,2026-09-02,canonical_price_differs
1417,088280,2026-09-02,canonical_price_differs
1418,088290,2026-09-02,canonical_price_differs
1419,088340,2026-09-02,canonical_price_differs
1421,088390,2026-09-02,canonical_price_differs
1423,088800,2026-09-02,canonical_price_differs
1424,088910,2026-09-02,canonical_price_differs
1426,089010,2026-09-02,canonical_price_differs
1427,089030,2026-09-02,canonical_price_differs
1429,089150,2026-09-02,canonical_price_differs
1433,089600,2026-09-02,canonical_price_differs
1434,089790,2026-09-02,canonical_price_differs
1435,089850,2026-09-02,canonical_price_differs
1437,089890,2026-09-02,canonical_price_differs
1438,089970,2026-09-02,canonical_price_differs
1439,089980,2026-09-02,canonical_price_differs
1441,090150,2026-09-02,canonical_price_differs
1444,090360,2026-09-02,canonical_price_differs
1446,090410,2026-09-02,canonical_price_differs
1450,090470,2026-09-02,canonical_price_differs
1451,090710,2026-09-02,canonical_price_differs
1452,090850,2026-09-02,canonical_price_differs
1453,091120,2026-09-02,canonical_price_differs
1454,091340,2026-09-02,canonical_price_differs
1455,091440,2026-09-02,canonical_price_differs
1456,091580,2026-09-02,canonical_price_differs
1457,091590,2026-09-02,canonical_price_differs
1458,091700,2026-09-02,canonical_price_differs
1461,092040,2026-09-02,canonical_price_differs
1462,092070,2026-09-02,canonical_price_differs
1463,092130,2026-09-02,canonical_price_differs
1464,092190,2026-09-02,canonical_price_differs
1468,092300,2026-09-02,canonical_price_differs
1470,092460,2026-09-02,canonical_price_differs
1472,092730,2026-09-02,canonical_price_differs
1475,092870,2026-09-02,canonical_price_differs
1477,093190,2026-09-02,canonical_price_differs
1479,093320,2026-09-02,canonical_price_differs
1481,093380,2026-09-02,canonical_price_differs
1482,093520,2026-09-02,canonical_price_differs
1483,093640,2026-09-02,canonical_price_differs
1484,093920,2026-09-02,canonical_price_differs
1485,094170,2026-09-02,canonical_price_differs
1487,094360,2026-09-02,canonical_price_differs
1488,094480,2026-09-02,canonical_price_differs
1490,094820,2026-09-02,canonical_price_differs
1491,094840,2026-09-02,canonical_price_differs
1492,094850,2026-09-02,canonical_price_differs
1494,094940,2026-09-02,canonical_price_differs
1495,094970,2026-09-02,canonical_price_differs
1496,095190,2026-09-02,canonical_price_differs
1497,095270,2026-09-02,canonical_price_differs
1498,095340,2026-09-02,canonical_price_differs
1499,095500,2026-09-02,canonical_price_differs
1501,095610,2026-09-02,canonical_price_differs
1502,095660,2026-09-02,canonical_price_differs
1503,095700,2026-09-02,canonical_price_differs
1505,095910,2026-09-02,canonical_price_differs
1506,096240,2026-09-02,canonical_price_differs
1507,096250,2026-09-02,canonical_price_differs
1508,096350,2026-09-02,canonical_price_differs
1509,096530,2026-09-02,canonical_price_differs
1511,096630,2026-09-02,canonical_price_differs
1516,096870,2026-09-02,canonical_price_differs
1519,097780,2026-09-02,canonical_price_differs
1520,097800,2026-09-02,canonical_price_differs
1521,097870,2026-09-02,canonical_price_differs
1524,098070,2026-09-02,canonical_price_differs
1525,098120,2026-09-02,canonical_price_differs
1526,098460,2026-09-02,canonical_price_differs
1527,098660,2026-09-02,canonical_price_differs
1528,099190,2026-09-02,canonical_price_differs
1530,099320,2026-09-02,canonical_price_differs
1531,099390,2026-09-02,canonical_price_differs
1532,099410,2026-09-02,canonical_price_differs
1533,099430,2026-09-02,canonical_price_differs
1534,099440,2026-09-02,canonical_price_differs
1536,099750,2026-09-02,canonical_price_differs
1537,100030,2026-09-02,canonical_price_differs
1539,100120,2026-09-02,canonical_price_differs
1540,100130,2026-09-02,canonical_price_differs
1543,100590,2026-09-02,canonical_price_differs
1544,100660,2026-09-02,canonical_price_differs
1545,100700,2026-09-02,canonical_price_differs
1546,100790,2026-09-02,canonical_price_differs
1550,101160,2026-09-02,canonical_price_differs
1551,101170,2026-09-02,canonical_price_differs
1552,101240,2026-09-02,canonical_price_differs
1553,101330,2026-09-02,canonical_price_differs
1554,101360,2026-09-02,canonical_price_differs
1555,101400,2026-09-02,canonical_price_differs
1556,101490,2026-09-02,canonical_price_differs
1558,101670,2026-09-02,canonical_price_differs
1559,101680,2026-09-02,canonical_price_differs
1560,101730,2026-09-02,canonical_price_differs
1561,101930,2026-09-02,canonical_price_differs
1563,102120,2026-09-02,canonical_price_differs
1565,102370,2026-09-02,canonical_price_differs
1567,102710,2026-09-02,canonical_price_differs
1568,102940,2026-09-02,canonical_price_differs
1570,103230,2026-09-02,canonical_price_differs
1572,103840,2026-09-02,canonical_price_differs
1573,104040,2026-09-02,canonical_price_differs
1574,104200,2026-09-02,canonical_price_differs
1575,104460,2026-09-02,canonical_price_differs
1576,104480,2026-09-02,canonical_price_differs
1577,104540,2026-09-02,canonical_price_differs
1578,104620,2026-09-02,canonical_price_differs
1580,104830,2026-09-02,canonical_price_differs
1581,105330,2026-09-02,canonical_price_differs
1582,105550,2026-09-02,canonical_price_differs
1585,105740,2026-09-02,canonical_price_differs
1586,105760,2026-09-02,canonical_price_differs
1589,106190,2026-09-02,canonical_price_differs
1590,106240,2026-09-02,canonical_price_differs
1592,107600,2026-09-02,canonical_price_differs
1593,107640,2026-09-02,canonical_price_differs
1594,108230,2026-09-02,canonical_price_differs
1596,108380,2026-09-02,canonical_price_differs
1597,108490,2026-09-02,canonical_price_differs
1600,108860,2026-09-02,canonical_price_differs
1602,109080,2026-09-02,canonical_price_differs
1603,109610,2026-09-02,canonical_price_differs
1604,109670,2026-09-02,canonical_price_differs
1605,109740,2026-09-02,canonical_price_differs
1606,109820,2026-09-02,canonical_price_differs
1607,109860,2026-09-02,canonical_price_differs
1609,110020,2026-09-02,canonical_price_differs
1610,110790,2026-09-02,canonical_price_differs
1611,110990,2026-09-02,canonical_price_differs
1614,111710,2026-09-02,canonical_price_differs
1616,112040,2026-09-02,canonical_price_differs
1617,112290,2026-09-02,canonical_price_differs
1619,113810,2026-09-02,canonical_price_differs
1621,114190,2026-09-02,canonical_price_differs
1622,114450,2026-09-02,canonical_price_differs
1623,114630,2026-09-02,canonical_price_differs
1624,114810,2026-09-02,canonical_price_differs
1625,114840,2026-09-02,canonical_price_differs
1626,115160,2026-09-02,canonical_price_differs
1627,115180,2026-09-02,canonical_price_differs
1628,115310,2026-09-02,canonical_price_differs
1629,115440,2026-09-02,canonical_price_differs
1631,115480,2026-09-02,canonical_price_differs
1632,115500,2026-09-02,canonical_price_differs
1633,115530,2026-09-02,canonical_price_differs
1634,115570,2026-09-02,canonical_price_differs
1635,115610,2026-09-02,canonical_price_differs
1637,117670,2026-09-02,canonical_price_differs
1638,117730,2026-09-02,canonical_price_differs
1640,118990,2026-09-02,canonical_price_differs
1641,119500,2026-09-02,canonical_price_differs
1642,119610,2026-09-02,canonical_price_differs
1644,119830,2026-09-02,canonical_price_differs
1645,119850,2026-09-02,canonical_price_differs
1649,120240,2026-09-02,canonical_price_differs
1650,121440,2026-09-02,canonical_price_differs
1651,121600,2026-09-02,canonical_price_differs
1654,121890,2026-09-02,canonical_price_differs
1655,122310,2026-09-02,canonical_price_differs
1656,122350,2026-09-02,canonical_price_differs
1657,122450,2026-09-02,canonical_price_differs
1658,122640,2026-09-02,canonical_price_differs
1659,122690,2026-09-02,canonical_price_differs
1660,122870,2026-09-02,canonical_price_differs
1662,122990,2026-09-02,canonical_price_differs
1663,123010,2026-09-02,canonical_price_differs
1664,123040,2026-09-02,canonical_price_differs
1665,123330,2026-09-02,canonical_price_differs
1666,123410,2026-09-02,canonical_price_differs
1667,123420,2026-09-02,canonical_price_differs
1668,123570,2026-09-02,canonical_price_differs
1671,123750,2026-09-02,canonical_price_differs
1672,123840,2026-09-02,canonical_price_differs
1673,123860,2026-09-02,canonical_price_differs
1675,124500,2026-09-02,canonical_price_differs
1676,124560,2026-09-02,canonical_price_differs
1677,125020,2026-09-02,canonical_price_differs
1678,125210,2026-09-02,canonical_price_differs
1679,125490,2026-09-02,canonical_price_differs
1680,126340,2026-09-02,canonical_price_differs
1682,126600,2026-09-02,canonical_price_differs
1683,126640,2026-09-02,canonical_price_differs
1684,126700,2026-09-02,canonical_price_differs
1686,126730,2026-09-02,canonical_price_differs
1687,126880,2026-09-02,canonical_price_differs
1688,127120,2026-09-02,canonical_price_differs
1689,127710,2026-09-02,canonical_price_differs
1690,127980,2026-09-02,canonical_price_differs
1691,128540,2026-09-02,canonical_price_differs
1692,128660,2026-09-02,canonical_price_differs
1697,129920,2026-09-02,canonical_price_differs
1698,130500,2026-09-02,canonical_price_differs
1699,130580,2026-09-02,canonical_price_differs
1701,130740,2026-09-02,canonical_price_differs
1702,131030,2026-09-02,canonical_price_differs
1703,131090,2026-09-02,canonical_price_differs
1704,131100,2026-09-02,canonical_price_differs
1705,131180,2026-09-02,canonical_price_differs
1706,131220,2026-09-02,canonical_price_differs
1707,131290,2026-09-02,canonical_price_differs
1708,131370,2026-09-02,canonical_price_differs
1709,131400,2026-09-02,canonical_price_differs
1710,131760,2026-09-02,canonical_price_differs
1711,131970,2026-09-02,canonical_price_differs
1712,133750,2026-09-02,canonical_price_differs
1714,134060,2026-09-02,canonical_price_differs
1718,136150,2026-09-02,canonical_price_differs
1719,136410,2026-09-02,canonical_price_differs
1720,136480,2026-09-02,canonical_price_differs
1722,136540,2026-09-02,canonical_price_differs
1723,137080,2026-09-02,canonical_price_differs
1725,137400,2026-09-02,canonical_price_differs
1726,137940,2026-09-02,canonical_price_differs
1727,137950,2026-09-02,canonical_price_differs
1729,138070,2026-09-02,canonical_price_differs
1730,138080,2026-09-02,canonical_price_differs
1731,138360,2026-09-02,canonical_price_differs
1732,138610,2026-09-02,canonical_price_differs
1736,139670,2026-09-02,canonical_price_differs
1738,140070,2026-09-02,canonical_price_differs
1739,140410,2026-09-02,canonical_price_differs
1740,140430,2026-09-02,canonical_price_differs
1741,140520,2026-09-02,canonical_price_differs
1742,140670,2026-09-02,canonical_price_differs
1743,140860,2026-09-02,canonical_price_differs
1744,141000,2026-09-02,canonical_price_differs
1745,141080,2026-09-02,canonical_price_differs
1746,142210,2026-09-02,canonical_price_differs
1747,142280,2026-09-02,canonical_price_differs
1748,142760,2026-09-02,canonical_price_differs
1749,143160,2026-09-02,canonical_price_differs
1751,143240,2026-09-02,canonical_price_differs
1752,143540,2026-09-02,canonical_price_differs
1753,144510,2026-09-02,canonical_price_differs
1754,144960,2026-09-02,canonical_price_differs
1755,145020,2026-09-02,canonical_price_differs
1756,145170,2026-09-02,canonical_price_differs
1762,146060,2026-09-02,canonical_price_differs
1763,146320,2026-09-02,canonical_price_differs
1764,147760,2026-09-02,canonical_price_differs
1765,147830,2026-09-02,canonical_price_differs
1766,148150,2026-09-02,canonical_price_differs
1767,148250,2026-09-02,canonical_price_differs
1768,148780,2026-09-02,canonical_price_differs
1769,148930,2026-09-02,canonical_price_differs
1770,149950,2026-09-02,canonical_price_differs
1771,149980,2026-09-02,canonical_price_differs
1772,150900,2026-09-02,canonical_price_differs
1773,151860,2026-09-02,canonical_price_differs
1774,153460,2026-09-02,canonical_price_differs
1775,153490,2026-09-02,canonical_price_differs
1776,153710,2026-09-02,canonical_price_differs
1777,153890,2026-09-02,canonical_price_differs
1778,154030,2026-09-02,canonical_price_differs
1780,155650,2026-09-02,canonical_price_differs
1784,159010,2026-09-02,canonical_price_differs
1785,159580,2026-09-02,canonical_price_differs
1787,160190,2026-09-02,canonical_price_differs
1788,160550,2026-09-02,canonical_price_differs
1789,160980,2026-09-02,canonical_price_differs
1792,161580,2026-09-02,canonical_price_differs
1794,162300,2026-09-02,canonical_price_differs
1795,163280,2026-09-02,canonical_price_differs
1797,163730,2026-09-02,canonical_price_differs
1798,166090,2026-09-02,canonical_price_differs
1799,166480,2026-09-02,canonical_price_differs
1800,168330,2026-09-02,canonical_price_differs
1801,168360,2026-09-02,canonical_price_differs
1802,169330,2026-09-02,canonical_price_differs
1803,170030,2026-09-02,canonical_price_differs
1804,170790,2026-09-02,canonical_price_differs
1806,170920,2026-09-02,canonical_price_differs
1807,171010,2026-09-02,canonical_price_differs
1808,171090,2026-09-02,canonical_price_differs
1809,171120,2026-09-02,canonical_price_differs
1810,172670,2026-09-02,canonical_price_differs
1811,173130,2026-09-02,canonical_price_differs
1812,173940,2026-09-02,canonical_price_differs
1813,174900,2026-09-02,canonical_price_differs
1814,175140,2026-09-02,canonical_price_differs
1817,176750,2026-09-02,canonical_price_differs
1818,177350,2026-09-02,canonical_price_differs
1819,177830,2026-09-02,canonical_price_differs
1820,177900,2026-09-02,canonical_price_differs
1821,178320,2026-09-02,canonical_price_differs
1822,178780,2026-09-02,canonical_price_differs
1824,179290,2026-09-02,canonical_price_differs
1825,179530,2026-09-02,canonical_price_differs
1826,179900,2026-09-02,canonical_price_differs
1827,180400,2026-09-02,canonical_price_differs
1831,182360,2026-09-02,canonical_price_differs
1834,183300,2026-09-02,canonical_price_differs
1836,184230,2026-09-02,canonical_price_differs
1837,185490,2026-09-02,canonical_price_differs
1839,186230,2026-09-02,canonical_price_differs
1840,187220,2026-09-02,canonical_price_differs
1841,187270,2026-09-02,canonical_price_differs
1842,187420,2026-09-02,canonical_price_differs
1844,187790,2026-09-02,canonical_price_differs
1845,187870,2026-09-02,canonical_price_differs
1846,188040,2026-09-02,canonical_price_differs
1847,188260,2026-09-02,canonical_price_differs
1848,189300,2026-09-02,canonical_price_differs
1849,189330,2026-09-02,canonical_price_differs
1850,189690,2026-09-02,canonical_price_differs
1852,189980,2026-09-02,canonical_price_differs
1853,190510,2026-09-02,canonical_price_differs
1854,190650,2026-09-02,canonical_price_differs
1855,191410,2026-09-02,canonical_price_differs
1856,191420,2026-09-02,canonical_price_differs
1858,192250,2026-09-02,canonical_price_differs
1859,192390,2026-09-02,canonical_price_differs
1861,192410,2026-09-02,canonical_price_differs
1862,192440,2026-09-02,canonical_price_differs
1865,193250,2026-09-02,canonical_price_differs
1867,194480,2026-09-02,canonical_price_differs
1868,194700,2026-09-02,canonical_price_differs
1869,195500,2026-09-02,canonical_price_differs
1871,195940,2026-09-02,canonical_price_differs
1872,195990,2026-09-02,canonical_price_differs
1873,196170,2026-09-02,canonical_price_differs
1874,196300,2026-09-02,canonical_price_differs
1875,196450,2026-09-02,canonical_price_differs
1877,196700,2026-09-02,canonical_price_differs
1878,197140,2026-09-02,canonical_price_differs
1879,198080,2026-09-02,canonical_price_differs
1880,198440,2026-09-02,canonical_price_differs
1881,198940,2026-09-02,canonical_price_differs
1882,199430,2026-09-02,canonical_price_differs
1883,199480,2026-09-02,canonical_price_differs
1884,199550,2026-09-02,canonical_price_differs
1885,199730,2026-09-02,canonical_price_differs
1886,199800,2026-09-02,canonical_price_differs
1887,199820,2026-09-02,canonical_price_differs
1888,200130,2026-09-02,canonical_price_differs
1889,200230,2026-09-02,canonical_price_differs
1890,200350,2026-09-02,canonical_price_differs
1891,200470,2026-09-02,canonical_price_differs
1892,200670,2026-09-02,canonical_price_differs
1893,200710,2026-09-02,canonical_price_differs
1894,200780,2026-09-02,canonical_price_differs
1896,201490,2026-09-02,canonical_price_differs
1898,203450,2026-09-02,canonical_price_differs
1899,203650,2026-09-02,canonical_price_differs
1900,204020,2026-09-02,canonical_price_differs
1901,204270,2026-09-02,canonical_price_differs
1903,204610,2026-09-02,canonical_price_differs
1904,204620,2026-09-02,canonical_price_differs
1905,204840,2026-09-02,canonical_price_differs
1906,205100,2026-09-02,canonical_price_differs
1907,205470,2026-09-02,canonical_price_differs
1908,205500,2026-09-02,canonical_price_differs
1911,206640,2026-09-02,canonical_price_differs
1912,206650,2026-09-02,canonical_price_differs
1913,207760,2026-09-02,canonical_price_differs
1915,208140,2026-09-02,canonical_price_differs
1916,208350,2026-09-02,canonical_price_differs
1917,208370,2026-09-02,canonical_price_differs
1918,208640,2026-09-02,canonical_price_differs
1919,208710,2026-09-02,canonical_price_differs
1921,209640,2026-09-02,canonical_price_differs
1922,210120,2026-09-02,canonical_price_differs
1926,211270,2026-09-02,canonical_price_differs
1928,212710,2026-09-02,canonical_price_differs
1929,213420,2026-09-02,canonical_price_differs
1931,214150,2026-09-02,canonical_price_differs
1932,214180,2026-09-02,canonical_price_differs
1933,214260,2026-09-02,canonical_price_differs
1934,214270,2026-09-02,canonical_price_differs
1940,214430,2026-09-02,canonical_price_differs
1941,214450,2026-09-02,canonical_price_differs
1943,214680,2026-09-02,canonical_price_differs
1944,215000,2026-09-02,canonical_price_differs
1945,215090,2026-09-02,canonical_price_differs
1946,215100,2026-09-02,canonical_price_differs
1947,215200,2026-09-02,canonical_price_differs
1948,215360,2026-09-02,canonical_price_differs
1949,215380,2026-09-02,canonical_price_differs
1950,215480,2026-09-02,canonical_price_differs
1951,215600,2026-09-02,canonical_price_differs
1952,215790,2026-09-02,canonical_price_differs
1953,216050,2026-09-02,canonical_price_differs
1954,216080,2026-09-02,canonical_price_differs
1955,217190,2026-09-02,canonical_price_differs
1956,217270,2026-09-02,canonical_price_differs
1957,217330,2026-09-02,canonical_price_differs
1959,217500,2026-09-02,canonical_price_differs
1961,217730,2026-09-02,canonical_price_differs
1963,218150,2026-09-02,canonical_price_differs
1964,218410,2026-09-02,canonical_price_differs
1965,219130,2026-09-02,canonical_price_differs
1966,219420,2026-09-02,canonical_price_differs
1967,219550,2026-09-02,canonical_price_differs
1968,219750,2026-09-02,canonical_price_differs
1969,220100,2026-09-02,canonical_price_differs
1970,220180,2026-09-02,canonical_price_differs
1971,220260,2026-09-02,canonical_price_differs
1972,221800,2026-09-02,canonical_price_differs
1973,221840,2026-09-02,canonical_price_differs
1974,221980,2026-09-02,canonical_price_differs
1975,222040,2026-09-02,canonical_price_differs
1976,222080,2026-09-02,canonical_price_differs
1977,222110,2026-09-02,canonical_price_differs
1978,222420,2026-09-02,canonical_price_differs
1979,222800,2026-09-02,canonical_price_differs
1980,222980,2026-09-02,canonical_price_differs
1981,223250,2026-09-02,canonical_price_differs
1983,224060,2026-09-02,canonical_price_differs
1984,224110,2026-09-02,canonical_price_differs
1985,225190,2026-09-02,canonical_price_differs
1986,225220,2026-09-02,canonical_price_differs
1987,225430,2026-09-02,canonical_price_differs
1988,225530,2026-09-02,canonical_price_differs
1989,225570,2026-09-02,canonical_price_differs
1990,225590,2026-09-02,canonical_price_differs
1992,226330,2026-09-02,canonical_price_differs
1993,226340,2026-09-02,canonical_price_differs
1994,226400,2026-09-02,canonical_price_differs
1995,226590,2026-09-02,canonical_price_differs
1996,226950,2026-09-02,canonical_price_differs
1997,227610,2026-09-02,canonical_price_differs
1999,227950,2026-09-02,canonical_price_differs
2000,228340,2026-09-02,canonical_price_differs
2001,228670,2026-09-02,canonical_price_differs
2002,228760,2026-09-02,canonical_price_differs
2003,228850,2026-09-02,canonical_price_differs
2004,229000,2026-09-02,canonical_price_differs
2006,230240,2026-09-02,canonical_price_differs
2007,232140,2026-09-02,canonical_price_differs
2008,232680,2026-09-02,canonical_price_differs
2010,234030,2026-09-02,canonical_price_differs
2012,234100,2026-09-02,canonical_price_differs
2013,234300,2026-09-02,canonical_price_differs
2014,234340,2026-09-02,canonical_price_differs
2015,234690,2026-09-02,canonical_price_differs
2017,235980,2026-09-02,canonical_price_differs
2018,236200,2026-09-02,canonical_price_differs
2019,236810,2026-09-02,canonical_price_differs
2020,237690,2026-09-02,canonical_price_differs
2021,237750,2026-09-02,canonical_price_differs
2022,237820,2026-09-02,canonical_price_differs
2023,237880,2026-09-02,canonical_price_differs
2024,238090,2026-09-02,canonical_price_differs
2025,238120,2026-09-02,canonical_price_differs
2026,238200,2026-09-02,canonical_price_differs
2027,238490,2026-09-02,canonical_price_differs
2029,239610,2026-09-02,canonical_price_differs
2030,239890,2026-09-02,canonical_price_differs
2031,240550,2026-09-02,canonical_price_differs
2032,240600,2026-09-02,canonical_price_differs
2033,240810,2026-09-02,canonical_price_differs
2034,241520,2026-09-02,canonical_price_differs
2037,241690,2026-09-02,canonical_price_differs
2038,241710,2026-09-02,canonical_price_differs
2039,241770,2026-09-02,canonical_price_differs
2040,241790,2026-09-02,canonical_price_differs
2042,241840,2026-09-02,canonical_price_differs
2043,242040,2026-09-02,canonical_price_differs
2044,243070,2026-09-02,canonical_price_differs
2050,246690,2026-09-02,canonical_price_differs
2051,246710,2026-09-02,canonical_price_differs
2053,246960,2026-09-02,canonical_price_differs
2054,247540,2026-09-02,canonical_price_differs
2055,247660,2026-09-02,canonical_price_differs
2059,250000,2026-09-02,canonical_price_differs
2060,250060,2026-09-02,canonical_price_differs
2061,250930,2026-09-02,canonical_price_differs
2062,251120,2026-09-02,canonical_price_differs
2064,251370,2026-09-02,canonical_price_differs
2065,251630,2026-09-02,canonical_price_differs
2066,251970,2026-09-02,canonical_price_differs
2067,252500,2026-09-02,canonical_price_differs
2068,252990,2026-09-02,canonical_price_differs
2069,253450,2026-09-02,canonical_price_differs
2070,253590,2026-09-02,canonical_price_differs
2071,253840,2026-09-02,canonical_price_differs
2072,254120,2026-09-02,canonical_price_differs
2073,254490,2026-09-02,canonical_price_differs
2074,255220,2026-09-02,canonical_price_differs
2075,255440,2026-09-02,canonical_price_differs
2076,256150,2026-09-02,canonical_price_differs
2077,256630,2026-09-02,canonical_price_differs
2078,256840,2026-09-02,canonical_price_differs
2079,256940,2026-09-02,canonical_price_differs
2080,257370,2026-09-02,canonical_price_differs
2081,257720,2026-09-02,canonical_price_differs
2082,258610,2026-09-02,canonical_price_differs
2083,258790,2026-09-02,canonical_price_differs
2085,259630,2026-09-02,canonical_price_differs
2087,260660,2026-09-02,canonical_price_differs
2088,260930,2026-09-02,canonical_price_differs
2089,260970,2026-09-02,canonical_price_differs
2090,261200,2026-09-02,canonical_price_differs
2091,261520,2026-09-02,canonical_price_differs
2092,261780,2026-09-02,canonical_price_differs
2093,262260,2026-09-02,canonical_price_differs
2094,262840,2026-09-02,canonical_price_differs
2095,263020,2026-09-02,canonical_price_differs
2097,263600,2026-09-02,canonical_price_differs
2098,263690,2026-09-02,canonical_price_differs
2099,263700,2026-09-02,canonical_price_differs
2100,263720,2026-09-02,canonical_price_differs
2101,263750,2026-09-02,canonical_price_differs
2102,263770,2026-09-02,canonical_price_differs
2103,263800,2026-09-02,canonical_price_differs
2104,263810,2026-09-02,canonical_price_differs
2105,263860,2026-09-02,canonical_price_differs
2106,263920,2026-09-02,canonical_price_differs
2107,264450,2026-09-02,canonical_price_differs
2108,264660,2026-09-02,canonical_price_differs
2109,264850,2026-09-02,canonical_price_differs
2112,265520,2026-09-02,canonical_price_differs
2113,265560,2026-09-02,canonical_price_differs
2114,265740,2026-09-02,canonical_price_differs
2119,267320,2026-09-02,canonical_price_differs
2120,267790,2026-09-02,canonical_price_differs
2122,267980,2026-09-02,canonical_price_differs
2125,270520,2026-09-02,canonical_price_differs
2126,270660,2026-09-02,canonical_price_differs
2127,270870,2026-09-02,canonical_price_differs
2129,271830,2026-09-02,canonical_price_differs
2132,272110,2026-09-02,canonical_price_differs
2134,272290,2026-09-02,canonical_price_differs
2137,273060,2026-09-02,canonical_price_differs
2138,273640,2026-09-02,canonical_price_differs
2139,274090,2026-09-02,canonical_price_differs
2140,274400,2026-09-02,canonical_price_differs
2141,275630,2026-09-02,canonical_price_differs
2144,277070,2026-09-02,canonical_price_differs
2145,277410,2026-09-02,canonical_price_differs
2146,277810,2026-09-02,canonical_price_differs
2147,277880,2026-09-02,canonical_price_differs
2148,278280,2026-09-02,canonical_price_differs
2150,278650,2026-09-02,canonical_price_differs
2152,279600,2026-09-02,canonical_price_differs
2154,281740,2026-09-02,canonical_price_differs
2157,282720,2026-09-02,canonical_price_differs
2158,282880,2026-09-02,canonical_price_differs
2163,285490,2026-09-02,canonical_price_differs
2164,285800,2026-09-02,canonical_price_differs
2165,286750,2026-09-02,canonical_price_differs
2167,287840,2026-09-02,canonical_price_differs
2168,288180,2026-09-02,canonical_price_differs
2170,288620,2026-09-02,canonical_price_differs
2171,288980,2026-09-02,canonical_price_differs
2172,289010,2026-09-02,canonical_price_differs
2173,289080,2026-09-02,canonical_price_differs
2174,289220,2026-09-02,canonical_price_differs
2175,289930,2026-09-02,canonical_price_differs
2176,290090,2026-09-02,canonical_price_differs
2177,290120,2026-09-02,canonical_price_differs
2178,290270,2026-09-02,canonical_price_differs
2179,290520,2026-09-02,canonical_price_differs
2180,290550,2026-09-02,canonical_price_differs
2181,290560,2026-09-02,canonical_price_differs
2182,290650,2026-09-02,canonical_price_differs
2183,290660,2026-09-02,canonical_price_differs
2184,290670,2026-09-02,canonical_price_differs
2186,290720,2026-09-02,canonical_price_differs
2187,290740,2026-09-02,canonical_price_differs
2188,291230,2026-09-02,canonical_price_differs
2189,291650,2026-09-02,canonical_price_differs
2190,291810,2026-09-02,canonical_price_differs
2192,293490,2026-09-02,canonical_price_differs
2194,293780,2026-09-02,canonical_price_differs
2197,294140,2026-09-02,canonical_price_differs
2198,294570,2026-09-02,canonical_price_differs
2199,294630,2026-09-02,canonical_price_differs
2201,295310,2026-09-02,canonical_price_differs
2202,296640,2026-09-02,canonical_price_differs
2203,297090,2026-09-02,canonical_price_differs
2204,297570,2026-09-02,canonical_price_differs
2205,297890,2026-09-02,canonical_price_differs
2210,298060,2026-09-02,canonical_price_differs
2211,298380,2026-09-02,canonical_price_differs
2212,298540,2026-09-02,canonical_price_differs
2214,298830,2026-09-02,canonical_price_differs
2215,299030,2026-09-02,canonical_price_differs
2216,299170,2026-09-02,canonical_price_differs
2217,299660,2026-09-02,canonical_price_differs
2218,300080,2026-09-02,canonical_price_differs
2221,301300,2026-09-02,canonical_price_differs
2222,302430,2026-09-02,canonical_price_differs
2225,303030,2026-09-02,canonical_price_differs
2226,303360,2026-09-02,canonical_price_differs
2227,303530,2026-09-02,canonical_price_differs
2228,303810,2026-09-02,canonical_price_differs
2229,304100,2026-09-02,canonical_price_differs
2230,304360,2026-09-02,canonical_price_differs
2232,305090,2026-09-02,canonical_price_differs
2233,306040,2026-09-02,canonical_price_differs
2235,306620,2026-09-02,canonical_price_differs
2236,307180,2026-09-02,canonical_price_differs
2237,307280,2026-09-02,canonical_price_differs
2238,307750,2026-09-02,canonical_price_differs
2239,307870,2026-09-02,canonical_price_differs
2240,307930,2026-09-02,canonical_price_differs
2242,308080,2026-09-02,canonical_price_differs
2243,308100,2026-09-02,canonical_price_differs
2245,308430,2026-09-02,canonical_price_differs
2247,309930,2026-09-02,canonical_price_differs
2248,309960,2026-09-02,canonical_price_differs
2249,310200,2026-09-02,canonical_price_differs
2250,310210,2026-09-02,canonical_price_differs
2251,310870,2026-09-02,canonical_price_differs
2252,311320,2026-09-02,canonical_price_differs
2253,311390,2026-09-02,canonical_price_differs
2254,311690,2026-09-02,canonical_price_differs
2255,312610,2026-09-02,canonical_price_differs
2257,314130,2026-09-02,canonical_price_differs
2258,314140,2026-09-02,canonical_price_differs
2259,314930,2026-09-02,canonical_price_differs
2260,315640,2026-09-02,canonical_price_differs
2262,317120,2026-09-02,canonical_price_differs
2263,317240,2026-09-02,canonical_price_differs
2264,317330,2026-09-02,canonical_price_differs
2267,317530,2026-09-02,canonical_price_differs
2268,317690,2026-09-02,canonical_price_differs
2269,317770,2026-09-02,canonical_price_differs
2270,317830,2026-09-02,canonical_price_differs
2271,317850,2026-09-02,canonical_price_differs
2272,317870,2026-09-02,canonical_price_differs
2273,318000,2026-09-02,canonical_price_differs
2274,318010,2026-09-02,canonical_price_differs
2275,318020,2026-09-02,canonical_price_differs
2276,318060,2026-09-02,canonical_price_differs
2277,318160,2026-09-02,canonical_price_differs
2278,318410,2026-09-02,canonical_price_differs
2279,319400,2026-09-02,canonical_price_differs
2280,319660,2026-09-02,canonical_price_differs
2281,320000,2026-09-02,canonical_price_differs
2282,321260,2026-09-02,canonical_price_differs
2284,321550,2026-09-02,canonical_price_differs
2285,321820,2026-09-02,canonical_price_differs
2287,322180,2026-09-02,canonical_price_differs
2288,322310,2026-09-02,canonical_price_differs
2289,322510,2026-09-02,canonical_price_differs
2290,322780,2026-09-02,canonical_price_differs
2291,323280,2026-09-02,canonical_price_differs
2294,323990,2026-09-02,canonical_price_differs
2296,327260,2026-09-02,canonical_price_differs
2297,328130,2026-09-02,canonical_price_differs
2298,328380,2026-09-02,canonical_price_differs
2300,330350,2026-09-02,canonical_price_differs
2302,330730,2026-09-02,canonical_price_differs
2303,330860,2026-09-02,canonical_price_differs
2304,331380,2026-09-02,canonical_price_differs
2305,331520,2026-09-02,canonical_price_differs
2306,331740,2026-09-02,canonical_price_differs
2307,331920,2026-09-02,canonical_price_differs
2308,332290,2026-09-02,canonical_price_differs
2309,332370,2026-09-02,canonical_price_differs
2310,332570,2026-09-02,canonical_price_differs
2311,333050,2026-09-02,canonical_price_differs
2312,333430,2026-09-02,canonical_price_differs
2313,333620,2026-09-02,canonical_price_differs
2315,334970,2026-09-02,canonical_price_differs
2316,335810,2026-09-02,canonical_price_differs
2317,335870,2026-09-02,canonical_price_differs
2318,336060,2026-09-02,canonical_price_differs
2325,336570,2026-09-02,canonical_price_differs
2326,336680,2026-09-02,canonical_price_differs
2327,337930,2026-09-02,canonical_price_differs
2329,338220,2026-09-02,canonical_price_differs
2330,338840,2026-09-02,canonical_price_differs
2332,339950,2026-09-02,canonical_price_differs
2333,340360,2026-09-02,canonical_price_differs
2334,340440,2026-09-02,canonical_price_differs
2335,340450,2026-09-02,canonical_price_differs
2336,340570,2026-09-02,canonical_price_differs
2337,340810,2026-09-02,canonical_price_differs
2339,342870,2026-09-02,canonical_price_differs
2341,344860,2026-09-02,canonical_price_differs
2342,347000,2026-09-02,canonical_price_differs
2343,347700,2026-09-02,canonical_price_differs
2344,347740,2026-09-02,canonical_price_differs
2345,347770,2026-09-02,canonical_price_differs
2346,347850,2026-09-02,canonical_price_differs
2347,347860,2026-09-02,canonical_price_differs
2348,347890,2026-09-02,canonical_price_differs
2349,348030,2026-09-02,canonical_price_differs
2351,348150,2026-09-02,canonical_price_differs
2352,348210,2026-09-02,canonical_price_differs
2353,348340,2026-09-02,canonical_price_differs
2354,348350,2026-09-02,canonical_price_differs
2355,348370,2026-09-02,canonical_price_differs
2358,351320,2026-09-02,canonical_price_differs
2359,351330,2026-09-02,canonical_price_differs
2360,351870,2026-09-02,canonical_price_differs
2361,352090,2026-09-02,canonical_price_differs
2362,352480,2026-09-02,canonical_price_differs
2363,352700,2026-09-02,canonical_price_differs
2366,352910,2026-09-02,canonical_price_differs
2367,352940,2026-09-02,canonical_price_differs
2368,353190,2026-09-02,canonical_price_differs
2371,353590,2026-09-02,canonical_price_differs
2372,353810,2026-09-02,canonical_price_differs
2373,354200,2026-09-02,canonical_price_differs
2374,354320,2026-09-02,canonical_price_differs
2376,355390,2026-09-02,canonical_price_differs
2377,355690,2026-09-02,canonical_price_differs
2378,356680,2026-09-02,canonical_price_differs
2379,356860,2026-09-02,canonical_price_differs
2380,356890,2026-09-02,canonical_price_differs
2382,357230,2026-09-02,canonical_price_differs
2385,357550,2026-09-02,canonical_price_differs
2386,357580,2026-09-02,canonical_price_differs
2387,357780,2026-09-02,canonical_price_differs
2388,357880,2026-09-02,canonical_price_differs
2389,358570,2026-09-02,canonical_price_differs
2390,359090,2026-09-02,canonical_price_differs
2391,360070,2026-09-02,canonical_price_differs
2392,360350,2026-09-02,canonical_price_differs
2393,361390,2026-09-02,canonical_price_differs
2394,361570,2026-09-02,canonical_price_differs
2396,361670,2026-09-02,canonical_price_differs
2397,362320,2026-09-02,canonical_price_differs
2398,362990,2026-09-02,canonical_price_differs
2399,363250,2026-09-02,canonical_price_differs
2400,363260,2026-09-02,canonical_price_differs
2403,364950,2026-09-02,canonical_price_differs
2404,365270,2026-09-02,canonical_price_differs
2405,365330,2026-09-02,canonical_price_differs
2406,365340,2026-09-02,canonical_price_differs
2409,365660,2026-09-02,canonical_price_differs
2410,365900,2026-09-02,canonical_price_differs
2411,366030,2026-09-02,canonical_price_differs
2412,367000,2026-09-02,canonical_price_differs
2413,368600,2026-09-02,canonical_price_differs
2414,368770,2026-09-02,canonical_price_differs
2415,368970,2026-09-02,canonical_price_differs
2416,369370,2026-09-02,canonical_price_differs
2417,370090,2026-09-02,canonical_price_differs
2418,371950,2026-09-02,canonical_price_differs
2419,372170,2026-09-02,canonical_price_differs
2420,372320,2026-09-02,canonical_price_differs
2421,372800,2026-09-02,canonical_price_differs
2423,373110,2026-09-02,canonical_price_differs
2424,373160,2026-09-02,canonical_price_differs
2425,373170,2026-09-02,canonical_price_differs
2426,373200,2026-09-02,canonical_price_differs
2431,376180,2026-09-02,canonical_price_differs
2432,376270,2026-09-02,canonical_price_differs
2433,376290,2026-09-02,canonical_price_differs
2434,376300,2026-09-02,canonical_price_differs
2435,376900,2026-09-02,canonical_price_differs
2436,376930,2026-09-02,canonical_price_differs
2437,376980,2026-09-02,canonical_price_differs
2438,377030,2026-09-02,canonical_price_differs
2440,377220,2026-09-02,canonical_price_differs
2442,377330,2026-09-02,canonical_price_differs
2443,377450,2026-09-02,canonical_price_differs
2445,377480,2026-09-02,canonical_price_differs
2447,378340,2026-09-02,canonical_price_differs
2448,378800,2026-09-02,canonical_price_differs
2451,380550,2026-09-02,canonical_price_differs
2452,381620,2026-09-02,canonical_price_differs
2454,382150,2026-09-02,canonical_price_differs
2455,382480,2026-09-02,canonical_price_differs
2456,382800,2026-09-02,canonical_price_differs
2457,382840,2026-09-02,canonical_price_differs
2458,382900,2026-09-02,canonical_price_differs
2460,383310,2026-09-02,canonical_price_differs
2463,383930,2026-09-02,canonical_price_differs
2464,384470,2026-09-02,canonical_price_differs
2465,387570,2026-09-02,canonical_price_differs
2466,387690,2026-09-02,canonical_price_differs
2467,388050,2026-09-02,canonical_price_differs
2468,388210,2026-09-02,canonical_price_differs
2469,388610,2026-09-02,canonical_price_differs
2470,388720,2026-09-02,canonical_price_differs
2471,388790,2026-09-02,canonical_price_differs
2472,388870,2026-09-02,canonical_price_differs
2473,389020,2026-09-02,canonical_price_differs
2474,389030,2026-09-02,canonical_price_differs
2475,389140,2026-09-02,canonical_price_differs
2476,389260,2026-09-02,canonical_price_differs
2477,389470,2026-09-02,canonical_price_differs
2478,389500,2026-09-02,canonical_price_differs
2479,389650,2026-09-02,canonical_price_differs
2480,389680,2026-09-02,canonical_price_differs
2481,391710,2026-09-02,canonical_price_differs
2482,393210,2026-09-02,canonical_price_differs
2483,393890,2026-09-02,canonical_price_differs
2485,394280,2026-09-02,canonical_price_differs
2486,394420,2026-09-02,canonical_price_differs
2487,394800,2026-09-02,canonical_price_differs
2489,396270,2026-09-02,canonical_price_differs
2490,396300,2026-09-02,canonical_price_differs
2491,396470,2026-09-02,canonical_price_differs
2493,397030,2026-09-02,canonical_price_differs
2494,397810,2026-09-02,canonical_price_differs
2495,398120,2026-09-02,canonical_price_differs
2496,399720,2026-09-02,canonical_price_differs
2498,402030,2026-09-02,canonical_price_differs
2500,402490,2026-09-02,canonical_price_differs
2501,403490,2026-09-02,canonical_price_differs
2503,403850,2026-09-02,canonical_price_differs
2504,403870,2026-09-02,canonical_price_differs
2506,405000,2026-09-02,canonical_price_differs
2507,405100,2026-09-02,canonical_price_differs
2508,405920,2026-09-02,canonical_price_differs
2509,406820,2026-09-02,canonical_price_differs
2510,407400,2026-09-02,canonical_price_differs
2511,408470,2026-09-02,canonical_price_differs
2512,408900,2026-09-02,canonical_price_differs
2513,408920,2026-09-02,canonical_price_differs
2514,411080,2026-09-02,canonical_price_differs
2515,412350,2026-09-02,canonical_price_differs
2517,413390,2026-09-02,canonical_price_differs
2518,413630,2026-09-02,canonical_price_differs
2519,413640,2026-09-02,canonical_price_differs
2520,415380,2026-09-02,canonical_price_differs
2522,416180,2026-09-02,canonical_price_differs
2523,417010,2026-09-02,canonical_price_differs
2524,417180,2026-09-02,canonical_price_differs
2525,417200,2026-09-02,canonical_price_differs
2527,417500,2026-09-02,canonical_price_differs
2528,417790,2026-09-02,canonical_price_differs
2529,417840,2026-09-02,canonical_price_differs
2530,417860,2026-09-02,canonical_price_differs
2531,417970,2026-09-02,canonical_price_differs
2533,418420,2026-09-02,canonical_price_differs
2534,418470,2026-09-02,canonical_price_differs
2535,418550,2026-09-02,canonical_price_differs
2536,418620,2026-09-02,canonical_price_differs
2537,419050,2026-09-02,canonical_price_differs
2538,419080,2026-09-02,canonical_price_differs
2539,419120,2026-09-02,canonical_price_differs
2540,419530,2026-09-02,canonical_price_differs
2541,419540,2026-09-02,canonical_price_differs
2542,420570,2026-09-02,canonical_price_differs
2543,420770,2026-09-02,canonical_price_differs
2544,424760,2026-09-02,canonical_price_differs
2545,424870,2026-09-02,canonical_price_differs
2546,424960,2026-09-02,canonical_price_differs
2547,424980,2026-09-02,canonical_price_differs
2548,425040,2026-09-02,canonical_price_differs
2549,425420,2026-09-02,canonical_price_differs
2550,429270,2026-09-02,canonical_price_differs
2551,430690,2026-09-02,canonical_price_differs
2552,431190,2026-09-02,canonical_price_differs
2554,432430,2026-09-02,canonical_price_differs
2555,432470,2026-09-02,canonical_price_differs
2556,432720,2026-09-02,canonical_price_differs
2557,432980,2026-09-02,canonical_price_differs
2558,434480,2026-09-02,canonical_price_differs
2559,435570,2026-09-02,canonical_price_differs
2560,437730,2026-09-02,canonical_price_differs
2561,438700,2026-09-02,canonical_price_differs
2562,439090,2026-09-02,canonical_price_differs
2564,439580,2026-09-02,canonical_price_differs
2565,439960,2026-09-02,canonical_price_differs
2566,440110,2026-09-02,canonical_price_differs
2567,440290,2026-09-02,canonical_price_differs
2568,440320,2026-09-02,canonical_price_differs
2569,441270,2026-09-02,canonical_price_differs
2571,443250,2026-09-02,canonical_price_differs
2572,443670,2026-09-02,canonical_price_differs
2573,444530,2026-09-02,canonical_price_differs
2574,445090,2026-09-02,canonical_price_differs
2575,445180,2026-09-02,canonical_price_differs
2576,445680,2026-09-02,canonical_price_differs
2578,446540,2026-09-02,canonical_price_differs
2579,446840,2026-09-02,canonical_price_differs
2580,448280,2026-09-02,canonical_price_differs
2581,448710,2026-09-02,canonical_price_differs
2583,448900,2026-09-02,canonical_price_differs
2585,450330,2026-09-02,canonical_price_differs
2586,450520,2026-09-02,canonical_price_differs
2587,450950,2026-09-02,canonical_price_differs
2588,451220,2026-09-02,canonical_price_differs
2589,451250,2026-09-02,canonical_price_differs
2590,451760,2026-09-02,canonical_price_differs
2592,452160,2026-09-02,canonical_price_differs
2593,452190,2026-09-02,canonical_price_differs
2594,452200,2026-09-02,canonical_price_differs
2597,452280,2026-09-02,canonical_price_differs
2598,452300,2026-09-02,canonical_price_differs
2599,452400,2026-09-02,canonical_price_differs
2600,452430,2026-09-02,canonical_price_differs
2601,452450,2026-09-02,canonical_price_differs
2603,453450,2026-09-02,canonical_price_differs
2604,453860,2026-09-02,canonical_price_differs
2606,455180,2026-09-02,canonical_price_differs
2607,455900,2026-09-02,canonical_price_differs
2608,456010,2026-09-02,canonical_price_differs
2610,456070,2026-09-02,canonical_price_differs
2611,456160,2026-09-02,canonical_price_differs
2614,457550,2026-09-02,canonical_price_differs
2615,457600,2026-09-02,canonical_price_differs
2616,458350,2026-09-02,canonical_price_differs
2617,458650,2026-09-02,canonical_price_differs
2618,458870,2026-09-02,canonical_price_differs
2619,459100,2026-09-02,canonical_price_differs
2620,459510,2026-09-02,canonical_price_differs
2622,460470,2026-09-02,canonical_price_differs
2625,460870,2026-09-02,canonical_price_differs
2626,460930,2026-09-02,canonical_price_differs
2627,460940,2026-09-02,canonical_price_differs
2628,461030,2026-09-02,canonical_price_differs
2629,461300,2026-09-02,canonical_price_differs
2630,462310,2026-09-02,canonical_price_differs
2631,462350,2026-09-02,canonical_price_differs
2632,462510,2026-09-02,canonical_price_differs
2634,462860,2026-09-02,canonical_price_differs
2636,462980,2026-09-02,canonical_price_differs
2637,463020,2026-09-02,canonical_price_differs
2638,463480,2026-09-02,canonical_price_differs
2639,464080,2026-09-02,canonical_price_differs
2640,464280,2026-09-02,canonical_price_differs
2641,464490,2026-09-02,canonical_price_differs
2642,464500,2026-09-02,canonical_price_differs
2643,464580,2026-09-02,canonical_price_differs
2644,465320,2026-09-02,canonical_price_differs
2645,465480,2026-09-02,canonical_price_differs
2647,466100,2026-09-02,canonical_price_differs
2648,466410,2026-09-02,canonical_price_differs
2649,466690,2026-09-02,canonical_price_differs
2650,468530,2026-09-02,canonical_price_differs
2653,469610,2026-09-02,canonical_price_differs
2654,469750,2026-09-02,canonical_price_differs
2655,469900,2026-09-02,canonical_price_differs
2657,471820,2026-09-02,canonical_price_differs
2659,472230,2026-09-02,canonical_price_differs
2661,473000,2026-09-02,canonical_price_differs
2662,473050,2026-09-02,canonical_price_differs
2663,473950,2026-09-02,canonical_price_differs
2664,473980,2026-09-02,canonical_price_differs
2665,474170,2026-09-02,canonical_price_differs
2666,474490,2026-09-02,canonical_price_differs
2667,474610,2026-09-02,canonical_price_differs
2668,474650,2026-09-02,canonical_price_differs
2669,474660,2026-09-02,canonical_price_differs
2671,475040,2026-09-02,canonical_price_differs
2673,475230,2026-09-02,canonical_price_differs
2674,475240,2026-09-02,canonical_price_differs
2675,475250,2026-09-02,canonical_price_differs
2676,475400,2026-09-02,canonical_price_differs
2677,475430,2026-09-02,canonical_price_differs
2678,475460,2026-09-02,canonical_price_differs
2680,475580,2026-09-02,canonical_price_differs
2681,475660,2026-09-02,canonical_price_differs
2682,475830,2026-09-02,canonical_price_differs
2683,475960,2026-09-02,canonical_price_differs
2684,476040,2026-09-02,canonical_price_differs
2685,476060,2026-09-02,canonical_price_differs
2686,476080,2026-09-02,canonical_price_differs
2687,476830,2026-09-02,canonical_price_differs
2688,477340,2026-09-02,canonical_price_differs
2689,477380,2026-09-02,canonical_price_differs
2690,477470,2026-09-02,canonical_price_differs
2691,477760,2026-09-02,canonical_price_differs
2692,477850,2026-09-02,canonical_price_differs
2693,478110,2026-09-02,canonical_price_differs
2694,478340,2026-09-02,canonical_price_differs
2695,478390,2026-09-02,canonical_price_differs
2696,478440,2026-09-02,canonical_price_differs
2697,478560,2026-09-02,canonical_price_differs
2698,479880,2026-09-02,canonical_price_differs
2699,479960,2026-09-02,canonical_price_differs
2701,481070,2026-09-02,canonical_price_differs
2703,481890,2026-09-02,canonical_price_differs
2704,482520,2026-09-02,canonical_price_differs
2705,482630,2026-09-02,canonical_price_differs
2707,482690,2026-09-02,canonical_price_differs
2708,483350,2026-09-02,canonical_price_differs
2710,484120,2026-09-02,canonical_price_differs
2711,484130,2026-09-02,canonical_price_differs
2712,484590,2026-09-02,canonical_price_differs
2713,484810,2026-09-02,canonical_price_differs
2715,486630,2026-09-02,canonical_price_differs
2716,486990,2026-09-02,canonical_price_differs
2717,487360,2026-09-02,canonical_price_differs
2718,487400,2026-09-02,canonical_price_differs
2720,487580,2026-09-02,canonical_price_differs
2721,487720,2026-09-02,canonical_price_differs
2722,487830,2026-09-02,canonical_price_differs
2723,488060,2026-09-02,canonical_price_differs
2724,488280,2026-09-02,canonical_price_differs
2725,488900,2026-09-02,canonical_price_differs
2726,489210,2026-09-02,canonical_price_differs
2727,489460,2026-09-02,canonical_price_differs
2728,489480,2026-09-02,canonical_price_differs
2729,489500,2026-09-02,canonical_price_differs
2730,489730,2026-09-02,canonical_price_differs
2732,490470,2026-09-02,canonical_price_differs
2733,491000,2026-09-02,canonical_price_differs
2734,492220,2026-09-02,canonical_price_differs
2735,493280,2026-09-02,canonical_price_differs
2736,493330,2026-09-02,canonical_price_differs
2737,493790,2026-09-02,canonical_price_differs
2738,494120,2026-09-02,canonical_price_differs
2739,496070,2026-09-02,canonical_price_differs
2764,282620,2026-09-02,canonical_price_differs
2765,417030,2026-09-02,canonical_price_differs
2766,0155E0,2026-09-02,canonical_price_differs
5,000080,2026-09-02,canonical_price_differs
56,000850,2026-09-02,canonical_price_differs
112,001560,2026-09-02,canonical_price_differs
126,001780,2026-09-02,canonical_price_differs
141,002150,2026-09-02,canonical_price_differs
164,002690,2026-09-02,canonical_price_differs
199,003220,2026-09-02,canonical_price_differs
227,003670,2026-09-02,canonical_price_differs
264,004440,2026-09-02,canonical_price_differs
284,004890,2026-09-02,canonical_price_differs
365,006650,2026-09-02,canonical_price_differs
372,006840,2026-09-02,canonical_price_differs
373,006880,2026-09-02,canonical_price_differs
374,006890,2026-09-02,canonical_price_differs
379,007070,2026-09-02,canonical_price_differs
399,007660,2026-09-02,canonical_price_differs
444,009240,2026-09-02,canonical_price_differs
459,009540,2026-09-02,canonical_price_differs
466,009770,2026-09-02,canonical_price_differs
473,009900,2026-09-02,canonical_price_differs
477,010040,2026-09-02,canonical_price_differs
487,010400,2026-09-02,canonical_price_differs
499,010960,2026-09-02,canonical_price_differs
502,011070,2026-09-02,canonical_price_differs
509,011210,2026-09-02,canonical_price_differs
518,011500,2026-09-02,canonical_price_differs
531,0120G0,2026-09-02,canonical_price_differs
532,012160,2026-09-02,canonical_price_differs
546,0126Z0,2026-09-02,canonical_price_differs
569,013870,2026-09-02,canonical_price_differs
570,013890,2026-09-02,canonical_price_differs
585,014710,2026-09-02,canonical_price_differs
589,014830,2026-09-02,canonical_price_differs
612,016450,2026-09-02,canonical_price_differs
620,016710,2026-09-02,canonical_price_differs
621,016740,2026-09-02,canonical_price_differs
628,017180,2026-09-02,canonical_price_differs
630,017370,2026-09-02,canonical_price_differs
639,017860,2026-09-02,canonical_price_differs
646,018250,2026-09-02,canonical_price_differs
647,018260,2026-09-02,canonical_price_differs
667,019680,2026-09-02,canonical_price_differs
673,020150,2026-09-02,canonical_price_differs
676,020560,2026-09-02,canonical_price_differs
683,021240,2026-09-02,canonical_price_differs
689,022100,2026-09-02,canonical_price_differs
691,023000,2026-09-02,canonical_price_differs
694,023350,2026-09-02,canonical_price_differs
698,023530,2026-09-02,canonical_price_differs
705,023810,2026-09-02,canonical_price_differs
711,024090,2026-09-02,canonical_price_differs
712,024110,2026-09-02,canonical_price_differs
714,024720,2026-09-02,canonical_price_differs
734,025750,2026-09-02,canonical_price_differs
748,026940,2026-09-02,canonical_price_differs
749,026960,2026-09-02,canonical_price_differs
753,027410,2026-09-02,canonical_price_differs
756,027740,2026-09-02,canonical_price_differs
761,028100,2026-09-02,canonical_price_differs
762,028260,2026-09-02,canonical_price_differs
765,028670,2026-09-02,canonical_price_differs
769,029780,2026-09-02,canonical_price_differs
771,030190,2026-09-02,canonical_price_differs
777,030610,2026-09-02,canonical_price_differs
780,031210,2026-09-02,canonical_price_differs
783,031430,2026-09-02,canonical_price_differs
792,032350,2026-09-02,canonical_price_differs
795,032560,2026-09-02,canonical_price_differs
798,032640,2026-09-02,canonical_price_differs
805,032830,2026-09-02,canonical_price_differs
817,033240,2026-09-02,canonical_price_differs
818,033250,2026-09-02,canonical_price_differs
819,033270,2026-09-02,canonical_price_differs
825,033530,2026-09-02,canonical_price_differs
829,033780,2026-09-02,canonical_price_differs
832,033920,2026-09-02,canonical_price_differs
833,034020,2026-09-02,canonical_price_differs
834,034120,2026-09-02,canonical_price_differs
835,034220,2026-09-02,canonical_price_differs
836,034230,2026-09-02,canonical_price_differs
837,034310,2026-09-02,canonical_price_differs
838,034590,2026-09-02,canonical_price_differs
839,034730,2026-09-02,canonical_price_differs
843,034830,2026-09-02,canonical_price_differs
846,035000,2026-09-02,canonical_price_differs
848,035150,2026-09-02,canonical_price_differs
850,035250,2026-09-02,canonical_price_differs
852,035420,2026-09-02,canonical_price_differs
854,035510,2026-09-02,canonical_price_differs
858,035720,2026-09-02,canonical_price_differs
872,036420,2026-09-02,canonical_price_differs
873,036460,2026-09-02,canonical_price_differs
875,036530,2026-09-02,canonical_price_differs
878,036570,2026-09-02,canonical_price_differs
879,036580,2026-09-02,canonical_price_differs
894,037270,2026-09-02,canonical_price_differs
901,037560,2026-09-02,canonical_price_differs
902,037710,2026-09-02,canonical_price_differs
923,039130,2026-09-02,canonical_price_differs
931,039490,2026-09-02,canonical_price_differs
933,039570,2026-09-02,canonical_price_differs
953,041650,2026-09-02,canonical_price_differs
968,042660,2026-09-02,canonical_price_differs
969,042700,2026-09-02,canonical_price_differs
986,044380,2026-09-02,canonical_price_differs
987,044450,2026-09-02,canonical_price_differs
991,044820,2026-09-02,canonical_price_differs
1012,047040,2026-09-02,canonical_price_differs
1013,047050,2026-09-02,canonical_price_differs
1016,047400,2026-09-02,canonical_price_differs
1019,047810,2026-09-02,canonical_price_differs
1042,049800,2026-09-02,canonical_price_differs
1060,051600,2026-09-02,canonical_price_differs
1063,051900,2026-09-02,canonical_price_differs
1065,051910,2026-09-02,canonical_price_differs
1077,052690,2026-09-02,canonical_price_differs
1088,053210,2026-09-02,canonical_price_differs
1099,053690,2026-09-02,canonical_price_differs
1122,055490,2026-09-02,canonical_price_differs
1123,055550,2026-09-02,canonical_price_differs
1135,058430,2026-09-02,canonical_price_differs
1140,058650,2026-09-02,canonical_price_differs
1141,058730,2026-09-02,canonical_price_differs
1143,058850,2026-09-02,canonical_price_differs
1144,058860,2026-09-02,canonical_price_differs
1167,060980,2026-09-02,canonical_price_differs
1172,062040,2026-09-02,canonical_price_differs
1175,063160,2026-09-02,canonical_price_differs
1184,064350,2026-09-02,canonical_price_differs
1185,064400,2026-09-02,canonical_price_differs
1193,064960,2026-09-02,canonical_price_differs
1219,066570,2026-09-02,canonical_price_differs
1228,066970,2026-09-02,canonical_price_differs
1244,067830,2026-09-02,canonical_price_differs
1251,068270,2026-09-02,canonical_price_differs
1252,068290,2026-09-02,canonical_price_differs
1260,069260,2026-09-02,canonical_price_differs
1266,069620,2026-09-02,canonical_price_differs
1267,069640,2026-09-02,canonical_price_differs
1268,069730,2026-09-02,canonical_price_differs
1270,069960,2026-09-02,canonical_price_differs
1273,070960,2026-09-02,canonical_price_differs
1274,071050,2026-09-02,canonical_price_differs
1276,071090,2026-09-02,canonical_price_differs
1279,071320,2026-09-02,canonical_price_differs
1281,071840,2026-09-02,canonical_price_differs
1283,071950,2026-09-02,canonical_price_differs
1284,071970,2026-09-02,canonical_price_differs
1286,072130,2026-09-02,canonical_price_differs
1288,072710,2026-09-02,canonical_price_differs
1296,073240,2026-09-02,canonical_price_differs
1306,075180,2026-09-02,canonical_price_differs
1307,075580,2026-09-02,canonical_price_differs
1312,077500,2026-09-02,canonical_price_differs
1313,077970,2026-09-02,canonical_price_differs
1314,078000,2026-09-02,canonical_price_differs
1323,078520,2026-09-02,canonical_price_differs
1328,078930,2026-09-02,canonical_price_differs
1331,079160,2026-09-02,canonical_price_differs
1335,079430,2026-09-02,canonical_price_differs
1336,079550,2026-09-02,canonical_price_differs
1339,079900,2026-09-02,canonical_price_differs
1344,079980,2026-09-02,canonical_price_differs
1354,081000,2026-09-02,canonical_price_differs
1358,081660,2026-09-02,canonical_price_differs
1363,082740,2026-09-02,canonical_price_differs
1368,083420,2026-09-02,canonical_price_differs
1378,084010,2026-09-02,canonical_price_differs
1384,084670,2026-09-02,canonical_price_differs
1386,084690,2026-09-02,canonical_price_differs
1390,084870,2026-09-02,canonical_price_differs
1392,085310,2026-09-02,canonical_price_differs
1393,085620,2026-09-02,canonical_price_differs
1400,086280,2026-09-02,canonical_price_differs
1406,086790,2026-09-02,canonical_price_differs
1420,088350,2026-09-02,canonical_price_differs
1422,088790,2026-09-02,canonical_price_differs
1431,089470,2026-09-02,canonical_price_differs
1432,089590,2026-09-02,canonical_price_differs
1436,089860,2026-09-02,canonical_price_differs
1440,090080,2026-09-02,canonical_price_differs
1442,090350,2026-09-02,canonical_price_differs
1445,090370,2026-09-02,canonical_price_differs
1447,090430,2026-09-02,canonical_price_differs
1449,090460,2026-09-02,canonical_price_differs
1459,091810,2026-09-02,canonical_price_differs
1465,092200,2026-09-02,canonical_price_differs
1466,092220,2026-09-02,canonical_price_differs
1467,092230,2026-09-02,canonical_price_differs
1469,092440,2026-09-02,canonical_price_differs
1473,092780,2026-09-02,canonical_price_differs
1474,092790,2026-09-02,canonical_price_differs
1476,093050,2026-09-02,canonical_price_differs
1480,093370,2026-09-02,canonical_price_differs
1486,094280,2026-09-02,canonical_price_differs
1500,095570,2026-09-02,canonical_price_differs
1504,095720,2026-09-02,canonical_price_differs
1513,096760,2026-09-02,canonical_price_differs
1514,096770,2026-09-02,canonical_price_differs
1517,097230,2026-09-02,canonical_price_differs
1518,097520,2026-09-02,canonical_price_differs
1522,097950,2026-09-02,canonical_price_differs
1538,100090,2026-09-02,canonical_price_differs
1541,100220,2026-09-02,canonical_price_differs
1542,100250,2026-09-02,canonical_price_differs
1547,100840,2026-09-02,canonical_price_differs
1549,101140,2026-09-02,canonical_price_differs
1557,101530,2026-09-02,canonical_price_differs
1564,102260,2026-09-02,canonical_price_differs
1566,102460,2026-09-02,canonical_price_differs
1569,103140,2026-09-02,canonical_price_differs
1571,103590,2026-09-02,canonical_price_differs
1579,104700,2026-09-02,canonical_price_differs
1583,105560,2026-09-02,canonical_price_differs
1584,105630,2026-09-02,canonical_price_differs
1587,105840,2026-09-02,canonical_price_differs
1591,107590,2026-09-02,canonical_price_differs
1595,108320,2026-09-02,canonical_price_differs
1598,108670,2026-09-02,canonical_price_differs
1612,111110,2026-09-02,canonical_price_differs
1613,111380,2026-09-02,canonical_price_differs
1615,111770,2026-09-02,canonical_price_differs
1618,112610,2026-09-02,canonical_price_differs
1620,114090,2026-09-02,canonical_price_differs
1636,117580,2026-09-02,canonical_price_differs
1639,118000,2026-09-02,canonical_price_differs
1646,120030,2026-09-02,canonical_price_differs
1647,120110,2026-09-02,canonical_price_differs
1661,122900,2026-09-02,canonical_price_differs
1669,123690,2026-09-02,canonical_price_differs
1670,123700,2026-09-02,canonical_price_differs
1674,123890,2026-09-02,canonical_price_differs
1681,126560,2026-09-02,canonical_price_differs
1685,126720,2026-09-02,canonical_price_differs
1693,128820,2026-09-02,canonical_price_differs
1694,128940,2026-09-02,canonical_price_differs
1695,129260,2026-09-02,canonical_price_differs
1700,130660,2026-09-02,canonical_price_differs
1713,133820,2026-09-02,canonical_price_differs
1715,134380,2026-09-02,canonical_price_differs
1717,134790,2026-09-02,canonical_price_differs
1721,136490,2026-09-02,canonical_price_differs
1724,137310,2026-09-02,canonical_price_differs
1728,138040,2026-09-02,canonical_price_differs
1733,138930,2026-09-02,canonical_price_differs
1734,139130,2026-09-02,canonical_price_differs
1735,139480,2026-09-02,canonical_price_differs
1737,139990,2026-09-02,canonical_price_differs
1759,145720,2026-09-02,canonical_price_differs
1760,145990,2026-09-02,canonical_price_differs
1781,155660,2026-09-02,canonical_price_differs
1790,161000,2026-09-02,canonical_price_differs
1791,161390,2026-09-02,canonical_price_differs
1793,161890,2026-09-02,canonical_price_differs
1796,163560,2026-09-02,canonical_price_differs
1805,170900,2026-09-02,canonical_price_differs
1816,175330,2026-09-02,canonical_price_differs
1823,178920,2026-09-02,canonical_price_differs
1828,180640,2026-09-02,canonical_price_differs
1830,181710,2026-09-02,canonical_price_differs
1833,183190,2026-09-02,canonical_price_differs
1838,185750,2026-09-02,canonical_price_differs
1857,192080,2026-09-02,canonical_price_differs
1860,192400,2026-09-02,canonical_price_differs
1863,192650,2026-09-02,canonical_price_differs
1864,192820,2026-09-02,canonical_price_differs
1866,194370,2026-09-02,canonical_price_differs
1870,195870,2026-09-02,canonical_price_differs
1895,200880,2026-09-02,canonical_price_differs
1902,204320,2026-09-02,canonical_price_differs
1914,207940,2026-09-02,canonical_price_differs
1923,210540,2026-09-02,canonical_price_differs
1924,210980,2026-09-02,canonical_price_differs
1930,213500,2026-09-02,canonical_price_differs
1935,214320,2026-09-02,canonical_price_differs
1936,214330,2026-09-02,canonical_price_differs
1938,214390,2026-09-02,canonical_price_differs
1939,214420,2026-09-02,canonical_price_differs
1960,217590,2026-09-02,canonical_price_differs
1991,226320,2026-09-02,canonical_price_differs
1998,227840,2026-09-02,canonical_price_differs
2005,229640,2026-09-02,canonical_price_differs
2011,234080,2026-09-02,canonical_price_differs
2035,241560,2026-09-02,canonical_price_differs
2036,241590,2026-09-02,canonical_price_differs
2047,244920,2026-09-02,canonical_price_differs
2056,248070,2026-09-02,canonical_price_differs
2058,249420,2026-09-02,canonical_price_differs
2063,251270,2026-09-02,canonical_price_differs
2086,259960,2026-09-02,canonical_price_differs
2110,264900,2026-09-02,canonical_price_differs
2115,267250,2026-09-02,canonical_price_differs
2116,267260,2026-09-02,canonical_price_differs
2117,267270,2026-09-02,canonical_price_differs
2118,267290,2026-09-02,canonical_price_differs
2121,267850,2026-09-02,canonical_price_differs
2123,268280,2026-09-02,canonical_price_differs
2128,271560,2026-09-02,canonical_price_differs
2130,271940,2026-09-02,canonical_price_differs
2131,271980,2026-09-02,canonical_price_differs
2133,272210,2026-09-02,canonical_price_differs
2135,272450,2026-09-02,canonical_price_differs
2136,272550,2026-09-02,canonical_price_differs
2149,278470,2026-09-02,canonical_price_differs
2151,279570,2026-09-02,canonical_price_differs
2153,280360,2026-09-02,canonical_price_differs
2155,281820,2026-09-02,canonical_price_differs
2156,282330,2026-09-02,canonical_price_differs
2160,284740,2026-09-02,canonical_price_differs
2161,285130,2026-09-02,canonical_price_differs
2166,286940,2026-09-02,canonical_price_differs
2191,293480,2026-09-02,canonical_price_differs
2200,294870,2026-09-02,canonical_price_differs
2206,298000,2026-09-02,canonical_price_differs
2207,298020,2026-09-02,canonical_price_differs
2208,298040,2026-09-02,canonical_price_differs
2209,298050,2026-09-02,canonical_price_differs
2213,298690,2026-09-02,canonical_price_differs
2220,300720,2026-09-02,canonical_price_differs
2223,302440,2026-09-02,canonical_price_differs
2234,306200,2026-09-02,canonical_price_differs
2241,307950,2026-09-02,canonical_price_differs
2244,308170,2026-09-02,canonical_price_differs
2261,316140,2026-09-02,canonical_price_differs
2265,317400,2026-09-02,canonical_price_differs
2266,317450,2026-09-02,canonical_price_differs
2286,322000,2026-09-02,canonical_price_differs
2293,323410,2026-09-02,canonical_price_differs
2295,326030,2026-09-02,canonical_price_differs
2299,329180,2026-09-02,canonical_price_differs
2319,336260,2026-09-02,canonical_price_differs
2322,336370,2026-09-02,canonical_price_differs
2331,339770,2026-09-02,canonical_price_differs
2340,344820,2026-09-02,canonical_price_differs
2365,352820,2026-09-02,canonical_price_differs
2369,353200,2026-09-02,canonical_price_differs
2395,361610,2026-09-02,canonical_price_differs
2401,363280,2026-09-02,canonical_price_differs
2422,372910,2026-09-02,canonical_price_differs
2427,373220,2026-09-02,canonical_price_differs
2428,375500,2026-09-02,canonical_price_differs
2441,377300,2026-09-02,canonical_price_differs
2446,377740,2026-09-02,canonical_price_differs
2449,378850,2026-09-02,canonical_price_differs
2453,381970,2026-09-02,canonical_price_differs
2459,383220,2026-09-02,canonical_price_differs
2461,383800,2026-09-02,canonical_price_differs
2499,402340,2026-09-02,canonical_price_differs
2502,403550,2026-09-02,canonical_price_differs
2563,439260,2026-09-02,canonical_price_differs
2570,443060,2026-09-02,canonical_price_differs
2577,446070,2026-09-02,canonical_price_differs
2584,450080,2026-09-02,canonical_price_differs
2595,452260,2026-09-02,canonical_price_differs
2602,453340,2026-09-02,canonical_price_differs
2605,454910,2026-09-02,canonical_price_differs
2609,456040,2026-09-02,canonical_price_differs
2623,460850,2026-09-02,canonical_price_differs
2624,460860,2026-09-02,canonical_price_differs
2633,462520,2026-09-02,canonical_price_differs
2635,462870,2026-09-02,canonical_price_differs
2646,465770,2026-09-02,canonical_price_differs
2672,475150,2026-09-02,canonical_price_differs
2679,475560,2026-09-02,canonical_price_differs
2700,480370,2026-09-02,canonical_price_differs
2709,483650,2026-09-02,canonical_price_differs
2714,484870,2026-09-02,canonical_price_differs
2719,487570,2026-09-02,canonical_price_differs
2731,489790,2026-09-02,canonical_price_differs
2741,499790,2026-09-02,canonical_price_differs
16,0001A0,2026-09-03,canonical_price_differs
24,000250,2026-09-03,canonical_price_differs
33,000440,2026-09-03,canonical_price_differs
36,0004V0,2026-09-03,canonical_price_differs
37,0004Y0,2026-09-03,canonical_price_differs
52,0007C0,2026-09-03,canonical_price_differs
53,0007J0,2026-09-03,canonical_price_differs
61,0008Z0,2026-09-03,canonical_price_differs
66,0009K0,2026-09-03,canonical_price_differs
67,001000,2026-09-03,canonical_price_differs
77,0010F0,2026-09-03,canonical_price_differs
78,0010V0,2026-09-03,canonical_price_differs
82,0011T0,2026-09-03,canonical_price_differs
95,0013V0,2026-09-03,canonical_price_differs
110,001540,2026-09-03,canonical_price_differs
114,0015G0,2026-09-03,canonical_price_differs
115,0015N0,2026-09-03,canonical_price_differs
116,0015S0,2026-09-03,canonical_price_differs
129,0017J0,2026-09-03,canonical_price_differs
131,001810,2026-09-03,canonical_price_differs
146,002230,2026-09-03,canonical_price_differs
148,002290,2026-09-03,canonical_price_differs
163,002680,2026-09-03,canonical_price_differs
175,002800,2026-09-03,canonical_price_differs
195,003100,2026-09-03,canonical_price_differs
204,003310,2026-09-03,canonical_price_differs
232,0037T0,2026-09-03,canonical_price_differs
233,003800,2026-09-03,canonical_price_differs
239,0039P0,2026-09-03,canonical_price_differs
250,0041B0,2026-09-03,canonical_price_differs
251,0041J0,2026-09-03,canonical_price_differs
252,0041L0,2026-09-03,canonical_price_differs
267,0044K0,2026-09-03,canonical_price_differs
271,004590,2026-09-03,canonical_price_differs
272,004650,2026-09-03,canonical_price_differs
278,004780,2026-09-03,canonical_price_differs
298,005160,2026-09-03,canonical_price_differs
302,005290,2026-09-03,canonical_price_differs
315,0054V0,2026-09-03,canonical_price_differs
318,005670,2026-09-03,canonical_price_differs
321,005710,2026-09-03,canonical_price_differs
332,005860,2026-09-03,canonical_price_differs
342,005990,2026-09-03,canonical_price_differs
344,006050,2026-09-03,canonical_price_differs
364,006620,2026-09-03,canonical_price_differs
367,006730,2026-09-03,canonical_price_differs
375,0068Y0,2026-09-03,canonical_price_differs
376,006910,2026-09-03,canonical_price_differs
377,006920,2026-09-03,canonical_price_differs
383,0071M0,2026-09-03,canonical_price_differs
386,0072Z0,2026-09-03,canonical_price_differs
388,007330,2026-09-03,canonical_price_differs
390,007370,2026-09-03,canonical_price_differs
391,007390,2026-09-03,canonical_price_differs
393,007530,2026-09-03,canonical_price_differs
400,007680,2026-09-03,canonical_price_differs
403,007720,2026-09-03,canonical_price_differs
404,007770,2026-09-03,canonical_price_differs
408,007820,2026-09-03,canonical_price_differs
416,008290,2026-09-03,canonical_price_differs
417,0082N0,2026-09-03,canonical_price_differs
420,008370,2026-09-03,canonical_price_differs
422,008470,2026-09-03,canonical_price_differs
429,008830,2026-09-03,canonical_price_differs
431,0088D0,2026-09-03,canonical_price_differs
432,0088M0,2026-09-03,canonical_price_differs
442,0091W0,2026-09-03,canonical_price_differs
447,009300,2026-09-03,canonical_price_differs
450,0093G0,2026-09-03,canonical_price_differs
458,009520,2026-09-03,canonical_price_differs
463,0096B0,2026-09-03,canonical_price_differs
464,0096D0,2026-09-03,canonical_price_differs
465,009730,2026-09-03,canonical_price_differs
467,009780,2026-09-03,canonical_price_differs
468,0097F0,2026-09-03,canonical_price_differs
472,0098T0,2026-09-03,canonical_price_differs
475,0099W0,2026-09-03,canonical_price_differs
483,010170,2026-09-03,canonical_price_differs
484,0101C0,2026-09-03,canonical_price_differs
485,010240,2026-09-03,canonical_price_differs
486,010280,2026-09-03,canonical_price_differs
488,010470,2026-09-03,canonical_price_differs
490,0105P0,2026-09-03,canonical_price_differs
501,011040,2026-09-03,canonical_price_differs
503,011080,2026-09-03,canonical_price_differs
513,011320,2026-09-03,canonical_price_differs
515,011370,2026-09-03,canonical_price_differs
519,011560,2026-09-03,canonical_price_differs
520,0115H0,2026-09-03,canonical_price_differs
527,0117P0,2026-09-03,canonical_price_differs
536,012210,2026-09-03,canonical_price_differs
540,012340,2026-09-03,canonical_price_differs
543,012620,2026-09-03,canonical_price_differs
547,012700,2026-09-03,canonical_price_differs
549,012790,2026-09-03,canonical_price_differs
551,012860,2026-09-03,canonical_price_differs
552,0129K0,2026-09-03,canonical_price_differs
554,013030,2026-09-03,canonical_price_differs
555,0130D0,2026-09-03,canonical_price_differs
556,0130H0,2026-09-03,canonical_price_differs
557,013120,2026-09-03,canonical_price_differs
558,0131D0,2026-09-03,canonical_price_differs
559,0132G0,2026-09-03,canonical_price_differs
562,0134X0,2026-09-03,canonical_price_differs
568,013810,2026-09-03,canonical_price_differs
571,013990,2026-09-03,canonical_price_differs
572,014100,2026-09-03,canonical_price_differs
575,014190,2026-09-03,canonical_price_differs
579,014470,2026-09-03,canonical_price_differs
581,014570,2026-09-03,canonical_price_differs
583,014620,2026-09-03,canonical_price_differs
592,014940,2026-09-03,canonical_price_differs
594,014970,2026-09-03,canonical_price_differs
601,0156T0,2026-09-03,canonical_price_differs
602,015710,2026-09-03,canonical_price_differs
603,015750,2026-09-03,canonical_price_differs
608,016100,2026-09-03,canonical_price_differs
609,016250,2026-09-03,canonical_price_differs
613,0164H0,2026-09-03,canonical_price_differs
616,0165X0,2026-09-03,canonical_price_differs
617,016600,2026-09-03,canonical_price_differs
625,016920,2026-09-03,canonical_price_differs
626,017000,2026-09-03,canonical_price_differs
629,017250,2026-09-03,canonical_price_differs
632,017480,2026-09-03,canonical_price_differs
633,017510,2026-09-03,canonical_price_differs
635,017650,2026-09-03,canonical_price_differs
640,017890,2026-09-03,canonical_price_differs
644,018000,2026-09-03,canonical_price_differs
645,018120,2026-09-03,canonical_price_differs
648,018290,2026-09-03,canonical_price_differs
649,018310,2026-09-03,canonical_price_differs
652,018620,2026-09-03,canonical_price_differs
654,018680,2026-09-03,canonical_price_differs
655,018700,2026-09-03,canonical_price_differs
657,019010,2026-09-03,canonical_price_differs
661,019210,2026-09-03,canonical_price_differs
663,019540,2026-09-03,canonical_price_differs
664,019550,2026-09-03,canonical_price_differs
666,019660,2026-09-03,canonical_price_differs
669,019770,2026-09-03,canonical_price_differs
670,019990,2026-09-03,canonical_price_differs
674,020180,2026-09-03,canonical_price_differs
675,020400,2026-09-03,canonical_price_differs
677,020710,2026-09-03,canonical_price_differs
679,021040,2026-09-03,canonical_price_differs
682,021080,2026-09-03,canonical_price_differs
684,021320,2026-09-03,canonical_price_differs
685,021650,2026-09-03,canonical_price_differs
687,021880,2026-09-03,canonical_price_differs
688,0218L0,2026-09-03,canonical_price_differs
693,023160,2026-09-03,canonical_price_differs
695,023410,2026-09-03,canonical_price_differs
700,023600,2026-09-03,canonical_price_differs
701,023760,2026-09-03,canonical_price_differs
702,023770,2026-09-03,canonical_price_differs
706,023900,2026-09-03,canonical_price_differs
707,023910,2026-09-03,canonical_price_differs
709,024060,2026-09-03,canonical_price_differs
713,024120,2026-09-03,canonical_price_differs
715,024740,2026-09-03,canonical_price_differs
716,024800,2026-09-03,canonical_price_differs
717,024830,2026-09-03,canonical_price_differs
718,024840,2026-09-03,canonical_price_differs
720,024880,2026-09-03,canonical_price_differs
723,024910,2026-09-03,canonical_price_differs
724,024940,2026-09-03,canonical_price_differs
725,024950,2026-09-03,canonical_price_differs
727,025320,2026-09-03,canonical_price_differs
731,025550,2026-09-03,canonical_price_differs
735,025770,2026-09-03,canonical_price_differs
738,025870,2026-09-03,canonical_price_differs
739,025880,2026-09-03,canonical_price_differs
741,025900,2026-09-03,canonical_price_differs
742,025950,2026-09-03,canonical_price_differs
743,025980,2026-09-03,canonical_price_differs
744,026040,2026-09-03,canonical_price_differs
745,026150,2026-09-03,canonical_price_differs
747,026910,2026-09-03,canonical_price_differs
750,027040,2026-09-03,canonical_price_differs
751,027050,2026-09-03,canonical_price_differs
752,027360,2026-09-03,canonical_price_differs
754,027580,2026-09-03,canonical_price_differs
755,027710,2026-09-03,canonical_price_differs
757,027830,2026-09-03,canonical_price_differs
760,028080,2026-09-03,canonical_price_differs
764,028300,2026-09-03,canonical_price_differs
767,029480,2026-09-03,canonical_price_differs
775,030520,2026-09-03,canonical_price_differs
776,030530,2026-09-03,canonical_price_differs
779,030960,2026-09-03,canonical_price_differs
781,031310,2026-09-03,canonical_price_differs
782,031330,2026-09-03,canonical_price_differs
784,031510,2026-09-03,canonical_price_differs
787,031980,2026-09-03,canonical_price_differs
788,032080,2026-09-03,canonical_price_differs
789,032190,2026-09-03,canonical_price_differs
790,032280,2026-09-03,canonical_price_differs
791,032300,2026-09-03,canonical_price_differs
793,032500,2026-09-03,canonical_price_differs
794,032540,2026-09-03,canonical_price_differs
796,032580,2026-09-03,canonical_price_differs
797,032620,2026-09-03,canonical_price_differs
799,032680,2026-09-03,canonical_price_differs
801,032750,2026-09-03,canonical_price_differs
802,032790,2026-09-03,canonical_price_differs
803,032800,2026-09-03,canonical_price_differs
804,032820,2026-09-03,canonical_price_differs
806,032850,2026-09-03,canonical_price_differs
807,032860,2026-09-03,canonical_price_differs
808,032940,2026-09-03,canonical_price_differs
809,032960,2026-09-03,canonical_price_differs
810,033050,2026-09-03,canonical_price_differs
811,033100,2026-09-03,canonical_price_differs
812,033130,2026-09-03,canonical_price_differs
813,033160,2026-09-03,canonical_price_differs
814,033170,2026-09-03,canonical_price_differs
815,033200,2026-09-03,canonical_price_differs
816,033230,2026-09-03,canonical_price_differs
820,033290,2026-09-03,canonical_price_differs
821,033310,2026-09-03,canonical_price_differs
822,033320,2026-09-03,canonical_price_differs
824,033500,2026-09-03,canonical_price_differs
826,033540,2026-09-03,canonical_price_differs
827,033560,2026-09-03,canonical_price_differs
828,033640,2026-09-03,canonical_price_differs
830,033790,2026-09-03,canonical_price_differs
831,033830,2026-09-03,canonical_price_differs
841,034810,2026-09-03,canonical_price_differs
844,034940,2026-09-03,canonical_price_differs
845,034950,2026-09-03,canonical_price_differs
847,035080,2026-09-03,canonical_price_differs
849,035200,2026-09-03,canonical_price_differs
851,035290,2026-09-03,canonical_price_differs
853,035460,2026-09-03,canonical_price_differs
855,035600,2026-09-03,canonical_price_differs
856,035610,2026-09-03,canonical_price_differs
857,035620,2026-09-03,canonical_price_differs
859,035760,2026-09-03,canonical_price_differs
860,035810,2026-09-03,canonical_price_differs
861,035890,2026-09-03,canonical_price_differs
862,035900,2026-09-03,canonical_price_differs
863,036000,2026-09-03,canonical_price_differs
864,036010,2026-09-03,canonical_price_differs
865,036030,2026-09-03,canonical_price_differs
866,036090,2026-09-03,canonical_price_differs
867,036120,2026-09-03,canonical_price_differs
868,036170,2026-09-03,canonical_price_differs
869,036190,2026-09-03,canonical_price_differs
870,036200,2026-09-03,canonical_price_differs
874,036480,2026-09-03,canonical_price_differs
876,036540,2026-09-03,canonical_price_differs
877,036560,2026-09-03,canonical_price_differs
880,036620,2026-09-03,canonical_price_differs
881,036630,2026-09-03,canonical_price_differs
882,036640,2026-09-03,canonical_price_differs
883,036670,2026-09-03,canonical_price_differs
885,036710,2026-09-03,canonical_price_differs
886,036800,2026-09-03,canonical_price_differs
887,036810,2026-09-03,canonical_price_differs
888,036830,2026-09-03,canonical_price_differs
889,036890,2026-09-03,canonical_price_differs
890,036930,2026-09-03,canonical_price_differs
892,037070,2026-09-03,canonical_price_differs
893,037230,2026-09-03,canonical_price_differs
895,037330,2026-09-03,canonical_price_differs
896,037350,2026-09-03,canonical_price_differs
897,037370,2026-09-03,canonical_price_differs
898,037400,2026-09-03,canonical_price_differs
899,037440,2026-09-03,canonical_price_differs
900,037460,2026-09-03,canonical_price_differs
903,037760,2026-09-03,canonical_price_differs
904,037950,2026-09-03,canonical_price_differs
905,038010,2026-09-03,canonical_price_differs
906,038060,2026-09-03,canonical_price_differs
907,038070,2026-09-03,canonical_price_differs
908,038110,2026-09-03,canonical_price_differs
909,038290,2026-09-03,canonical_price_differs
910,038390,2026-09-03,canonical_price_differs
911,038460,2026-09-03,canonical_price_differs
912,038500,2026-09-03,canonical_price_differs
914,038540,2026-09-03,canonical_price_differs
915,038620,2026-09-03,canonical_price_differs
916,038680,2026-09-03,canonical_price_differs
917,038870,2026-09-03,canonical_price_differs
918,038880,2026-09-03,canonical_price_differs
919,038950,2026-09-03,canonical_price_differs
920,039010,2026-09-03,canonical_price_differs
921,039020,2026-09-03,canonical_price_differs
922,039030,2026-09-03,canonical_price_differs
924,039200,2026-09-03,canonical_price_differs
925,039240,2026-09-03,canonical_price_differs
926,039290,2026-09-03,canonical_price_differs
927,039310,2026-09-03,canonical_price_differs
928,039340,2026-09-03,canonical_price_differs
929,039420,2026-09-03,canonical_price_differs
930,039440,2026-09-03,canonical_price_differs
932,039560,2026-09-03,canonical_price_differs
934,039610,2026-09-03,canonical_price_differs
935,039740,2026-09-03,canonical_price_differs
936,039830,2026-09-03,canonical_price_differs
937,039840,2026-09-03,canonical_price_differs
938,039860,2026-09-03,canonical_price_differs
939,039980,2026-09-03,canonical_price_differs
940,040160,2026-09-03,canonical_price_differs
942,040350,2026-09-03,canonical_price_differs
943,040420,2026-09-03,canonical_price_differs
944,040610,2026-09-03,canonical_price_differs
945,040910,2026-09-03,canonical_price_differs
946,041020,2026-09-03,canonical_price_differs
947,041190,2026-09-03,canonical_price_differs
948,041440,2026-09-03,canonical_price_differs
949,041460,2026-09-03,canonical_price_differs
950,041510,2026-09-03,canonical_price_differs
951,041520,2026-09-03,canonical_price_differs
954,041830,2026-09-03,canonical_price_differs
955,041910,2026-09-03,canonical_price_differs
956,041920,2026-09-03,canonical_price_differs
957,041930,2026-09-03,canonical_price_differs
958,041960,2026-09-03,canonical_price_differs
959,042000,2026-09-03,canonical_price_differs
960,042040,2026-09-03,canonical_price_differs
961,042110,2026-09-03,canonical_price_differs
962,042370,2026-09-03,canonical_price_differs
963,042420,2026-09-03,canonical_price_differs
964,042500,2026-09-03,canonical_price_differs
965,042510,2026-09-03,canonical_price_differs
966,042520,2026-09-03,canonical_price_differs
967,042600,2026-09-03,canonical_price_differs
970,042940,2026-09-03,canonical_price_differs
972,043150,2026-09-03,canonical_price_differs
973,043200,2026-09-03,canonical_price_differs
975,043260,2026-09-03,canonical_price_differs
976,043340,2026-09-03,canonical_price_differs
977,043360,2026-09-03,canonical_price_differs
978,043370,2026-09-03,canonical_price_differs
979,043590,2026-09-03,canonical_price_differs
980,043610,2026-09-03,canonical_price_differs
981,043650,2026-09-03,canonical_price_differs
982,043710,2026-09-03,canonical_price_differs
983,043910,2026-09-03,canonical_price_differs
985,044340,2026-09-03,canonical_price_differs
988,044480,2026-09-03,canonical_price_differs
989,044490,2026-09-03,canonical_price_differs
990,044780,2026-09-03,canonical_price_differs
992,044960,2026-09-03,canonical_price_differs
993,044990,2026-09-03,canonical_price_differs
994,045060,2026-09-03,canonical_price_differs
995,045100,2026-09-03,canonical_price_differs
996,045300,2026-09-03,canonical_price_differs
997,045340,2026-09-03,canonical_price_differs
998,045390,2026-09-03,canonical_price_differs
999,045510,2026-09-03,canonical_price_differs
1000,045520,2026-09-03,canonical_price_differs
1001,045660,2026-09-03,canonical_price_differs
1002,045970,2026-09-03,canonical_price_differs
1005,046210,2026-09-03,canonical_price_differs
1006,046310,2026-09-03,canonical_price_differs
1007,046390,2026-09-03,canonical_price_differs
1008,046440,2026-09-03,canonical_price_differs
1009,046890,2026-09-03,canonical_price_differs
1010,046940,2026-09-03,canonical_price_differs
1011,046970,2026-09-03,canonical_price_differs
1014,047080,2026-09-03,canonical_price_differs
1015,047310,2026-09-03,canonical_price_differs
1017,047560,2026-09-03,canonical_price_differs
1020,047820,2026-09-03,canonical_price_differs
1021,047920,2026-09-03,canonical_price_differs
1022,048410,2026-09-03,canonical_price_differs
1023,048430,2026-09-03,canonical_price_differs
1024,048470,2026-09-03,canonical_price_differs
1025,048530,2026-09-03,canonical_price_differs
1026,048550,2026-09-03,canonical_price_differs
1027,048770,2026-09-03,canonical_price_differs
1028,048830,2026-09-03,canonical_price_differs
1030,048910,2026-09-03,canonical_price_differs
1031,049070,2026-09-03,canonical_price_differs
1032,049080,2026-09-03,canonical_price_differs
1033,049120,2026-09-03,canonical_price_differs
1035,049430,2026-09-03,canonical_price_differs
1037,049480,2026-09-03,canonical_price_differs
1038,049520,2026-09-03,canonical_price_differs
1039,049550,2026-09-03,canonical_price_differs
1040,049630,2026-09-03,canonical_price_differs
1041,049720,2026-09-03,canonical_price_differs
1043,049830,2026-09-03,canonical_price_differs
1044,049950,2026-09-03,canonical_price_differs
1045,049960,2026-09-03,canonical_price_differs
1047,050110,2026-09-03,canonical_price_differs
1048,050120,2026-09-03,canonical_price_differs
1049,050760,2026-09-03,canonical_price_differs
1050,050860,2026-09-03,canonical_price_differs
1051,050890,2026-09-03,canonical_price_differs
1052,050960,2026-09-03,canonical_price_differs
1053,051160,2026-09-03,canonical_price_differs
1054,051360,2026-09-03,canonical_price_differs
1055,051370,2026-09-03,canonical_price_differs
1056,051380,2026-09-03,canonical_price_differs
1057,051390,2026-09-03,canonical_price_differs
1058,051490,2026-09-03,canonical_price_differs
1059,051500,2026-09-03,canonical_price_differs
1062,051780,2026-09-03,canonical_price_differs
1067,051980,2026-09-03,canonical_price_differs
1068,052020,2026-09-03,canonical_price_differs
1069,052220,2026-09-03,canonical_price_differs
1070,052260,2026-09-03,canonical_price_differs
1071,052300,2026-09-03,canonical_price_differs
1072,052330,2026-09-03,canonical_price_differs
1073,052400,2026-09-03,canonical_price_differs
1074,052420,2026-09-03,canonical_price_differs
1075,052460,2026-09-03,canonical_price_differs
1076,052600,2026-09-03,canonical_price_differs
1078,052710,2026-09-03,canonical_price_differs
1080,052790,2026-09-03,canonical_price_differs
1081,052860,2026-09-03,canonical_price_differs
1082,052900,2026-09-03,canonical_price_differs
1083,053030,2026-09-03,canonical_price_differs
1084,053050,2026-09-03,canonical_price_differs
1085,053060,2026-09-03,canonical_price_differs
1086,053080,2026-09-03,canonical_price_differs
1087,053160,2026-09-03,canonical_price_differs
1089,053260,2026-09-03,canonical_price_differs
1090,053270,2026-09-03,canonical_price_differs
1091,053280,2026-09-03,canonical_price_differs
1092,053290,2026-09-03,canonical_price_differs
1093,053300,2026-09-03,canonical_price_differs
1094,053350,2026-09-03,canonical_price_differs
1095,053450,2026-09-03,canonical_price_differs
1096,053580,2026-09-03,canonical_price_differs
1097,053610,2026-09-03,canonical_price_differs
1098,053620,2026-09-03,canonical_price_differs
1100,053700,2026-09-03,canonical_price_differs
1101,053800,2026-09-03,canonical_price_differs
1102,053950,2026-09-03,canonical_price_differs
1103,053980,2026-09-03,canonical_price_differs
1104,054040,2026-09-03,canonical_price_differs
1105,054050,2026-09-03,canonical_price_differs
1106,054090,2026-09-03,canonical_price_differs
1108,054210,2026-09-03,canonical_price_differs
1109,054220,2026-09-03,canonical_price_differs
1110,054300,2026-09-03,canonical_price_differs
1111,054410,2026-09-03,canonical_price_differs
1112,054450,2026-09-03,canonical_price_differs
1113,054540,2026-09-03,canonical_price_differs
1114,054620,2026-09-03,canonical_price_differs
1115,054670,2026-09-03,canonical_price_differs
1116,054780,2026-09-03,canonical_price_differs
1117,054800,2026-09-03,canonical_price_differs
1119,054930,2026-09-03,canonical_price_differs
1120,054940,2026-09-03,canonical_price_differs
1121,054950,2026-09-03,canonical_price_differs
1124,056080,2026-09-03,canonical_price_differs
1125,056090,2026-09-03,canonical_price_differs
1126,056190,2026-09-03,canonical_price_differs
1127,056360,2026-09-03,canonical_price_differs
1128,056700,2026-09-03,canonical_price_differs
1130,057030,2026-09-03,canonical_price_differs
1131,057540,2026-09-03,canonical_price_differs
1132,057680,2026-09-03,canonical_price_differs
1133,058110,2026-09-03,canonical_price_differs
1134,058400,2026-09-03,canonical_price_differs
1137,058470,2026-09-03,canonical_price_differs
1138,058610,2026-09-03,canonical_price_differs
1139,058630,2026-09-03,canonical_price_differs
1142,058820,2026-09-03,canonical_price_differs
1145,058970,2026-09-03,canonical_price_differs
1146,059090,2026-09-03,canonical_price_differs
1147,059100,2026-09-03,canonical_price_differs
1148,059120,2026-09-03,canonical_price_differs
1149,059210,2026-09-03,canonical_price_differs
1150,059270,2026-09-03,canonical_price_differs
1151,060150,2026-09-03,canonical_price_differs
1152,060230,2026-09-03,canonical_price_differs
1153,060250,2026-09-03,canonical_price_differs
1154,060260,2026-09-03,canonical_price_differs
1155,060280,2026-09-03,canonical_price_differs
1156,060310,2026-09-03,canonical_price_differs
1157,060370,2026-09-03,canonical_price_differs
1158,060380,2026-09-03,canonical_price_differs
1159,060480,2026-09-03,canonical_price_differs
1160,060540,2026-09-03,canonical_price_differs
1161,060560,2026-09-03,canonical_price_differs
1162,060570,2026-09-03,canonical_price_differs
1163,060590,2026-09-03,canonical_price_differs
1164,060720,2026-09-03,canonical_price_differs
1165,060850,2026-09-03,canonical_price_differs
1168,061040,2026-09-03,canonical_price_differs
1169,061090,2026-09-03,canonical_price_differs
1170,061250,2026-09-03,canonical_price_differs
1171,061970,2026-09-03,canonical_price_differs
1174,063080,2026-09-03,canonical_price_differs
1176,063170,2026-09-03,canonical_price_differs
1177,063440,2026-09-03,canonical_price_differs
1178,063570,2026-09-03,canonical_price_differs
1179,063760,2026-09-03,canonical_price_differs
1181,064240,2026-09-03,canonical_price_differs
1182,064260,2026-09-03,canonical_price_differs
1183,064290,2026-09-03,canonical_price_differs
1186,064480,2026-09-03,canonical_price_differs
1187,064520,2026-09-03,canonical_price_differs
1188,064550,2026-09-03,canonical_price_differs
1189,064760,2026-09-03,canonical_price_differs
1190,064800,2026-09-03,canonical_price_differs
1191,064820,2026-09-03,canonical_price_differs
1192,064850,2026-09-03,canonical_price_differs
1194,065060,2026-09-03,canonical_price_differs
1195,065130,2026-09-03,canonical_price_differs
1197,065170,2026-09-03,canonical_price_differs
1198,065350,2026-09-03,canonical_price_differs
1199,065370,2026-09-03,canonical_price_differs
1201,065440,2026-09-03,canonical_price_differs
1202,065450,2026-09-03,canonical_price_differs
1203,065500,2026-09-03,canonical_price_differs
1204,065510,2026-09-03,canonical_price_differs
1205,065530,2026-09-03,canonical_price_differs
1207,065650,2026-09-03,canonical_price_differs
1208,065660,2026-09-03,canonical_price_differs
1209,065680,2026-09-03,canonical_price_differs
1210,065690,2026-09-03,canonical_price_differs
1211,065710,2026-09-03,canonical_price_differs
1212,065770,2026-09-03,canonical_price_differs
1213,065950,2026-09-03,canonical_price_differs
1214,066130,2026-09-03,canonical_price_differs
1215,066310,2026-09-03,canonical_price_differs
1216,066360,2026-09-03,canonical_price_differs
1218,066430,2026-09-03,canonical_price_differs
1221,066590,2026-09-03,canonical_price_differs
1222,066620,2026-09-03,canonical_price_differs
1223,066670,2026-09-03,canonical_price_differs
1224,066700,2026-09-03,canonical_price_differs
1226,066900,2026-09-03,canonical_price_differs
1227,066910,2026-09-03,canonical_price_differs
1229,066980,2026-09-03,canonical_price_differs
1230,067000,2026-09-03,canonical_price_differs
1231,067010,2026-09-03,canonical_price_differs
1232,067080,2026-09-03,canonical_price_differs
1233,067160,2026-09-03,canonical_price_differs
1234,067170,2026-09-03,canonical_price_differs
1235,067280,2026-09-03,canonical_price_differs
1236,067290,2026-09-03,canonical_price_differs
1237,067310,2026-09-03,canonical_price_differs
1238,067370,2026-09-03,canonical_price_differs
1239,067390,2026-09-03,canonical_price_differs
1240,067570,2026-09-03,canonical_price_differs
1241,067630,2026-09-03,canonical_price_differs
1242,067730,2026-09-03,canonical_price_differs
1243,067770,2026-09-03,canonical_price_differs
1245,067900,2026-09-03,canonical_price_differs
1246,067920,2026-09-03,canonical_price_differs
1247,067990,2026-09-03,canonical_price_differs
1248,068050,2026-09-03,canonical_price_differs
1249,068100,2026-09-03,canonical_price_differs
1253,068330,2026-09-03,canonical_price_differs
1254,068760,2026-09-03,canonical_price_differs
1255,068790,2026-09-03,canonical_price_differs
1256,068930,2026-09-03,canonical_price_differs
1258,069080,2026-09-03,canonical_price_differs
1259,069140,2026-09-03,canonical_price_differs
1261,069330,2026-09-03,canonical_price_differs
1262,069410,2026-09-03,canonical_price_differs
1264,069510,2026-09-03,canonical_price_differs
1265,069540,2026-09-03,canonical_price_differs
1269,069920,2026-09-03,canonical_price_differs
1271,070300,2026-09-03,canonical_price_differs
1272,070590,2026-09-03,canonical_price_differs
1277,071200,2026-09-03,canonical_price_differs
1278,071280,2026-09-03,canonical_price_differs
1280,071670,2026-09-03,canonical_price_differs
1282,071850,2026-09-03,canonical_price_differs
1285,072020,2026-09-03,canonical_price_differs
1287,072470,2026-09-03,canonical_price_differs
1289,072770,2026-09-03,canonical_price_differs
1290,072870,2026-09-03,canonical_price_differs
1291,072950,2026-09-03,canonical_price_differs
1292,072990,2026-09-03,canonical_price_differs
1293,073010,2026-09-03,canonical_price_differs
1294,073110,2026-09-03,canonical_price_differs
1297,073490,2026-09-03,canonical_price_differs
1298,073540,2026-09-03,canonical_price_differs
1299,073560,2026-09-03,canonical_price_differs
1300,073570,2026-09-03,canonical_price_differs
1302,074430,2026-09-03,canonical_price_differs
1303,074600,2026-09-03,canonical_price_differs
1305,075130,2026-09-03,canonical_price_differs
1308,075970,2026-09-03,canonical_price_differs
1309,076080,2026-09-03,canonical_price_differs
1311,077360,2026-09-03,canonical_price_differs
1315,078020,2026-09-03,canonical_price_differs
1316,078070,2026-09-03,canonical_price_differs
1318,078140,2026-09-03,canonical_price_differs
1319,078150,2026-09-03,canonical_price_differs
1320,078160,2026-09-03,canonical_price_differs
1321,078340,2026-09-03,canonical_price_differs
1322,078350,2026-09-03,canonical_price_differs
1325,078600,2026-09-03,canonical_price_differs
1327,078890,2026-09-03,canonical_price_differs
1330,079000,2026-09-03,canonical_price_differs
1332,079170,2026-09-03,canonical_price_differs
1333,079190,2026-09-03,canonical_price_differs
1334,079370,2026-09-03,canonical_price_differs
1337,079650,2026-09-03,canonical_price_differs
1338,079810,2026-09-03,canonical_price_differs
1340,079940,2026-09-03,canonical_price_differs
1341,079950,2026-09-03,canonical_price_differs
1342,079960,2026-09-03,canonical_price_differs
1345,080010,2026-09-03,canonical_price_differs
1346,080160,2026-09-03,canonical_price_differs
1347,080220,2026-09-03,canonical_price_differs
1348,080420,2026-09-03,canonical_price_differs
1349,080470,2026-09-03,canonical_price_differs
1350,080520,2026-09-03,canonical_price_differs
1351,080530,2026-09-03,canonical_price_differs
1352,080580,2026-09-03,canonical_price_differs
1355,081150,2026-09-03,canonical_price_differs
1356,081180,2026-09-03,canonical_price_differs
1357,081580,2026-09-03,canonical_price_differs
1359,082210,2026-09-03,canonical_price_differs
1360,082270,2026-09-03,canonical_price_differs
1365,082850,2026-09-03,canonical_price_differs
1366,082920,2026-09-03,canonical_price_differs
1367,083310,2026-09-03,canonical_price_differs
1369,083450,2026-09-03,canonical_price_differs
1370,083470,2026-09-03,canonical_price_differs
1371,083500,2026-09-03,canonical_price_differs
1372,083550,2026-09-03,canonical_price_differs
1373,083640,2026-09-03,canonical_price_differs
1374,083650,2026-09-03,canonical_price_differs
1375,083660,2026-09-03,canonical_price_differs
1376,083790,2026-09-03,canonical_price_differs
1377,083930,2026-09-03,canonical_price_differs
1379,084110,2026-09-03,canonical_price_differs
1380,084180,2026-09-03,canonical_price_differs
1381,084370,2026-09-03,canonical_price_differs
1388,084730,2026-09-03,canonical_price_differs
1389,084850,2026-09-03,canonical_price_differs
1391,084990,2026-09-03,canonical_price_differs
1394,085660,2026-09-03,canonical_price_differs
1395,085670,2026-09-03,canonical_price_differs
1396,085810,2026-09-03,canonical_price_differs
1397,085910,2026-09-03,canonical_price_differs
1398,086040,2026-09-03,canonical_price_differs
1399,086060,2026-09-03,canonical_price_differs
1401,086390,2026-09-03,canonical_price_differs
1402,086450,2026-09-03,canonical_price_differs
1403,086520,2026-09-03,canonical_price_differs
1404,086670,2026-09-03,canonical_price_differs
1405,086710,2026-09-03,canonical_price_differs
1407,086820,2026-09-03,canonical_price_differs
1408,086890,2026-09-03,canonical_price_differs
1409,086900,2026-09-03,canonical_price_differs
1410,086960,2026-09-03,canonical_price_differs
1411,086980,2026-09-03,canonical_price_differs
1412,087010,2026-09-03,canonical_price_differs
1414,087600,2026-09-03,canonical_price_differs
1415,088130,2026-09-03,canonical_price_differs
1417,088280,2026-09-03,canonical_price_differs
1418,088290,2026-09-03,canonical_price_differs
1419,088340,2026-09-03,canonical_price_differs
1421,088390,2026-09-03,canonical_price_differs
1423,088800,2026-09-03,canonical_price_differs
1424,088910,2026-09-03,canonical_price_differs
1426,089010,2026-09-03,canonical_price_differs
1427,089030,2026-09-03,canonical_price_differs
1429,089150,2026-09-03,canonical_price_differs
1433,089600,2026-09-03,canonical_price_differs
1434,089790,2026-09-03,canonical_price_differs
1435,089850,2026-09-03,canonical_price_differs
1437,089890,2026-09-03,canonical_price_differs
1438,089970,2026-09-03,canonical_price_differs
1439,089980,2026-09-03,canonical_price_differs
1441,090150,2026-09-03,canonical_price_differs
1444,090360,2026-09-03,canonical_price_differs
1446,090410,2026-09-03,canonical_price_differs
1450,090470,2026-09-03,canonical_price_differs
1451,090710,2026-09-03,canonical_price_differs
1452,090850,2026-09-03,canonical_price_differs
1453,091120,2026-09-03,canonical_price_differs
1454,091340,2026-09-03,canonical_price_differs
1455,091440,2026-09-03,canonical_price_differs
1456,091580,2026-09-03,canonical_price_differs
1457,091590,2026-09-03,canonical_price_differs
1458,091700,2026-09-03,canonical_price_differs
1461,092040,2026-09-03,canonical_price_differs
1462,092070,2026-09-03,canonical_price_differs
1463,092130,2026-09-03,canonical_price_differs
1464,092190,2026-09-03,canonical_price_differs
1468,092300,2026-09-03,canonical_price_differs
1470,092460,2026-09-03,canonical_price_differs
1472,092730,2026-09-03,canonical_price_differs
1475,092870,2026-09-03,canonical_price_differs
1477,093190,2026-09-03,canonical_price_differs
1479,093320,2026-09-03,canonical_price_differs
1481,093380,2026-09-03,canonical_price_differs
1482,093520,2026-09-03,canonical_price_differs
1483,093640,2026-09-03,canonical_price_differs
1484,093920,2026-09-03,canonical_price_differs
1485,094170,2026-09-03,canonical_price_differs
1487,094360,2026-09-03,canonical_price_differs
1488,094480,2026-09-03,canonical_price_differs
1490,094820,2026-09-03,canonical_price_differs
1491,094840,2026-09-03,canonical_price_differs
1492,094850,2026-09-03,canonical_price_differs
1494,094940,2026-09-03,canonical_price_differs
1495,094970,2026-09-03,canonical_price_differs
1496,095190,2026-09-03,canonical_price_differs
1497,095270,2026-09-03,canonical_price_differs
1498,095340,2026-09-03,canonical_price_differs
1499,095500,2026-09-03,canonical_price_differs
1501,095610,2026-09-03,canonical_price_differs
1502,095660,2026-09-03,canonical_price_differs
1503,095700,2026-09-03,canonical_price_differs
1505,095910,2026-09-03,canonical_price_differs
1506,096240,2026-09-03,canonical_price_differs
1507,096250,2026-09-03,canonical_price_differs
1508,096350,2026-09-03,canonical_price_differs
1509,096530,2026-09-03,canonical_price_differs
1511,096630,2026-09-03,canonical_price_differs
1516,096870,2026-09-03,canonical_price_differs
1519,097780,2026-09-03,canonical_price_differs
1520,097800,2026-09-03,canonical_price_differs
1521,097870,2026-09-03,canonical_price_differs
1524,098070,2026-09-03,canonical_price_differs
1525,098120,2026-09-03,canonical_price_differs
1526,098460,2026-09-03,canonical_price_differs
1527,098660,2026-09-03,canonical_price_differs
1528,099190,2026-09-03,canonical_price_differs
1530,099320,2026-09-03,canonical_price_differs
1531,099390,2026-09-03,canonical_price_differs
1532,099410,2026-09-03,canonical_price_differs
1533,099430,2026-09-03,canonical_price_differs
1534,099440,2026-09-03,canonical_price_differs
1536,099750,2026-09-03,canonical_price_differs
1537,100030,2026-09-03,canonical_price_differs
1539,100120,2026-09-03,canonical_price_differs
1540,100130,2026-09-03,canonical_price_differs
1543,100590,2026-09-03,canonical_price_differs
1544,100660,2026-09-03,canonical_price_differs
1545,100700,2026-09-03,canonical_price_differs
1546,100790,2026-09-03,canonical_price_differs
1550,101160,2026-09-03,canonical_price_differs
1551,101170,2026-09-03,canonical_price_differs
1552,101240,2026-09-03,canonical_price_differs
1553,101330,2026-09-03,canonical_price_differs
1554,101360,2026-09-03,canonical_price_differs
1555,101400,2026-09-03,canonical_price_differs
1556,101490,2026-09-03,canonical_price_differs
1558,101670,2026-09-03,canonical_price_differs
1559,101680,2026-09-03,canonical_price_differs
1560,101730,2026-09-03,canonical_price_differs
1561,101930,2026-09-03,canonical_price_differs
1563,102120,2026-09-03,canonical_price_differs
1565,102370,2026-09-03,canonical_price_differs
1567,102710,2026-09-03,canonical_price_differs
1568,102940,2026-09-03,canonical_price_differs
1570,103230,2026-09-03,canonical_price_differs
1572,103840,2026-09-03,canonical_price_differs
1573,104040,2026-09-03,canonical_price_differs
1574,104200,2026-09-03,canonical_price_differs
1575,104460,2026-09-03,canonical_price_differs
1576,104480,2026-09-03,canonical_price_differs
1577,104540,2026-09-03,canonical_price_differs
1578,104620,2026-09-03,canonical_price_differs
1580,104830,2026-09-03,canonical_price_differs
1581,105330,2026-09-03,canonical_price_differs
1582,105550,2026-09-03,canonical_price_differs
1585,105740,2026-09-03,canonical_price_differs
1586,105760,2026-09-03,canonical_price_differs
1589,106190,2026-09-03,canonical_price_differs
1590,106240,2026-09-03,canonical_price_differs
1592,107600,2026-09-03,canonical_price_differs
1593,107640,2026-09-03,canonical_price_differs
1594,108230,2026-09-03,canonical_price_differs
1596,108380,2026-09-03,canonical_price_differs
1597,108490,2026-09-03,canonical_price_differs
1600,108860,2026-09-03,canonical_price_differs
1602,109080,2026-09-03,canonical_price_differs
1603,109610,2026-09-03,canonical_price_differs
1604,109670,2026-09-03,canonical_price_differs
1605,109740,2026-09-03,canonical_price_differs
1606,109820,2026-09-03,canonical_price_differs
1607,109860,2026-09-03,canonical_price_differs
1609,110020,2026-09-03,canonical_price_differs
1610,110790,2026-09-03,canonical_price_differs
1611,110990,2026-09-03,canonical_price_differs
1614,111710,2026-09-03,canonical_price_differs
1616,112040,2026-09-03,canonical_price_differs
1617,112290,2026-09-03,canonical_price_differs
1619,113810,2026-09-03,canonical_price_differs
1621,114190,2026-09-03,canonical_price_differs
1622,114450,2026-09-03,canonical_price_differs
1623,114630,2026-09-03,canonical_price_differs
1624,114810,2026-09-03,canonical_price_differs
1625,114840,2026-09-03,canonical_price_differs
1626,115160,2026-09-03,canonical_price_differs
1627,115180,2026-09-03,canonical_price_differs
1628,115310,2026-09-03,canonical_price_differs
1629,115440,2026-09-03,canonical_price_differs
1631,115480,2026-09-03,canonical_price_differs
1632,115500,2026-09-03,canonical_price_differs
1633,115530,2026-09-03,canonical_price_differs
1634,115570,2026-09-03,canonical_price_differs
1635,115610,2026-09-03,canonical_price_differs
1637,117670,2026-09-03,canonical_price_differs
1638,117730,2026-09-03,canonical_price_differs
1640,118990,2026-09-03,canonical_price_differs
1641,119500,2026-09-03,canonical_price_differs
1642,119610,2026-09-03,canonical_price_differs
1644,119830,2026-09-03,canonical_price_differs
1645,119850,2026-09-03,canonical_price_differs
1649,120240,2026-09-03,canonical_price_differs
1650,121440,2026-09-03,canonical_price_differs
1651,121600,2026-09-03,canonical_price_differs
1654,121890,2026-09-03,canonical_price_differs
1655,122310,2026-09-03,canonical_price_differs
1656,122350,2026-09-03,canonical_price_differs
1657,122450,2026-09-03,canonical_price_differs
1658,122640,2026-09-03,canonical_price_differs
1659,122690,2026-09-03,canonical_price_differs
1660,122870,2026-09-03,canonical_price_differs
1662,122990,2026-09-03,canonical_price_differs
1663,123010,2026-09-03,canonical_price_differs
1664,123040,2026-09-03,canonical_price_differs
1665,123330,2026-09-03,canonical_price_differs
1666,123410,2026-09-03,canonical_price_differs
1667,123420,2026-09-03,canonical_price_differs
1668,123570,2026-09-03,canonical_price_differs
1671,123750,2026-09-03,canonical_price_differs
1672,123840,2026-09-03,canonical_price_differs
1673,123860,2026-09-03,canonical_price_differs
1675,124500,2026-09-03,canonical_price_differs
1676,124560,2026-09-03,canonical_price_differs
1677,125020,2026-09-03,canonical_price_differs
1678,125210,2026-09-03,canonical_price_differs
1679,125490,2026-09-03,canonical_price_differs
1680,126340,2026-09-03,canonical_price_differs
1682,126600,2026-09-03,canonical_price_differs
1683,126640,2026-09-03,canonical_price_differs
1684,126700,2026-09-03,canonical_price_differs
1686,126730,2026-09-03,canonical_price_differs
1687,126880,2026-09-03,canonical_price_differs
1688,127120,2026-09-03,canonical_price_differs
1689,127710,2026-09-03,canonical_price_differs
1690,127980,2026-09-03,canonical_price_differs
1691,128540,2026-09-03,canonical_price_differs
1692,128660,2026-09-03,canonical_price_differs
1697,129920,2026-09-03,canonical_price_differs
1698,130500,2026-09-03,canonical_price_differs
1699,130580,2026-09-03,canonical_price_differs
1701,130740,2026-09-03,canonical_price_differs
1702,131030,2026-09-03,canonical_price_differs
1703,131090,2026-09-03,canonical_price_differs
1704,131100,2026-09-03,canonical_price_differs
1705,131180,2026-09-03,canonical_price_differs
1706,131220,2026-09-03,canonical_price_differs
1707,131290,2026-09-03,canonical_price_differs
1708,131370,2026-09-03,canonical_price_differs
1709,131400,2026-09-03,canonical_price_differs
1710,131760,2026-09-03,canonical_price_differs
1711,131970,2026-09-03,canonical_price_differs
1712,133750,2026-09-03,canonical_price_differs
1714,134060,2026-09-03,canonical_price_differs
1718,136150,2026-09-03,canonical_price_differs
1719,136410,2026-09-03,canonical_price_differs
1720,136480,2026-09-03,canonical_price_differs
1722,136540,2026-09-03,canonical_price_differs
1723,137080,2026-09-03,canonical_price_differs
1725,137400,2026-09-03,canonical_price_differs
1726,137940,2026-09-03,canonical_price_differs
1727,137950,2026-09-03,canonical_price_differs
1729,138070,2026-09-03,canonical_price_differs
1730,138080,2026-09-03,canonical_price_differs
1731,138360,2026-09-03,canonical_price_differs
1732,138610,2026-09-03,canonical_price_differs
1736,139670,2026-09-03,canonical_price_differs
1738,140070,2026-09-03,canonical_price_differs
1739,140410,2026-09-03,canonical_price_differs
1740,140430,2026-09-03,canonical_price_differs
1741,140520,2026-09-03,canonical_price_differs
1742,140670,2026-09-03,canonical_price_differs
1743,140860,2026-09-03,canonical_price_differs
1744,141000,2026-09-03,canonical_price_differs
1745,141080,2026-09-03,canonical_price_differs
1746,142210,2026-09-03,canonical_price_differs
1747,142280,2026-09-03,canonical_price_differs
1748,142760,2026-09-03,canonical_price_differs
1749,143160,2026-09-03,canonical_price_differs
1751,143240,2026-09-03,canonical_price_differs
1752,143540,2026-09-03,canonical_price_differs
1753,144510,2026-09-03,canonical_price_differs
1754,144960,2026-09-03,canonical_price_differs
1755,145020,2026-09-03,canonical_price_differs
1756,145170,2026-09-03,canonical_price_differs
1762,146060,2026-09-03,canonical_price_differs
1763,146320,2026-09-03,canonical_price_differs
1764,147760,2026-09-03,canonical_price_differs
1765,147830,2026-09-03,canonical_price_differs
1766,148150,2026-09-03,canonical_price_differs
1767,148250,2026-09-03,canonical_price_differs
1768,148780,2026-09-03,canonical_price_differs
1769,148930,2026-09-03,canonical_price_differs
1770,149950,2026-09-03,canonical_price_differs
1771,149980,2026-09-03,canonical_price_differs
1772,150900,2026-09-03,canonical_price_differs
1773,151860,2026-09-03,canonical_price_differs
1774,153460,2026-09-03,canonical_price_differs
1775,153490,2026-09-03,canonical_price_differs
1776,153710,2026-09-03,canonical_price_differs
1777,153890,2026-09-03,canonical_price_differs
1778,154030,2026-09-03,canonical_price_differs
1780,155650,2026-09-03,canonical_price_differs
1784,159010,2026-09-03,canonical_price_differs
1785,159580,2026-09-03,canonical_price_differs
1787,160190,2026-09-03,canonical_price_differs
1788,160550,2026-09-03,canonical_price_differs
1789,160980,2026-09-03,canonical_price_differs
1792,161580,2026-09-03,canonical_price_differs
1794,162300,2026-09-03,canonical_price_differs
1795,163280,2026-09-03,canonical_price_differs
1797,163730,2026-09-03,canonical_price_differs
1798,166090,2026-09-03,canonical_price_differs
1799,166480,2026-09-03,canonical_price_differs
1800,168330,2026-09-03,canonical_price_differs
1801,168360,2026-09-03,canonical_price_differs
1802,169330,2026-09-03,canonical_price_differs
1803,170030,2026-09-03,canonical_price_differs
1804,170790,2026-09-03,canonical_price_differs
1806,170920,2026-09-03,canonical_price_differs
1807,171010,2026-09-03,canonical_price_differs
1808,171090,2026-09-03,canonical_price_differs
1809,171120,2026-09-03,canonical_price_differs
1810,172670,2026-09-03,canonical_price_differs
1811,173130,2026-09-03,canonical_price_differs
1812,173940,2026-09-03,canonical_price_differs
1813,174900,2026-09-03,canonical_price_differs
1814,175140,2026-09-03,canonical_price_differs
1817,176750,2026-09-03,canonical_price_differs
1818,177350,2026-09-03,canonical_price_differs
1819,177830,2026-09-03,canonical_price_differs
1820,177900,2026-09-03,canonical_price_differs
1821,178320,2026-09-03,canonical_price_differs
1822,178780,2026-09-03,canonical_price_differs
1824,179290,2026-09-03,canonical_price_differs
1825,179530,2026-09-03,canonical_price_differs
1826,179900,2026-09-03,canonical_price_differs
1827,180400,2026-09-03,canonical_price_differs
1831,182360,2026-09-03,canonical_price_differs
1834,183300,2026-09-03,canonical_price_differs
1836,184230,2026-09-03,canonical_price_differs
1837,185490,2026-09-03,canonical_price_differs
1839,186230,2026-09-03,canonical_price_differs
1840,187220,2026-09-03,canonical_price_differs
1841,187270,2026-09-03,canonical_price_differs
1842,187420,2026-09-03,canonical_price_differs
1844,187790,2026-09-03,canonical_price_differs
1845,187870,2026-09-03,canonical_price_differs
1846,188040,2026-09-03,canonical_price_differs
1847,188260,2026-09-03,canonical_price_differs
1848,189300,2026-09-03,canonical_price_differs
1849,189330,2026-09-03,canonical_price_differs
1850,189690,2026-09-03,canonical_price_differs
1852,189980,2026-09-03,canonical_price_differs
1853,190510,2026-09-03,canonical_price_differs
1854,190650,2026-09-03,canonical_price_differs
1855,191410,2026-09-03,canonical_price_differs
1856,191420,2026-09-03,canonical_price_differs
1858,192250,2026-09-03,canonical_price_differs
1859,192390,2026-09-03,canonical_price_differs
1861,192410,2026-09-03,canonical_price_differs
1862,192440,2026-09-03,canonical_price_differs
1865,193250,2026-09-03,canonical_price_differs
1867,194480,2026-09-03,canonical_price_differs
1868,194700,2026-09-03,canonical_price_differs
1869,195500,2026-09-03,canonical_price_differs
1871,195940,2026-09-03,canonical_price_differs
1872,195990,2026-09-03,canonical_price_differs
1873,196170,2026-09-03,canonical_price_differs
1874,196300,2026-09-03,canonical_price_differs
1875,196450,2026-09-03,canonical_price_differs
1877,196700,2026-09-03,canonical_price_differs
1878,197140,2026-09-03,canonical_price_differs
1879,198080,2026-09-03,canonical_price_differs
1880,198440,2026-09-03,canonical_price_differs
1881,198940,2026-09-03,canonical_price_differs
1882,199430,2026-09-03,canonical_price_differs
1883,199480,2026-09-03,canonical_price_differs
1884,199550,2026-09-03,canonical_price_differs
1885,199730,2026-09-03,canonical_price_differs
1886,199800,2026-09-03,canonical_price_differs
1887,199820,2026-09-03,canonical_price_differs
1888,200130,2026-09-03,canonical_price_differs
1889,200230,2026-09-03,canonical_price_differs
1890,200350,2026-09-03,canonical_price_differs
1891,200470,2026-09-03,canonical_price_differs
1892,200670,2026-09-03,canonical_price_differs
1893,200710,2026-09-03,canonical_price_differs
1894,200780,2026-09-03,canonical_price_differs
1896,201490,2026-09-03,canonical_price_differs
1898,203450,2026-09-03,canonical_price_differs
1899,203650,2026-09-03,canonical_price_differs
1900,204020,2026-09-03,canonical_price_differs
1901,204270,2026-09-03,canonical_price_differs
1903,204610,2026-09-03,canonical_price_differs
1904,204620,2026-09-03,canonical_price_differs
1905,204840,2026-09-03,canonical_price_differs
1906,205100,2026-09-03,canonical_price_differs
1907,205470,2026-09-03,canonical_price_differs
1908,205500,2026-09-03,canonical_price_differs
1911,206640,2026-09-03,canonical_price_differs
1912,206650,2026-09-03,canonical_price_differs
1913,207760,2026-09-03,canonical_price_differs
1915,208140,2026-09-03,canonical_price_differs
1916,208350,2026-09-03,canonical_price_differs
1917,208370,2026-09-03,canonical_price_differs
1918,208640,2026-09-03,canonical_price_differs
1919,208710,2026-09-03,canonical_price_differs
1921,209640,2026-09-03,canonical_price_differs
1922,210120,2026-09-03,canonical_price_differs
1926,211270,2026-09-03,canonical_price_differs
1928,212710,2026-09-03,canonical_price_differs
1929,213420,2026-09-03,canonical_price_differs
1931,214150,2026-09-03,canonical_price_differs
1932,214180,2026-09-03,canonical_price_differs
1933,214260,2026-09-03,canonical_price_differs
1934,214270,2026-09-03,canonical_price_differs
1940,214430,2026-09-03,canonical_price_differs
1941,214450,2026-09-03,canonical_price_differs
1943,214680,2026-09-03,canonical_price_differs
1944,215000,2026-09-03,canonical_price_differs
1945,215090,2026-09-03,canonical_price_differs
1946,215100,2026-09-03,canonical_price_differs
1947,215200,2026-09-03,canonical_price_differs
1948,215360,2026-09-03,canonical_price_differs
1949,215380,2026-09-03,canonical_price_differs
1950,215480,2026-09-03,canonical_price_differs
1951,215600,2026-09-03,canonical_price_differs
1952,215790,2026-09-03,canonical_price_differs
1953,216050,2026-09-03,canonical_price_differs
1954,216080,2026-09-03,canonical_price_differs
1955,217190,2026-09-03,canonical_price_differs
1956,217270,2026-09-03,canonical_price_differs
1957,217330,2026-09-03,canonical_price_differs
1959,217500,2026-09-03,canonical_price_differs
1961,217730,2026-09-03,canonical_price_differs
1963,218150,2026-09-03,canonical_price_differs
1964,218410,2026-09-03,canonical_price_differs
1965,219130,2026-09-03,canonical_price_differs
1966,219420,2026-09-03,canonical_price_differs
1967,219550,2026-09-03,canonical_price_differs
1968,219750,2026-09-03,canonical_price_differs
1969,220100,2026-09-03,canonical_price_differs
1970,220180,2026-09-03,canonical_price_differs
1971,220260,2026-09-03,canonical_price_differs
1972,221800,2026-09-03,canonical_price_differs
1973,221840,2026-09-03,canonical_price_differs
1974,221980,2026-09-03,canonical_price_differs
1975,222040,2026-09-03,canonical_price_differs
1976,222080,2026-09-03,canonical_price_differs
1977,222110,2026-09-03,canonical_price_differs
1978,222420,2026-09-03,canonical_price_differs
1979,222800,2026-09-03,canonical_price_differs
1980,222980,2026-09-03,canonical_price_differs
1981,223250,2026-09-03,canonical_price_differs
1983,224060,2026-09-03,canonical_price_differs
1984,224110,2026-09-03,canonical_price_differs
1986,225220,2026-09-03,canonical_price_differs
1987,225430,2026-09-03,canonical_price_differs
1988,225530,2026-09-03,canonical_price_differs
1989,225570,2026-09-03,canonical_price_differs
1990,225590,2026-09-03,canonical_price_differs
1992,226330,2026-09-03,canonical_price_differs
1993,226340,2026-09-03,canonical_price_differs
1994,226400,2026-09-03,canonical_price_differs
1995,226590,2026-09-03,canonical_price_differs
1996,226950,2026-09-03,canonical_price_differs
1997,227610,2026-09-03,canonical_price_differs
1999,227950,2026-09-03,canonical_price_differs
2000,228340,2026-09-03,canonical_price_differs
2001,228670,2026-09-03,canonical_price_differs
2002,228760,2026-09-03,canonical_price_differs
2003,228850,2026-09-03,canonical_price_differs
2004,229000,2026-09-03,canonical_price_differs
2006,230240,2026-09-03,canonical_price_differs
2007,232140,2026-09-03,canonical_price_differs
2008,232680,2026-09-03,canonical_price_differs
2010,234030,2026-09-03,canonical_price_differs
2012,234100,2026-09-03,canonical_price_differs
2013,234300,2026-09-03,canonical_price_differs
2014,234340,2026-09-03,canonical_price_differs
2015,234690,2026-09-03,canonical_price_differs
2017,235980,2026-09-03,canonical_price_differs
2018,236200,2026-09-03,canonical_price_differs
2019,236810,2026-09-03,canonical_price_differs
2020,237690,2026-09-03,canonical_price_differs
2021,237750,2026-09-03,canonical_price_differs
2022,237820,2026-09-03,canonical_price_differs
2023,237880,2026-09-03,canonical_price_differs
2024,238090,2026-09-03,canonical_price_differs
2025,238120,2026-09-03,canonical_price_differs
2026,238200,2026-09-03,canonical_price_differs
2027,238490,2026-09-03,canonical_price_differs
2029,239610,2026-09-03,canonical_price_differs
2030,239890,2026-09-03,canonical_price_differs
2031,240550,2026-09-03,canonical_price_differs
2032,240600,2026-09-03,canonical_price_differs
2033,240810,2026-09-03,canonical_price_differs
2034,241520,2026-09-03,canonical_price_differs
2037,241690,2026-09-03,canonical_price_differs
2038,241710,2026-09-03,canonical_price_differs
2039,241770,2026-09-03,canonical_price_differs
2040,241790,2026-09-03,canonical_price_differs
2042,241840,2026-09-03,canonical_price_differs
2043,242040,2026-09-03,canonical_price_differs
2044,243070,2026-09-03,canonical_price_differs
2050,246690,2026-09-03,canonical_price_differs
2051,246710,2026-09-03,canonical_price_differs
2053,246960,2026-09-03,canonical_price_differs
2054,247540,2026-09-03,canonical_price_differs
2055,247660,2026-09-03,canonical_price_differs
2059,250000,2026-09-03,canonical_price_differs
2060,250060,2026-09-03,canonical_price_differs
2061,250930,2026-09-03,canonical_price_differs
2062,251120,2026-09-03,canonical_price_differs
2064,251370,2026-09-03,canonical_price_differs
2065,251630,2026-09-03,canonical_price_differs
2066,251970,2026-09-03,canonical_price_differs
2067,252500,2026-09-03,canonical_price_differs
2068,252990,2026-09-03,canonical_price_differs
2069,253450,2026-09-03,canonical_price_differs
2070,253590,2026-09-03,canonical_price_differs
2071,253840,2026-09-03,canonical_price_differs
2072,254120,2026-09-03,canonical_price_differs
2073,254490,2026-09-03,canonical_price_differs
2074,255220,2026-09-03,canonical_price_differs
2075,255440,2026-09-03,canonical_price_differs
2076,256150,2026-09-03,canonical_price_differs
2077,256630,2026-09-03,canonical_price_differs
2078,256840,2026-09-03,canonical_price_differs
2079,256940,2026-09-03,canonical_price_differs
2080,257370,2026-09-03,canonical_price_differs
2081,257720,2026-09-03,canonical_price_differs
2082,258610,2026-09-03,canonical_price_differs
2083,258790,2026-09-03,canonical_price_differs
2085,259630,2026-09-03,canonical_price_differs
2087,260660,2026-09-03,canonical_price_differs
2088,260930,2026-09-03,canonical_price_differs
2089,260970,2026-09-03,canonical_price_differs
2090,261200,2026-09-03,canonical_price_differs
2091,261520,2026-09-03,canonical_price_differs
2092,261780,2026-09-03,canonical_price_differs
2093,262260,2026-09-03,canonical_price_differs
2094,262840,2026-09-03,canonical_price_differs
2095,263020,2026-09-03,canonical_price_differs
2097,263600,2026-09-03,canonical_price_differs
2098,263690,2026-09-03,canonical_price_differs
2099,263700,2026-09-03,canonical_price_differs
2100,263720,2026-09-03,canonical_price_differs
2101,263750,2026-09-03,canonical_price_differs
2102,263770,2026-09-03,canonical_price_differs
2103,263800,2026-09-03,canonical_price_differs
2104,263810,2026-09-03,canonical_price_differs
2105,263860,2026-09-03,canonical_price_differs
2106,263920,2026-09-03,canonical_price_differs
2107,264450,2026-09-03,canonical_price_differs
2108,264660,2026-09-03,canonical_price_differs
2109,264850,2026-09-03,canonical_price_differs
2112,265520,2026-09-03,canonical_price_differs
2113,265560,2026-09-03,canonical_price_differs
2114,265740,2026-09-03,canonical_price_differs
2119,267320,2026-09-03,canonical_price_differs
2120,267790,2026-09-03,canonical_price_differs
2122,267980,2026-09-03,canonical_price_differs
2125,270520,2026-09-03,canonical_price_differs
2126,270660,2026-09-03,canonical_price_differs
2127,270870,2026-09-03,canonical_price_differs
2129,271830,2026-09-03,canonical_price_differs
2132,272110,2026-09-03,canonical_price_differs
2134,272290,2026-09-03,canonical_price_differs
2137,273060,2026-09-03,canonical_price_differs
2138,273640,2026-09-03,canonical_price_differs
2139,274090,2026-09-03,canonical_price_differs
2140,274400,2026-09-03,canonical_price_differs
2141,275630,2026-09-03,canonical_price_differs
2144,277070,2026-09-03,canonical_price_differs
2145,277410,2026-09-03,canonical_price_differs
2146,277810,2026-09-03,canonical_price_differs
2147,277880,2026-09-03,canonical_price_differs
2148,278280,2026-09-03,canonical_price_differs
2150,278650,2026-09-03,canonical_price_differs
2152,279600,2026-09-03,canonical_price_differs
2154,281740,2026-09-03,canonical_price_differs
2157,282720,2026-09-03,canonical_price_differs
2158,282880,2026-09-03,canonical_price_differs
2163,285490,2026-09-03,canonical_price_differs
2164,285800,2026-09-03,canonical_price_differs
2165,286750,2026-09-03,canonical_price_differs
2167,287840,2026-09-03,canonical_price_differs
2168,288180,2026-09-03,canonical_price_differs
2170,288620,2026-09-03,canonical_price_differs
2171,288980,2026-09-03,canonical_price_differs
2172,289010,2026-09-03,canonical_price_differs
2173,289080,2026-09-03,canonical_price_differs
2174,289220,2026-09-03,canonical_price_differs
2175,289930,2026-09-03,canonical_price_differs
2176,290090,2026-09-03,canonical_price_differs
2177,290120,2026-09-03,canonical_price_differs
2178,290270,2026-09-03,canonical_price_differs
2179,290520,2026-09-03,canonical_price_differs
2180,290550,2026-09-03,canonical_price_differs
2181,290560,2026-09-03,canonical_price_differs
2182,290650,2026-09-03,canonical_price_differs
2183,290660,2026-09-03,canonical_price_differs
2184,290670,2026-09-03,canonical_price_differs
2186,290720,2026-09-03,canonical_price_differs
2187,290740,2026-09-03,canonical_price_differs
2188,291230,2026-09-03,canonical_price_differs
2189,291650,2026-09-03,canonical_price_differs
2190,291810,2026-09-03,canonical_price_differs
2192,293490,2026-09-03,canonical_price_differs
2194,293780,2026-09-03,canonical_price_differs
2197,294140,2026-09-03,canonical_price_differs
2198,294570,2026-09-03,canonical_price_differs
2199,294630,2026-09-03,canonical_price_differs
2201,295310,2026-09-03,canonical_price_differs
2202,296640,2026-09-03,canonical_price_differs
2203,297090,2026-09-03,canonical_price_differs
2204,297570,2026-09-03,canonical_price_differs
2205,297890,2026-09-03,canonical_price_differs
2210,298060,2026-09-03,canonical_price_differs
2211,298380,2026-09-03,canonical_price_differs
2212,298540,2026-09-03,canonical_price_differs
2214,298830,2026-09-03,canonical_price_differs
2215,299030,2026-09-03,canonical_price_differs
2216,299170,2026-09-03,canonical_price_differs
2217,299660,2026-09-03,canonical_price_differs
2218,300080,2026-09-03,canonical_price_differs
2219,300120,2026-09-03,canonical_price_differs
2221,301300,2026-09-03,canonical_price_differs
2222,302430,2026-09-03,canonical_price_differs
2225,303030,2026-09-03,canonical_price_differs
2226,303360,2026-09-03,canonical_price_differs
2227,303530,2026-09-03,canonical_price_differs
2228,303810,2026-09-03,canonical_price_differs
2229,304100,2026-09-03,canonical_price_differs
2230,304360,2026-09-03,canonical_price_differs
2232,305090,2026-09-03,canonical_price_differs
2233,306040,2026-09-03,canonical_price_differs
2235,306620,2026-09-03,canonical_price_differs
2236,307180,2026-09-03,canonical_price_differs
2237,307280,2026-09-03,canonical_price_differs
2238,307750,2026-09-03,canonical_price_differs
2239,307870,2026-09-03,canonical_price_differs
2240,307930,2026-09-03,canonical_price_differs
2242,308080,2026-09-03,canonical_price_differs
2243,308100,2026-09-03,canonical_price_differs
2245,308430,2026-09-03,canonical_price_differs
2247,309930,2026-09-03,canonical_price_differs
2248,309960,2026-09-03,canonical_price_differs
2249,310200,2026-09-03,canonical_price_differs
2250,310210,2026-09-03,canonical_price_differs
2251,310870,2026-09-03,canonical_price_differs
2252,311320,2026-09-03,canonical_price_differs
2253,311390,2026-09-03,canonical_price_differs
2254,311690,2026-09-03,canonical_price_differs
2255,312610,2026-09-03,canonical_price_differs
2257,314130,2026-09-03,canonical_price_differs
2258,314140,2026-09-03,canonical_price_differs
2259,314930,2026-09-03,canonical_price_differs
2260,315640,2026-09-03,canonical_price_differs
2262,317120,2026-09-03,canonical_price_differs
2263,317240,2026-09-03,canonical_price_differs
2264,317330,2026-09-03,canonical_price_differs
2267,317530,2026-09-03,canonical_price_differs
2268,317690,2026-09-03,canonical_price_differs
2269,317770,2026-09-03,canonical_price_differs
2270,317830,2026-09-03,canonical_price_differs
2271,317850,2026-09-03,canonical_price_differs
2272,317870,2026-09-03,canonical_price_differs
2273,318000,2026-09-03,canonical_price_differs
2274,318010,2026-09-03,canonical_price_differs
2275,318020,2026-09-03,canonical_price_differs
2276,318060,2026-09-03,canonical_price_differs
2277,318160,2026-09-03,canonical_price_differs
2278,318410,2026-09-03,canonical_price_differs
2279,319400,2026-09-03,canonical_price_differs
2280,319660,2026-09-03,canonical_price_differs
2281,320000,2026-09-03,canonical_price_differs
2282,321260,2026-09-03,canonical_price_differs
2284,321550,2026-09-03,canonical_price_differs
2285,321820,2026-09-03,canonical_price_differs
2287,322180,2026-09-03,canonical_price_differs
2288,322310,2026-09-03,canonical_price_differs
2289,322510,2026-09-03,canonical_price_differs
2290,322780,2026-09-03,canonical_price_differs
2291,323280,2026-09-03,canonical_price_differs
2294,323990,2026-09-03,canonical_price_differs
2296,327260,2026-09-03,canonical_price_differs
2297,328130,2026-09-03,canonical_price_differs
2298,328380,2026-09-03,canonical_price_differs
2300,330350,2026-09-03,canonical_price_differs
2302,330730,2026-09-03,canonical_price_differs
2303,330860,2026-09-03,canonical_price_differs
2304,331380,2026-09-03,canonical_price_differs
2305,331520,2026-09-03,canonical_price_differs
2306,331740,2026-09-03,canonical_price_differs
2307,331920,2026-09-03,canonical_price_differs
2308,332290,2026-09-03,canonical_price_differs
2309,332370,2026-09-03,canonical_price_differs
2310,332570,2026-09-03,canonical_price_differs
2311,333050,2026-09-03,canonical_price_differs
2312,333430,2026-09-03,canonical_price_differs
2313,333620,2026-09-03,canonical_price_differs
2315,334970,2026-09-03,canonical_price_differs
2316,335810,2026-09-03,canonical_price_differs
2317,335870,2026-09-03,canonical_price_differs
2318,336060,2026-09-03,canonical_price_differs
2325,336570,2026-09-03,canonical_price_differs
2326,336680,2026-09-03,canonical_price_differs
2327,337930,2026-09-03,canonical_price_differs
2329,338220,2026-09-03,canonical_price_differs
2330,338840,2026-09-03,canonical_price_differs
2332,339950,2026-09-03,canonical_price_differs
2333,340360,2026-09-03,canonical_price_differs
2334,340440,2026-09-03,canonical_price_differs
2335,340450,2026-09-03,canonical_price_differs
2336,340570,2026-09-03,canonical_price_differs
2337,340810,2026-09-03,canonical_price_differs
2339,342870,2026-09-03,canonical_price_differs
2341,344860,2026-09-03,canonical_price_differs
2342,347000,2026-09-03,canonical_price_differs
2343,347700,2026-09-03,canonical_price_differs
2344,347740,2026-09-03,canonical_price_differs
2345,347770,2026-09-03,canonical_price_differs
2346,347850,2026-09-03,canonical_price_differs
2347,347860,2026-09-03,canonical_price_differs
2348,347890,2026-09-03,canonical_price_differs
2349,348030,2026-09-03,canonical_price_differs
2351,348150,2026-09-03,canonical_price_differs
2352,348210,2026-09-03,canonical_price_differs
2353,348340,2026-09-03,canonical_price_differs
2354,348350,2026-09-03,canonical_price_differs
2355,348370,2026-09-03,canonical_price_differs
2358,351320,2026-09-03,canonical_price_differs
2359,351330,2026-09-03,canonical_price_differs
2360,351870,2026-09-03,canonical_price_differs
2361,352090,2026-09-03,canonical_price_differs
2362,352480,2026-09-03,canonical_price_differs
2363,352700,2026-09-03,canonical_price_differs
2366,352910,2026-09-03,canonical_price_differs
2367,352940,2026-09-03,canonical_price_differs
2368,353190,2026-09-03,canonical_price_differs
2371,353590,2026-09-03,canonical_price_differs
2372,353810,2026-09-03,canonical_price_differs
2373,354200,2026-09-03,canonical_price_differs
2374,354320,2026-09-03,canonical_price_differs
2376,355390,2026-09-03,canonical_price_differs
2377,355690,2026-09-03,canonical_price_differs
2378,356680,2026-09-03,canonical_price_differs
2379,356860,2026-09-03,canonical_price_differs
2380,356890,2026-09-03,canonical_price_differs
2382,357230,2026-09-03,canonical_price_differs
2385,357550,2026-09-03,canonical_price_differs
2386,357580,2026-09-03,canonical_price_differs
2387,357780,2026-09-03,canonical_price_differs
2388,357880,2026-09-03,canonical_price_differs
2389,358570,2026-09-03,canonical_price_differs
2390,359090,2026-09-03,canonical_price_differs
2391,360070,2026-09-03,canonical_price_differs
2392,360350,2026-09-03,canonical_price_differs
2393,361390,2026-09-03,canonical_price_differs
2394,361570,2026-09-03,canonical_price_differs
2396,361670,2026-09-03,canonical_price_differs
2397,362320,2026-09-03,canonical_price_differs
2398,362990,2026-09-03,canonical_price_differs
2399,363250,2026-09-03,canonical_price_differs
2400,363260,2026-09-03,canonical_price_differs
2403,364950,2026-09-03,canonical_price_differs
2404,365270,2026-09-03,canonical_price_differs
2405,365330,2026-09-03,canonical_price_differs
2406,365340,2026-09-03,canonical_price_differs
2409,365660,2026-09-03,canonical_price_differs
2410,365900,2026-09-03,canonical_price_differs
2411,366030,2026-09-03,canonical_price_differs
2412,367000,2026-09-03,canonical_price_differs
2413,368600,2026-09-03,canonical_price_differs
2414,368770,2026-09-03,canonical_price_differs
2415,368970,2026-09-03,canonical_price_differs
2416,369370,2026-09-03,canonical_price_differs
2417,370090,2026-09-03,canonical_price_differs
2418,371950,2026-09-03,canonical_price_differs
2419,372170,2026-09-03,canonical_price_differs
2420,372320,2026-09-03,canonical_price_differs
2421,372800,2026-09-03,canonical_price_differs
2423,373110,2026-09-03,canonical_price_differs
2424,373160,2026-09-03,canonical_price_differs
2425,373170,2026-09-03,canonical_price_differs
2426,373200,2026-09-03,canonical_price_differs
2431,376180,2026-09-03,canonical_price_differs
2432,376270,2026-09-03,canonical_price_differs
2433,376290,2026-09-03,canonical_price_differs
2434,376300,2026-09-03,canonical_price_differs
2435,376900,2026-09-03,canonical_price_differs
2436,376930,2026-09-03,canonical_price_differs
2437,376980,2026-09-03,canonical_price_differs
2438,377030,2026-09-03,canonical_price_differs
2440,377220,2026-09-03,canonical_price_differs
2442,377330,2026-09-03,canonical_price_differs
2443,377450,2026-09-03,canonical_price_differs
2445,377480,2026-09-03,canonical_price_differs
2447,378340,2026-09-03,canonical_price_differs
2448,378800,2026-09-03,canonical_price_differs
2451,380550,2026-09-03,canonical_price_differs
2452,381620,2026-09-03,canonical_price_differs
2454,382150,2026-09-03,canonical_price_differs
2455,382480,2026-09-03,canonical_price_differs
2456,382800,2026-09-03,canonical_price_differs
2457,382840,2026-09-03,canonical_price_differs
2458,382900,2026-09-03,canonical_price_differs
2460,383310,2026-09-03,canonical_price_differs
2463,383930,2026-09-03,canonical_price_differs
2464,384470,2026-09-03,canonical_price_differs
2465,387570,2026-09-03,canonical_price_differs
2466,387690,2026-09-03,canonical_price_differs
2467,388050,2026-09-03,canonical_price_differs
2468,388210,2026-09-03,canonical_price_differs
2469,388610,2026-09-03,canonical_price_differs
2470,388720,2026-09-03,canonical_price_differs
2471,388790,2026-09-03,canonical_price_differs
2472,388870,2026-09-03,canonical_price_differs
2473,389020,2026-09-03,canonical_price_differs
2474,389030,2026-09-03,canonical_price_differs
2475,389140,2026-09-03,canonical_price_differs
2476,389260,2026-09-03,canonical_price_differs
2477,389470,2026-09-03,canonical_price_differs
2478,389500,2026-09-03,canonical_price_differs
2479,389650,2026-09-03,canonical_price_differs
2480,389680,2026-09-03,canonical_price_differs
2481,391710,2026-09-03,canonical_price_differs
2482,393210,2026-09-03,canonical_price_differs
2483,393890,2026-09-03,canonical_price_differs
2485,394280,2026-09-03,canonical_price_differs
2486,394420,2026-09-03,canonical_price_differs
2487,394800,2026-09-03,canonical_price_differs
2489,396270,2026-09-03,canonical_price_differs
2490,396300,2026-09-03,canonical_price_differs
2491,396470,2026-09-03,canonical_price_differs
2493,397030,2026-09-03,canonical_price_differs
2494,397810,2026-09-03,canonical_price_differs
2495,398120,2026-09-03,canonical_price_differs
2496,399720,2026-09-03,canonical_price_differs
2498,402030,2026-09-03,canonical_price_differs
2500,402490,2026-09-03,canonical_price_differs
2501,403490,2026-09-03,canonical_price_differs
2503,403850,2026-09-03,canonical_price_differs
2504,403870,2026-09-03,canonical_price_differs
2506,405000,2026-09-03,canonical_price_differs
2507,405100,2026-09-03,canonical_price_differs
2508,405920,2026-09-03,canonical_price_differs
2509,406820,2026-09-03,canonical_price_differs
2510,407400,2026-09-03,canonical_price_differs
2511,408470,2026-09-03,canonical_price_differs
2512,408900,2026-09-03,canonical_price_differs
2513,408920,2026-09-03,canonical_price_differs
2514,411080,2026-09-03,canonical_price_differs
2515,412350,2026-09-03,canonical_price_differs
2517,413390,2026-09-03,canonical_price_differs
2518,413630,2026-09-03,canonical_price_differs
2519,413640,2026-09-03,canonical_price_differs
2520,415380,2026-09-03,canonical_price_differs
2522,416180,2026-09-03,canonical_price_differs
2523,417010,2026-09-03,canonical_price_differs
2524,417180,2026-09-03,canonical_price_differs
2525,417200,2026-09-03,canonical_price_differs
2527,417500,2026-09-03,canonical_price_differs
2528,417790,2026-09-03,canonical_price_differs
2529,417840,2026-09-03,canonical_price_differs
2530,417860,2026-09-03,canonical_price_differs
2531,417970,2026-09-03,canonical_price_differs
2533,418420,2026-09-03,canonical_price_differs
2534,418470,2026-09-03,canonical_price_differs
2535,418550,2026-09-03,canonical_price_differs
2536,418620,2026-09-03,canonical_price_differs
2537,419050,2026-09-03,canonical_price_differs
2538,419080,2026-09-03,canonical_price_differs
2539,419120,2026-09-03,canonical_price_differs
2540,419530,2026-09-03,canonical_price_differs
2541,419540,2026-09-03,canonical_price_differs
2542,420570,2026-09-03,canonical_price_differs
2543,420770,2026-09-03,canonical_price_differs
2544,424760,2026-09-03,canonical_price_differs
2545,424870,2026-09-03,canonical_price_differs
2546,424960,2026-09-03,canonical_price_differs
2547,424980,2026-09-03,canonical_price_differs
2548,425040,2026-09-03,canonical_price_differs
2549,425420,2026-09-03,canonical_price_differs
2550,429270,2026-09-03,canonical_price_differs
2551,430690,2026-09-03,canonical_price_differs
2552,431190,2026-09-03,canonical_price_differs
2554,432430,2026-09-03,canonical_price_differs
2555,432470,2026-09-03,canonical_price_differs
2556,432720,2026-09-03,canonical_price_differs
2557,432980,2026-09-03,canonical_price_differs
2558,434480,2026-09-03,canonical_price_differs
2559,435570,2026-09-03,canonical_price_differs
2560,437730,2026-09-03,canonical_price_differs
2561,438700,2026-09-03,canonical_price_differs
2562,439090,2026-09-03,canonical_price_differs
2564,439580,2026-09-03,canonical_price_differs
2565,439960,2026-09-03,canonical_price_differs
2566,440110,2026-09-03,canonical_price_differs
2567,440290,2026-09-03,canonical_price_differs
2568,440320,2026-09-03,canonical_price_differs
2569,441270,2026-09-03,canonical_price_differs
2571,443250,2026-09-03,canonical_price_differs
2572,443670,2026-09-03,canonical_price_differs
2573,444530,2026-09-03,canonical_price_differs
2574,445090,2026-09-03,canonical_price_differs
2575,445180,2026-09-03,canonical_price_differs
2576,445680,2026-09-03,canonical_price_differs
2578,446540,2026-09-03,canonical_price_differs
2579,446840,2026-09-03,canonical_price_differs
2580,448280,2026-09-03,canonical_price_differs
2581,448710,2026-09-03,canonical_price_differs
2583,448900,2026-09-03,canonical_price_differs
2585,450330,2026-09-03,canonical_price_differs
2586,450520,2026-09-03,canonical_price_differs
2587,450950,2026-09-03,canonical_price_differs
2588,451220,2026-09-03,canonical_price_differs
2589,451250,2026-09-03,canonical_price_differs
2590,451760,2026-09-03,canonical_price_differs
2592,452160,2026-09-03,canonical_price_differs
2593,452190,2026-09-03,canonical_price_differs
2594,452200,2026-09-03,canonical_price_differs
2597,452280,2026-09-03,canonical_price_differs
2598,452300,2026-09-03,canonical_price_differs
2599,452400,2026-09-03,canonical_price_differs
2600,452430,2026-09-03,canonical_price_differs
2601,452450,2026-09-03,canonical_price_differs
2603,453450,2026-09-03,canonical_price_differs
2604,453860,2026-09-03,canonical_price_differs
2606,455180,2026-09-03,canonical_price_differs
2607,455900,2026-09-03,canonical_price_differs
2608,456010,2026-09-03,canonical_price_differs
2610,456070,2026-09-03,canonical_price_differs
2611,456160,2026-09-03,canonical_price_differs
2614,457550,2026-09-03,canonical_price_differs
2615,457600,2026-09-03,canonical_price_differs
2616,458350,2026-09-03,canonical_price_differs
2617,458650,2026-09-03,canonical_price_differs
2618,458870,2026-09-03,canonical_price_differs
2619,459100,2026-09-03,canonical_price_differs
2620,459510,2026-09-03,canonical_price_differs
2622,460470,2026-09-03,canonical_price_differs
2625,460870,2026-09-03,canonical_price_differs
2626,460930,2026-09-03,canonical_price_differs
2627,460940,2026-09-03,canonical_price_differs
2628,461030,2026-09-03,canonical_price_differs
2629,461300,2026-09-03,canonical_price_differs
2630,462310,2026-09-03,canonical_price_differs
2631,462350,2026-09-03,canonical_price_differs
2632,462510,2026-09-03,canonical_price_differs
2634,462860,2026-09-03,canonical_price_differs
2636,462980,2026-09-03,canonical_price_differs
2637,463020,2026-09-03,canonical_price_differs
2638,463480,2026-09-03,canonical_price_differs
2639,464080,2026-09-03,canonical_price_differs
2640,464280,2026-09-03,canonical_price_differs
2641,464490,2026-09-03,canonical_price_differs
2642,464500,2026-09-03,canonical_price_differs
2643,464580,2026-09-03,canonical_price_differs
2645,465480,2026-09-03,canonical_price_differs
2647,466100,2026-09-03,canonical_price_differs
2648,466410,2026-09-03,canonical_price_differs
2649,466690,2026-09-03,canonical_price_differs
2650,468530,2026-09-03,canonical_price_differs
2653,469610,2026-09-03,canonical_price_differs
2654,469750,2026-09-03,canonical_price_differs
2655,469900,2026-09-03,canonical_price_differs
2657,471820,2026-09-03,canonical_price_differs
2659,472230,2026-09-03,canonical_price_differs
2661,473000,2026-09-03,canonical_price_differs
2662,473050,2026-09-03,canonical_price_differs
2663,473950,2026-09-03,canonical_price_differs
2664,473980,2026-09-03,canonical_price_differs
2665,474170,2026-09-03,canonical_price_differs
2666,474490,2026-09-03,canonical_price_differs
2667,474610,2026-09-03,canonical_price_differs
2668,474650,2026-09-03,canonical_price_differs
2669,474660,2026-09-03,canonical_price_differs
2670,474930,2026-09-03,canonical_price_differs
2671,475040,2026-09-03,canonical_price_differs
2673,475230,2026-09-03,canonical_price_differs
2674,475240,2026-09-03,canonical_price_differs
2675,475250,2026-09-03,canonical_price_differs
2676,475400,2026-09-03,canonical_price_differs
2677,475430,2026-09-03,canonical_price_differs
2678,475460,2026-09-03,canonical_price_differs
2680,475580,2026-09-03,canonical_price_differs
2681,475660,2026-09-03,canonical_price_differs
2682,475830,2026-09-03,canonical_price_differs
2683,475960,2026-09-03,canonical_price_differs
2684,476040,2026-09-03,canonical_price_differs
2685,476060,2026-09-03,canonical_price_differs
2686,476080,2026-09-03,canonical_price_differs
2687,476830,2026-09-03,canonical_price_differs
2688,477340,2026-09-03,canonical_price_differs
2689,477380,2026-09-03,canonical_price_differs
2690,477470,2026-09-03,canonical_price_differs
2691,477760,2026-09-03,canonical_price_differs
2692,477850,2026-09-03,canonical_price_differs
2694,478340,2026-09-03,canonical_price_differs
2695,478390,2026-09-03,canonical_price_differs
2696,478440,2026-09-03,canonical_price_differs
2697,478560,2026-09-03,canonical_price_differs
2698,479880,2026-09-03,canonical_price_differs
2699,479960,2026-09-03,canonical_price_differs
2701,481070,2026-09-03,canonical_price_differs
2703,481890,2026-09-03,canonical_price_differs
2704,482520,2026-09-03,canonical_price_differs
2705,482630,2026-09-03,canonical_price_differs
2707,482690,2026-09-03,canonical_price_differs
2708,483350,2026-09-03,canonical_price_differs
2710,484120,2026-09-03,canonical_price_differs
2711,484130,2026-09-03,canonical_price_differs
2712,484590,2026-09-03,canonical_price_differs
2713,484810,2026-09-03,canonical_price_differs
2715,486630,2026-09-03,canonical_price_differs
2716,486990,2026-09-03,canonical_price_differs
2717,487360,2026-09-03,canonical_price_differs
2718,487400,2026-09-03,canonical_price_differs
2720,487580,2026-09-03,canonical_price_differs
2721,487720,2026-09-03,canonical_price_differs
2722,487830,2026-09-03,canonical_price_differs
2723,488060,2026-09-03,canonical_price_differs
2724,488280,2026-09-03,canonical_price_differs
2725,488900,2026-09-03,canonical_price_differs
2726,489210,2026-09-03,canonical_price_differs
2727,489460,2026-09-03,canonical_price_differs
2728,489480,2026-09-03,canonical_price_differs
2729,489500,2026-09-03,canonical_price_differs
2730,489730,2026-09-03,canonical_price_differs
2732,490470,2026-09-03,canonical_price_differs
2733,491000,2026-09-03,canonical_price_differs
2734,492220,2026-09-03,canonical_price_differs
2735,493280,2026-09-03,canonical_price_differs
2736,493330,2026-09-03,canonical_price_differs
2737,493790,2026-09-03,canonical_price_differs
2738,494120,2026-09-03,canonical_price_differs
2739,496070,2026-09-03,canonical_price_differs
2764,282620,2026-09-03,canonical_price_differs
2765,417030,2026-09-03,canonical_price_differs
2766,0155E0,2026-09-03,canonical_price_differs
5,000080,2026-09-03,canonical_price_differs
56,000850,2026-09-03,canonical_price_differs
112,001560,2026-09-03,canonical_price_differs
126,001780,2026-09-03,canonical_price_differs
141,002150,2026-09-03,canonical_price_differs
164,002690,2026-09-03,canonical_price_differs
199,003220,2026-09-03,canonical_price_differs
227,003670,2026-09-03,canonical_price_differs
264,004440,2026-09-03,canonical_price_differs
284,004890,2026-09-03,canonical_price_differs
365,006650,2026-09-03,canonical_price_differs
372,006840,2026-09-03,canonical_price_differs
373,006880,2026-09-03,canonical_price_differs
374,006890,2026-09-03,canonical_price_differs
379,007070,2026-09-03,canonical_price_differs
399,007660,2026-09-03,canonical_price_differs
444,009240,2026-09-03,canonical_price_differs
459,009540,2026-09-03,canonical_price_differs
466,009770,2026-09-03,canonical_price_differs
473,009900,2026-09-03,canonical_price_differs
477,010040,2026-09-03,canonical_price_differs
487,010400,2026-09-03,canonical_price_differs
499,010960,2026-09-03,canonical_price_differs
502,011070,2026-09-03,canonical_price_differs
509,011210,2026-09-03,canonical_price_differs
518,011500,2026-09-03,canonical_price_differs
531,0120G0,2026-09-03,canonical_price_differs
532,012160,2026-09-03,canonical_price_differs
546,0126Z0,2026-09-03,canonical_price_differs
569,013870,2026-09-03,canonical_price_differs
570,013890,2026-09-03,canonical_price_differs
585,014710,2026-09-03,canonical_price_differs
589,014830,2026-09-03,canonical_price_differs
612,016450,2026-09-03,canonical_price_differs
620,016710,2026-09-03,canonical_price_differs
621,016740,2026-09-03,canonical_price_differs
628,017180,2026-09-03,canonical_price_differs
630,017370,2026-09-03,canonical_price_differs
639,017860,2026-09-03,canonical_price_differs
646,018250,2026-09-03,canonical_price_differs
647,018260,2026-09-03,canonical_price_differs
667,019680,2026-09-03,canonical_price_differs
673,020150,2026-09-03,canonical_price_differs
676,020560,2026-09-03,canonical_price_differs
683,021240,2026-09-03,canonical_price_differs
689,022100,2026-09-03,canonical_price_differs
691,023000,2026-09-03,canonical_price_differs
694,023350,2026-09-03,canonical_price_differs
698,023530,2026-09-03,canonical_price_differs
705,023810,2026-09-03,canonical_price_differs
711,024090,2026-09-03,canonical_price_differs
712,024110,2026-09-03,canonical_price_differs
714,024720,2026-09-03,canonical_price_differs
734,025750,2026-09-03,canonical_price_differs
748,026940,2026-09-03,canonical_price_differs
749,026960,2026-09-03,canonical_price_differs
753,027410,2026-09-03,canonical_price_differs
756,027740,2026-09-03,canonical_price_differs
761,028100,2026-09-03,canonical_price_differs
762,028260,2026-09-03,canonical_price_differs
765,028670,2026-09-03,canonical_price_differs
769,029780,2026-09-03,canonical_price_differs
771,030190,2026-09-03,canonical_price_differs
777,030610,2026-09-03,canonical_price_differs
780,031210,2026-09-03,canonical_price_differs
783,031430,2026-09-03,canonical_price_differs
792,032350,2026-09-03,canonical_price_differs
795,032560,2026-09-03,canonical_price_differs
798,032640,2026-09-03,canonical_price_differs
805,032830,2026-09-03,canonical_price_differs
817,033240,2026-09-03,canonical_price_differs
818,033250,2026-09-03,canonical_price_differs
819,033270,2026-09-03,canonical_price_differs
825,033530,2026-09-03,canonical_price_differs
829,033780,2026-09-03,canonical_price_differs
832,033920,2026-09-03,canonical_price_differs
833,034020,2026-09-03,canonical_price_differs
834,034120,2026-09-03,canonical_price_differs
835,034220,2026-09-03,canonical_price_differs
836,034230,2026-09-03,canonical_price_differs
837,034310,2026-09-03,canonical_price_differs
838,034590,2026-09-03,canonical_price_differs
839,034730,2026-09-03,canonical_price_differs
843,034830,2026-09-03,canonical_price_differs
846,035000,2026-09-03,canonical_price_differs
848,035150,2026-09-03,canonical_price_differs
850,035250,2026-09-03,canonical_price_differs
852,035420,2026-09-03,canonical_price_differs
854,035510,2026-09-03,canonical_price_differs
858,035720,2026-09-03,canonical_price_differs
872,036420,2026-09-03,canonical_price_differs
873,036460,2026-09-03,canonical_price_differs
875,036530,2026-09-03,canonical_price_differs
878,036570,2026-09-03,canonical_price_differs
879,036580,2026-09-03,canonical_price_differs
894,037270,2026-09-03,canonical_price_differs
901,037560,2026-09-03,canonical_price_differs
902,037710,2026-09-03,canonical_price_differs
923,039130,2026-09-03,canonical_price_differs
931,039490,2026-09-03,canonical_price_differs
933,039570,2026-09-03,canonical_price_differs
953,041650,2026-09-03,canonical_price_differs
968,042660,2026-09-03,canonical_price_differs
969,042700,2026-09-03,canonical_price_differs
986,044380,2026-09-03,canonical_price_differs
987,044450,2026-09-03,canonical_price_differs
991,044820,2026-09-03,canonical_price_differs
1012,047040,2026-09-03,canonical_price_differs
1013,047050,2026-09-03,canonical_price_differs
1016,047400,2026-09-03,canonical_price_differs
1019,047810,2026-09-03,canonical_price_differs
1042,049800,2026-09-03,canonical_price_differs
1060,051600,2026-09-03,canonical_price_differs
1063,051900,2026-09-03,canonical_price_differs
1065,051910,2026-09-03,canonical_price_differs
1077,052690,2026-09-03,canonical_price_differs
1088,053210,2026-09-03,canonical_price_differs
1099,053690,2026-09-03,canonical_price_differs
1122,055490,2026-09-03,canonical_price_differs
1123,055550,2026-09-03,canonical_price_differs
1135,058430,2026-09-03,canonical_price_differs
1140,058650,2026-09-03,canonical_price_differs
1141,058730,2026-09-03,canonical_price_differs
1143,058850,2026-09-03,canonical_price_differs
1144,058860,2026-09-03,canonical_price_differs
1167,060980,2026-09-03,canonical_price_differs
1172,062040,2026-09-03,canonical_price_differs
1175,063160,2026-09-03,canonical_price_differs
1184,064350,2026-09-03,canonical_price_differs
1185,064400,2026-09-03,canonical_price_differs
1193,064960,2026-09-03,canonical_price_differs
1219,066570,2026-09-03,canonical_price_differs
1228,066970,2026-09-03,canonical_price_differs
1244,067830,2026-09-03,canonical_price_differs
1251,068270,2026-09-03,canonical_price_differs
1252,068290,2026-09-03,canonical_price_differs
1260,069260,2026-09-03,canonical_price_differs
1266,069620,2026-09-03,canonical_price_differs
1267,069640,2026-09-03,canonical_price_differs
1268,069730,2026-09-03,canonical_price_differs
1270,069960,2026-09-03,canonical_price_differs
1273,070960,2026-09-03,canonical_price_differs
1274,071050,2026-09-03,canonical_price_differs
1276,071090,2026-09-03,canonical_price_differs
1279,071320,2026-09-03,canonical_price_differs
1281,071840,2026-09-03,canonical_price_differs
1283,071950,2026-09-03,canonical_price_differs
1284,071970,2026-09-03,canonical_price_differs
1286,072130,2026-09-03,canonical_price_differs
1288,072710,2026-09-03,canonical_price_differs
1296,073240,2026-09-03,canonical_price_differs
1306,075180,2026-09-03,canonical_price_differs
1307,075580,2026-09-03,canonical_price_differs
1312,077500,2026-09-03,canonical_price_differs
1313,077970,2026-09-03,canonical_price_differs
1314,078000,2026-09-03,canonical_price_differs
1323,078520,2026-09-03,canonical_price_differs
1328,078930,2026-09-03,canonical_price_differs
1331,079160,2026-09-03,canonical_price_differs
1335,079430,2026-09-03,canonical_price_differs
1336,079550,2026-09-03,canonical_price_differs
1339,079900,2026-09-03,canonical_price_differs
1344,079980,2026-09-03,canonical_price_differs
1354,081000,2026-09-03,canonical_price_differs
1358,081660,2026-09-03,canonical_price_differs
1363,082740,2026-09-03,canonical_price_differs
1368,083420,2026-09-03,canonical_price_differs
1378,084010,2026-09-03,canonical_price_differs
1384,084670,2026-09-03,canonical_price_differs
1386,084690,2026-09-03,canonical_price_differs
1390,084870,2026-09-03,canonical_price_differs
1392,085310,2026-09-03,canonical_price_differs
1393,085620,2026-09-03,canonical_price_differs
1400,086280,2026-09-03,canonical_price_differs
1406,086790,2026-09-03,canonical_price_differs
1420,088350,2026-09-03,canonical_price_differs
1422,088790,2026-09-03,canonical_price_differs
1431,089470,2026-09-03,canonical_price_differs
1432,089590,2026-09-03,canonical_price_differs
1436,089860,2026-09-03,canonical_price_differs
1440,090080,2026-09-03,canonical_price_differs
1442,090350,2026-09-03,canonical_price_differs
1445,090370,2026-09-03,canonical_price_differs
1447,090430,2026-09-03,canonical_price_differs
1449,090460,2026-09-03,canonical_price_differs
1459,091810,2026-09-03,canonical_price_differs
1465,092200,2026-09-03,canonical_price_differs
1466,092220,2026-09-03,canonical_price_differs
1467,092230,2026-09-03,canonical_price_differs
1469,092440,2026-09-03,canonical_price_differs
1473,092780,2026-09-03,canonical_price_differs
1474,092790,2026-09-03,canonical_price_differs
1476,093050,2026-09-03,canonical_price_differs
1480,093370,2026-09-03,canonical_price_differs
1486,094280,2026-09-03,canonical_price_differs
1500,095570,2026-09-03,canonical_price_differs
1504,095720,2026-09-03,canonical_price_differs
1513,096760,2026-09-03,canonical_price_differs
1514,096770,2026-09-03,canonical_price_differs
1517,097230,2026-09-03,canonical_price_differs
1518,097520,2026-09-03,canonical_price_differs
1522,097950,2026-09-03,canonical_price_differs
1538,100090,2026-09-03,canonical_price_differs
1541,100220,2026-09-03,canonical_price_differs
1542,100250,2026-09-03,canonical_price_differs
1547,100840,2026-09-03,canonical_price_differs
1549,101140,2026-09-03,canonical_price_differs
1557,101530,2026-09-03,canonical_price_differs
1564,102260,2026-09-03,canonical_price_differs
1566,102460,2026-09-03,canonical_price_differs
1569,103140,2026-09-03,canonical_price_differs
1571,103590,2026-09-03,canonical_price_differs
1579,104700,2026-09-03,canonical_price_differs
1583,105560,2026-09-03,canonical_price_differs
1584,105630,2026-09-03,canonical_price_differs
1587,105840,2026-09-03,canonical_price_differs
1591,107590,2026-09-03,canonical_price_differs
1595,108320,2026-09-03,canonical_price_differs
1598,108670,2026-09-03,canonical_price_differs
1612,111110,2026-09-03,canonical_price_differs
1613,111380,2026-09-03,canonical_price_differs
1615,111770,2026-09-03,canonical_price_differs
1618,112610,2026-09-03,canonical_price_differs
1620,114090,2026-09-03,canonical_price_differs
1636,117580,2026-09-03,canonical_price_differs
1639,118000,2026-09-03,canonical_price_differs
1646,120030,2026-09-03,canonical_price_differs
1647,120110,2026-09-03,canonical_price_differs
1661,122900,2026-09-03,canonical_price_differs
1669,123690,2026-09-03,canonical_price_differs
1670,123700,2026-09-03,canonical_price_differs
1674,123890,2026-09-03,canonical_price_differs
1681,126560,2026-09-03,canonical_price_differs
1685,126720,2026-09-03,canonical_price_differs
1693,128820,2026-09-03,canonical_price_differs
1694,128940,2026-09-03,canonical_price_differs
1695,129260,2026-09-03,canonical_price_differs
1700,130660,2026-09-03,canonical_price_differs
1713,133820,2026-09-03,canonical_price_differs
1715,134380,2026-09-03,canonical_price_differs
1717,134790,2026-09-03,canonical_price_differs
1721,136490,2026-09-03,canonical_price_differs
1724,137310,2026-09-03,canonical_price_differs
1728,138040,2026-09-03,canonical_price_differs
1733,138930,2026-09-03,canonical_price_differs
1734,139130,2026-09-03,canonical_price_differs
1735,139480,2026-09-03,canonical_price_differs
1737,139990,2026-09-03,canonical_price_differs
1759,145720,2026-09-03,canonical_price_differs
1760,145990,2026-09-03,canonical_price_differs
1781,155660,2026-09-03,canonical_price_differs
1790,161000,2026-09-03,canonical_price_differs
1791,161390,2026-09-03,canonical_price_differs
1793,161890,2026-09-03,canonical_price_differs
1796,163560,2026-09-03,canonical_price_differs
1805,170900,2026-09-03,canonical_price_differs
1816,175330,2026-09-03,canonical_price_differs
1823,178920,2026-09-03,canonical_price_differs
1828,180640,2026-09-03,canonical_price_differs
1830,181710,2026-09-03,canonical_price_differs
1833,183190,2026-09-03,canonical_price_differs
1838,185750,2026-09-03,canonical_price_differs
1857,192080,2026-09-03,canonical_price_differs
1860,192400,2026-09-03,canonical_price_differs
1863,192650,2026-09-03,canonical_price_differs
1864,192820,2026-09-03,canonical_price_differs
1866,194370,2026-09-03,canonical_price_differs
1870,195870,2026-09-03,canonical_price_differs
1895,200880,2026-09-03,canonical_price_differs
1902,204320,2026-09-03,canonical_price_differs
1914,207940,2026-09-03,canonical_price_differs
1923,210540,2026-09-03,canonical_price_differs
1924,210980,2026-09-03,canonical_price_differs
1930,213500,2026-09-03,canonical_price_differs
1935,214320,2026-09-03,canonical_price_differs
1936,214330,2026-09-03,canonical_price_differs
1938,214390,2026-09-03,canonical_price_differs
1939,214420,2026-09-03,canonical_price_differs
1960,217590,2026-09-03,canonical_price_differs
1991,226320,2026-09-03,canonical_price_differs
1998,227840,2026-09-03,canonical_price_differs
2005,229640,2026-09-03,canonical_price_differs
2011,234080,2026-09-03,canonical_price_differs
2035,241560,2026-09-03,canonical_price_differs
2036,241590,2026-09-03,canonical_price_differs
2047,244920,2026-09-03,canonical_price_differs
2056,248070,2026-09-03,canonical_price_differs
2058,249420,2026-09-03,canonical_price_differs
2063,251270,2026-09-03,canonical_price_differs
2086,259960,2026-09-03,canonical_price_differs
2110,264900,2026-09-03,canonical_price_differs
2115,267250,2026-09-03,canonical_price_differs
2116,267260,2026-09-03,canonical_price_differs
2117,267270,2026-09-03,canonical_price_differs
2118,267290,2026-09-03,canonical_price_differs
2121,267850,2026-09-03,canonical_price_differs
2123,268280,2026-09-03,canonical_price_differs
2128,271560,2026-09-03,canonical_price_differs
2130,271940,2026-09-03,canonical_price_differs
2131,271980,2026-09-03,canonical_price_differs
2133,272210,2026-09-03,canonical_price_differs
2135,272450,2026-09-03,canonical_price_differs
2136,272550,2026-09-03,canonical_price_differs
2149,278470,2026-09-03,canonical_price_differs
2151,279570,2026-09-03,canonical_price_differs
2153,280360,2026-09-03,canonical_price_differs
2155,281820,2026-09-03,canonical_price_differs
2156,282330,2026-09-03,canonical_price_differs
2160,284740,2026-09-03,canonical_price_differs
2161,285130,2026-09-03,canonical_price_differs
2166,286940,2026-09-03,canonical_price_differs
2191,293480,2026-09-03,canonical_price_differs
2200,294870,2026-09-03,canonical_price_differs
2206,298000,2026-09-03,canonical_price_differs
2207,298020,2026-09-03,canonical_price_differs
2208,298040,2026-09-03,canonical_price_differs
2209,298050,2026-09-03,canonical_price_differs
2213,298690,2026-09-03,canonical_price_differs
2220,300720,2026-09-03,canonical_price_differs
2223,302440,2026-09-03,canonical_price_differs
2234,306200,2026-09-03,canonical_price_differs
2241,307950,2026-09-03,canonical_price_differs
2244,308170,2026-09-03,canonical_price_differs
2261,316140,2026-09-03,canonical_price_differs
2265,317400,2026-09-03,canonical_price_differs
2266,317450,2026-09-03,canonical_price_differs
2286,322000,2026-09-03,canonical_price_differs
2293,323410,2026-09-03,canonical_price_differs
2295,326030,2026-09-03,canonical_price_differs
2299,329180,2026-09-03,canonical_price_differs
2319,336260,2026-09-03,canonical_price_differs
2322,336370,2026-09-03,canonical_price_differs
2331,339770,2026-09-03,canonical_price_differs
2340,344820,2026-09-03,canonical_price_differs
2365,352820,2026-09-03,canonical_price_differs
2369,353200,2026-09-03,canonical_price_differs
2395,361610,2026-09-03,canonical_price_differs
2401,363280,2026-09-03,canonical_price_differs
2422,372910,2026-09-03,canonical_price_differs
2427,373220,2026-09-03,canonical_price_differs
2428,375500,2026-09-03,canonical_price_differs
2441,377300,2026-09-03,canonical_price_differs
2446,377740,2026-09-03,canonical_price_differs
2449,378850,2026-09-03,canonical_price_differs
2453,381970,2026-09-03,canonical_price_differs
2459,383220,2026-09-03,canonical_price_differs
2461,383800,2026-09-03,canonical_price_differs
2499,402340,2026-09-03,canonical_price_differs
2502,403550,2026-09-03,canonical_price_differs
2563,439260,2026-09-03,canonical_price_differs
2570,443060,2026-09-03,canonical_price_differs
2577,446070,2026-09-03,canonical_price_differs
2584,450080,2026-09-03,canonical_price_differs
2595,452260,2026-09-03,canonical_price_differs
2602,453340,2026-09-03,canonical_price_differs
2605,454910,2026-09-03,canonical_price_differs
2609,456040,2026-09-03,canonical_price_differs
2623,460850,2026-09-03,canonical_price_differs
2624,460860,2026-09-03,canonical_price_differs
2633,462520,2026-09-03,canonical_price_differs
2635,462870,2026-09-03,canonical_price_differs
2646,465770,2026-09-03,canonical_price_differs
2672,475150,2026-09-03,canonical_price_differs
2679,475560,2026-09-03,canonical_price_differs
2700,480370,2026-09-03,canonical_price_differs
2709,483650,2026-09-03,canonical_price_differs
2714,484870,2026-09-03,canonical_price_differs
2719,487570,2026-09-03,canonical_price_differs
2731,489790,2026-09-03,canonical_price_differs
2741,499790,2026-09-03,canonical_price_differs
16,0001A0,2026-09-04,canonical_price_differs
24,000250,2026-09-04,canonical_price_differs
33,000440,2026-09-04,canonical_price_differs
36,0004V0,2026-09-04,canonical_price_differs
37,0004Y0,2026-09-04,canonical_price_differs
52,0007C0,2026-09-04,canonical_price_differs
53,0007J0,2026-09-04,canonical_price_differs
61,0008Z0,2026-09-04,canonical_price_differs
66,0009K0,2026-09-04,canonical_price_differs
67,001000,2026-09-04,canonical_price_differs
77,0010F0,2026-09-04,canonical_price_differs
78,0010V0,2026-09-04,canonical_price_differs
82,0011T0,2026-09-04,canonical_price_differs
95,0013V0,2026-09-04,canonical_price_differs
110,001540,2026-09-04,canonical_price_differs
114,0015G0,2026-09-04,canonical_price_differs
115,0015N0,2026-09-04,canonical_price_differs
116,0015S0,2026-09-04,canonical_price_differs
129,0017J0,2026-09-04,canonical_price_differs
131,001810,2026-09-04,canonical_price_differs
146,002230,2026-09-04,canonical_price_differs
148,002290,2026-09-04,canonical_price_differs
163,002680,2026-09-04,canonical_price_differs
175,002800,2026-09-04,canonical_price_differs
195,003100,2026-09-04,canonical_price_differs
204,003310,2026-09-04,canonical_price_differs
232,0037T0,2026-09-04,canonical_price_differs
233,003800,2026-09-04,canonical_price_differs
239,0039P0,2026-09-04,canonical_price_differs
251,0041J0,2026-09-04,canonical_price_differs
252,0041L0,2026-09-04,canonical_price_differs
267,0044K0,2026-09-04,canonical_price_differs
271,004590,2026-09-04,canonical_price_differs
272,004650,2026-09-04,canonical_price_differs
278,004780,2026-09-04,canonical_price_differs
298,005160,2026-09-04,canonical_price_differs
302,005290,2026-09-04,canonical_price_differs
315,0054V0,2026-09-04,canonical_price_differs
318,005670,2026-09-04,canonical_price_differs
321,005710,2026-09-04,canonical_price_differs
332,005860,2026-09-04,canonical_price_differs
342,005990,2026-09-04,canonical_price_differs
344,006050,2026-09-04,canonical_price_differs
364,006620,2026-09-04,canonical_price_differs
367,006730,2026-09-04,canonical_price_differs
375,0068Y0,2026-09-04,canonical_price_differs
376,006910,2026-09-04,canonical_price_differs
377,006920,2026-09-04,canonical_price_differs
383,0071M0,2026-09-04,canonical_price_differs
386,0072Z0,2026-09-04,canonical_price_differs
388,007330,2026-09-04,canonical_price_differs
390,007370,2026-09-04,canonical_price_differs
391,007390,2026-09-04,canonical_price_differs
393,007530,2026-09-04,canonical_price_differs
400,007680,2026-09-04,canonical_price_differs
403,007720,2026-09-04,canonical_price_differs
404,007770,2026-09-04,canonical_price_differs
408,007820,2026-09-04,canonical_price_differs
416,008290,2026-09-04,canonical_price_differs
417,0082N0,2026-09-04,canonical_price_differs
420,008370,2026-09-04,canonical_price_differs
422,008470,2026-09-04,canonical_price_differs
429,008830,2026-09-04,canonical_price_differs
431,0088D0,2026-09-04,canonical_price_differs
432,0088M0,2026-09-04,canonical_price_differs
442,0091W0,2026-09-04,canonical_price_differs
447,009300,2026-09-04,canonical_price_differs
450,0093G0,2026-09-04,canonical_price_differs
458,009520,2026-09-04,canonical_price_differs
463,0096B0,2026-09-04,canonical_price_differs
464,0096D0,2026-09-04,canonical_price_differs
465,009730,2026-09-04,canonical_price_differs
467,009780,2026-09-04,canonical_price_differs
468,0097F0,2026-09-04,canonical_price_differs
472,0098T0,2026-09-04,canonical_price_differs
475,0099W0,2026-09-04,canonical_price_differs
483,010170,2026-09-04,canonical_price_differs
484,0101C0,2026-09-04,canonical_price_differs
485,010240,2026-09-04,canonical_price_differs
486,010280,2026-09-04,canonical_price_differs
488,010470,2026-09-04,canonical_price_differs
490,0105P0,2026-09-04,canonical_price_differs
501,011040,2026-09-04,canonical_price_differs
503,011080,2026-09-04,canonical_price_differs
513,011320,2026-09-04,canonical_price_differs
515,011370,2026-09-04,canonical_price_differs
519,011560,2026-09-04,canonical_price_differs
520,0115H0,2026-09-04,canonical_price_differs
527,0117P0,2026-09-04,canonical_price_differs
536,012210,2026-09-04,canonical_price_differs
540,012340,2026-09-04,canonical_price_differs
543,012620,2026-09-04,canonical_price_differs
547,012700,2026-09-04,canonical_price_differs
549,012790,2026-09-04,canonical_price_differs
551,012860,2026-09-04,canonical_price_differs
552,0129K0,2026-09-04,canonical_price_differs
554,013030,2026-09-04,canonical_price_differs
555,0130D0,2026-09-04,canonical_price_differs
556,0130H0,2026-09-04,canonical_price_differs
557,013120,2026-09-04,canonical_price_differs
558,0131D0,2026-09-04,canonical_price_differs
559,0132G0,2026-09-04,canonical_price_differs
562,0134X0,2026-09-04,canonical_price_differs
568,013810,2026-09-04,canonical_price_differs
571,013990,2026-09-04,canonical_price_differs
572,014100,2026-09-04,canonical_price_differs
575,014190,2026-09-04,canonical_price_differs
579,014470,2026-09-04,canonical_price_differs
581,014570,2026-09-04,canonical_price_differs
583,014620,2026-09-04,canonical_price_differs
592,014940,2026-09-04,canonical_price_differs
594,014970,2026-09-04,canonical_price_differs
601,0156T0,2026-09-04,canonical_price_differs
602,015710,2026-09-04,canonical_price_differs
603,015750,2026-09-04,canonical_price_differs
608,016100,2026-09-04,canonical_price_differs
609,016250,2026-09-04,canonical_price_differs
613,0164H0,2026-09-04,canonical_price_differs
616,0165X0,2026-09-04,canonical_price_differs
617,016600,2026-09-04,canonical_price_differs
625,016920,2026-09-04,canonical_price_differs
626,017000,2026-09-04,canonical_price_differs
629,017250,2026-09-04,canonical_price_differs
632,017480,2026-09-04,canonical_price_differs
633,017510,2026-09-04,canonical_price_differs
635,017650,2026-09-04,canonical_price_differs
640,017890,2026-09-04,canonical_price_differs
644,018000,2026-09-04,canonical_price_differs
645,018120,2026-09-04,canonical_price_differs
648,018290,2026-09-04,canonical_price_differs
649,018310,2026-09-04,canonical_price_differs
652,018620,2026-09-04,canonical_price_differs
654,018680,2026-09-04,canonical_price_differs
655,018700,2026-09-04,canonical_price_differs
657,019010,2026-09-04,canonical_price_differs
661,019210,2026-09-04,canonical_price_differs
663,019540,2026-09-04,canonical_price_differs
664,019550,2026-09-04,canonical_price_differs
666,019660,2026-09-04,canonical_price_differs
669,019770,2026-09-04,canonical_price_differs
670,019990,2026-09-04,canonical_price_differs
674,020180,2026-09-04,canonical_price_differs
675,020400,2026-09-04,canonical_price_differs
677,020710,2026-09-04,canonical_price_differs
679,021040,2026-09-04,canonical_price_differs
682,021080,2026-09-04,canonical_price_differs
684,021320,2026-09-04,canonical_price_differs
685,021650,2026-09-04,canonical_price_differs
687,021880,2026-09-04,canonical_price_differs
688,0218L0,2026-09-04,canonical_price_differs
693,023160,2026-09-04,canonical_price_differs
695,023410,2026-09-04,canonical_price_differs
700,023600,2026-09-04,canonical_price_differs
701,023760,2026-09-04,canonical_price_differs
702,023770,2026-09-04,canonical_price_differs
706,023900,2026-09-04,canonical_price_differs
707,023910,2026-09-04,canonical_price_differs
709,024060,2026-09-04,canonical_price_differs
713,024120,2026-09-04,canonical_price_differs
715,024740,2026-09-04,canonical_price_differs
716,024800,2026-09-04,canonical_price_differs
717,024830,2026-09-04,canonical_price_differs
718,024840,2026-09-04,canonical_price_differs
720,024880,2026-09-04,canonical_price_differs
723,024910,2026-09-04,canonical_price_differs
724,024940,2026-09-04,canonical_price_differs
725,024950,2026-09-04,canonical_price_differs
727,025320,2026-09-04,canonical_price_differs
731,025550,2026-09-04,canonical_price_differs
735,025770,2026-09-04,canonical_price_differs
738,025870,2026-09-04,canonical_price_differs
739,025880,2026-09-04,canonical_price_differs
741,025900,2026-09-04,canonical_price_differs
742,025950,2026-09-04,canonical_price_differs
743,025980,2026-09-04,canonical_price_differs
744,026040,2026-09-04,canonical_price_differs
745,026150,2026-09-04,canonical_price_differs
747,026910,2026-09-04,canonical_price_differs
750,027040,2026-09-04,canonical_price_differs
751,027050,2026-09-04,canonical_price_differs
752,027360,2026-09-04,canonical_price_differs
754,027580,2026-09-04,canonical_price_differs
755,027710,2026-09-04,canonical_price_differs
757,027830,2026-09-04,canonical_price_differs
760,028080,2026-09-04,canonical_price_differs
764,028300,2026-09-04,canonical_price_differs
767,029480,2026-09-04,canonical_price_differs
775,030520,2026-09-04,canonical_price_differs
776,030530,2026-09-04,canonical_price_differs
779,030960,2026-09-04,canonical_price_differs
781,031310,2026-09-04,canonical_price_differs
782,031330,2026-09-04,canonical_price_differs
784,031510,2026-09-04,canonical_price_differs
787,031980,2026-09-04,canonical_price_differs
788,032080,2026-09-04,canonical_price_differs
789,032190,2026-09-04,canonical_price_differs
790,032280,2026-09-04,canonical_price_differs
791,032300,2026-09-04,canonical_price_differs
793,032500,2026-09-04,canonical_price_differs
794,032540,2026-09-04,canonical_price_differs
796,032580,2026-09-04,canonical_price_differs
797,032620,2026-09-04,canonical_price_differs
799,032680,2026-09-04,canonical_price_differs
801,032750,2026-09-04,canonical_price_differs
802,032790,2026-09-04,canonical_price_differs
803,032800,2026-09-04,canonical_price_differs
804,032820,2026-09-04,canonical_price_differs
806,032850,2026-09-04,canonical_price_differs
807,032860,2026-09-04,canonical_price_differs
808,032940,2026-09-04,canonical_price_differs
809,032960,2026-09-04,canonical_price_differs
810,033050,2026-09-04,canonical_price_differs
811,033100,2026-09-04,canonical_price_differs
812,033130,2026-09-04,canonical_price_differs
813,033160,2026-09-04,canonical_price_differs
814,033170,2026-09-04,canonical_price_differs
815,033200,2026-09-04,canonical_price_differs
816,033230,2026-09-04,canonical_price_differs
820,033290,2026-09-04,canonical_price_differs
821,033310,2026-09-04,canonical_price_differs
822,033320,2026-09-04,canonical_price_differs
824,033500,2026-09-04,canonical_price_differs
826,033540,2026-09-04,canonical_price_differs
827,033560,2026-09-04,canonical_price_differs
828,033640,2026-09-04,canonical_price_differs
830,033790,2026-09-04,canonical_price_differs
831,033830,2026-09-04,canonical_price_differs
841,034810,2026-09-04,canonical_price_differs
844,034940,2026-09-04,canonical_price_differs
845,034950,2026-09-04,canonical_price_differs
847,035080,2026-09-04,canonical_price_differs
849,035200,2026-09-04,canonical_price_differs
851,035290,2026-09-04,canonical_price_differs
853,035460,2026-09-04,canonical_price_differs
855,035600,2026-09-04,canonical_price_differs
856,035610,2026-09-04,canonical_price_differs
857,035620,2026-09-04,canonical_price_differs
859,035760,2026-09-04,canonical_price_differs
860,035810,2026-09-04,canonical_price_differs
861,035890,2026-09-04,canonical_price_differs
862,035900,2026-09-04,canonical_price_differs
863,036000,2026-09-04,canonical_price_differs
864,036010,2026-09-04,canonical_price_differs
865,036030,2026-09-04,canonical_price_differs
866,036090,2026-09-04,canonical_price_differs
867,036120,2026-09-04,canonical_price_differs
868,036170,2026-09-04,canonical_price_differs
869,036190,2026-09-04,canonical_price_differs
870,036200,2026-09-04,canonical_price_differs
874,036480,2026-09-04,canonical_price_differs
876,036540,2026-09-04,canonical_price_differs
877,036560,2026-09-04,canonical_price_differs
880,036620,2026-09-04,canonical_price_differs
881,036630,2026-09-04,canonical_price_differs
882,036640,2026-09-04,canonical_price_differs
883,036670,2026-09-04,canonical_price_differs
885,036710,2026-09-04,canonical_price_differs
886,036800,2026-09-04,canonical_price_differs
887,036810,2026-09-04,canonical_price_differs
888,036830,2026-09-04,canonical_price_differs
889,036890,2026-09-04,canonical_price_differs
890,036930,2026-09-04,canonical_price_differs
892,037070,2026-09-04,canonical_price_differs
893,037230,2026-09-04,canonical_price_differs
895,037330,2026-09-04,canonical_price_differs
896,037350,2026-09-04,canonical_price_differs
897,037370,2026-09-04,canonical_price_differs
898,037400,2026-09-04,canonical_price_differs
899,037440,2026-09-04,canonical_price_differs
900,037460,2026-09-04,canonical_price_differs
903,037760,2026-09-04,canonical_price_differs
904,037950,2026-09-04,canonical_price_differs
905,038010,2026-09-04,canonical_price_differs
906,038060,2026-09-04,canonical_price_differs
907,038070,2026-09-04,canonical_price_differs
908,038110,2026-09-04,canonical_price_differs
909,038290,2026-09-04,canonical_price_differs
910,038390,2026-09-04,canonical_price_differs
911,038460,2026-09-04,canonical_price_differs
912,038500,2026-09-04,canonical_price_differs
914,038540,2026-09-04,canonical_price_differs
915,038620,2026-09-04,canonical_price_differs
916,038680,2026-09-04,canonical_price_differs
917,038870,2026-09-04,canonical_price_differs
918,038880,2026-09-04,canonical_price_differs
919,038950,2026-09-04,canonical_price_differs
920,039010,2026-09-04,canonical_price_differs
921,039020,2026-09-04,canonical_price_differs
922,039030,2026-09-04,canonical_price_differs
924,039200,2026-09-04,canonical_price_differs
925,039240,2026-09-04,canonical_price_differs
926,039290,2026-09-04,canonical_price_differs
927,039310,2026-09-04,canonical_price_differs
928,039340,2026-09-04,canonical_price_differs
929,039420,2026-09-04,canonical_price_differs
930,039440,2026-09-04,canonical_price_differs
932,039560,2026-09-04,canonical_price_differs
934,039610,2026-09-04,canonical_price_differs
935,039740,2026-09-04,canonical_price_differs
936,039830,2026-09-04,canonical_price_differs
937,039840,2026-09-04,canonical_price_differs
938,039860,2026-09-04,canonical_price_differs
939,039980,2026-09-04,canonical_price_differs
940,040160,2026-09-04,canonical_price_differs
942,040350,2026-09-04,canonical_price_differs
943,040420,2026-09-04,canonical_price_differs
944,040610,2026-09-04,canonical_price_differs
945,040910,2026-09-04,canonical_price_differs
946,041020,2026-09-04,canonical_price_differs
947,041190,2026-09-04,canonical_price_differs
948,041440,2026-09-04,canonical_price_differs
949,041460,2026-09-04,canonical_price_differs
950,041510,2026-09-04,canonical_price_differs
951,041520,2026-09-04,canonical_price_differs
954,041830,2026-09-04,canonical_price_differs
955,041910,2026-09-04,canonical_price_differs
956,041920,2026-09-04,canonical_price_differs
957,041930,2026-09-04,canonical_price_differs
958,041960,2026-09-04,canonical_price_differs
959,042000,2026-09-04,canonical_price_differs
960,042040,2026-09-04,canonical_price_differs
961,042110,2026-09-04,canonical_price_differs
962,042370,2026-09-04,canonical_price_differs
963,042420,2026-09-04,canonical_price_differs
964,042500,2026-09-04,canonical_price_differs
965,042510,2026-09-04,canonical_price_differs
966,042520,2026-09-04,canonical_price_differs
967,042600,2026-09-04,canonical_price_differs
970,042940,2026-09-04,canonical_price_differs
972,043150,2026-09-04,canonical_price_differs
973,043200,2026-09-04,canonical_price_differs
975,043260,2026-09-04,canonical_price_differs
976,043340,2026-09-04,canonical_price_differs
977,043360,2026-09-04,canonical_price_differs
978,043370,2026-09-04,canonical_price_differs
979,043590,2026-09-04,canonical_price_differs
980,043610,2026-09-04,canonical_price_differs
981,043650,2026-09-04,canonical_price_differs
982,043710,2026-09-04,canonical_price_differs
983,043910,2026-09-04,canonical_price_differs
985,044340,2026-09-04,canonical_price_differs
988,044480,2026-09-04,canonical_price_differs
989,044490,2026-09-04,canonical_price_differs
990,044780,2026-09-04,canonical_price_differs
992,044960,2026-09-04,canonical_price_differs
993,044990,2026-09-04,canonical_price_differs
994,045060,2026-09-04,canonical_price_differs
995,045100,2026-09-04,canonical_price_differs
996,045300,2026-09-04,canonical_price_differs
997,045340,2026-09-04,canonical_price_differs
998,045390,2026-09-04,canonical_price_differs
999,045510,2026-09-04,canonical_price_differs
1000,045520,2026-09-04,canonical_price_differs
1001,045660,2026-09-04,canonical_price_differs
1002,045970,2026-09-04,canonical_price_differs
1005,046210,2026-09-04,canonical_price_differs
1006,046310,2026-09-04,canonical_price_differs
1007,046390,2026-09-04,canonical_price_differs
1008,046440,2026-09-04,canonical_price_differs
1009,046890,2026-09-04,canonical_price_differs
1010,046940,2026-09-04,canonical_price_differs
1011,046970,2026-09-04,canonical_price_differs
1014,047080,2026-09-04,canonical_price_differs
1015,047310,2026-09-04,canonical_price_differs
1017,047560,2026-09-04,canonical_price_differs
1020,047820,2026-09-04,canonical_price_differs
1021,047920,2026-09-04,canonical_price_differs
1022,048410,2026-09-04,canonical_price_differs
1023,048430,2026-09-04,canonical_price_differs
1024,048470,2026-09-04,canonical_price_differs
1025,048530,2026-09-04,canonical_price_differs
1026,048550,2026-09-04,canonical_price_differs
1027,048770,2026-09-04,canonical_price_differs
1028,048830,2026-09-04,canonical_price_differs
1030,048910,2026-09-04,canonical_price_differs
1031,049070,2026-09-04,canonical_price_differs
1032,049080,2026-09-04,canonical_price_differs
1033,049120,2026-09-04,canonical_price_differs
1035,049430,2026-09-04,canonical_price_differs
1037,049480,2026-09-04,canonical_price_differs
1038,049520,2026-09-04,canonical_price_differs
1039,049550,2026-09-04,canonical_price_differs
1040,049630,2026-09-04,canonical_price_differs
1041,049720,2026-09-04,canonical_price_differs
1043,049830,2026-09-04,canonical_price_differs
1044,049950,2026-09-04,canonical_price_differs
1045,049960,2026-09-04,canonical_price_differs
1047,050110,2026-09-04,canonical_price_differs
1048,050120,2026-09-04,canonical_price_differs
1049,050760,2026-09-04,canonical_price_differs
1050,050860,2026-09-04,canonical_price_differs
1051,050890,2026-09-04,canonical_price_differs
1052,050960,2026-09-04,canonical_price_differs
1053,051160,2026-09-04,canonical_price_differs
1054,051360,2026-09-04,canonical_price_differs
1055,051370,2026-09-04,canonical_price_differs
1056,051380,2026-09-04,canonical_price_differs
1057,051390,2026-09-04,canonical_price_differs
1058,051490,2026-09-04,canonical_price_differs
1059,051500,2026-09-04,canonical_price_differs
1062,051780,2026-09-04,canonical_price_differs
1067,051980,2026-09-04,canonical_price_differs
1068,052020,2026-09-04,canonical_price_differs
1069,052220,2026-09-04,canonical_price_differs
1070,052260,2026-09-04,canonical_price_differs
1071,052300,2026-09-04,canonical_price_differs
1072,052330,2026-09-04,canonical_price_differs
1073,052400,2026-09-04,canonical_price_differs
1074,052420,2026-09-04,canonical_price_differs
1075,052460,2026-09-04,canonical_price_differs
1076,052600,2026-09-04,canonical_price_differs
1078,052710,2026-09-04,canonical_price_differs
1080,052790,2026-09-04,canonical_price_differs
1081,052860,2026-09-04,canonical_price_differs
1082,052900,2026-09-04,canonical_price_differs
1083,053030,2026-09-04,canonical_price_differs
1084,053050,2026-09-04,canonical_price_differs
1085,053060,2026-09-04,canonical_price_differs
1086,053080,2026-09-04,canonical_price_differs
1087,053160,2026-09-04,canonical_price_differs
1089,053260,2026-09-04,canonical_price_differs
1090,053270,2026-09-04,canonical_price_differs
1091,053280,2026-09-04,canonical_price_differs
1092,053290,2026-09-04,canonical_price_differs
1093,053300,2026-09-04,canonical_price_differs
1094,053350,2026-09-04,canonical_price_differs
1095,053450,2026-09-04,canonical_price_differs
1096,053580,2026-09-04,canonical_price_differs
1097,053610,2026-09-04,canonical_price_differs
1098,053620,2026-09-04,canonical_price_differs
1100,053700,2026-09-04,canonical_price_differs
1101,053800,2026-09-04,canonical_price_differs
1102,053950,2026-09-04,canonical_price_differs
1103,053980,2026-09-04,canonical_price_differs
1104,054040,2026-09-04,canonical_price_differs
1105,054050,2026-09-04,canonical_price_differs
1106,054090,2026-09-04,canonical_price_differs
1108,054210,2026-09-04,canonical_price_differs
1109,054220,2026-09-04,canonical_price_differs
1110,054300,2026-09-04,canonical_price_differs
1111,054410,2026-09-04,canonical_price_differs
1112,054450,2026-09-04,canonical_price_differs
1113,054540,2026-09-04,canonical_price_differs
1114,054620,2026-09-04,canonical_price_differs
1115,054670,2026-09-04,canonical_price_differs
1116,054780,2026-09-04,canonical_price_differs
1117,054800,2026-09-04,canonical_price_differs
1119,054930,2026-09-04,canonical_price_differs
1120,054940,2026-09-04,canonical_price_differs
1121,054950,2026-09-04,canonical_price_differs
1124,056080,2026-09-04,canonical_price_differs
1125,056090,2026-09-04,canonical_price_differs
1126,056190,2026-09-04,canonical_price_differs
1127,056360,2026-09-04,canonical_price_differs
1128,056700,2026-09-04,canonical_price_differs
1130,057030,2026-09-04,canonical_price_differs
1131,057540,2026-09-04,canonical_price_differs
1132,057680,2026-09-04,canonical_price_differs
1133,058110,2026-09-04,canonical_price_differs
1134,058400,2026-09-04,canonical_price_differs
1137,058470,2026-09-04,canonical_price_differs
1138,058610,2026-09-04,canonical_price_differs
1139,058630,2026-09-04,canonical_price_differs
1142,058820,2026-09-04,canonical_price_differs
1145,058970,2026-09-04,canonical_price_differs
1146,059090,2026-09-04,canonical_price_differs
1147,059100,2026-09-04,canonical_price_differs
1148,059120,2026-09-04,canonical_price_differs
1149,059210,2026-09-04,canonical_price_differs
1150,059270,2026-09-04,canonical_price_differs
1151,060150,2026-09-04,canonical_price_differs
1152,060230,2026-09-04,canonical_price_differs
1153,060250,2026-09-04,canonical_price_differs
1154,060260,2026-09-04,canonical_price_differs
1155,060280,2026-09-04,canonical_price_differs
1156,060310,2026-09-04,canonical_price_differs
1157,060370,2026-09-04,canonical_price_differs
1158,060380,2026-09-04,canonical_price_differs
1159,060480,2026-09-04,canonical_price_differs
1160,060540,2026-09-04,canonical_price_differs
1161,060560,2026-09-04,canonical_price_differs
1162,060570,2026-09-04,canonical_price_differs
1163,060590,2026-09-04,canonical_price_differs
1164,060720,2026-09-04,canonical_price_differs
1165,060850,2026-09-04,canonical_price_differs
1168,061040,2026-09-04,canonical_price_differs
1169,061090,2026-09-04,canonical_price_differs
1170,061250,2026-09-04,canonical_price_differs
1171,061970,2026-09-04,canonical_price_differs
1174,063080,2026-09-04,canonical_price_differs
1176,063170,2026-09-04,canonical_price_differs
1177,063440,2026-09-04,canonical_price_differs
1178,063570,2026-09-04,canonical_price_differs
1179,063760,2026-09-04,canonical_price_differs
1181,064240,2026-09-04,canonical_price_differs
1182,064260,2026-09-04,canonical_price_differs
1183,064290,2026-09-04,canonical_price_differs
1186,064480,2026-09-04,canonical_price_differs
1187,064520,2026-09-04,canonical_price_differs
1188,064550,2026-09-04,canonical_price_differs
1189,064760,2026-09-04,canonical_price_differs
1190,064800,2026-09-04,canonical_price_differs
1191,064820,2026-09-04,canonical_price_differs
1192,064850,2026-09-04,canonical_price_differs
1194,065060,2026-09-04,canonical_price_differs
1195,065130,2026-09-04,canonical_price_differs
1197,065170,2026-09-04,canonical_price_differs
1198,065350,2026-09-04,canonical_price_differs
1199,065370,2026-09-04,canonical_price_differs
1201,065440,2026-09-04,canonical_price_differs
1202,065450,2026-09-04,canonical_price_differs
1203,065500,2026-09-04,canonical_price_differs
1204,065510,2026-09-04,canonical_price_differs
1205,065530,2026-09-04,canonical_price_differs
1207,065650,2026-09-04,canonical_price_differs
1208,065660,2026-09-04,canonical_price_differs
1209,065680,2026-09-04,canonical_price_differs
1210,065690,2026-09-04,canonical_price_differs
1211,065710,2026-09-04,canonical_price_differs
1212,065770,2026-09-04,canonical_price_differs
1213,065950,2026-09-04,canonical_price_differs
1214,066130,2026-09-04,canonical_price_differs
1215,066310,2026-09-04,canonical_price_differs
1216,066360,2026-09-04,canonical_price_differs
1218,066430,2026-09-04,canonical_price_differs
1221,066590,2026-09-04,canonical_price_differs
1222,066620,2026-09-04,canonical_price_differs
1223,066670,2026-09-04,canonical_price_differs
1224,066700,2026-09-04,canonical_price_differs
1226,066900,2026-09-04,canonical_price_differs
1227,066910,2026-09-04,canonical_price_differs
1229,066980,2026-09-04,canonical_price_differs
1230,067000,2026-09-04,canonical_price_differs
1231,067010,2026-09-04,canonical_price_differs
1232,067080,2026-09-04,canonical_price_differs
1233,067160,2026-09-04,canonical_price_differs
1234,067170,2026-09-04,canonical_price_differs
1235,067280,2026-09-04,canonical_price_differs
1236,067290,2026-09-04,canonical_price_differs
1237,067310,2026-09-04,canonical_price_differs
1238,067370,2026-09-04,canonical_price_differs
1239,067390,2026-09-04,canonical_price_differs
1240,067570,2026-09-04,canonical_price_differs
1241,067630,2026-09-04,canonical_price_differs
1242,067730,2026-09-04,canonical_price_differs
1243,067770,2026-09-04,canonical_price_differs
1245,067900,2026-09-04,canonical_price_differs
1246,067920,2026-09-04,canonical_price_differs
1247,067990,2026-09-04,canonical_price_differs
1248,068050,2026-09-04,canonical_price_differs
1249,068100,2026-09-04,canonical_price_differs
1253,068330,2026-09-04,canonical_price_differs
1254,068760,2026-09-04,canonical_price_differs
1255,068790,2026-09-04,canonical_price_differs
1256,068930,2026-09-04,canonical_price_differs
1258,069080,2026-09-04,canonical_price_differs
1259,069140,2026-09-04,canonical_price_differs
1261,069330,2026-09-04,canonical_price_differs
1262,069410,2026-09-04,canonical_price_differs
1264,069510,2026-09-04,canonical_price_differs
1265,069540,2026-09-04,canonical_price_differs
1269,069920,2026-09-04,canonical_price_differs
1271,070300,2026-09-04,canonical_price_differs
1272,070590,2026-09-04,canonical_price_differs
1277,071200,2026-09-04,canonical_price_differs
1278,071280,2026-09-04,canonical_price_differs
1280,071670,2026-09-04,canonical_price_differs
1282,071850,2026-09-04,canonical_price_differs
1285,072020,2026-09-04,canonical_price_differs
1287,072470,2026-09-04,canonical_price_differs
1289,072770,2026-09-04,canonical_price_differs
1290,072870,2026-09-04,canonical_price_differs
1291,072950,2026-09-04,canonical_price_differs
1292,072990,2026-09-04,canonical_price_differs
1293,073010,2026-09-04,canonical_price_differs
1294,073110,2026-09-04,canonical_price_differs
1297,073490,2026-09-04,canonical_price_differs
1298,073540,2026-09-04,canonical_price_differs
1299,073560,2026-09-04,canonical_price_differs
1300,073570,2026-09-04,canonical_price_differs
1302,074430,2026-09-04,canonical_price_differs
1303,074600,2026-09-04,canonical_price_differs
1305,075130,2026-09-04,canonical_price_differs
1308,075970,2026-09-04,canonical_price_differs
1309,076080,2026-09-04,canonical_price_differs
1311,077360,2026-09-04,canonical_price_differs
1315,078020,2026-09-04,canonical_price_differs
1316,078070,2026-09-04,canonical_price_differs
1318,078140,2026-09-04,canonical_price_differs
1319,078150,2026-09-04,canonical_price_differs
1320,078160,2026-09-04,canonical_price_differs
1321,078340,2026-09-04,canonical_price_differs
1322,078350,2026-09-04,canonical_price_differs
1325,078600,2026-09-04,canonical_price_differs
1327,078890,2026-09-04,canonical_price_differs
1330,079000,2026-09-04,canonical_price_differs
1332,079170,2026-09-04,canonical_price_differs
1333,079190,2026-09-04,canonical_price_differs
1334,079370,2026-09-04,canonical_price_differs
1337,079650,2026-09-04,canonical_price_differs
1338,079810,2026-09-04,canonical_price_differs
1340,079940,2026-09-04,canonical_price_differs
1341,079950,2026-09-04,canonical_price_differs
1342,079960,2026-09-04,canonical_price_differs
1345,080010,2026-09-04,canonical_price_differs
1346,080160,2026-09-04,canonical_price_differs
1347,080220,2026-09-04,canonical_price_differs
1348,080420,2026-09-04,canonical_price_differs
1349,080470,2026-09-04,canonical_price_differs
1350,080520,2026-09-04,canonical_price_differs
1351,080530,2026-09-04,canonical_price_differs
1352,080580,2026-09-04,canonical_price_differs
1355,081150,2026-09-04,canonical_price_differs
1356,081180,2026-09-04,canonical_price_differs
1357,081580,2026-09-04,canonical_price_differs
1359,082210,2026-09-04,canonical_price_differs
1360,082270,2026-09-04,canonical_price_differs
1365,082850,2026-09-04,canonical_price_differs
1366,082920,2026-09-04,canonical_price_differs
1367,083310,2026-09-04,canonical_price_differs
1369,083450,2026-09-04,canonical_price_differs
1370,083470,2026-09-04,canonical_price_differs
1371,083500,2026-09-04,canonical_price_differs
1372,083550,2026-09-04,canonical_price_differs
1373,083640,2026-09-04,canonical_price_differs
1374,083650,2026-09-04,canonical_price_differs
1375,083660,2026-09-04,canonical_price_differs
1376,083790,2026-09-04,canonical_price_differs
1377,083930,2026-09-04,canonical_price_differs
1379,084110,2026-09-04,canonical_price_differs
1380,084180,2026-09-04,canonical_price_differs
1381,084370,2026-09-04,canonical_price_differs
1388,084730,2026-09-04,canonical_price_differs
1389,084850,2026-09-04,canonical_price_differs
1391,084990,2026-09-04,canonical_price_differs
1394,085660,2026-09-04,canonical_price_differs
1395,085670,2026-09-04,canonical_price_differs
1396,085810,2026-09-04,canonical_price_differs
1397,085910,2026-09-04,canonical_price_differs
1398,086040,2026-09-04,canonical_price_differs
1399,086060,2026-09-04,canonical_price_differs
1401,086390,2026-09-04,canonical_price_differs
1402,086450,2026-09-04,canonical_price_differs
1403,086520,2026-09-04,canonical_price_differs
1404,086670,2026-09-04,canonical_price_differs
1405,086710,2026-09-04,canonical_price_differs
1407,086820,2026-09-04,canonical_price_differs
1408,086890,2026-09-04,canonical_price_differs
1409,086900,2026-09-04,canonical_price_differs
1410,086960,2026-09-04,canonical_price_differs
1411,086980,2026-09-04,canonical_price_differs
1412,087010,2026-09-04,canonical_price_differs
1414,087600,2026-09-04,canonical_price_differs
1415,088130,2026-09-04,canonical_price_differs
1417,088280,2026-09-04,canonical_price_differs
1418,088290,2026-09-04,canonical_price_differs
1419,088340,2026-09-04,canonical_price_differs
1421,088390,2026-09-04,canonical_price_differs
1423,088800,2026-09-04,canonical_price_differs
1424,088910,2026-09-04,canonical_price_differs
1426,089010,2026-09-04,canonical_price_differs
1427,089030,2026-09-04,canonical_price_differs
1429,089150,2026-09-04,canonical_price_differs
1433,089600,2026-09-04,canonical_price_differs
1434,089790,2026-09-04,canonical_price_differs
1435,089850,2026-09-04,canonical_price_differs
1437,089890,2026-09-04,canonical_price_differs
1438,089970,2026-09-04,canonical_price_differs
1439,089980,2026-09-04,canonical_price_differs
1441,090150,2026-09-04,canonical_price_differs
1444,090360,2026-09-04,canonical_price_differs
1446,090410,2026-09-04,canonical_price_differs
1450,090470,2026-09-04,canonical_price_differs
1451,090710,2026-09-04,canonical_price_differs
1452,090850,2026-09-04,canonical_price_differs
1453,091120,2026-09-04,canonical_price_differs
1454,091340,2026-09-04,canonical_price_differs
1455,091440,2026-09-04,canonical_price_differs
1456,091580,2026-09-04,canonical_price_differs
1457,091590,2026-09-04,canonical_price_differs
1458,091700,2026-09-04,canonical_price_differs
1461,092040,2026-09-04,canonical_price_differs
1462,092070,2026-09-04,canonical_price_differs
1463,092130,2026-09-04,canonical_price_differs
1464,092190,2026-09-04,canonical_price_differs
1468,092300,2026-09-04,canonical_price_differs
1470,092460,2026-09-04,canonical_price_differs
1472,092730,2026-09-04,canonical_price_differs
1475,092870,2026-09-04,canonical_price_differs
1477,093190,2026-09-04,canonical_price_differs
1479,093320,2026-09-04,canonical_price_differs
1481,093380,2026-09-04,canonical_price_differs
1482,093520,2026-09-04,canonical_price_differs
1483,093640,2026-09-04,canonical_price_differs
1484,093920,2026-09-04,canonical_price_differs
1485,094170,2026-09-04,canonical_price_differs
1487,094360,2026-09-04,canonical_price_differs
1488,094480,2026-09-04,canonical_price_differs
1490,094820,2026-09-04,canonical_price_differs
1491,094840,2026-09-04,canonical_price_differs
1492,094850,2026-09-04,canonical_price_differs
1494,094940,2026-09-04,canonical_price_differs
1495,094970,2026-09-04,canonical_price_differs
1496,095190,2026-09-04,canonical_price_differs
1497,095270,2026-09-04,canonical_price_differs
1498,095340,2026-09-04,canonical_price_differs
1499,095500,2026-09-04,canonical_price_differs
1501,095610,2026-09-04,canonical_price_differs
1502,095660,2026-09-04,canonical_price_differs
1503,095700,2026-09-04,canonical_price_differs
1505,095910,2026-09-04,canonical_price_differs
1506,096240,2026-09-04,canonical_price_differs
1507,096250,2026-09-04,canonical_price_differs
1508,096350,2026-09-04,canonical_price_differs
1509,096530,2026-09-04,canonical_price_differs
1511,096630,2026-09-04,canonical_price_differs
1516,096870,2026-09-04,canonical_price_differs
1519,097780,2026-09-04,canonical_price_differs
1520,097800,2026-09-04,canonical_price_differs
1521,097870,2026-09-04,canonical_price_differs
1524,098070,2026-09-04,canonical_price_differs
1525,098120,2026-09-04,canonical_price_differs
1526,098460,2026-09-04,canonical_price_differs
1527,098660,2026-09-04,canonical_price_differs
1528,099190,2026-09-04,canonical_price_differs
1530,099320,2026-09-04,canonical_price_differs
1531,099390,2026-09-04,canonical_price_differs
1532,099410,2026-09-04,canonical_price_differs
1533,099430,2026-09-04,canonical_price_differs
1534,099440,2026-09-04,canonical_price_differs
1536,099750,2026-09-04,canonical_price_differs
1537,100030,2026-09-04,canonical_price_differs
1539,100120,2026-09-04,canonical_price_differs
1540,100130,2026-09-04,canonical_price_differs
1543,100590,2026-09-04,canonical_price_differs
1544,100660,2026-09-04,canonical_price_differs
1545,100700,2026-09-04,canonical_price_differs
1546,100790,2026-09-04,canonical_price_differs
1548,101000,2026-09-04,canonical_price_differs
1550,101160,2026-09-04,canonical_price_differs
1551,101170,2026-09-04,canonical_price_differs
1552,101240,2026-09-04,canonical_price_differs
1553,101330,2026-09-04,canonical_price_differs
1554,101360,2026-09-04,canonical_price_differs
1555,101400,2026-09-04,canonical_price_differs
1556,101490,2026-09-04,canonical_price_differs
1558,101670,2026-09-04,canonical_price_differs
1559,101680,2026-09-04,canonical_price_differs
1560,101730,2026-09-04,canonical_price_differs
1561,101930,2026-09-04,canonical_price_differs
1563,102120,2026-09-04,canonical_price_differs
1565,102370,2026-09-04,canonical_price_differs
1567,102710,2026-09-04,canonical_price_differs
1568,102940,2026-09-04,canonical_price_differs
1570,103230,2026-09-04,canonical_price_differs
1572,103840,2026-09-04,canonical_price_differs
1573,104040,2026-09-04,canonical_price_differs
1574,104200,2026-09-04,canonical_price_differs
1575,104460,2026-09-04,canonical_price_differs
1576,104480,2026-09-04,canonical_price_differs
1577,104540,2026-09-04,canonical_price_differs
1578,104620,2026-09-04,canonical_price_differs
1580,104830,2026-09-04,canonical_price_differs
1581,105330,2026-09-04,canonical_price_differs
1582,105550,2026-09-04,canonical_price_differs
1585,105740,2026-09-04,canonical_price_differs
1586,105760,2026-09-04,canonical_price_differs
1589,106190,2026-09-04,canonical_price_differs
1590,106240,2026-09-04,canonical_price_differs
1592,107600,2026-09-04,canonical_price_differs
1593,107640,2026-09-04,canonical_price_differs
1594,108230,2026-09-04,canonical_price_differs
1596,108380,2026-09-04,canonical_price_differs
1597,108490,2026-09-04,canonical_price_differs
1600,108860,2026-09-04,canonical_price_differs
1602,109080,2026-09-04,canonical_price_differs
1603,109610,2026-09-04,canonical_price_differs
1604,109670,2026-09-04,canonical_price_differs
1605,109740,2026-09-04,canonical_price_differs
1606,109820,2026-09-04,canonical_price_differs
1607,109860,2026-09-04,canonical_price_differs
1609,110020,2026-09-04,canonical_price_differs
1610,110790,2026-09-04,canonical_price_differs
1611,110990,2026-09-04,canonical_price_differs
1614,111710,2026-09-04,canonical_price_differs
1616,112040,2026-09-04,canonical_price_differs
1617,112290,2026-09-04,canonical_price_differs
1619,113810,2026-09-04,canonical_price_differs
1621,114190,2026-09-04,canonical_price_differs
1622,114450,2026-09-04,canonical_price_differs
1623,114630,2026-09-04,canonical_price_differs
1624,114810,2026-09-04,canonical_price_differs
1625,114840,2026-09-04,canonical_price_differs
1626,115160,2026-09-04,canonical_price_differs
1627,115180,2026-09-04,canonical_price_differs
1628,115310,2026-09-04,canonical_price_differs
1629,115440,2026-09-04,canonical_price_differs
1631,115480,2026-09-04,canonical_price_differs
1632,115500,2026-09-04,canonical_price_differs
1633,115530,2026-09-04,canonical_price_differs
1634,115570,2026-09-04,canonical_price_differs
1635,115610,2026-09-04,canonical_price_differs
1637,117670,2026-09-04,canonical_price_differs
1638,117730,2026-09-04,canonical_price_differs
1640,118990,2026-09-04,canonical_price_differs
1641,119500,2026-09-04,canonical_price_differs
1642,119610,2026-09-04,canonical_price_differs
1644,119830,2026-09-04,canonical_price_differs
1645,119850,2026-09-04,canonical_price_differs
1649,120240,2026-09-04,canonical_price_differs
1650,121440,2026-09-04,canonical_price_differs
1651,121600,2026-09-04,canonical_price_differs
1654,121890,2026-09-04,canonical_price_differs
1655,122310,2026-09-04,canonical_price_differs
1656,122350,2026-09-04,canonical_price_differs
1657,122450,2026-09-04,canonical_price_differs
1658,122640,2026-09-04,canonical_price_differs
1659,122690,2026-09-04,canonical_price_differs
1660,122870,2026-09-04,canonical_price_differs
1662,122990,2026-09-04,canonical_price_differs
1663,123010,2026-09-04,canonical_price_differs
1664,123040,2026-09-04,canonical_price_differs
1665,123330,2026-09-04,canonical_price_differs
1666,123410,2026-09-04,canonical_price_differs
1667,123420,2026-09-04,canonical_price_differs
1668,123570,2026-09-04,canonical_price_differs
1671,123750,2026-09-04,canonical_price_differs
1672,123840,2026-09-04,canonical_price_differs
1673,123860,2026-09-04,canonical_price_differs
1675,124500,2026-09-04,canonical_price_differs
1676,124560,2026-09-04,canonical_price_differs
1677,125020,2026-09-04,canonical_price_differs
1678,125210,2026-09-04,canonical_price_differs
1679,125490,2026-09-04,canonical_price_differs
1680,126340,2026-09-04,canonical_price_differs
1682,126600,2026-09-04,canonical_price_differs
1683,126640,2026-09-04,canonical_price_differs
1684,126700,2026-09-04,canonical_price_differs
1686,126730,2026-09-04,canonical_price_differs
1687,126880,2026-09-04,canonical_price_differs
1688,127120,2026-09-04,canonical_price_differs
1689,127710,2026-09-04,canonical_price_differs
1690,127980,2026-09-04,canonical_price_differs
1691,128540,2026-09-04,canonical_price_differs
1692,128660,2026-09-04,canonical_price_differs
1697,129920,2026-09-04,canonical_price_differs
1698,130500,2026-09-04,canonical_price_differs
1699,130580,2026-09-04,canonical_price_differs
1701,130740,2026-09-04,canonical_price_differs
1702,131030,2026-09-04,canonical_price_differs
1703,131090,2026-09-04,canonical_price_differs
1704,131100,2026-09-04,canonical_price_differs
1705,131180,2026-09-04,canonical_price_differs
1706,131220,2026-09-04,canonical_price_differs
1707,131290,2026-09-04,canonical_price_differs
1708,131370,2026-09-04,canonical_price_differs
1709,131400,2026-09-04,canonical_price_differs
1710,131760,2026-09-04,canonical_price_differs
1711,131970,2026-09-04,canonical_price_differs
1712,133750,2026-09-04,canonical_price_differs
1714,134060,2026-09-04,canonical_price_differs
1718,136150,2026-09-04,canonical_price_differs
1719,136410,2026-09-04,canonical_price_differs
1720,136480,2026-09-04,canonical_price_differs
1722,136540,2026-09-04,canonical_price_differs
1723,137080,2026-09-04,canonical_price_differs
1725,137400,2026-09-04,canonical_price_differs
1726,137940,2026-09-04,canonical_price_differs
1727,137950,2026-09-04,canonical_price_differs
1729,138070,2026-09-04,canonical_price_differs
1730,138080,2026-09-04,canonical_price_differs
1731,138360,2026-09-04,canonical_price_differs
1732,138610,2026-09-04,canonical_price_differs
1736,139670,2026-09-04,canonical_price_differs
1738,140070,2026-09-04,canonical_price_differs
1739,140410,2026-09-04,canonical_price_differs
1740,140430,2026-09-04,canonical_price_differs
1741,140520,2026-09-04,canonical_price_differs
1742,140670,2026-09-04,canonical_price_differs
1743,140860,2026-09-04,canonical_price_differs
1744,141000,2026-09-04,canonical_price_differs
1745,141080,2026-09-04,canonical_price_differs
1746,142210,2026-09-04,canonical_price_differs
1747,142280,2026-09-04,canonical_price_differs
1748,142760,2026-09-04,canonical_price_differs
1749,143160,2026-09-04,canonical_price_differs
1751,143240,2026-09-04,canonical_price_differs
1752,143540,2026-09-04,canonical_price_differs
1753,144510,2026-09-04,canonical_price_differs
1754,144960,2026-09-04,canonical_price_differs
1755,145020,2026-09-04,canonical_price_differs
1756,145170,2026-09-04,canonical_price_differs
1762,146060,2026-09-04,canonical_price_differs
1763,146320,2026-09-04,canonical_price_differs
1764,147760,2026-09-04,canonical_price_differs
1765,147830,2026-09-04,canonical_price_differs
1766,148150,2026-09-04,canonical_price_differs
1767,148250,2026-09-04,canonical_price_differs
1768,148780,2026-09-04,canonical_price_differs
1769,148930,2026-09-04,canonical_price_differs
1770,149950,2026-09-04,canonical_price_differs
1771,149980,2026-09-04,canonical_price_differs
1772,150900,2026-09-04,canonical_price_differs
1773,151860,2026-09-04,canonical_price_differs
1774,153460,2026-09-04,canonical_price_differs
1775,153490,2026-09-04,canonical_price_differs
1776,153710,2026-09-04,canonical_price_differs
1777,153890,2026-09-04,canonical_price_differs
1778,154030,2026-09-04,canonical_price_differs
1780,155650,2026-09-04,canonical_price_differs
1784,159010,2026-09-04,canonical_price_differs
1785,159580,2026-09-04,canonical_price_differs
1787,160190,2026-09-04,canonical_price_differs
1788,160550,2026-09-04,canonical_price_differs
1789,160980,2026-09-04,canonical_price_differs
1792,161580,2026-09-04,canonical_price_differs
1794,162300,2026-09-04,canonical_price_differs
1795,163280,2026-09-04,canonical_price_differs
1797,163730,2026-09-04,canonical_price_differs
1798,166090,2026-09-04,canonical_price_differs
1799,166480,2026-09-04,canonical_price_differs
1800,168330,2026-09-04,canonical_price_differs
1801,168360,2026-09-04,canonical_price_differs
1802,169330,2026-09-04,canonical_price_differs
1803,170030,2026-09-04,canonical_price_differs
1804,170790,2026-09-04,canonical_price_differs
1806,170920,2026-09-04,canonical_price_differs
1807,171010,2026-09-04,canonical_price_differs
1808,171090,2026-09-04,canonical_price_differs
1809,171120,2026-09-04,canonical_price_differs
1810,172670,2026-09-04,canonical_price_differs
1811,173130,2026-09-04,canonical_price_differs
1812,173940,2026-09-04,canonical_price_differs
1813,174900,2026-09-04,canonical_price_differs
1814,175140,2026-09-04,canonical_price_differs
1815,175250,2026-09-04,canonical_price_differs
1817,176750,2026-09-04,canonical_price_differs
1818,177350,2026-09-04,canonical_price_differs
1819,177830,2026-09-04,canonical_price_differs
1820,177900,2026-09-04,canonical_price_differs
1821,178320,2026-09-04,canonical_price_differs
1822,178780,2026-09-04,canonical_price_differs
1824,179290,2026-09-04,canonical_price_differs
1825,179530,2026-09-04,canonical_price_differs
1826,179900,2026-09-04,canonical_price_differs
1827,180400,2026-09-04,canonical_price_differs
1831,182360,2026-09-04,canonical_price_differs
1834,183300,2026-09-04,canonical_price_differs
1836,184230,2026-09-04,canonical_price_differs
1837,185490,2026-09-04,canonical_price_differs
1839,186230,2026-09-04,canonical_price_differs
1840,187220,2026-09-04,canonical_price_differs
1841,187270,2026-09-04,canonical_price_differs
1842,187420,2026-09-04,canonical_price_differs
1844,187790,2026-09-04,canonical_price_differs
1845,187870,2026-09-04,canonical_price_differs
1846,188040,2026-09-04,canonical_price_differs
1847,188260,2026-09-04,canonical_price_differs
1848,189300,2026-09-04,canonical_price_differs
1849,189330,2026-09-04,canonical_price_differs
1850,189690,2026-09-04,canonical_price_differs
1852,189980,2026-09-04,canonical_price_differs
1853,190510,2026-09-04,canonical_price_differs
1854,190650,2026-09-04,canonical_price_differs
1855,191410,2026-09-04,canonical_price_differs
1856,191420,2026-09-04,canonical_price_differs
1858,192250,2026-09-04,canonical_price_differs
1859,192390,2026-09-04,canonical_price_differs
1861,192410,2026-09-04,canonical_price_differs
1862,192440,2026-09-04,canonical_price_differs
1865,193250,2026-09-04,canonical_price_differs
1867,194480,2026-09-04,canonical_price_differs
1868,194700,2026-09-04,canonical_price_differs
1869,195500,2026-09-04,canonical_price_differs
1871,195940,2026-09-04,canonical_price_differs
1872,195990,2026-09-04,canonical_price_differs
1873,196170,2026-09-04,canonical_price_differs
1874,196300,2026-09-04,canonical_price_differs
1875,196450,2026-09-04,canonical_price_differs
1877,196700,2026-09-04,canonical_price_differs
1878,197140,2026-09-04,canonical_price_differs
1879,198080,2026-09-04,canonical_price_differs
1880,198440,2026-09-04,canonical_price_differs
1881,198940,2026-09-04,canonical_price_differs
1882,199430,2026-09-04,canonical_price_differs
1883,199480,2026-09-04,canonical_price_differs
1884,199550,2026-09-04,canonical_price_differs
1885,199730,2026-09-04,canonical_price_differs
1886,199800,2026-09-04,canonical_price_differs
1887,199820,2026-09-04,canonical_price_differs
1888,200130,2026-09-04,canonical_price_differs
1889,200230,2026-09-04,canonical_price_differs
1890,200350,2026-09-04,canonical_price_differs
1891,200470,2026-09-04,canonical_price_differs
1892,200670,2026-09-04,canonical_price_differs
1893,200710,2026-09-04,canonical_price_differs
1894,200780,2026-09-04,canonical_price_differs
1896,201490,2026-09-04,canonical_price_differs
1898,203450,2026-09-04,canonical_price_differs
1899,203650,2026-09-04,canonical_price_differs
1900,204020,2026-09-04,canonical_price_differs
1901,204270,2026-09-04,canonical_price_differs
1903,204610,2026-09-04,canonical_price_differs
1904,204620,2026-09-04,canonical_price_differs
1905,204840,2026-09-04,canonical_price_differs
1906,205100,2026-09-04,canonical_price_differs
1907,205470,2026-09-04,canonical_price_differs
1908,205500,2026-09-04,canonical_price_differs
1911,206640,2026-09-04,canonical_price_differs
1912,206650,2026-09-04,canonical_price_differs
1913,207760,2026-09-04,canonical_price_differs
1915,208140,2026-09-04,canonical_price_differs
1916,208350,2026-09-04,canonical_price_differs
1917,208370,2026-09-04,canonical_price_differs
1918,208640,2026-09-04,canonical_price_differs
1919,208710,2026-09-04,canonical_price_differs
1921,209640,2026-09-04,canonical_price_differs
1922,210120,2026-09-04,canonical_price_differs
1926,211270,2026-09-04,canonical_price_differs
1928,212710,2026-09-04,canonical_price_differs
1929,213420,2026-09-04,canonical_price_differs
1931,214150,2026-09-04,canonical_price_differs
1932,214180,2026-09-04,canonical_price_differs
1933,214260,2026-09-04,canonical_price_differs
1934,214270,2026-09-04,canonical_price_differs
1940,214430,2026-09-04,canonical_price_differs
1941,214450,2026-09-04,canonical_price_differs
1943,214680,2026-09-04,canonical_price_differs
1944,215000,2026-09-04,canonical_price_differs
1945,215090,2026-09-04,canonical_price_differs
1946,215100,2026-09-04,canonical_price_differs
1947,215200,2026-09-04,canonical_price_differs
1948,215360,2026-09-04,canonical_price_differs
1949,215380,2026-09-04,canonical_price_differs
1950,215480,2026-09-04,canonical_price_differs
1951,215600,2026-09-04,canonical_price_differs
1952,215790,2026-09-04,canonical_price_differs
1953,216050,2026-09-04,canonical_price_differs
1954,216080,2026-09-04,canonical_price_differs
1955,217190,2026-09-04,canonical_price_differs
1956,217270,2026-09-04,canonical_price_differs
1957,217330,2026-09-04,canonical_price_differs
1959,217500,2026-09-04,canonical_price_differs
1961,217730,2026-09-04,canonical_price_differs
1963,218150,2026-09-04,canonical_price_differs
1964,218410,2026-09-04,canonical_price_differs
1965,219130,2026-09-04,canonical_price_differs
1966,219420,2026-09-04,canonical_price_differs
1967,219550,2026-09-04,canonical_price_differs
1968,219750,2026-09-04,canonical_price_differs
1969,220100,2026-09-04,canonical_price_differs
1970,220180,2026-09-04,canonical_price_differs
1971,220260,2026-09-04,canonical_price_differs
1972,221800,2026-09-04,canonical_price_differs
1973,221840,2026-09-04,canonical_price_differs
1974,221980,2026-09-04,canonical_price_differs
1975,222040,2026-09-04,canonical_price_differs
1976,222080,2026-09-04,canonical_price_differs
1977,222110,2026-09-04,canonical_price_differs
1978,222420,2026-09-04,canonical_price_differs
1979,222800,2026-09-04,canonical_price_differs
1980,222980,2026-09-04,canonical_price_differs
1981,223250,2026-09-04,canonical_price_differs
1983,224060,2026-09-04,canonical_price_differs
1984,224110,2026-09-04,canonical_price_differs
1986,225220,2026-09-04,canonical_price_differs
1987,225430,2026-09-04,canonical_price_differs
1988,225530,2026-09-04,canonical_price_differs
1989,225570,2026-09-04,canonical_price_differs
1990,225590,2026-09-04,canonical_price_differs
1992,226330,2026-09-04,canonical_price_differs
1993,226340,2026-09-04,canonical_price_differs
1994,226400,2026-09-04,canonical_price_differs
1995,226590,2026-09-04,canonical_price_differs
1996,226950,2026-09-04,canonical_price_differs
1997,227610,2026-09-04,canonical_price_differs
1999,227950,2026-09-04,canonical_price_differs
2000,228340,2026-09-04,canonical_price_differs
2001,228670,2026-09-04,canonical_price_differs
2002,228760,2026-09-04,canonical_price_differs
2003,228850,2026-09-04,canonical_price_differs
2004,229000,2026-09-04,canonical_price_differs
2006,230240,2026-09-04,canonical_price_differs
2007,232140,2026-09-04,canonical_price_differs
2008,232680,2026-09-04,canonical_price_differs
2010,234030,2026-09-04,canonical_price_differs
2012,234100,2026-09-04,canonical_price_differs
2013,234300,2026-09-04,canonical_price_differs
2014,234340,2026-09-04,canonical_price_differs
2015,234690,2026-09-04,canonical_price_differs
2017,235980,2026-09-04,canonical_price_differs
2018,236200,2026-09-04,canonical_price_differs
2019,236810,2026-09-04,canonical_price_differs
2020,237690,2026-09-04,canonical_price_differs
2021,237750,2026-09-04,canonical_price_differs
2022,237820,2026-09-04,canonical_price_differs
2023,237880,2026-09-04,canonical_price_differs
2024,238090,2026-09-04,canonical_price_differs
2025,238120,2026-09-04,canonical_price_differs
2026,238200,2026-09-04,canonical_price_differs
2027,238490,2026-09-04,canonical_price_differs
2029,239610,2026-09-04,canonical_price_differs
2030,239890,2026-09-04,canonical_price_differs
2031,240550,2026-09-04,canonical_price_differs
2032,240600,2026-09-04,canonical_price_differs
2033,240810,2026-09-04,canonical_price_differs
2034,241520,2026-09-04,canonical_price_differs
2037,241690,2026-09-04,canonical_price_differs
2038,241710,2026-09-04,canonical_price_differs
2039,241770,2026-09-04,canonical_price_differs
2040,241790,2026-09-04,canonical_price_differs
2042,241840,2026-09-04,canonical_price_differs
2043,242040,2026-09-04,canonical_price_differs
2044,243070,2026-09-04,canonical_price_differs
2050,246690,2026-09-04,canonical_price_differs
2051,246710,2026-09-04,canonical_price_differs
2053,246960,2026-09-04,canonical_price_differs
2054,247540,2026-09-04,canonical_price_differs
2055,247660,2026-09-04,canonical_price_differs
2059,250000,2026-09-04,canonical_price_differs
2060,250060,2026-09-04,canonical_price_differs
2061,250930,2026-09-04,canonical_price_differs
2062,251120,2026-09-04,canonical_price_differs
2064,251370,2026-09-04,canonical_price_differs
2065,251630,2026-09-04,canonical_price_differs
2066,251970,2026-09-04,canonical_price_differs
2067,252500,2026-09-04,canonical_price_differs
2068,252990,2026-09-04,canonical_price_differs
2069,253450,2026-09-04,canonical_price_differs
2070,253590,2026-09-04,canonical_price_differs
2071,253840,2026-09-04,canonical_price_differs
2072,254120,2026-09-04,canonical_price_differs
2073,254490,2026-09-04,canonical_price_differs
2074,255220,2026-09-04,canonical_price_differs
2075,255440,2026-09-04,canonical_price_differs
2076,256150,2026-09-04,canonical_price_differs
2077,256630,2026-09-04,canonical_price_differs
2078,256840,2026-09-04,canonical_price_differs
2079,256940,2026-09-04,canonical_price_differs
2080,257370,2026-09-04,canonical_price_differs
2081,257720,2026-09-04,canonical_price_differs
2082,258610,2026-09-04,canonical_price_differs
2083,258790,2026-09-04,canonical_price_differs
2085,259630,2026-09-04,canonical_price_differs
2087,260660,2026-09-04,canonical_price_differs
2088,260930,2026-09-04,canonical_price_differs
2089,260970,2026-09-04,canonical_price_differs
2090,261200,2026-09-04,canonical_price_differs
2091,261520,2026-09-04,canonical_price_differs
2092,261780,2026-09-04,canonical_price_differs
2093,262260,2026-09-04,canonical_price_differs
2094,262840,2026-09-04,canonical_price_differs
2095,263020,2026-09-04,canonical_price_differs
2097,263600,2026-09-04,canonical_price_differs
2098,263690,2026-09-04,canonical_price_differs
2099,263700,2026-09-04,canonical_price_differs
2100,263720,2026-09-04,canonical_price_differs
2101,263750,2026-09-04,canonical_price_differs
2102,263770,2026-09-04,canonical_price_differs
2103,263800,2026-09-04,canonical_price_differs
2104,263810,2026-09-04,canonical_price_differs
2105,263860,2026-09-04,canonical_price_differs
2106,263920,2026-09-04,canonical_price_differs
2107,264450,2026-09-04,canonical_price_differs
2108,264660,2026-09-04,canonical_price_differs
2109,264850,2026-09-04,canonical_price_differs
2112,265520,2026-09-04,canonical_price_differs
2113,265560,2026-09-04,canonical_price_differs
2114,265740,2026-09-04,canonical_price_differs
2119,267320,2026-09-04,canonical_price_differs
2120,267790,2026-09-04,canonical_price_differs
2122,267980,2026-09-04,canonical_price_differs
2125,270520,2026-09-04,canonical_price_differs
2126,270660,2026-09-04,canonical_price_differs
2127,270870,2026-09-04,canonical_price_differs
2129,271830,2026-09-04,canonical_price_differs
2132,272110,2026-09-04,canonical_price_differs
2134,272290,2026-09-04,canonical_price_differs
2137,273060,2026-09-04,canonical_price_differs
2138,273640,2026-09-04,canonical_price_differs
2139,274090,2026-09-04,canonical_price_differs
2140,274400,2026-09-04,canonical_price_differs
2141,275630,2026-09-04,canonical_price_differs
2144,277070,2026-09-04,canonical_price_differs
2145,277410,2026-09-04,canonical_price_differs
2146,277810,2026-09-04,canonical_price_differs
2147,277880,2026-09-04,canonical_price_differs
2148,278280,2026-09-04,canonical_price_differs
2150,278650,2026-09-04,canonical_price_differs
2152,279600,2026-09-04,canonical_price_differs
2154,281740,2026-09-04,canonical_price_differs
2157,282720,2026-09-04,canonical_price_differs
2158,282880,2026-09-04,canonical_price_differs
2163,285490,2026-09-04,canonical_price_differs
2164,285800,2026-09-04,canonical_price_differs
2165,286750,2026-09-04,canonical_price_differs
2167,287840,2026-09-04,canonical_price_differs
2168,288180,2026-09-04,canonical_price_differs
2170,288620,2026-09-04,canonical_price_differs
2171,288980,2026-09-04,canonical_price_differs
2172,289010,2026-09-04,canonical_price_differs
2173,289080,2026-09-04,canonical_price_differs
2174,289220,2026-09-04,canonical_price_differs
2175,289930,2026-09-04,canonical_price_differs
2176,290090,2026-09-04,canonical_price_differs
2177,290120,2026-09-04,canonical_price_differs
2178,290270,2026-09-04,canonical_price_differs
2179,290520,2026-09-04,canonical_price_differs
2180,290550,2026-09-04,canonical_price_differs
2181,290560,2026-09-04,canonical_price_differs
2182,290650,2026-09-04,canonical_price_differs
2183,290660,2026-09-04,canonical_price_differs
2184,290670,2026-09-04,canonical_price_differs
2186,290720,2026-09-04,canonical_price_differs
2187,290740,2026-09-04,canonical_price_differs
2188,291230,2026-09-04,canonical_price_differs
2189,291650,2026-09-04,canonical_price_differs
2190,291810,2026-09-04,canonical_price_differs
2192,293490,2026-09-04,canonical_price_differs
2194,293780,2026-09-04,canonical_price_differs
2197,294140,2026-09-04,canonical_price_differs
2198,294570,2026-09-04,canonical_price_differs
2199,294630,2026-09-04,canonical_price_differs
2201,295310,2026-09-04,canonical_price_differs
2202,296640,2026-09-04,canonical_price_differs
2203,297090,2026-09-04,canonical_price_differs
2204,297570,2026-09-04,canonical_price_differs
2205,297890,2026-09-04,canonical_price_differs
2210,298060,2026-09-04,canonical_price_differs
2211,298380,2026-09-04,canonical_price_differs
2212,298540,2026-09-04,canonical_price_differs
2214,298830,2026-09-04,canonical_price_differs
2215,299030,2026-09-04,canonical_price_differs
2216,299170,2026-09-04,canonical_price_differs
2217,299660,2026-09-04,canonical_price_differs
2218,300080,2026-09-04,canonical_price_differs
2219,300120,2026-09-04,canonical_price_differs
2221,301300,2026-09-04,canonical_price_differs
2222,302430,2026-09-04,canonical_price_differs
2225,303030,2026-09-04,canonical_price_differs
2226,303360,2026-09-04,canonical_price_differs
2227,303530,2026-09-04,canonical_price_differs
2228,303810,2026-09-04,canonical_price_differs
2229,304100,2026-09-04,canonical_price_differs
2230,304360,2026-09-04,canonical_price_differs
2233,306040,2026-09-04,canonical_price_differs
2235,306620,2026-09-04,canonical_price_differs
2236,307180,2026-09-04,canonical_price_differs
2237,307280,2026-09-04,canonical_price_differs
2238,307750,2026-09-04,canonical_price_differs
2239,307870,2026-09-04,canonical_price_differs
2240,307930,2026-09-04,canonical_price_differs
2242,308080,2026-09-04,canonical_price_differs
2243,308100,2026-09-04,canonical_price_differs
2245,308430,2026-09-04,canonical_price_differs
2247,309930,2026-09-04,canonical_price_differs
2248,309960,2026-09-04,canonical_price_differs
2249,310200,2026-09-04,canonical_price_differs
2250,310210,2026-09-04,canonical_price_differs
2251,310870,2026-09-04,canonical_price_differs
2252,311320,2026-09-04,canonical_price_differs
2253,311390,2026-09-04,canonical_price_differs
2254,311690,2026-09-04,canonical_price_differs
2255,312610,2026-09-04,canonical_price_differs
2257,314130,2026-09-04,canonical_price_differs
2258,314140,2026-09-04,canonical_price_differs
2259,314930,2026-09-04,canonical_price_differs
2260,315640,2026-09-04,canonical_price_differs
2262,317120,2026-09-04,canonical_price_differs
2263,317240,2026-09-04,canonical_price_differs
2264,317330,2026-09-04,canonical_price_differs
2267,317530,2026-09-04,canonical_price_differs
2268,317690,2026-09-04,canonical_price_differs
2269,317770,2026-09-04,canonical_price_differs
2270,317830,2026-09-04,canonical_price_differs
2271,317850,2026-09-04,canonical_price_differs
2272,317870,2026-09-04,canonical_price_differs
2273,318000,2026-09-04,canonical_price_differs
2274,318010,2026-09-04,canonical_price_differs
2275,318020,2026-09-04,canonical_price_differs
2276,318060,2026-09-04,canonical_price_differs
2277,318160,2026-09-04,canonical_price_differs
2278,318410,2026-09-04,canonical_price_differs
2279,319400,2026-09-04,canonical_price_differs
2280,319660,2026-09-04,canonical_price_differs
2281,320000,2026-09-04,canonical_price_differs
2282,321260,2026-09-04,canonical_price_differs
2284,321550,2026-09-04,canonical_price_differs
2285,321820,2026-09-04,canonical_price_differs
2287,322180,2026-09-04,canonical_price_differs
2288,322310,2026-09-04,canonical_price_differs
2289,322510,2026-09-04,canonical_price_differs
2290,322780,2026-09-04,canonical_price_differs
2291,323280,2026-09-04,canonical_price_differs
2294,323990,2026-09-04,canonical_price_differs
2296,327260,2026-09-04,canonical_price_differs
2297,328130,2026-09-04,canonical_price_differs
2298,328380,2026-09-04,canonical_price_differs
2300,330350,2026-09-04,canonical_price_differs
2302,330730,2026-09-04,canonical_price_differs
2303,330860,2026-09-04,canonical_price_differs
2304,331380,2026-09-04,canonical_price_differs
2305,331520,2026-09-04,canonical_price_differs
2306,331740,2026-09-04,canonical_price_differs
2307,331920,2026-09-04,canonical_price_differs
2308,332290,2026-09-04,canonical_price_differs
2309,332370,2026-09-04,canonical_price_differs
2310,332570,2026-09-04,canonical_price_differs
2311,333050,2026-09-04,canonical_price_differs
2312,333430,2026-09-04,canonical_price_differs
2313,333620,2026-09-04,canonical_price_differs
2315,334970,2026-09-04,canonical_price_differs
2316,335810,2026-09-04,canonical_price_differs
2317,335870,2026-09-04,canonical_price_differs
2318,336060,2026-09-04,canonical_price_differs
2325,336570,2026-09-04,canonical_price_differs
2326,336680,2026-09-04,canonical_price_differs
2327,337930,2026-09-04,canonical_price_differs
2329,338220,2026-09-04,canonical_price_differs
2330,338840,2026-09-04,canonical_price_differs
2332,339950,2026-09-04,canonical_price_differs
2333,340360,2026-09-04,canonical_price_differs
2334,340440,2026-09-04,canonical_price_differs
2335,340450,2026-09-04,canonical_price_differs
2336,340570,2026-09-04,canonical_price_differs
2337,340810,2026-09-04,canonical_price_differs
2339,342870,2026-09-04,canonical_price_differs
2341,344860,2026-09-04,canonical_price_differs
2342,347000,2026-09-04,canonical_price_differs
2343,347700,2026-09-04,canonical_price_differs
2344,347740,2026-09-04,canonical_price_differs
2345,347770,2026-09-04,canonical_price_differs
2346,347850,2026-09-04,canonical_price_differs
2347,347860,2026-09-04,canonical_price_differs
2348,347890,2026-09-04,canonical_price_differs
2349,348030,2026-09-04,canonical_price_differs
2351,348150,2026-09-04,canonical_price_differs
2352,348210,2026-09-04,canonical_price_differs
2353,348340,2026-09-04,canonical_price_differs
2354,348350,2026-09-04,canonical_price_differs
2355,348370,2026-09-04,canonical_price_differs
2358,351320,2026-09-04,canonical_price_differs
2359,351330,2026-09-04,canonical_price_differs
2360,351870,2026-09-04,canonical_price_differs
2361,352090,2026-09-04,canonical_price_differs
2362,352480,2026-09-04,canonical_price_differs
2363,352700,2026-09-04,canonical_price_differs
2366,352910,2026-09-04,canonical_price_differs
2367,352940,2026-09-04,canonical_price_differs
2368,353190,2026-09-04,canonical_price_differs
2371,353590,2026-09-04,canonical_price_differs
2372,353810,2026-09-04,canonical_price_differs
2373,354200,2026-09-04,canonical_price_differs
2374,354320,2026-09-04,canonical_price_differs
2376,355390,2026-09-04,canonical_price_differs
2377,355690,2026-09-04,canonical_price_differs
2378,356680,2026-09-04,canonical_price_differs
2379,356860,2026-09-04,canonical_price_differs
2380,356890,2026-09-04,canonical_price_differs
2382,357230,2026-09-04,canonical_price_differs
2385,357550,2026-09-04,canonical_price_differs
2386,357580,2026-09-04,canonical_price_differs
2387,357780,2026-09-04,canonical_price_differs
2388,357880,2026-09-04,canonical_price_differs
2389,358570,2026-09-04,canonical_price_differs
2390,359090,2026-09-04,canonical_price_differs
2391,360070,2026-09-04,canonical_price_differs
2392,360350,2026-09-04,canonical_price_differs
2393,361390,2026-09-04,canonical_price_differs
2394,361570,2026-09-04,canonical_price_differs
2396,361670,2026-09-04,canonical_price_differs
2397,362320,2026-09-04,canonical_price_differs
2398,362990,2026-09-04,canonical_price_differs
2399,363250,2026-09-04,canonical_price_differs
2400,363260,2026-09-04,canonical_price_differs
2403,364950,2026-09-04,canonical_price_differs
2404,365270,2026-09-04,canonical_price_differs
2405,365330,2026-09-04,canonical_price_differs
2406,365340,2026-09-04,canonical_price_differs
2409,365660,2026-09-04,canonical_price_differs
2410,365900,2026-09-04,canonical_price_differs
2411,366030,2026-09-04,canonical_price_differs
2412,367000,2026-09-04,canonical_price_differs
2413,368600,2026-09-04,canonical_price_differs
2414,368770,2026-09-04,canonical_price_differs
2415,368970,2026-09-04,canonical_price_differs
2416,369370,2026-09-04,canonical_price_differs
2417,370090,2026-09-04,canonical_price_differs
2418,371950,2026-09-04,canonical_price_differs
2419,372170,2026-09-04,canonical_price_differs
2420,372320,2026-09-04,canonical_price_differs
2421,372800,2026-09-04,canonical_price_differs
2423,373110,2026-09-04,canonical_price_differs
2424,373160,2026-09-04,canonical_price_differs
2425,373170,2026-09-04,canonical_price_differs
2426,373200,2026-09-04,canonical_price_differs
2431,376180,2026-09-04,canonical_price_differs
2432,376270,2026-09-04,canonical_price_differs
2433,376290,2026-09-04,canonical_price_differs
2434,376300,2026-09-04,canonical_price_differs
2435,376900,2026-09-04,canonical_price_differs
2436,376930,2026-09-04,canonical_price_differs
2437,376980,2026-09-04,canonical_price_differs
2438,377030,2026-09-04,canonical_price_differs
2440,377220,2026-09-04,canonical_price_differs
2442,377330,2026-09-04,canonical_price_differs
2443,377450,2026-09-04,canonical_price_differs
2445,377480,2026-09-04,canonical_price_differs
2447,378340,2026-09-04,canonical_price_differs
2451,380550,2026-09-04,canonical_price_differs
2452,381620,2026-09-04,canonical_price_differs
2454,382150,2026-09-04,canonical_price_differs
2455,382480,2026-09-04,canonical_price_differs
2456,382800,2026-09-04,canonical_price_differs
2457,382840,2026-09-04,canonical_price_differs
2458,382900,2026-09-04,canonical_price_differs
2460,383310,2026-09-04,canonical_price_differs
2463,383930,2026-09-04,canonical_price_differs
2464,384470,2026-09-04,canonical_price_differs
2465,387570,2026-09-04,canonical_price_differs
2466,387690,2026-09-04,canonical_price_differs
2467,388050,2026-09-04,canonical_price_differs
2468,388210,2026-09-04,canonical_price_differs
2469,388610,2026-09-04,canonical_price_differs
2470,388720,2026-09-04,canonical_price_differs
2471,388790,2026-09-04,canonical_price_differs
2472,388870,2026-09-04,canonical_price_differs
2473,389020,2026-09-04,canonical_price_differs
2474,389030,2026-09-04,canonical_price_differs
2475,389140,2026-09-04,canonical_price_differs
2476,389260,2026-09-04,canonical_price_differs
2477,389470,2026-09-04,canonical_price_differs
2478,389500,2026-09-04,canonical_price_differs
2479,389650,2026-09-04,canonical_price_differs
2480,389680,2026-09-04,canonical_price_differs
2481,391710,2026-09-04,canonical_price_differs
2482,393210,2026-09-04,canonical_price_differs
2483,393890,2026-09-04,canonical_price_differs
2485,394280,2026-09-04,canonical_price_differs
2486,394420,2026-09-04,canonical_price_differs
2487,394800,2026-09-04,canonical_price_differs
2489,396270,2026-09-04,canonical_price_differs
2490,396300,2026-09-04,canonical_price_differs
2491,396470,2026-09-04,canonical_price_differs
2493,397030,2026-09-04,canonical_price_differs
2494,397810,2026-09-04,canonical_price_differs
2495,398120,2026-09-04,canonical_price_differs
2496,399720,2026-09-04,canonical_price_differs
2498,402030,2026-09-04,canonical_price_differs
2500,402490,2026-09-04,canonical_price_differs
2501,403490,2026-09-04,canonical_price_differs
2503,403850,2026-09-04,canonical_price_differs
2504,403870,2026-09-04,canonical_price_differs
2506,405000,2026-09-04,canonical_price_differs
2507,405100,2026-09-04,canonical_price_differs
2508,405920,2026-09-04,canonical_price_differs
2509,406820,2026-09-04,canonical_price_differs
2510,407400,2026-09-04,canonical_price_differs
2511,408470,2026-09-04,canonical_price_differs
2512,408900,2026-09-04,canonical_price_differs
2513,408920,2026-09-04,canonical_price_differs
2514,411080,2026-09-04,canonical_price_differs
2515,412350,2026-09-04,canonical_price_differs
2517,413390,2026-09-04,canonical_price_differs
2518,413630,2026-09-04,canonical_price_differs
2519,413640,2026-09-04,canonical_price_differs
2520,415380,2026-09-04,canonical_price_differs
2522,416180,2026-09-04,canonical_price_differs
2523,417010,2026-09-04,canonical_price_differs
2524,417180,2026-09-04,canonical_price_differs
2525,417200,2026-09-04,canonical_price_differs
2527,417500,2026-09-04,canonical_price_differs
2528,417790,2026-09-04,canonical_price_differs
2529,417840,2026-09-04,canonical_price_differs
2530,417860,2026-09-04,canonical_price_differs
2531,417970,2026-09-04,canonical_price_differs
2533,418420,2026-09-04,canonical_price_differs
2534,418470,2026-09-04,canonical_price_differs
2535,418550,2026-09-04,canonical_price_differs
2536,418620,2026-09-04,canonical_price_differs
2537,419050,2026-09-04,canonical_price_differs
2538,419080,2026-09-04,canonical_price_differs
2539,419120,2026-09-04,canonical_price_differs
2540,419530,2026-09-04,canonical_price_differs
2541,419540,2026-09-04,canonical_price_differs
2542,420570,2026-09-04,canonical_price_differs
2543,420770,2026-09-04,canonical_price_differs
2544,424760,2026-09-04,canonical_price_differs
2545,424870,2026-09-04,canonical_price_differs
2546,424960,2026-09-04,canonical_price_differs
2547,424980,2026-09-04,canonical_price_differs
2548,425040,2026-09-04,canonical_price_differs
2549,425420,2026-09-04,canonical_price_differs
2550,429270,2026-09-04,canonical_price_differs
2551,430690,2026-09-04,canonical_price_differs
2552,431190,2026-09-04,canonical_price_differs
2554,432430,2026-09-04,canonical_price_differs
2555,432470,2026-09-04,canonical_price_differs
2556,432720,2026-09-04,canonical_price_differs
2557,432980,2026-09-04,canonical_price_differs
2558,434480,2026-09-04,canonical_price_differs
2559,435570,2026-09-04,canonical_price_differs
2560,437730,2026-09-04,canonical_price_differs
2561,438700,2026-09-04,canonical_price_differs
2562,439090,2026-09-04,canonical_price_differs
2564,439580,2026-09-04,canonical_price_differs
2565,439960,2026-09-04,canonical_price_differs
2566,440110,2026-09-04,canonical_price_differs
2567,440290,2026-09-04,canonical_price_differs
2568,440320,2026-09-04,canonical_price_differs
2569,441270,2026-09-04,canonical_price_differs
2571,443250,2026-09-04,canonical_price_differs
2572,443670,2026-09-04,canonical_price_differs
2573,444530,2026-09-04,canonical_price_differs
2574,445090,2026-09-04,canonical_price_differs
2575,445180,2026-09-04,canonical_price_differs
2576,445680,2026-09-04,canonical_price_differs
2578,446540,2026-09-04,canonical_price_differs
2579,446840,2026-09-04,canonical_price_differs
2580,448280,2026-09-04,canonical_price_differs
2581,448710,2026-09-04,canonical_price_differs
2583,448900,2026-09-04,canonical_price_differs
2585,450330,2026-09-04,canonical_price_differs
2586,450520,2026-09-04,canonical_price_differs
2587,450950,2026-09-04,canonical_price_differs
2588,451220,2026-09-04,canonical_price_differs
2589,451250,2026-09-04,canonical_price_differs
2590,451760,2026-09-04,canonical_price_differs
2592,452160,2026-09-04,canonical_price_differs
2593,452190,2026-09-04,canonical_price_differs
2594,452200,2026-09-04,canonical_price_differs
2597,452280,2026-09-04,canonical_price_differs
2598,452300,2026-09-04,canonical_price_differs
2599,452400,2026-09-04,canonical_price_differs
2600,452430,2026-09-04,canonical_price_differs
2601,452450,2026-09-04,canonical_price_differs
2603,453450,2026-09-04,canonical_price_differs
2604,453860,2026-09-04,canonical_price_differs
2606,455180,2026-09-04,canonical_price_differs
2607,455900,2026-09-04,canonical_price_differs
2608,456010,2026-09-04,canonical_price_differs
2610,456070,2026-09-04,canonical_price_differs
2611,456160,2026-09-04,canonical_price_differs
2614,457550,2026-09-04,canonical_price_differs
2615,457600,2026-09-04,canonical_price_differs
2616,458350,2026-09-04,canonical_price_differs
2617,458650,2026-09-04,canonical_price_differs
2618,458870,2026-09-04,canonical_price_differs
2619,459100,2026-09-04,canonical_price_differs
2620,459510,2026-09-04,canonical_price_differs
2621,459550,2026-09-04,canonical_price_differs
2622,460470,2026-09-04,canonical_price_differs
2625,460870,2026-09-04,canonical_price_differs
2626,460930,2026-09-04,canonical_price_differs
2627,460940,2026-09-04,canonical_price_differs
2628,461030,2026-09-04,canonical_price_differs
2629,461300,2026-09-04,canonical_price_differs
2630,462310,2026-09-04,canonical_price_differs
2631,462350,2026-09-04,canonical_price_differs
2632,462510,2026-09-04,canonical_price_differs
2634,462860,2026-09-04,canonical_price_differs
2636,462980,2026-09-04,canonical_price_differs
2637,463020,2026-09-04,canonical_price_differs
2638,463480,2026-09-04,canonical_price_differs
2639,464080,2026-09-04,canonical_price_differs
2640,464280,2026-09-04,canonical_price_differs
2641,464490,2026-09-04,canonical_price_differs
2642,464500,2026-09-04,canonical_price_differs
2643,464580,2026-09-04,canonical_price_differs
2645,465480,2026-09-04,canonical_price_differs
2647,466100,2026-09-04,canonical_price_differs
2648,466410,2026-09-04,canonical_price_differs
2649,466690,2026-09-04,canonical_price_differs
2650,468530,2026-09-04,canonical_price_differs
2653,469610,2026-09-04,canonical_price_differs
2654,469750,2026-09-04,canonical_price_differs
2655,469900,2026-09-04,canonical_price_differs
2657,471820,2026-09-04,canonical_price_differs
2659,472230,2026-09-04,canonical_price_differs
2661,473000,2026-09-04,canonical_price_differs
2662,473050,2026-09-04,canonical_price_differs
2663,473950,2026-09-04,canonical_price_differs
2664,473980,2026-09-04,canonical_price_differs
2665,474170,2026-09-04,canonical_price_differs
2666,474490,2026-09-04,canonical_price_differs
2667,474610,2026-09-04,canonical_price_differs
2668,474650,2026-09-04,canonical_price_differs
2669,474660,2026-09-04,canonical_price_differs
2671,475040,2026-09-04,canonical_price_differs
2673,475230,2026-09-04,canonical_price_differs
2675,475250,2026-09-04,canonical_price_differs
2676,475400,2026-09-04,canonical_price_differs
2677,475430,2026-09-04,canonical_price_differs
2678,475460,2026-09-04,canonical_price_differs
2680,475580,2026-09-04,canonical_price_differs
2681,475660,2026-09-04,canonical_price_differs
2682,475830,2026-09-04,canonical_price_differs
2683,475960,2026-09-04,canonical_price_differs
2684,476040,2026-09-04,canonical_price_differs
2685,476060,2026-09-04,canonical_price_differs
2686,476080,2026-09-04,canonical_price_differs
2687,476830,2026-09-04,canonical_price_differs
2688,477340,2026-09-04,canonical_price_differs
2689,477380,2026-09-04,canonical_price_differs
2690,477470,2026-09-04,canonical_price_differs
2691,477760,2026-09-04,canonical_price_differs
2692,477850,2026-09-04,canonical_price_differs
2693,478110,2026-09-04,canonical_price_differs
2694,478340,2026-09-04,canonical_price_differs
2695,478390,2026-09-04,canonical_price_differs
2696,478440,2026-09-04,canonical_price_differs
2697,478560,2026-09-04,canonical_price_differs
2698,479880,2026-09-04,canonical_price_differs
2699,479960,2026-09-04,canonical_price_differs
2701,481070,2026-09-04,canonical_price_differs
2703,481890,2026-09-04,canonical_price_differs
2704,482520,2026-09-04,canonical_price_differs
2705,482630,2026-09-04,canonical_price_differs
2707,482690,2026-09-04,canonical_price_differs
2708,483350,2026-09-04,canonical_price_differs
2710,484120,2026-09-04,canonical_price_differs
2711,484130,2026-09-04,canonical_price_differs
2712,484590,2026-09-04,canonical_price_differs
2713,484810,2026-09-04,canonical_price_differs
2715,486630,2026-09-04,canonical_price_differs
2716,486990,2026-09-04,canonical_price_differs
2717,487360,2026-09-04,canonical_price_differs
2718,487400,2026-09-04,canonical_price_differs
2720,487580,2026-09-04,canonical_price_differs
2721,487720,2026-09-04,canonical_price_differs
2722,487830,2026-09-04,canonical_price_differs
2723,488060,2026-09-04,canonical_price_differs
2724,488280,2026-09-04,canonical_price_differs
2725,488900,2026-09-04,canonical_price_differs
2726,489210,2026-09-04,canonical_price_differs
2727,489460,2026-09-04,canonical_price_differs
2728,489480,2026-09-04,canonical_price_differs
2729,489500,2026-09-04,canonical_price_differs
2730,489730,2026-09-04,canonical_price_differs
2732,490470,2026-09-04,canonical_price_differs
2733,491000,2026-09-04,canonical_price_differs
2734,492220,2026-09-04,canonical_price_differs
2735,493280,2026-09-04,canonical_price_differs
2736,493330,2026-09-04,canonical_price_differs
2737,493790,2026-09-04,canonical_price_differs
2738,494120,2026-09-04,canonical_price_differs
2739,496070,2026-09-04,canonical_price_differs
2764,282620,2026-09-04,canonical_price_differs
2765,417030,2026-09-04,canonical_price_differs
2766,0155E0,2026-09-04,canonical_price_differs
5,000080,2026-09-04,canonical_price_differs
56,000850,2026-09-04,canonical_price_differs
112,001560,2026-09-04,canonical_price_differs
126,001780,2026-09-04,canonical_price_differs
141,002150,2026-09-04,canonical_price_differs
164,002690,2026-09-04,canonical_price_differs
199,003220,2026-09-04,canonical_price_differs
227,003670,2026-09-04,canonical_price_differs
264,004440,2026-09-04,canonical_price_differs
284,004890,2026-09-04,canonical_price_differs
365,006650,2026-09-04,canonical_price_differs
372,006840,2026-09-04,canonical_price_differs
373,006880,2026-09-04,canonical_price_differs
374,006890,2026-09-04,canonical_price_differs
379,007070,2026-09-04,canonical_price_differs
399,007660,2026-09-04,canonical_price_differs
444,009240,2026-09-04,canonical_price_differs
459,009540,2026-09-04,canonical_price_differs
466,009770,2026-09-04,canonical_price_differs
473,009900,2026-09-04,canonical_price_differs
477,010040,2026-09-04,canonical_price_differs
487,010400,2026-09-04,canonical_price_differs
499,010960,2026-09-04,canonical_price_differs
502,011070,2026-09-04,canonical_price_differs
509,011210,2026-09-04,canonical_price_differs
518,011500,2026-09-04,canonical_price_differs
531,0120G0,2026-09-04,canonical_price_differs
532,012160,2026-09-04,canonical_price_differs
546,0126Z0,2026-09-04,canonical_price_differs
569,013870,2026-09-04,canonical_price_differs
570,013890,2026-09-04,canonical_price_differs
585,014710,2026-09-04,canonical_price_differs
589,014830,2026-09-04,canonical_price_differs
612,016450,2026-09-04,canonical_price_differs
620,016710,2026-09-04,canonical_price_differs
621,016740,2026-09-04,canonical_price_differs
628,017180,2026-09-04,canonical_price_differs
630,017370,2026-09-04,canonical_price_differs
639,017860,2026-09-04,canonical_price_differs
646,018250,2026-09-04,canonical_price_differs
647,018260,2026-09-04,canonical_price_differs
667,019680,2026-09-04,canonical_price_differs
673,020150,2026-09-04,canonical_price_differs
676,020560,2026-09-04,canonical_price_differs
683,021240,2026-09-04,canonical_price_differs
689,022100,2026-09-04,canonical_price_differs
691,023000,2026-09-04,canonical_price_differs
694,023350,2026-09-04,canonical_price_differs
698,023530,2026-09-04,canonical_price_differs
705,023810,2026-09-04,canonical_price_differs
711,024090,2026-09-04,canonical_price_differs
712,024110,2026-09-04,canonical_price_differs
714,024720,2026-09-04,canonical_price_differs
734,025750,2026-09-04,canonical_price_differs
748,026940,2026-09-04,canonical_price_differs
749,026960,2026-09-04,canonical_price_differs
753,027410,2026-09-04,canonical_price_differs
756,027740,2026-09-04,canonical_price_differs
761,028100,2026-09-04,canonical_price_differs
762,028260,2026-09-04,canonical_price_differs
765,028670,2026-09-04,canonical_price_differs
769,029780,2026-09-04,canonical_price_differs
771,030190,2026-09-04,canonical_price_differs
777,030610,2026-09-04,canonical_price_differs
780,031210,2026-09-04,canonical_price_differs
783,031430,2026-09-04,canonical_price_differs
792,032350,2026-09-04,canonical_price_differs
795,032560,2026-09-04,canonical_price_differs
798,032640,2026-09-04,canonical_price_differs
805,032830,2026-09-04,canonical_price_differs
817,033240,2026-09-04,canonical_price_differs
818,033250,2026-09-04,canonical_price_differs
819,033270,2026-09-04,canonical_price_differs
825,033530,2026-09-04,canonical_price_differs
829,033780,2026-09-04,canonical_price_differs
832,033920,2026-09-04,canonical_price_differs
833,034020,2026-09-04,canonical_price_differs
834,034120,2026-09-04,canonical_price_differs
835,034220,2026-09-04,canonical_price_differs
836,034230,2026-09-04,canonical_price_differs
837,034310,2026-09-04,canonical_price_differs
838,034590,2026-09-04,canonical_price_differs
839,034730,2026-09-04,canonical_price_differs
843,034830,2026-09-04,canonical_price_differs
846,035000,2026-09-04,canonical_price_differs
848,035150,2026-09-04,canonical_price_differs
850,035250,2026-09-04,canonical_price_differs
852,035420,2026-09-04,canonical_price_differs
854,035510,2026-09-04,canonical_price_differs
858,035720,2026-09-04,canonical_price_differs
872,036420,2026-09-04,canonical_price_differs
873,036460,2026-09-04,canonical_price_differs
875,036530,2026-09-04,canonical_price_differs
878,036570,2026-09-04,canonical_price_differs
879,036580,2026-09-04,canonical_price_differs
894,037270,2026-09-04,canonical_price_differs
901,037560,2026-09-04,canonical_price_differs
902,037710,2026-09-04,canonical_price_differs
923,039130,2026-09-04,canonical_price_differs
931,039490,2026-09-04,canonical_price_differs
933,039570,2026-09-04,canonical_price_differs
953,041650,2026-09-04,canonical_price_differs
968,042660,2026-09-04,canonical_price_differs
969,042700,2026-09-04,canonical_price_differs
986,044380,2026-09-04,canonical_price_differs
987,044450,2026-09-04,canonical_price_differs
991,044820,2026-09-04,canonical_price_differs
1012,047040,2026-09-04,canonical_price_differs
1013,047050,2026-09-04,canonical_price_differs
1016,047400,2026-09-04,canonical_price_differs
1019,047810,2026-09-04,canonical_price_differs
1042,049800,2026-09-04,canonical_price_differs
1060,051600,2026-09-04,canonical_price_differs
1063,051900,2026-09-04,canonical_price_differs
1065,051910,2026-09-04,canonical_price_differs
1077,052690,2026-09-04,canonical_price_differs
1088,053210,2026-09-04,canonical_price_differs
1099,053690,2026-09-04,canonical_price_differs
1122,055490,2026-09-04,canonical_price_differs
1123,055550,2026-09-04,canonical_price_differs
1135,058430,2026-09-04,canonical_price_differs
1140,058650,2026-09-04,canonical_price_differs
1141,058730,2026-09-04,canonical_price_differs
1143,058850,2026-09-04,canonical_price_differs
1144,058860,2026-09-04,canonical_price_differs
1167,060980,2026-09-04,canonical_price_differs
1172,062040,2026-09-04,canonical_price_differs
1175,063160,2026-09-04,canonical_price_differs
1184,064350,2026-09-04,canonical_price_differs
1185,064400,2026-09-04,canonical_price_differs
1193,064960,2026-09-04,canonical_price_differs
1219,066570,2026-09-04,canonical_price_differs
1228,066970,2026-09-04,canonical_price_differs
1244,067830,2026-09-04,canonical_price_differs
1251,068270,2026-09-04,canonical_price_differs
1252,068290,2026-09-04,canonical_price_differs
1260,069260,2026-09-04,canonical_price_differs
1266,069620,2026-09-04,canonical_price_differs
1267,069640,2026-09-04,canonical_price_differs
1268,069730,2026-09-04,canonical_price_differs
1270,069960,2026-09-04,canonical_price_differs
1273,070960,2026-09-04,canonical_price_differs
1274,071050,2026-09-04,canonical_price_differs
1276,071090,2026-09-04,canonical_price_differs
1279,071320,2026-09-04,canonical_price_differs
1281,071840,2026-09-04,canonical_price_differs
1283,071950,2026-09-04,canonical_price_differs
1284,071970,2026-09-04,canonical_price_differs
1286,072130,2026-09-04,canonical_price_differs
1288,072710,2026-09-04,canonical_price_differs
1296,073240,2026-09-04,canonical_price_differs
1306,075180,2026-09-04,canonical_price_differs
1307,075580,2026-09-04,canonical_price_differs
1312,077500,2026-09-04,canonical_price_differs
1313,077970,2026-09-04,canonical_price_differs
1314,078000,2026-09-04,canonical_price_differs
1323,078520,2026-09-04,canonical_price_differs
1328,078930,2026-09-04,canonical_price_differs
1331,079160,2026-09-04,canonical_price_differs
1335,079430,2026-09-04,canonical_price_differs
1336,079550,2026-09-04,canonical_price_differs
1339,079900,2026-09-04,canonical_price_differs
1344,079980,2026-09-04,canonical_price_differs
1354,081000,2026-09-04,canonical_price_differs
1358,081660,2026-09-04,canonical_price_differs
1363,082740,2026-09-04,canonical_price_differs
1368,083420,2026-09-04,canonical_price_differs
1378,084010,2026-09-04,canonical_price_differs
1384,084670,2026-09-04,canonical_price_differs
1386,084690,2026-09-04,canonical_price_differs
1390,084870,2026-09-04,canonical_price_differs
1392,085310,2026-09-04,canonical_price_differs
1393,085620,2026-09-04,canonical_price_differs
1400,086280,2026-09-04,canonical_price_differs
1406,086790,2026-09-04,canonical_price_differs
1420,088350,2026-09-04,canonical_price_differs
1422,088790,2026-09-04,canonical_price_differs
1431,089470,2026-09-04,canonical_price_differs
1432,089590,2026-09-04,canonical_price_differs
1436,089860,2026-09-04,canonical_price_differs
1440,090080,2026-09-04,canonical_price_differs
1442,090350,2026-09-04,canonical_price_differs
1445,090370,2026-09-04,canonical_price_differs
1447,090430,2026-09-04,canonical_price_differs
1449,090460,2026-09-04,canonical_price_differs
1459,091810,2026-09-04,canonical_price_differs
1465,092200,2026-09-04,canonical_price_differs
1466,092220,2026-09-04,canonical_price_differs
1467,092230,2026-09-04,canonical_price_differs
1469,092440,2026-09-04,canonical_price_differs
1473,092780,2026-09-04,canonical_price_differs
1474,092790,2026-09-04,canonical_price_differs
1476,093050,2026-09-04,canonical_price_differs
1480,093370,2026-09-04,canonical_price_differs
1486,094280,2026-09-04,canonical_price_differs
1500,095570,2026-09-04,canonical_price_differs
1504,095720,2026-09-04,canonical_price_differs
1513,096760,2026-09-04,canonical_price_differs
1514,096770,2026-09-04,canonical_price_differs
1517,097230,2026-09-04,canonical_price_differs
1518,097520,2026-09-04,canonical_price_differs
1522,097950,2026-09-04,canonical_price_differs
1538,100090,2026-09-04,canonical_price_differs
1541,100220,2026-09-04,canonical_price_differs
1542,100250,2026-09-04,canonical_price_differs
1547,100840,2026-09-04,canonical_price_differs
1549,101140,2026-09-04,canonical_price_differs
1557,101530,2026-09-04,canonical_price_differs
1564,102260,2026-09-04,canonical_price_differs
1566,102460,2026-09-04,canonical_price_differs
1569,103140,2026-09-04,canonical_price_differs
1571,103590,2026-09-04,canonical_price_differs
1579,104700,2026-09-04,canonical_price_differs
1583,105560,2026-09-04,canonical_price_differs
1584,105630,2026-09-04,canonical_price_differs
1587,105840,2026-09-04,canonical_price_differs
1591,107590,2026-09-04,canonical_price_differs
1595,108320,2026-09-04,canonical_price_differs
1598,108670,2026-09-04,canonical_price_differs
1612,111110,2026-09-04,canonical_price_differs
1613,111380,2026-09-04,canonical_price_differs
1615,111770,2026-09-04,canonical_price_differs
1618,112610,2026-09-04,canonical_price_differs
1620,114090,2026-09-04,canonical_price_differs
1636,117580,2026-09-04,canonical_price_differs
1639,118000,2026-09-04,canonical_price_differs
1646,120030,2026-09-04,canonical_price_differs
1647,120110,2026-09-04,canonical_price_differs
1661,122900,2026-09-04,canonical_price_differs
1669,123690,2026-09-04,canonical_price_differs
1670,123700,2026-09-04,canonical_price_differs
1674,123890,2026-09-04,canonical_price_differs
1681,126560,2026-09-04,canonical_price_differs
1685,126720,2026-09-04,canonical_price_differs
1693,128820,2026-09-04,canonical_price_differs
1694,128940,2026-09-04,canonical_price_differs
1695,129260,2026-09-04,canonical_price_differs
1700,130660,2026-09-04,canonical_price_differs
1713,133820,2026-09-04,canonical_price_differs
1715,134380,2026-09-04,canonical_price_differs
1717,134790,2026-09-04,canonical_price_differs
1721,136490,2026-09-04,canonical_price_differs
1724,137310,2026-09-04,canonical_price_differs
1728,138040,2026-09-04,canonical_price_differs
1733,138930,2026-09-04,canonical_price_differs
1734,139130,2026-09-04,canonical_price_differs
1735,139480,2026-09-04,canonical_price_differs
1737,139990,2026-09-04,canonical_price_differs
1759,145720,2026-09-04,canonical_price_differs
1760,145990,2026-09-04,canonical_price_differs
1781,155660,2026-09-04,canonical_price_differs
1790,161000,2026-09-04,canonical_price_differs
1791,161390,2026-09-04,canonical_price_differs
1793,161890,2026-09-04,canonical_price_differs
1796,163560,2026-09-04,canonical_price_differs
1805,170900,2026-09-04,canonical_price_differs
1816,175330,2026-09-04,canonical_price_differs
1823,178920,2026-09-04,canonical_price_differs
1828,180640,2026-09-04,canonical_price_differs
1830,181710,2026-09-04,canonical_price_differs
1833,183190,2026-09-04,canonical_price_differs
1838,185750,2026-09-04,canonical_price_differs
1857,192080,2026-09-04,canonical_price_differs
1860,192400,2026-09-04,canonical_price_differs
1863,192650,2026-09-04,canonical_price_differs
1864,192820,2026-09-04,canonical_price_differs
1866,194370,2026-09-04,canonical_price_differs
1870,195870,2026-09-04,canonical_price_differs
1895,200880,2026-09-04,canonical_price_differs
1902,204320,2026-09-04,canonical_price_differs
1914,207940,2026-09-04,canonical_price_differs
1923,210540,2026-09-04,canonical_price_differs
1924,210980,2026-09-04,canonical_price_differs
1930,213500,2026-09-04,canonical_price_differs
1935,214320,2026-09-04,canonical_price_differs
1936,214330,2026-09-04,canonical_price_differs
1938,214390,2026-09-04,canonical_price_differs
1939,214420,2026-09-04,canonical_price_differs
1960,217590,2026-09-04,canonical_price_differs
1991,226320,2026-09-04,canonical_price_differs
1998,227840,2026-09-04,canonical_price_differs
2005,229640,2026-09-04,canonical_price_differs
2011,234080,2026-09-04,canonical_price_differs
2035,241560,2026-09-04,canonical_price_differs
2036,241590,2026-09-04,canonical_price_differs
2047,244920,2026-09-04,canonical_price_differs
2056,248070,2026-09-04,canonical_price_differs
2058,249420,2026-09-04,canonical_price_differs
2063,251270,2026-09-04,canonical_price_differs
2086,259960,2026-09-04,canonical_price_differs
2110,264900,2026-09-04,canonical_price_differs
2115,267250,2026-09-04,canonical_price_differs
2116,267260,2026-09-04,canonical_price_differs
2117,267270,2026-09-04,canonical_price_differs
2118,267290,2026-09-04,canonical_price_differs
2121,267850,2026-09-04,canonical_price_differs
2123,268280,2026-09-04,canonical_price_differs
2128,271560,2026-09-04,canonical_price_differs
2130,271940,2026-09-04,canonical_price_differs
2131,271980,2026-09-04,canonical_price_differs
2133,272210,2026-09-04,canonical_price_differs
2135,272450,2026-09-04,canonical_price_differs
2136,272550,2026-09-04,canonical_price_differs
2149,278470,2026-09-04,canonical_price_differs
2151,279570,2026-09-04,canonical_price_differs
2153,280360,2026-09-04,canonical_price_differs
2155,281820,2026-09-04,canonical_price_differs
2156,282330,2026-09-04,canonical_price_differs
2160,284740,2026-09-04,canonical_price_differs
2161,285130,2026-09-04,canonical_price_differs
2166,286940,2026-09-04,canonical_price_differs
2191,293480,2026-09-04,canonical_price_differs
2200,294870,2026-09-04,canonical_price_differs
2206,298000,2026-09-04,canonical_price_differs
2207,298020,2026-09-04,canonical_price_differs
2208,298040,2026-09-04,canonical_price_differs
2209,298050,2026-09-04,canonical_price_differs
2213,298690,2026-09-04,canonical_price_differs
2220,300720,2026-09-04,canonical_price_differs
2223,302440,2026-09-04,canonical_price_differs
2234,306200,2026-09-04,canonical_price_differs
2241,307950,2026-09-04,canonical_price_differs
2244,308170,2026-09-04,canonical_price_differs
2261,316140,2026-09-04,canonical_price_differs
2265,317400,2026-09-04,canonical_price_differs
2266,317450,2026-09-04,canonical_price_differs
2286,322000,2026-09-04,canonical_price_differs
2293,323410,2026-09-04,canonical_price_differs
2295,326030,2026-09-04,canonical_price_differs
2299,329180,2026-09-04,canonical_price_differs
2319,336260,2026-09-04,canonical_price_differs
2322,336370,2026-09-04,canonical_price_differs
2331,339770,2026-09-04,canonical_price_differs
2340,344820,2026-09-04,canonical_price_differs
2365,352820,2026-09-04,canonical_price_differs
2369,353200,2026-09-04,canonical_price_differs
2395,361610,2026-09-04,canonical_price_differs
2401,363280,2026-09-04,canonical_price_differs
2422,372910,2026-09-04,canonical_price_differs
2427,373220,2026-09-04,canonical_price_differs
2428,375500,2026-09-04,canonical_price_differs
2441,377300,2026-09-04,canonical_price_differs
2446,377740,2026-09-04,canonical_price_differs
2449,378850,2026-09-04,canonical_price_differs
2453,381970,2026-09-04,canonical_price_differs
2459,383220,2026-09-04,canonical_price_differs
2461,383800,2026-09-04,canonical_price_differs
2499,402340,2026-09-04,canonical_price_differs
2502,403550,2026-09-04,canonical_price_differs
2563,439260,2026-09-04,canonical_price_differs
2570,443060,2026-09-04,canonical_price_differs
2577,446070,2026-09-04,canonical_price_differs
2584,450080,2026-09-04,canonical_price_differs
2595,452260,2026-09-04,canonical_price_differs
2602,453340,2026-09-04,canonical_price_differs
2605,454910,2026-09-04,canonical_price_differs
2609,456040,2026-09-04,canonical_price_differs
2623,460850,2026-09-04,canonical_price_differs
2624,460860,2026-09-04,canonical_price_differs
2633,462520,2026-09-04,canonical_price_differs
2635,462870,2026-09-04,canonical_price_differs
2646,465770,2026-09-04,canonical_price_differs
2672,475150,2026-09-04,canonical_price_differs
2679,475560,2026-09-04,canonical_price_differs
2700,480370,2026-09-04,canonical_price_differs
2709,483650,2026-09-04,canonical_price_differs
2714,484870,2026-09-04,canonical_price_differs
2719,487570,2026-09-04,canonical_price_differs
2731,489790,2026-09-04,canonical_price_differs
2741,499790,2026-09-04,canonical_price_differs
