code,market,symbol_type,is_active,listed_at,delisted_at,last_price,last_rs,absent_price_dates,absent_rs_dates
0000,KOSPI,stock,False,,2026-08-20,,,01|02|03|04|07|08|09|10|11|14|15|16|17|18|21|22|23|28|29|30,01|02|03|04|07|08|09|10|11|14|15|16|17|18|21|22|23|28|29|30
000020,KOSPI,stock,True,,,2026-09-17,2026-09-04,18|21|22|23|28|29|30,07|08|09|10|11|14|15|16|17|18|21|22|23|28|29|30
000040,KOSPI,stock,True,,,2026-09-04,2026-06-15,07|08|09|10|11|14|15|16|17|18|21|22|23|28|29|30,01|02|03|04|07|08|09|10|11|14|15|16|17|18|21|22|23|28|29|30
000050,KOSPI,stock,True,,,2026-09-17,2026-09-04,18|21|22|23|28|29|30,07|08|09|10|11|14|15|16|17|18|21|22|23|28|29|30
000070,KOSPI,stock,True,,,2026-09-17,2026-09-04,18|21|22|23|28|29|30,07|08|09|10|11|14|15|16|17|18|21|22|23|28|29|30
000080,KOSPI,stock,True,,,2026-09-17,2026-09-04,18|21|22|23|28|29|30,07|08|09|10|11|14|15|16|17|18|21|22|23|28|29|30
000087,KOSPI,stock,True,,,2026-09-17,2026-09-04,18|21|22|23|28|29|30,07|08|09|10|11|14|15|16|17|18|21|22|23|28|29|30
0000D0,KOSPI,etf,True,,,2026-09-17,,18|21|22|23|28|29|30,01|02|03|04|07|08|09|10|11|14|15|16|17|18|21|22|23|28|29|30
0000H0,KOSPI,etf,True,,,2026-09-17,,18|21|22|23|28|29|30,01|02|03|04|07|08|09|10|11|14|15|16|17|18|21|22|23|28|29|30
0000J0,KOSPI,etf,True,,,,,01|02|03|04|07|08|09|10|11|14|15|16|17|18|21|22|23|28|29|30,01|02|03|04|07|08|09|10|11|14|15|16|17|18|21|22|23|28|29|30
0000Y0,KOSPI,etf,True,,,2026-09-17,,18|21|22|23|28|29|30,01|02|03|04|07|08|09|10|11|14|15|16|17|18|21|22|23|28|29|30
0000Z0,KOSPI,etf,True,,,2026-09-17,,18|21|22|23|28|29|30,01|02|03|04|07|08|09|10|11|14|15|16|17|18|21|22|23|28|29|30
0001,KOSDAQ,stock,False,,2026-08-20,,,01|02|03|04|07|08|09|10|11|14|15|16|17|18|21|22|23|28|29|30,01|02|03|04|07|08|09|10|11|14|15|16|17|18|21|22|23|28|29|30
000100,KOSPI,stock,True,,,2026-09-17,2026-09-04,18|21|22|23|28|29|30,07|08|09|10|11|14|15|16|17|18|21|22|23|28|29|30
000105,KOSPI,stock,True,,,2026-09-17,2026-09-04,18|21|22|23|28|29|30,07|08|09|10|11|14|15|16|17|18|21|22|23|28|29|30
000120,KOSPI,stock,True,,,2026-09-17,2026-09-04,18|21|22|23|28|29|30,07|08|09|10|11|14|15|16|17|18|21|22|23|28|29|30
000140,KOSPI,stock,True,,,2026-09-17,2026-09-04,18|21|22|23|28|29|30,07|08|09|10|11|14|15|16|17|18|21|22|23|28|29|30
000145,KOSPI,stock,True,,,2026-09-17,2026-09-04,18|21|22|23|28|29|30,07|08|09|10|11|14|15|16|17|18|21|22|23|28|29|30
000150,KOSPI,stock,True,,,2026-09-17,2026-09-04,18|21|22|23|28|29|30,07|08|09|10|11|14|15|16|17|18|21|22|23|28|29|30
000155,KOSPI,stock,True,,,2026-09-17,2026-09-04,18|21|22|23|28|29|30,07|08|09|10|11|14|15|16|17|18|21|22|23|28|29|30
000157,KOSPI,stock,True,,,2026-09-17,2026-09-04,18|21|22|23|28|29|30,07|08|09|10|11|14|15|16|17|18|21|22|23|28|29|30
000180,KOSPI,stock,True,,,2026-09-17,2026-09-04,18|21|22|23|28|29|30,07|08|09|10|11|14|15|16|17|18|21|22|23|28|29|30
0001A0,KOSDAQ,stock,True,,,2026-09-17,,18|21|22|23|28|29|30,01|02|03|04|07|08|09|10|11|14|15|16|17|18|21|22|23|28|29|30
0001P0,KOSPI,etf,True,,,2026-09-17,,18|21|22|23|28|29|30,01|02|03|04|07|08|09|10|11|14|15|16|17|18|21|22|23|28|29|30
000210,KOSPI,stock,True,,,2026-09-17,2026-09-04,18|21|22|23|28|29|30,07|08|09|10|11|14|15|16|17|18|21|22|23|28|29|30
000215,KOSPI,stock,True,,,2026-09-17,2026-09-04,18|21|22|23|28|29|30,07|08|09|10|11|14|15|16|17|18|21|22|23|28|29|30
000220,KOSPI,stock,True,,,2026-09-17,2026-09-04,18|21|22|23|28|29|30,07|08|09|10|11|14|15|16|17|18|21|22|23|28|29|30
000225,KOSPI,stock,True,,,2026-09-17,2026-09-04,18|21|22|23|28|29|30,07|08|09|10|11|14|15|16|17|18|21|22|23|28|29|30
000227,KOSPI,stock,True,,,2026-09-17,2026-09-04,18|21|22|23|28|29|30,07|08|09|10|11|14|15|16|17|18|21|22|23|28|29|30
000230,KOSPI,stock,True,,,2026-09-17,2026-09-04,18|21|22|23|28|29|30,07|08|09|10|11|14|15|16|17|18|21|22|23|28|29|30
000240,KOSPI,stock,True,,,2026-09-17,2026-09-04,18|21|22|23|28|29|30,07|08|09|10|11|14|15|16|17|18|21|22|23|28|29|30
000250,KOSDAQ,stock,True,,,2026-09-17,2026-09-04,18|21|22|23|28|29|30,07|08|09|10|11|14|15|16|17|18|21|22|23|28|29|30
000270,KOSPI,stock,True,,,2026-09-17,2026-09-04,18|21|22|23|28|29|30,07|08|09|10|11|14|15|16|17|18|21|22|23|28|29|30
0002C0,KOSPI,etf,True,,,2026-09-17,,18|21|22|23|28|29|30,01|02|03|04|07|08|09|10|11|14|15|16|17|18|21|22|23|28|29|30
000300,KOSPI,stock,True,,,2026-08-10,2026-09-04,01|02|03|04|07|08|09|10|11|14|15|16|17|18|21|22|23|28|29|30,07|08|09|10|11|14|15|16|17|18|21|22|23|28|29|30
000320,KOSPI,stock,True,,,2026-09-17,2026-09-04,18|21|22|23|28|29|30,07|08|09|10|11|14|15|16|17|18|21|22|23|28|29|30
000325,KOSPI,stock,True,,,2026-09-17,2026-09-04,18|21|22|23|28|29|30,07|08|09|10|11|14|15|16|17|18|21|22|23|28|29|30
000370,KOSPI,stock,True,,,2026-09-17,2026-09-04,18|21|22|23|28|29|30,07|08|09|10|11|14|15|16|17|18|21|22|23|28|29|30
000390,KOSPI,stock,True,,,2026-09-17,2026-09-04,18|21|22|23|28|29|30,07|08|09|10|11|14|15|16|17|18|21|22|23|28|29|30
0004,KOSDAQ,stock,False,,2026-08-20,,,01|02|03|04|07|08|09|10|11|14|15|16|17|18|21|22|23|28|29|30,01|02|03|04|07|08|09|10|11|14|15|16|17|18|21|22|23|28|29|30
000400,KOSPI,stock,True,,,2026-09-17,2026-09-04,18|21|22|23|28|29|30,07|08|09|10|11|14|15|16|17|18|21|22|23|28|29|30
000430,KOSPI,stock,True,,,2026-09-17,2026-09-04,18|21|22|23|28|29|30,07|08|09|10|11|14|15|16|17|18|21|22|23|28|29|30
000440,KOSDAQ,stock,True,,,2026-09-17,2026-09-04,18|21|22|23|28|29|30,07|08|09|10|11|14|15|16|17|18|21|22|23|28|29|30
000480,KOSPI,stock,True,,,2026-09-17,2026-06-15,18|21|22|23|28|29|30,01|02|03|04|07|08|09|10|11|14|15|16|17|18|21|22|23|28|29|30
000490,KOSPI,stock,True,,,2026-09-17,2026-09-04,18|21|22|23|28|29|30,07|08|09|10|11|14|15|16|17|18|21|22|23|28|29|30
0004G0,KOSPI,etf,True,,,2026-09-17,,18|21|22|23|28|29|30,01|02|03|04|07|08|09|10|11|14|15|16|17|18|21|22|23|28|29|30
0004V0,KOSDAQ,stock,True,,,2026-09-17,,18|21|22|23|28|29|30,01|02|03|04|07|08|09|10|11|14|15|16|17|18|21|22|23|28|29|30
0004Y0,KOSDAQ,stock,True,,,2026-09-17,2026-09-04,18|21|22|23|28|29|30,07|08|09|10|11|14|15|16|17|18|21|22|23|28|29|30
0005,KOSPI,stock,False,,2026-08-20,,,01|02|03|04|07|08|09|10|11|14|15|16|17|18|21|22|23|28|29|30,01|02|03|04|07|08|09|10|11|14|15|16|17|18|21|22|23|28|29|30
000500,KOSPI,stock,True,,,2026-09-17,2026-09-04,18|21|22|23|28|29|30,07|08|09|10|11|14|15|16|17|18|21|22|23|28|29|30
000520,KOSPI,stock,True,,,2026-09-17,2026-09-04,18|21|22|23|28|29|30,07|08|09|10|11|14|15|16|17|18|21|22|23|28|29|30
000540,KOSPI,stock,True,,,2026-09-17,2026-09-04,18|21|22|23|28|29|30,07|08|09|10|11|14|15|16|17|18|21|22|23|28|29|30
000545,KOSPI,stock,True,,,,,01|02|03|04|07|08|09|10|11|14|15|16|17|18|21|22|23|28|29|30,01|02|03|04|07|08|09|10|11|14|15|16|17|18|21|22|23|28|29|30
000590,KOSPI,stock,True,,,2026-09-17,2026-09-04,18|21|22|23|28|29|30,07|08|09|10|11|14|15|16|17|18|21|22|23|28|29|30
0005A0,KOSPI,etf,True,,,2026-09-17,,18|21|22|23|28|29|30,01|02|03|04|07|08|09|10|11|14|15|16|17|18|21|22|23|28|29|30
0005C0,KOSPI,etf,True,,,2026-09-17,,18|21|22|23|28|29|30,01|02|03|04|07|08|09|10|11|14|15|16|17|18|21|22|23|28|29|30
0005D0,KOSPI,etf,True,,,2026-09-17,,18|21|22|23|28|29|30,01|02|03|04|07|08|09|10|11|14|15|16|17|18|21|22|23|28|29|30
0005G0,KOSPI,etf,True,,,2026-09-17,,18|21|22|23|28|29|30,01|02|03|04|07|08|09|10|11|14|15|16|17|18|21|22|23|28|29|30
000640,KOSPI,stock,True,,,2026-09-17,2026-09-04,18|21|22|23|28|29|30,07|08|09|10|11|14|15|16|17|18|21|22|23|28|29|30
000650,KOSPI,stock,True,,,2026-09-17,2026-09-04,18|21|22|23|28|29|30,07|08|09|10|11|14|15|16|17|18|21|22|23|28|29|30
000660,KOSPI,stock,True,,,2026-09-17,2026-09-04,18|21|22|23|28|29|30,07|08|09|10|11|14|15|16|17|18|21|22|23|28|29|30
000670,KOSPI,stock,True,,,2026-09-17,2026-09-04,18|21|22|23|28|29|30,07|08|09|10|11|14|15|16|17|18|21|22|23|28|29|30
000680,KOSPI,stock,True,,,2026-09-17,2026-09-04,18|21|22|23|28|29|30,07|08|09|10|11|14|15|16|17|18|21|22|23|28|29|30
0007,KOSPI,stock,False,,2026-08-20,,,01|02|03|04|07|08|09|10|11|14|15|16|17|18|21|22|23|28|29|30,01|02|03|04|07|08|09|10|11|14|15|16|17|18|21|22|23|28|29|30
000700,KOSPI,stock,True,,,2026-09-17,2026-09-04,18|21|22|23|28|29|30,07|08|09|10|11|14|15|16|17|18|21|22|23|28|29|30
000720,KOSPI,stock,True,,,2026-09-17,2026-09-04,18|21|22|23|28|29|30,07|08|09|10|11|14|15|16|17|18|21|22|23|28|29|30
000725,KOSPI,stock,True,,,2026-09-17,2026-09-04,18|21|22|23|28|29|30,07|08|09|10|11|14|15|16|17|18|21|22|23|28|29|30
000760,KOSPI,stock,True,,,2026-09-17,2026-09-04,18|21|22|23|28|29|30,07|08|09|10|11|14|15|16|17|18|21|22|23|28|29|30
0007C0,KOSDAQ,stock,True,,,2026-09-17,,18|21|22|23|28|29|30,01|02|03|04|07|08|09|10|11|14|15|16|17|18|21|22|23|28|29|30
0007F0,KOSPI,etf,True,,,2026-09-17,,18|21|22|23|28|29|30,01|02|03|04|07|08|09|10|11|14|15|16|17|18|21|22|23|28|29|30
0007G0,KOSPI,etf,True,,,2026-09-17,,18|21|22|23|28|29|30,01|02|03|04|07|08|09|10|11|14|15|16|17|18|21|22|23|28|29|30
0007J0,KOSDAQ,stock,True,,,2026-09-17,,18|21|22|23|28|29|30,01|02|03|04|07|08|09|10|11|14|15|16|17|18|21|22|23|28|29|30
0007N0,KOSPI,etf,True,,,2026-09-17,,18|21|22|23|28|29|30,01|02|03|04|07|08|09|10|11|14|15|16|17|18|21|22|23|28|29|30
0008,KOSPI,stock,False,,2026-08-20,,,01|02|03|04|07|08|09|10|11|14|15|16|17|18|21|22|23|28|29|30,01|02|03|04|07|08|09|10|11|14|15|16|17|18|21|22|23|28|29|30
000810,KOSPI,stock,True,,,2026-09-17,2026-09-04,18|21|22|23|28|29|30,07|08|09|10|11|14|15|16|17|18|21|22|23|28|29|30
000815,KOSPI,stock,True,,,2026-09-17,2026-09-04,18|21|22|23|28|29|30,07|08|09|10|11|14|15|16|17|18|21|22|23|28|29|30
000850,KOSPI,stock,True,,,2026-09-17,2026-09-04,18|21|22|23|28|29|30,07|08|09|10|11|14|15|16|17|18|21|22|23|28|29|30
000860,KOSPI,stock,True,,,2026-09-17,2026-09-04,18|21|22|23|28|29|30,07|08|09|10|11|14|15|16|17|18|21|22|23|28|29|30
00088,KOSPI,stock,False,,2026-08-20,,,01|02|03|04|07|08|09|10|11|14|15|16|17|18|21|22|23|28|29|30,01|02|03|04|07|08|09|10|11|14|15|16|17|18|21|22|23|28|29|30
000880,KOSPI,stock,True,,,2026-09-17,2026-09-04,18|21|22|23|28|29|30,07|08|09|10|11|14|15|16|17|18|21|22|23|28|29|30
00088K,KOSPI,stock,True,,,2026-09-17,2026-09-04,18|21|22|23|28|29|30,07|08|09|10|11|14|15|16|17|18|21|22|23|28|29|30
000890,KOSPI,stock,True,,,2026-09-17,2026-09-04,18|21|22|23|28|29|30,07|08|09|10|11|14|15|16|17|18|21|22|23|28|29|30
0008E0,KOSPI,etf,True,,,2026-09-17,,18|21|22|23|28|29|30,01|02|03|04|07|08|09|10|11|14|15|16|17|18|21|22|23|28|29|30
0008S0,KOSPI,etf,True,,,2026-09-17,,18|21|22|23|28|29|30,01|02|03|04|07|08|09|10|11|14|15|16|17|18|21|22|23|28|29|30
0008T0,KOSPI,etf,True,,,2026-09-17,,18|21|22|23|28|29|30,01|02|03|04|07|08|09|10|11|14|15|16|17|18|21|22|23|28|29|30
0008Z0,KOSDAQ,stock,True,,,2026-09-17,2026-09-04,18|21|22|23|28|29|30,07|08|09|10|11|14|15|16|17|18|21|22|23|28|29|30
0009,KOSDAQ,stock,False,,2026-08-20,,,01|02|03|04|07|08|09|10|11|14|15|16|17|18|21|22|23|28|29|30,01|02|03|04|07|08|09|10|11|14|15|16|17|18|21|22|23|28|29|30
000910,KOSPI,stock,True,,,2026-09-17,2026-09-04,18|21|22|23|28|29|30,07|08|09|10|11|14|15|16|17|18|21|22|23|28|29|30
000950,KOSPI,stock,True,,,2026-09-17,2026-09-04,18|21|22|23|28|29|30,07|08|09|10|11|14|15|16|17|18|21|22|23|28|29|30
000970,KOSPI,stock,True,,,2026-09-17,2026-09-04,18|21|22|23|28|29|30,07|08|09|10|11|14|15|16|17|18|21|22|23|28|29|30
000990,KOSPI,stock,True,,,2026-09-17,2026-09-04,18|21|22|23|28|29|30,07|08|09|10|11|14|15|16|17|18|21|22|23|28|29|30
0009K0,KOSDAQ,stock,True,,,2026-09-17,,18|21|22|23|28|29|30,01|02|03|04|07|08|09|10|11|14|15|16|17|18|21|22|23|28|29|30
0010,KOSDAQ,stock,False,,2026-08-20,,,01|02|03|04|07|08|09|10|11|14|15|16|17|18|21|22|23|28|29|30,01|02|03|04|07|08|09|10|11|14|15|16|17|18|21|22|23|28|29|30
001000,KOSDAQ,stock,True,,,2026-09-17,2026-09-04,18|21|22|23|28|29|30,07|08|09|10|11|14|15|16|17|18|21|22|23|28|29|30
001020,KOSPI,stock,True,,,2026-09-17,2026-09-04,18|21|22|23|28|29|30,07|08|09|10|11|14|15|16|17|18|21|22|23|28|29|30
00104,KOSPI,stock,False,,2026-08-20,,,01|02|03|04|07|08|09|10|11|14|15|16|17|18|21|22|23|28|29|30,01|02|03|04|07|08|09|10|11|14|15|16|17|18|21|22|23|28|29|30
001040,KOSPI,stock,True,,,2026-09-17,2026-09-04,18|21|22|23|28|29|30,07|08|09|10|11|14|15|16|17|18|21|22|23|28|29|30
001045,KOSPI,stock,True,,,2026-09-17,2026-09-04,18|21|22|23|28|29|30,07|08|09|10|11|14|15|16|17|18|21|22|23|28|29|30
00104K,KOSPI,stock,True,,,2026-09-17,2026-09-04,18|21|22|23|28|29|30,07|08|09|10|11|14|15|16|17|18|21|22|23|28|29|30
001060,KOSPI,stock,True,,,2026-09-17,2026-09-04,18|21|22|23|28|29|30,07|08|09|10|11|14|15|16|17|18|21|22|23|28|29|30
001065,KOSPI,stock,True,,,2026-09-17,2026-09-04,18|21|22|23|28|29|30,07|08|09|10|11|14|15|16|17|18|21|22|23|28|29|30
001067,KOSPI,stock,True,,,2026-09-17,2026-09-04,18|21|22|23|28|29|30,07|08|09|10|11|14|15|16|17|18|21|22|23|28|29|30
001070,KOSPI,stock,True,,,2026-09-17,2026-09-04,18|21|22|23|28|29|30,07|08|09|10|11|14|15|16|17|18|21|22|23|28|29|30
001080,KOSPI,stock,True,,,2026-09-17,2026-06-15,18|21|22|23|28|29|30,01|02|03|04|07|08|09|10|11|14|15|16|17|18|21|22|23|28|29|30
0010F0,KOSDAQ,stock,True,,,2026-09-17,,18|21|22|23|28|29|30,01|02|03|04|07|08|09|10|11|14|15|16|17|18|21|22|23|28|29|30
0010V0,KOSDAQ,stock,True,,,2026-09-17,2026-09-04,18|21|22|23|28|29|30,01|02|07|08|09|10|11|14|15|16|17|18|21|22|23|28|29|30
0011,KOSDAQ,stock,False,,2026-08-20,,,01|02|03|04|07|08|09|10|11|14|15|16|17|18|21|22|23|28|29|30,01|02|03|04|07|08|09|10|11|14|15|16|17|18|21|22|23|28|29|30
001120,KOSPI,stock,True,,,2026-09-17,2026-09-04,18|21|22|23|28|29|30,07|08|09|10|11|14|15|16|17|18|21|22|23|28|29|30
001130,KOSPI,stock,True,,,2026-09-17,2026-09-04,18|21|22|23|28|29|30,07|08|09|10|11|14|15|16|17|18|21|22|23|28|29|30
0011A0,KOSDAQ,stock,True,,,2026-09-17,,18|21|22|23|28|29|30,01|02|03|04|07|08|09|10|11|14|15|16|17|18|21|22|23|28|29|30
0011T0,KOSDAQ,stock,True,,,2026-09-17,,18|21|22|23|28|29|30,01|02|03|04|07|08|09|10|11|14|15|16|17|18|21|22|23|28|29|30
001200,KOSPI,stock,True,,,2026-09-17,2026-09-04,18|21|22|23|28|29|30,07|08|09|10|11|14|15|16|17|18|21|22|23|28|29|30
001210,KOSPI,stock,True,,,2026-09-17,2026-09-04,18|21|22|23|28|29|30,07|08|09|10|11|14|15|16|17|18|21|22|23|28|29|30
001230,KOSPI,stock,True,,,2026-09-17,2026-09-04,18|21|22|23|28|29|30,07|08|09|10|11|14|15|16|17|18|21|22|23|28|29|30
001250,KOSPI,stock,True,,,2026-09-17,2026-09-04,18|21|22|23|28|29|30,07|08|09|10|11|14|15|16|17|18|21|22|23|28|29|30
001260,KOSPI,stock,True,,,2026-09-17,2026-09-04,18|21|22|23|28|29|30,07|08|09|10|11|14|15|16|17|18|21|22|23|28|29|30
001270,KOSPI,stock,True,,,2026-09-17,2026-09-04,18|21|22|23|28|29|30,07|08|09|10|11|14|15|16|17|18|21|22|23|28|29|30
001275,KOSPI,stock,True,,,2026-09-17,2026-09-04,18|21|22|23|28|29|30,07|08|09|10|11|14|15|16|17|18|21|22|23|28|29|30
001290,KOSPI,stock,True,,,2026-09-17,2026-09-04,18|21|22|23|28|29|30,07|08|09|10|11|14|15|16|17|18|21|22|23|28|29|30
0013,KOSPI,stock,False,,2026-08-20,,,01|02|03|04|07|08|09|10|11|14|15|16|17|18|21|22|23|28|29|30,01|02|03|04|07|08|09|10|11|14|15|16|17|18|21|22|23|28|29|30
001340,KOSPI,stock,True,,,2026-09-17,2026-09-04,18|21|22|23|28|29|30,07|08|09|10|11|14|15|16|17|18|21|22|23|28|29|30
001360,KOSPI,stock,True,,,2026-09-17,2026-09-04,18|21|22|23|28|29|30,07|08|09|10|11|14|15|16|17|18|21|22|23|28|29|30
001380,KOSPI,stock,True,,,2026-09-17,2026-09-04,18|21|22|23|28|29|30,07|08|09|10|11|14|15|16|17|18|21|22|23|28|29|30
001390,KOSPI,stock,True,,,2026-09-17,2026-09-04,18|21|22|23|28|29|30,07|08|09|10|11|14|15|16|17|18|21|22|23|28|29|30
0013P0,KOSPI,etf,True,,,2026-09-17,,18|21|22|23|28|29|30,01|02|03|04|07|08|09|10|11|14|15|16|17|18|21|22|23|28|29|30
0013R0,KOSPI,etf,True,,,2026-09-17,,18|21|22|23|28|29|30,01|02|03|04|07|08|09|10|11|14|15|16|17|18|21|22|23|28|29|30
0013V0,KOSDAQ,stock,True,,,2026-09-17,,18|21|22|23|28|29|30,01|02|03|04|07|08|09|10|11|14|15|16|17|18|21|22|23|28|29|30
001420,KOSPI,stock,True,,,2026-08-12,2026-09-04,01|02|03|04|07|08|09|10|11|14|15|16|17|18|21|22|23|28|29|30,07|08|09|10|11|14|15|16|17|18|21|22|23|28|29|30
001430,KOSPI,stock,True,,,2026-09-17,2026-09-04,18|21|22|23|28|29|30,07|08|09|10|11|14|15|16|17|18|21|22|23|28|29|30
001440,KOSPI,stock,True,,,2026-09-17,2026-06-15,18|21|22|23|28|29|30,01|02|03|04|07|08|09|10|11|14|15|16|17|18|21|22|23|28|29|30
001450,KOSPI,stock,True,,,2026-09-17,2026-09-04,18|21|22|23|28|29|30,07|08|09|10|11|14|15|16|17|18|21|22|23|28|29|30
001460,KOSPI,stock,True,,,2026-09-17,2026-06-15,18|21|22|23|28|29|30,01|02|03|04|07|08|09|10|11|14|15|16|17|18|21|22|23|28|29|30
001465,KOSPI,stock,True,,,2026-09-17,2026-06-15,18|21|22|23|28|29|30,01|02|03|04|07|08|09|10|11|14|15|16|17|18|21|22|23|28|29|30
001470,KOSPI,stock,True,,,2026-08-10,2026-09-04,01|02|03|04|07|08|09|10|11|14|15|16|17|18|21|22|23|28|29|30,07|08|09|10|11|14|15|16|17|18|21|22|23|28|29|30
0015,KOSPI,stock,False,,2026-08-20,,,01|02|03|04|07|08|09|10|11|14|15|16|17|18|21|22|23|28|29|30,01|02|03|04|07|08|09|10|11|14|15|16|17|18|21|22|23|28|29|30
001500,KOSPI,stock,True,,,2026-09-17,2026-09-04,18|21|22|23|28|29|30,07|08|09|10|11|14|15|16|17|18|21|22|23|28|29|30
001510,KOSPI,stock,True,,,2026-09-17,2026-09-04,18|21|22|23|28|29|30,07|08|09|10|11|14|15|16|17|18|21|22|23|28|29|30
001515,KOSPI,stock,True,,,2026-09-17,2026-09-04,18|21|22|23|28|29|30,07|08|09|10|11|14|15|16|17|18|21|22|23|28|29|30
001520,KOSPI,stock,True,,,2026-09-17,2026-09-04,18|21|22|23|28|29|30,07|08|09|10|11|14|15|16|17|18|21|22|23|28|29|30
001525,KOSPI,stock,True,,,2026-09-17,2026-09-04,18|21|22|23|28|29|30,07|08|09|10|11|14|15|16|17|18|21|22|23|28|29|30
001527,KOSPI,stock,True,,,2026-08-26,2026-09-04,01|02|03|04|07|08|09|10|11|14|15|16|17|18|21|22|23|28|29|30,07|08|09|10|11|14|15|16|17|18|21|22|23|28|29|30
001530,KOSPI,stock,True,,,2026-09-17,2026-09-04,18|21|22|23|28|29|30,07|08|09|10|11|14|15|16|17|18|21|22|23|28|29|30
001540,KOSDAQ,stock,True,,,2026-09-17,2026-09-04,18|21|22|23|28|29|30,07|08|09|10|11|14|15|16|17|18|21|22|23|28|29|30
001550,KOSPI,stock,True,,,2026-09-17,2026-09-04,18|21|22|23|28|29|30,07|08|09|10|11|14|15|16|17|18|21|22|23|28|29|30
001560,KOSPI,stock,True,,,2026-09-17,2026-09-04,18|21|22|23|28|29|30,07|08|09|10|11|14|15|16|17|18|21|22|23|28|29|30
001570,KOSPI,stock,True,,,2026-08-10,2026-09-04,01|02|03|04|07|08|09|10|11|14|15|16|17|18|21|22|23|28|29|30,07|08|09|10|11|14|15|16|17|18|21|22|23|28|29|30
0015B0,KOSPI,etf,True,,,2026-09-17,,18|21|22|23|28|29|30,01|02|03|04|07|08|09|10|11|14|15|16|17|18|21|22|23|28|29|30
0015E0,KOSPI,etf,True,,,2026-09-17,,18|21|22|23|28|29|30,01|02|03|04|07|08|09|10|11|14|15|16|17|18|21|22|23|28|29|30
0015F0,KOSPI,etf,True,,,2026-09-17,,18|21|22|23|28|29|30,01|02|03|04|07|08|09|10|11|14|15|16|17|18|21|22|23|28|29|30
0015G0,KOSDAQ,stock,True,,,2026-09-17,,18|21|22|23|28|29|30,01|02|03|04|07|08|09|10|11|14|15|16|17|18|21|22|23|28|29|30
0015K0,KOSPI,etf,True,,,2026-09-17,,18|21|22|23|28|29|30,01|02|03|04|07|08|09|10|11|14|15|16|17|18|21|22|23|28|29|30
0015N0,KOSDAQ,stock,True,,,2026-09-17,,18|21|22|23|28|29|30,01|02|03|04|07|08|09|10|11|14|15|16|17|18|21|22|23|28|29|30
0015S0,KOSDAQ,stock,True,,,2026-09-17,,18|21|22|23|28|29|30,01|02|03|04|07|08|09|10|11|14|15|16|17|18|21|22|23|28|29|30
0016,KOSPI,stock,False,,2026-08-20,,,01|02|03|04|07|08|09|10|11|14|15|16|17|18|21|22|23|28|29|30,01|02|03|04|07|08|09|10|11|14|15|16|17|18|21|22|23|28|29|30
001620,KOSPI,stock,True,,,2026-09-17,2026-09-04,18|21|22|23|28|29|30,07|08|09|10|11|14|15|16|17|18|21|22|23|28|29|30
001630,KOSPI,stock,True,,,2026-09-17,2026-09-04,18|21|22|23|28|29|30,07|08|09|10|11|14|15|16|17|18|21|22|23|28|29|30
001680,KOSPI,stock,True,,,2026-09-17,2026-09-04,18|21|22|23|28|29|30,07|08|09|10|11|14|15|16|17|18|21|22|23|28|29|30
001685,KOSPI,stock,True,,,2026-09-17,2026-09-04,18|21|22|23|28|29|30,07|08|09|10|11|14|15|16|17|18|21|22|23|28|29|30
0016X0,KOSPI,etf,True,,,2026-09-17,,18|21|22|23|28|29|30,01|02|03|04|07|08|09|10|11|14|15|16|17|18|21|22|23|28|29|30
0017,KOSPI,stock,False,,2026-08-20,,,01|02|03|04|07|08|09|10|11|14|15|16|17|18|21|22|23|28|29|30,01|02|03|04|07|08|09|10|11|14|15|16|17|18|21|22|23|28|29|30
001720,KOSPI,stock,True,,,2026-09-17,2026-09-04,18|21|22|23|28|29|30,07|08|09|10|11|14|15|16|17|18|21|22|23|28|29|30
001740,KOSPI,stock,True,,,2026-09-17,2026-09-04,18|21|22|23|28|29|30,07|08|09|10|11|14|15|16|17|18|21|22|23|28|29|30
001750,KOSPI,stock,True,,,2026-09-17,2026-09-04,18|21|22|23|28|29|30,07|08|09|10|11|14|15|16|17|18|21|22|23|28|29|30
001755,KOSPI,stock,True,,,2026-09-17,2026-09-04,18|21|22|23|28|29|30,07|08|09|10|11|14|15|16|17|18|21|22|23|28|29|30
001770,KOSPI,stock,True,,,2026-09-17,2026-09-04,18|21|22|23|28|29|30,07|08|09|10|11|14|15|16|17|18|21|22|23|28|29|30
001780,KOSPI,stock,True,,,2026-09-17,2026-09-04,18|21|22|23|28|29|30,07|08|09|10|11|14|15|16|17|18|21|22|23|28|29|30
001790,KOSPI,stock,True,,,2026-09-17,2026-09-04,18|21|22|23|28|29|30,07|08|09|10|11|14|15|16|17|18|21|22|23|28|29|30
001795,KOSPI,stock,True,,,2026-09-17,2026-09-04,18|21|22|23|28|29|30,07|08|09|10|11|14|15|16|17|18|21|22|23|28|29|30
0017J0,KOSDAQ,stock,True,,,2026-09-17,,18|21|22|23|28|29|30,01|02|03|04|07|08|09|10|11|14|15|16|17|18|21|22|23|28|29|30
0017Y0,KOSPI,etf,True,,,2026-09-17,,18|21|22|23|28|29|30,01|02|03|04|07|08|09|10|11|14|15|16|17|18|21|22|23|28|29|30
0018,KOSPI,stock,False,,2026-08-20,,,01|02|03|04|07|08|09|10|11|14|15|16|17|18|21|22|23|28|29|30,01|02|03|04|07|08|09|10|11|14|15|16|17|18|21|22|23|28|29|30
001800,KOSPI,stock,True,,,2026-09-17,2026-09-04,18|21|22|23|28|29|30,07|08|09|10|11|14|15|16|17|18|21|22|23|28|29|30
001810,KOSDAQ,stock,True,,,2026-09-17,2026-09-04,18|21|22|23|28|29|30,07|08|09|10|11|14|15|16|17|18|21|22|23|28|29|30
001820,KOSPI,stock,True,,,2026-09-17,2026-09-04,18|21|22|23|28|29|30,07|08|09|10|11|14|15|16|17|18|21|22|23|28|29|30
001840,KOSDAQ,stock,True,,,2026-09-04,2026-09-04,07|08|09|10|11|14|15|16|17|18|21|22|23|28|29|30,07|08|09|10|11|14|15|16|17|18|21|22|23|28|29|30
0018C0,KOSPI,etf,True,,,2026-09-17,,18|21|22|23|28|29|30,01|02|03|04|07|08|09|10|11|14|15|16|17|18|21|22|23|28|29|30
0018Z0,KOSPI,etf,True,,,2026-09-17,,18|21|22|23|28|29|30,01|02|03|04|07|08|09|10|11|14|15|16|17|18|21|22|23|28|29|30
0019,KOSPI,stock,False,,2026-08-20,,,01|02|03|04|07|08|09|10|11|14|15|16|17|18|21|22|23|28|29|30,01|02|03|04|07|08|09|10|11|14|15|16|17|18|21|22|23|28|29|30
001940,KOSPI,stock,True,,,2026-09-17,2026-09-04,18|21|22|23|28|29|30,07|08|09|10|11|14|15|16|17|18|21|22|23|28|29|30
0019K0,KOSPI,etf,True,,,2026-09-17,,18|21|22|23|28|29|30,01|02|03|04|07|08|09|10|11|14|15|16|17|18|21|22|23|28|29|30
0020,KOSPI,stock,False,,2026-08-20,,,01|02|03|04|07|08|09|10|11|14|15|16|17|18|21|22|23|28|29|30,01|02|03|04|07|08|09|10|11|14|15|16|17|18|21|22|23|28|29|30
002020,KOSPI,stock,True,,,2026-09-17,2026-09-04,18|21|22|23|28|29|30,07|08|09|10|11|14|15|16|17|18|21|22|23|28|29|30
002025,KOSPI,stock,True,,,2026-09-17,2026-09-04,18|21|22|23|28|29|30,07|08|09|10|11|14|15|16|17|18|21|22|23|28|29|30
002030,KOSPI,stock,True,,,2026-09-17,2026-09-04,18|21|22|23|28|29|30,07|08|09|10|11|14|15|16|17|18|21|22|23|28|29|30
002070,KOSPI,stock,True,,,2026-09-16,2026-09-04,17|18|21|22|23|28|29|30,07|08|09|10|11|14|15|16|17|18|21|22|23|28|29|30
0020H0,KOSPI,etf,True,,,2026-09-17,,18|21|22|23|28|29|30,01|02|03|04|07|08|09|10|11|14|15|16|17|18|21|22|23|28|29|30
0021,KOSPI,stock,False,,2026-08-20,,,01|02|03|04|07|08|09|10|11|14|15|16|17|18|21|22|23|28|29|30,01|02|03|04|07|08|09|10|11|14|15|16|17|18|21|22|23|28|29|30
002100,KOSPI,stock,True,,,2026-09-17,2026-09-04,18|21|22|23|28|29|30,07|08|09|10|11|14|15|16|17|18|21|22|23|28|29|30
002140,KOSPI,stock,True,,,2026-09-17,2026-09-04,18|21|22|23|28|29|30,07|08|09|10|11|14|15|16|17|18|21|22|23|28|29|30
002150,KOSPI,stock,True,,,2026-09-17,2026-09-04,18|21|22|23|28|29|30,07|08|09|10|11|14|15|16|17|18|21|22|23|28|29|30
002170,KOSPI,stock,True,,,2026-09-17,2026-09-04,18|21|22|23|28|29|30,07|08|09|10|11|14|15|16|17|18|21|22|23|28|29|30
0022,KOSPI,stock,False,,2026-08-20,,,01|02|03|04|07|08|09|10|11|14|15|16|17|18|21|22|23|28|29|30,01|02|03|04|07|08|09|10|11|14|15|16|17|18|21|22|23|28|29|30
002200,KOSPI,stock,True,,,2026-09-17,2026-06-15,18|21|22|23|28|29|30,01|02|03|04|07|08|09|10|11|14|15|16|17|18|21|22|23|28|29|30
002210,KOSPI,stock,True,,,2026-09-17,2026-09-04,18|21|22|23|28|29|30,07|08|09|10|11|14|15|16|17|18|21|22|23|28|29|30
002220,KOSPI,stock,True,,,2026-09-17,2026-09-04,18|21|22|23|28|29|30,07|08|09|10|11|14|15|16|17|18|21|22|23|28|29|30
002230,KOSDAQ,stock,True,,,2026-09-17,2026-09-04,18|21|22|23|28|29|30,07|08|09|10|11|14|15|16|17|18|21|22|23|28|29|30
002240,KOSPI,stock,True,,,2026-09-17,2026-09-04,18|21|22|23|28|29|30,07|08|09|10|11|14|15|16|17|18|21|22|23|28|29|30
002290,KOSDAQ,stock,True,,,2026-09-17,2026-09-04,18|21|22|23|28|29|30,07|08|09|10|11|14|15|16|17|18|21|22|23|28|29|30
0022T0,KOSPI,etf,True,,,2026-09-17,,18|21|22|23|28|29|30,01|02|03|04|07|08|09|10|11|14|15|16|17|18|21|22|23|28|29|30
0023,KOSPI,stock,False,,2026-08-20,,,01|02|03|04|07|08|09|10|11|14|15|16|17|18|21|22|23|28|29|30,01|02|03|04|07|08|09|10|11|14|15|16|17|18|21|22|23|28|29|30
002310,KOSPI,stock,True,,,2026-09-17,2026-06-15,18|21|22|23|28|29|30,01|02|03|04|07|08|09|10|11|14|15|16|17|18|21|22|23|28|29|30
002320,KOSPI,stock,True,,,2026-09-17,2026-09-04,18|21|22|23|28|29|30,07|08|09|10|11|14|15|16|17|18|21|22|23|28|29|30
002350,KOSPI,stock,True,,,2026-09-17,2026-09-04,18|21|22|23|28|29|30,07|08|09|10|11|14|15|16|17|18|21|22|23|28|29|30
002355,KOSPI,stock,True,,,2026-09-17,2026-09-04,18|21|22|23|28|29|30,07|08|09|10|11|14|15|16|17|18|21|22|23|28|29|30
002360,KOSPI,stock,True,,,2026-09-17,2026-09-04,18|21|22|23|28|29|30,07|08|09|10|11|14|15|16|17|18|21|22|23|28|29|30
002380,KOSPI,stock,True,,,2026-09-17,2026-09-04,18|21|22|23|28|29|30,07|08|09|10|11|14|15|16|17|18|21|22|23|28|29|30
002390,KOSPI,stock,True,,,2026-09-17,2026-09-04,18|21|22|23|28|29|30,07|08|09|10|11|14|15|16|17|18|21|22|23|28|29|30
0023A0,KOSPI,etf,True,,,2026-09-17,,18|21|22|23|28|29|30,01|02|03|04|07|08|09|10|11|14|15|16|17|18|21|22|23|28|29|30
0023B0,KOSPI,etf,True,,,2026-09-17,,18|21|22|23|28|29|30,01|02|03|04|07|08|09|10|11|14|15|16|17|18|21|22|23|28|29|30
002410,KOSPI,stock,True,,,2026-08-10,2026-09-04,01|02|03|04|07|08|09|10|11|14|15|16|17|18|21|22|23|28|29|30,07|08|09|10|11|14|15|16|17|18|21|22|23|28|29|30
002420,KOSPI,stock,True,,,2026-09-17,2026-09-04,18|21|22|23|28|29|30,07|08|09|10|11|14|15|16|17|18|21|22|23|28|29|30
002450,KOSPI,stock,True,,,2026-09-17,2026-09-04,18|21|22|23|28|29|30,07|08|09|10|11|14|15|16|17|18|21|22|23|28|29|30
002460,KOSPI,stock,True,,,2026-09-17,2026-09-04,18|21|22|23|28|29|30,07|08|09|10|11|14|15|16|17|18|21|22|23|28|29|30
0025,KOSPI,stock,False,,2026-08-20,,,01|02|03|04|07|08|09|10|11|14|15|16|17|18|21|22|23|28|29|30,01|02|03|04|07|08|09|10|11|14|15|16|17|18|21|22|23|28|29|30
0025N0,KOSPI,etf,True,,,2026-09-17,,18|21|22|23|28|29|30,01|02|03|04|07|08|09|10|11|14|15|16|17|18|21|22|23|28|29|30
0026,KOSPI,stock,False,,2026-08-20,,,01|02|03|04|07|08|09|10|11|14|15|16|17|18|21|22|23|28|29|30,01|02|03|04|07|08|09|10|11|14|15|16|17|18|21|22|23|28|29|30
002600,KOSPI,stock,True,,,2026-09-17,2026-09-04,18|21|22|23|28|29|30,07|08|09|10|11|14|15|16|17|18|21|22|23|28|29|30
002620,KOSPI,stock,True,,,2026-09-17,2026-09-04,18|21|22|23|28|29|30,07|08|09|10|11|14|15|16|17|18|21|22|23|28|29|30
002630,KOSPI,stock,True,,,2026-09-02,2026-09-04,03|04|07|08|09|10|11|14|15|16|17|18|21|22|23|28|29|30,07|08|09|10|11|14|15|16|17|18|21|22|23|28|29|30
002680,KOSDAQ,stock,True,,,2026-09-17,2026-09-04,18|21|22|23|28|29|30,07|08|09|10|11|14|15|16|17|18|21|22|23|28|29|30
002690,KOSPI,stock,True,,,2026-09-17,2026-09-04,18|21|22|23|28|29|30,07|08|09|10|11|14|15|16|17|18|21|22|23|28|29|30
0026E0,KOSPI,etf,True,,,2026-09-17,,18|21|22|23|28|29|30,01|02|03|04|07|08|09|10|11|14|15|16|17|18|21|22|23|28|29|30
0026S0,KOSPI,etf,True,,,2026-09-17,,18|21|22|23|28|29|30,01|02|03|04|07|08|09|10|11|14|15|16|17|18|21|22|23|28|29|30
002700,KOSPI,stock,True,,,2026-09-17,2026-09-04,18|21|22|23|28|29|30,07|08|09|10|11|14|15|16|17|18|21|22|23|28|29|30
002710,KOSPI,stock,True,,,2026-09-17,2026-09-04,18|21|22|23|28|29|30,07|08|09|10|11|14|15|16|17|18|21|22|23|28|29|30
002720,KOSPI,stock,True,,,2026-09-17,2026-09-04,18|21|22|23|28|29|30,07|08|09|10|11|14|15|16|17|18|21|22|23|28|29|30
002760,KOSPI,stock,True,,,2026-09-17,2026-09-04,18|21|22|23|28|29|30,07|08|09|10|11|14|15|16|17|18|21|22|23|28|29|30
002780,KOSPI,stock,True,,,2026-09-17,2026-09-04,18|21|22|23|28|29|30,07|08|09|10|11|14|15|16|17|18|21|22|23|28|29|30
002785,KOSPI,stock,True,,,2026-09-07,,08|09|10|11|14|15|16|17|18|21|22|23|28|29|30,01|02|03|04|07|08|09|10|11|14|15|16|17|18|21|22|23|28|29|30
002787,KOSPI,stock,True,,,2026-09-17,,18|21|22|23|28|29|30,01|02|03|04|07|08|09|10|11|14|15|16|17|18|21|22|23|28|29|30
00279,KOSPI,stock,False,,2026-08-20,,,01|02|03|04|07|08|09|10|11|14|15|16|17|18|21|22|23|28|29|30,01|02|03|04|07|08|09|10|11|14|15|16|17|18|21|22|23|28|29|30
002790,KOSPI,stock,True,,,2026-09-17,2026-09-04,18|21|22|23|28|29|30,07|08|09|10|11|14|15|16|17|18|21|22|23|28|29|30
002795,KOSPI,stock,True,,,2026-09-17,2026-09-04,18|21|22|23|28|29|30,07|08|09|10|11|14|15|16|17|18|21|22|23|28|29|30
00279K,KOSPI,stock,True,,,2026-09-17,2026-09-04,18|21|22|23|28|29|30,07|08|09|10|11|14|15|16|17|18|21|22|23|28|29|30
0028,KOSPI,stock,False,,2026-08-20,,,01|02|03|04|07|08|09|10|11|14|15|16|17|18|21|22|23|28|29|30,01|02|03|04|07|08|09|10|11|14|15|16|17|18|21|22|23|28|29|30
002800,KOSDAQ,stock,True,,,2026-09-17,2026-09-04,18|21|22|23|28|29|30,07|08|09|10|11|14|15|16|17|18|21|22|23|28|29|30
002810,KOSPI,stock,True,,,2026-09-17,2026-09-04,18|21|22|23|28|29|30,07|08|09|10|11|14|15|16|17|18|21|22|23|28|29|30
002820,KOSPI,stock,True,,,2026-08-12,2026-09-04,01|02|03|04|07|08|09|10|11|14|15|16|17|18|21|22|23|28|29|30,07|08|09|10|11|14|15|16|17|18|21|22|23|28|29|30
002840,KOSPI,stock,True,,,2026-09-17,2026-09-04,18|21|22|23|28|29|30,07|08|09|10|11|14|15|16|17|18|21|22|23|28|29|30
002870,KOSPI,stock,True,,,2026-09-17,2026-09-04,18|21|22|23|28|29|30,07|08|09|10|11|14|15|16|17|18|21|22|23|28|29|30
002880,KOSPI,stock,True,,,2026-09-17,2026-06-15,18|21|22|23|28|29|30,01|02|03|04|07|08|09|10|11|14|15|16|17|18|21|22|23|28|29|30
0028X0,KOSPI,etf,True,,,2026-09-17,,18|21|22|23|28|29|30,01|02|03|04|07|08|09|10|11|14|15|16|17|18|21|22|23|28|29|30
002900,KOSPI,stock,True,,,2026-09-17,2026-06-15,18|21|22|23|28|29|30,01|02|03|04|07|08|09|10|11|14|15|16|17|18|21|22|23|28|29|30
002920,KOSPI,stock,True,,,2026-09-17,2026-09-04,18|21|22|23|28|29|30,07|08|09|10|11|14|15|16|17|18|21|22|23|28|29|30
002960,KOSPI,stock,True,,,2026-09-17,2026-09-04,18|21|22|23|28|29|30,07|08|09|10|11|14|15|16|17|18|21|22|23|28|29|30
002990,KOSPI,stock,True,,,2026-09-17,2026-09-04,18|21|22|23|28|29|30,07|08|09|10|11|14|15|16|17|18|21|22|23|28|29|30
002995,KOSPI,stock,True,,,,,01|02|03|04|07|08|09|10|11|14|15|16|17|18|21|22|23|28|29|30,01|02|03|04|07|08|09|10|11|14|15|16|17|18|21|22|23|28|29|30
0030,KOSPI,stock,False,,2026-08-20,,,01|02|03|04|07|08|09|10|11|14|15|16|17|18|21|22|23|28|29|30,01|02|03|04|07|08|09|10|11|14|15|16|17|18|21|22|23|28|29|30
003000,KOSPI,stock,True,,,2026-09-17,2026-09-04,18|21|22|23|28|29|30,07|08|09|10|11|14|15|16|17|18|21|22|23|28|29|30
003010,KOSPI,stock,True,,,2026-09-17,2026-09-04,18|21|22|23|28|29|30,07|08|09|10|11|14|15|16|17|18|21|22|23|28|29|30
003030,KOSPI,stock,True,,,2026-09-17,2026-09-04,18|21|22|23|28|29|30,07|08|09|10|11|14|15|16|17|18|21|22|23|28|29|30
003060,KOSPI,stock,True,,,2026-09-17,2026-06-15,18|21|22|23|28|29|30,01|02|03|04|07|08|09|10|11|14|15|16|17|18|21|22|23|28|29|30
003070,KOSPI,stock,True,,,2026-09-17,2026-09-04,18|21|22|23|28|29|30,07|08|09|10|11|14|15|16|17|18|21|22|23|28|29|30
003075,KOSPI,stock,True,,,2026-09-17,2026-09-04,18|21|22|23|28|29|30,07|08|09|10|11|14|15|16|17|18|21|22|23|28|29|30
003080,KOSPI,stock,True,,,2026-09-17,2026-09-04,18|21|22|23|28|29|30,07|08|09|10|11|14|15|16|17|18|21|22|23|28|29|30
003090,KOSPI,stock,True,,,2026-09-17,2026-09-04,18|21|22|23|28|29|30,07|08|09|10|11|14|15|16|17|18|21|22|23|28|29|30
0030R0,KOSPI,stock,True,,,2026-09-17,2026-09-04,18|21|22|23|28|29|30,07|08|09|10|11|14|15|16|17|18|21|22|23|28|29|30
003100,KOSDAQ,stock,True,,,2026-09-17,2026-09-04,18|21|22|23|28|29|30,07|08|09|10|11|14|15|16|17|18|21|22|23|28|29|30
003120,KOSPI,stock,True,,,2026-09-17,2026-09-04,18|21|22|23|28|29|30,07|08|09|10|11|14|15|16|17|18|21|22|23|28|29|30
003160,KOSPI,stock,True,,,2026-09-17,2026-09-04,18|21|22|23|28|29|30,07|08|09|10|11|14|15|16|17|18|21|22|23|28|29|30
003200,KOSPI,stock,True,,,2026-09-17,2026-06-15,18|21|22|23|28|29|30,01|02|03|04|07|08|09|10|11|14|15|16|17|18|21|22|23|28|29|30
003220,KOSPI,stock,True,,,2026-09-17,2026-09-04,18|21|22|23|28|29|30,07|08|09|10|11|14|15|16|17|18|21|22|23|28|29|30
003230,KOSPI,stock,True,,,2026-09-17,2026-09-04,18|21|22|23|28|29|30,07|08|09|10|11|14|15|16|17|18|21|22|23|28|29|30
003240,KOSPI,stock,True,,,2026-09-17,2026-09-04,18|21|22|23|28|29|30,07|08|09|10|11|14|15|16|17|18|21|22|23|28|29|30
003280,KOSPI,stock,True,,,2026-09-17,2026-09-04,18|21|22|23|28|29|30,07|08|09|10|11|14|15|16|17|18|21|22|23|28|29|30
003300,KOSPI,stock,True,,,2026-09-17,2026-09-04,18|21|22|23|28|29|30,07|08|09|10|11|14|15|16|17|18|21|22|23|28|29|30
003310,KOSDAQ,stock,True,,,2026-09-17,2026-09-04,18|21|22|23|28|29|30,07|08|09|10|11|14|15|16|17|18|21|22|23|28|29|30
003350,KOSPI,stock,True,,,2026-09-17,2026-09-04,18|21|22|23|28|29|30,07|08|09|10|11|14|15|16|17|18|21|22|23|28|29|30
003380,KOSDAQ,stock,True,,,2026-09-17,2026-09-04,18|21|22|23|28|29|30,07|08|09|10|11|14|15|16|17|18|21|22|23|28|29|30
003460,KOSPI,stock,True,,,2026-09-17,2026-09-04,18|21|22|23|28|29|30,07|08|09|10|11|14|15|16|17|18|21|22|23|28|29|30
003465,KOSPI,stock,True,,,2026-09-17,2026-09-04,18|21|22|23|28|29|30,07|08|09|10|11|14|15|16|17|18|21|22|23|28|29|30
003470,KOSPI,stock,True,,,2026-09-17,2026-09-04,18|21|22|23|28|29|30,07|08|09|10|11|14|15|16|17|18|21|22|23|28|29|30
003475,KOSPI,stock,True,,,2026-09-17,2026-09-04,18|21|22|23|28|29|30,07|08|09|10|11|14|15|16|17|18|21|22|23|28|29|30
003480,KOSPI,stock,True,,,2026-09-17,2026-09-04,18|21|22|23|28|29|30,07|08|09|10|11|14|15|16|17|18|21|22|23|28|29|30
003490,KOSPI,stock,True,,,2026-09-17,2026-09-04,18|21|22|23|28|29|30,07|08|09|10|11|14|15|16|17|18|21|22|23|28|29|30
003495,KOSPI,stock,True,,,2026-09-17,2026-09-04,18|21|22|23|28|29|30,07|08|09|10|11|14|15|16|17|18|21|22|23|28|29|30
0035,KOSPI,stock,False,,2026-08-20,,,01|02|03|04|07|08|09|10|11|14|15|16|17|18|21|22|23|28|29|30,01|02|03|04|07|08|09|10|11|14|15|16|17|18|21|22|23|28|29|30
003520,KOSPI,stock,True,,,2026-09-17,2026-09-04,18|21|22|23|28|29|30,07|08|09|10|11|14|15|16|17|18|21|22|23|28|29|30
003530,KOSPI,stock,True,,,2026-09-17,2026-09-04,18|21|22|23|28|29|30,07|08|09|10|11|14|15|16|17|18|21|22|23|28|29|30
003535,KOSPI,stock,True,,,2026-09-17,2026-09-04,18|21|22|23|28|29|30,07|08|09|10|11|14|15|16|17|18|21|22|23|28|29|30
003540,KOSPI,stock,True,,,2026-09-17,2026-09-04,18|21|22|23|28|29|30,07|08|09|10|11|14|15|16|17|18|21|22|23|28|29|30
003545,KOSPI,stock,True,,,2026-09-17,2026-09-04,18|21|22|23|28|29|30,07|08|09|10|11|14|15|16|17|18|21|22|23|28|29|30
003547,KOSPI,stock,True,,,2026-09-17,2026-09-04,18|21|22|23|28|29|30,07|08|09|10|11|14|15|16|17|18|21|22|23|28|29|30
003550,KOSPI,stock,True,,,2026-09-17,2026-09-04,18|21|22|23|28|29|30,07|08|09|10|11|14|15|16|17|18|21|22|23|28|29|30
003555,KOSPI,stock,True,,,2026-09-17,2026-09-04,18|21|22|23|28|29|30,07|08|09|10|11|14|15|16|17|18|21|22|23|28|29|30
003570,KOSPI,stock,True,,,2026-09-17,2026-09-04,18|21|22|23|28|29|30,07|08|09|10|11|14|15|16|17|18|21|22|23|28|29|30
003580,KOSPI,stock,True,,,2026-09-17,2026-09-04,18|21|22|23|28|29|30,07|08|09|10|11|14|15|16|17|18|21|22|23|28|29|30
0035T0,KOSPI,etf,True,,,2026-09-17,,18|21|22|23|28|29|30,01|02|03|04|07|08|09|10|11|14|15|16|17|18|21|22|23|28|29|30
0036,KOSPI,stock,False,,2026-08-20,,,01|02|03|04|07|08|09|10|11|14|15|16|17|18|21|22|23|28|29|30,01|02|03|04|07|08|09|10|11|14|15|16|17|18|21|22|23|28|29|30
003610,KOSPI,stock,True,,,2026-09-17,2026-09-04,18|21|22|23|28|29|30,07|08|09|10|11|14|15|16|17|18|21|22|23|28|29|30
003620,KOSPI,stock,True,,,2026-09-17,2026-09-04,18|21|22|23|28|29|30,07|08|09|10|11|14|15|16|17|18|21|22|23|28|29|30
003650,KOSPI,stock,True,,,2026-09-17,2026-09-04,18|21|22|23|28|29|30,07|08|09|10|11|14|15|16|17|18|21|22|23|28|29|30
003670,KOSPI,stock,True,,,2026-09-17,2026-09-04,18|21|22|23|28|29|30,07|08|09|10|11|14|15|16|17|18|21|22|23|28|29|30
003680,KOSPI,stock,True,,,2026-09-17,2026-09-04,18|21|22|23|28|29|30,07|08|09|10|11|14|15|16|17|18|21|22|23|28|29|30
003690,KOSPI,stock,True,,,2026-09-17,2026-09-04,18|21|22|23|28|29|30,07|08|09|10|11|14|15|16|17|18|21|22|23|28|29|30
0036D0,KOSPI,etf,False,,2026-08-20,2026-08-14,,01|02|03|04|07|08|09|10|11|14|15|16|17|18|21|22|23|28|29|30,01|02|03|04|07|08|09|10|11|14|15|16|17|18|21|22|23|28|29|30
0036R0,KOSPI,etf,True,,,2026-09-17,,18|21|22|23|28|29|30,01|02|03|04|07|08|09|10|11|14|15|16|17|18|21|22|23|28|29|30
0036Z0,KOSPI,etf,True,,,2026-09-17,,18|21|22|23|28|29|30,01|02|03|04|07|08|09|10|11|14|15|16|17|18|21|22|23|28|29|30
0037,KOSDAQ,stock,False,,2026-08-20,,,01|02|03|04|07|08|09|10|11|14|15|16|17|18|21|22|23|28|29|30,01|02|03|04|07|08|09|10|11|14|15|16|17|18|21|22|23|28|29|30
003720,KOSPI,stock,True,,,2026-09-17,2026-09-04,18|21|22|23|28|29|30,07|08|09|10|11|14|15|16|17|18|21|22|23|28|29|30
003780,KOSPI,stock,True,,,2026-09-17,2026-09-04,18|21|22|23|28|29|30,07|08|09|10|11|14|15|16|17|18|21|22|23|28|29|30
0037T0,KOSDAQ,stock,True,,,2026-09-17,2026-09-04,18|21|22|23|28|29|30,07|08|09|10|11|14|15|16|17|18|21|22|23|28|29|30
0038,KOSPI,stock,False,,2026-08-20,,,01|02|03|04|07|08|09|10|11|14|15|16|17|18|21|22|23|28|29|30,01|02|03|04|07|08|09|10|11|14|15|16|17|18|21|22|23|28|29|30
003800,KOSDAQ,stock,True,,,2026-09-17,2026-09-04,18|21|22|23|28|29|30,07|08|09|10|11|14|15|16|17|18|21|22|23|28|29|30
003830,KOSPI,stock,True,,,2026-09-17,2026-09-04,18|21|22|23|28|29|30,07|08|09|10|11|14|15|16|17|18|21|22|23|28|29|30
003850,KOSPI,stock,True,,,2026-09-17,2026-09-04,18|21|22|23|28|29|30,07|08|09|10|11|14|15|16|17|18|21|22|23|28|29|30
0038A0,KOSPI,etf,True,,,2026-09-17,,18|21|22|23|28|29|30,01|02|03|04|07|08|09|10|11|14|15|16|17|18|21|22|23|28|29|30
0039,KOSDAQ,stock,False,,2026-08-20,,,01|02|03|04|07|08|09|10|11|14|15|16|17|18|21|22|23|28|29|30,01|02|03|04|07|08|09|10|11|14|15|16|17|18|21|22|23|28|29|30
003920,KOSPI,stock,True,,,2026-09-17,2026-09-04,18|21|22|23|28|29|30,07|08|09|10|11|14|15|16|17|18|21|22|23|28|29|30
003925,KOSPI,stock,True,,,2026-09-17,2026-09-04,18|21|22|23|28|29|30,07|08|09|10|11|14|15|16|17|18|21|22|23|28|29|30
003960,KOSPI,stock,True,,,2026-09-17,2026-09-04,18|21|22|23|28|29|30,07|08|09|10|11|14|15|16|17|18|21|22|23|28|29|30
0039P0,KOSDAQ,stock,True,,,2026-09-17,,18|21|22|23|28|29|30,01|02|03|04|07|08|09|10|11|14|15|16|17|18|21|22|23|28|29|30
0040,KOSPI,stock,False,,2026-08-20,,,01|02|03|04|07|08|09|10|11|14|15|16|17|18|21|22|23|28|29|30,01|02|03|04|07|08|09|10|11|14|15|16|17|18|21|22|23|28|29|30
004000,KOSPI,stock,True,,,2026-09-17,2026-09-04,18|21|22|23|28|29|30,07|08|09|10|11|14|15|16|17|18|21|22|23|28|29|30
004020,KOSPI,stock,True,,,2026-09-17,2026-09-04,18|21|22|23|28|29|30,07|08|09|10|11|14|15|16|17|18|21|22|23|28|29|30
004060,KOSPI,stock,True,,,2026-09-17,2026-09-04,18|21|22|23|28|29|30,07|08|09|10|11|14|15|16|17|18|21|22|23|28|29|30
004080,KOSPI,stock,True,,,2026-09-17,2026-09-04,18|21|22|23|28|29|30,07|08|09|10|11|14|15|16|17|18|21|22|23|28|29|30
004090,KOSPI,stock,True,,,2026-09-17,2026-09-04,18|21|22|23|28|29|30,07|08|09|10|11|14|15|16|17|18|21|22|23|28|29|30
0040S0,KOSPI,etf,True,,,2026-09-17,,18|21|22|23|28|29|30,01|02|03|04|07|08|09|10|11|14|15|16|17|18|21|22|23|28|29|30
0040X0,KOSPI,etf,True,,,2026-09-17,,18|21|22|23|28|29|30,01|02|03|04|07|08|09|10|11|14|15|16|17|18|21|22|23|28|29|30
0040Y0,KOSPI,etf,True,,,2026-09-17,,18|21|22|23|28|29|30,01|02|03|04|07|08|09|10|11|14|15|16|17|18|21|22|23|28|29|30
0041,KOSPI,stock,False,,2026-08-20,,,01|02|03|04|07|08|09|10|11|14|15|16|17|18|21|22|23|28|29|30,01|02|03|04|07|08|09|10|11|14|15|16|17|18|21|22|23|28|29|30
004100,KOSPI,stock,True,,,2026-09-17,2026-09-04,18|21|22|23|28|29|30,07|08|09|10|11|14|15|16|17|18|21|22|23|28|29|30
004105,KOSPI,stock,True,,,2026-09-17,2026-09-04,18|21|22|23|28|29|30,07|08|09|10|11|14|15|16|17|18|21|22|23|28|29|30
004140,KOSPI,stock,True,,,2026-09-17,2026-09-04,18|21|22|23|28|29|30,07|08|09|10|11|14|15|16|17|18|21|22|23|28|29|30
004150,KOSPI,stock,True,,,2026-09-17,2026-09-04,18|21|22|23|28|29|30,07|08|09|10|11|14|15|16|17|18|21|22|23|28|29|30
004170,KOSPI,stock,True,,,2026-09-17,2026-09-04,18|21|22|23|28|29|30,07|08|09|10|11|14|15|16|17|18|21|22|23|28|29|30
0041B0,KOSDAQ,stock,True,,,2026-09-17,2026-09-04,18|21|22|23|28|29|30,07|08|09|10|11|14|15|16|17|18|21|22|23|28|29|30
0041D0,KOSPI,etf,True,,,2026-09-17,,18|21|22|23|28|29|30,01|02|03|04|07|08|09|10|11|14|15|16|17|18|21|22|23|28|29|30
0041E0,KOSPI,etf,True,,,2026-09-17,,18|21|22|23|28|29|30,01|02|03|04|07|08|09|10|11|14|15|16|17|18|21|22|23|28|29|30
0041J0,KOSDAQ,stock,True,,,2026-09-17,2026-09-04,18|21|22|23|28|29|30,07|08|09|10|11|14|15|16|17|18|21|22|23|28|29|30
0041L0,KOSDAQ,stock,True,,,2026-09-17,2026-09-04,18|21|22|23|28|29|30,07|08|09|10|11|14|15|16|17|18|21|22|23|28|29|30
004250,KOSPI,stock,True,,,2026-09-17,2026-09-04,18|21|22|23|28|29|30,07|08|09|10|11|14|15|16|17|18|21|22|23|28|29|30
004255,KOSPI,stock,True,,,2026-09-17,2026-09-04,18|21|22|23|28|29|30,07|08|09|10|11|14|15|16|17|18|21|22|23|28|29|30
004270,KOSPI,stock,True,,,2026-08-12,2026-09-04,01|02|03|04|07|08|09|10|11|14|15|16|17|18|21|22|23|28|29|30,07|08|09|10|11|14|15|16|17|18|21|22|23|28|29|30
0043,KOSPI,stock,False,,2026-08-20,,,01|02|03|04|07|08|09|10|11|14|15|16|17|18|21|22|23|28|29|30,01|02|03|04|07|08|09|10|11|14|15|16|17|18|21|22|23|28|29|30
004310,KOSPI,stock,True,,,2026-09-17,2026-09-04,18|21|22|23|28|29|30,07|08|09|10|11|14|15|16|17|18|21|22|23|28|29|30
004360,KOSPI,stock,True,,,2026-09-17,2026-09-04,18|21|22|23|28|29|30,07|08|09|10|11|14|15|16|17|18|21|22|23|28|29|30
004365,KOSPI,stock,True,,,2026-09-17,2026-09-04,18|21|22|23|28|29|30,07|08|09|10|11|14|15|16|17|18|21|22|23|28|29|30
004370,KOSPI,stock,True,,,2026-09-17,2026-09-04,18|21|22|23|28|29|30,07|08|09|10|11|14|15|16|17|18|21|22|23|28|29|30
004380,KOSPI,stock,True,,,2026-09-17,2026-09-04,18|21|22|23|28|29|30,07|08|09|10|11|14|15|16|17|18|21|22|23|28|29|30
0043B0,KOSPI,etf,True,,,2026-09-17,,18|21|22|23|28|29|30,01|02|03|04|07|08|09|10|11|14|15|16|17|18|21|22|23|28|29|30
0043Y0,KOSPI,etf,True,,,2026-09-17,,18|21|22|23|28|29|30,01|02|03|04|07|08|09|10|11|14|15|16|17|18|21|22|23|28|29|30
0044,KOSDAQ,stock,False,,2026-08-20,,,01|02|03|04|07|08|09|10|11|14|15|16|17|18|21|22|23|28|29|30,01|02|03|04|07|08|09|10|11|14|15|16|17|18|21|22|23|28|29|30
004410,KOSPI,stock,True,,,2026-09-17,2026-09-04,18|21|22|23|28|29|30,07|08|09|10|11|14|15|16|17|18|21|22|23|28|29|30
004415,KOSPI,stock,True,,,,,01|02|03|04|07|08|09|10|11|14|15|16|17|18|21|22|23|28|29|30,01|02|03|04|07|08|09|10|11|14|15|16|17|18|21|22|23|28|29|30
004430,KOSPI,stock,True,,,2026-09-17,2026-09-04,18|21|22|23|28|29|30,07|08|09|10|11|14|15|16|17|18|21|22|23|28|29|30
004440,KOSPI,stock,True,,,2026-09-17,2026-09-04,18|21|22|23|28|29|30,07|08|09|10|11|14|15|16|17|18|21|22|23|28|29|30
004450,KOSPI,stock,True,,,2026-09-17,2026-09-04,18|21|22|23|28|29|30,07|08|09|10|11|14|15|16|17|18|21|22|23|28|29|30
004490,KOSPI,stock,True,,,2026-09-17,2026-09-04,18|21|22|23|28|29|30,07|08|09|10|11|14|15|16|17|18|21|22|23|28|29|30
0044K0,KOSDAQ,stock,True,,,2026-09-17,2026-09-04,18|21|22|23|28|29|30,01|02|07|08|09|10|11|14|15|16|17|18|21|22|23|28|29|30
004540,KOSPI,stock,True,,,2026-09-17,2026-09-04,18|21|22|23|28|29|30,07|08|09|10|11|14|15|16|17|18|21|22|23|28|29|30
004545,KOSPI,stock,True,,,2026-08-31,2026-09-04,01|02|03|04|07|08|09|10|11|14|15|16|17|18|21|22|23|28|29|30,07|08|09|10|11|14|15|16|17|18|21|22|23|28|29|30
004560,KOSPI,stock,True,,,2026-09-17,2026-09-04,18|21|22|23|28|29|30,07|08|09|10|11|14|15|16|17|18|21|22|23|28|29|30
004590,KOSDAQ,stock,True,,,2026-09-17,2026-09-04,18|21|22|23|28|29|30,07|08|09|10|11|14|15|16|17|18|21|22|23|28|29|30
0046,KOSPI,stock,False,,2026-08-20,,,01|02|03|04|07|08|09|10|11|14|15|16|17|18|21|22|23|28|29|30,01|02|03|04|07|08|09|10|11|14|15|16|17|18|21|22|23|28|29|30
004650,KOSDAQ,stock,True,,,2026-09-17,2026-09-04,18|21|22|23|28|29|30,07|08|09|10|11|14|15|16|17|18|21|22|23|28|29|30
004690,KOSPI,stock,True,,,2026-09-17,2026-09-04,18|21|22|23|28|29|30,07|08|09|10|11|14|15|16|17|18|21|22|23|28|29|30
0046A0,KOSPI,etf,True,,,2026-09-17,,18|21|22|23|28|29|30,01|02|03|04|07|08|09|10|11|14|15|16|17|18|21|22|23|28|29|30
0046Y0,KOSPI,etf,True,,,2026-09-17,,18|21|22|23|28|29|30,01|02|03|04|07|08|09|10|11|14|15|16|17|18|21|22|23|28|29|30
0047,KOSPI,stock,False,,2026-08-20,,,01|02|03|04|07|08|09|10|11|14|15|16|17|18|21|22|23|28|29|30,01|02|03|04|07|08|09|10|11|14|15|16|17|18|21|22|23|28|29|30
004700,KOSPI,stock,True,,,2026-09-17,2026-09-04,18|21|22|23|28|29|30,07|08|09|10|11|14|15|16|17|18|21|22|23|28|29|30
004710,KOSPI,stock,True,,,2026-09-17,2026-09-04,18|21|22|23|28|29|30,07|08|09|10|11|14|15|16|17|18|21|22|23|28|29|30
004720,KOSPI,stock,True,,,2026-09-17,2026-09-04,18|21|22|23|28|29|30,07|08|09|10|11|14|15|16|17|18|21|22|23|28|29|30
004770,KOSPI,stock,True,,,2026-09-17,2026-09-04,18|21|22|23|28|29|30,07|08|09|10|11|14|15|16|17|18|21|22|23|28|29|30
004780,KOSDAQ,stock,True,,,2026-09-17,2026-09-04,18|21|22|23|28|29|30,07|08|09|10|11|14|15|16|17|18|21|22|23|28|29|30
0047A0,KOSPI,etf,True,,,2026-09-17,,18|21|22|23|28|29|30,01|02|03|04|07|08|09|10|11|14|15|16|17|18|21|22|23|28|29|30
0047N0,KOSPI,etf,True,,,2026-09-17,,18|21|22|23|28|29|30,01|02|03|04|07|08|09|10|11|14|15|16|17|18|21|22|23|28|29|30
0047P0,KOSPI,etf,True,,,2026-09-17,,18|21|22|23|28|29|30,01|02|03|04|07|08|09|10|11|14|15|16|17|18|21|22|23|28|29|30
0047R0,KOSPI,etf,True,,,2026-09-17,,18|21|22|23|28|29|30,01|02|03|04|07|08|09|10|11|14|15|16|17|18|21|22|23|28|29|30
0048,KOSPI,stock,False,,2026-08-20,,,01|02|03|04|07|08|09|10|11|14|15|16|17|18|21|22|23|28|29|30,01|02|03|04|07|08|09|10|11|14|15|16|17|18|21|22|23|28|29|30
004800,KOSPI,stock,True,,,2026-09-17,2026-09-04,18|21|22|23|28|29|30,07|08|09|10|11|14|15|16|17|18|21|22|23|28|29|30
004830,KOSPI,stock,True,,,2026-09-17,2026-09-04,18|21|22|23|28|29|30,07|08|09|10|11|14|15|16|17|18|21|22|23|28|29|30
004835,KOSPI,stock,True,,,2026-09-17,2026-09-04,18|21|22|23|28|29|30,07|08|09|10|11|14|15|16|17|18|21|22|23|28|29|30
004840,KOSPI,stock,True,,,2026-09-17,2026-09-04,18|21|22|23|28|29|30,07|08|09|10|11|14|15|16|17|18|21|22|23|28|29|30
004870,KOSPI,stock,True,,,2026-09-17,2026-09-04,18|21|22|23|28|29|30,07|08|09|10|11|14|15|16|17|18|21|22|23|28|29|30
004890,KOSPI,stock,True,,,2026-09-17,2026-09-04,18|21|22|23|28|29|30,07|08|09|10|11|14|15|16|17|18|21|22|23|28|29|30
0048J0,KOSPI,etf,True,,,2026-09-17,,18|21|22|23|28|29|30,01|02|03|04|07|08|09|10|11|14|15|16|17|18|21|22|23|28|29|30
0048K0,KOSPI,etf,True,,,2026-09-17,,18|21|22|23|28|29|30,01|02|03|04|07|08|09|10|11|14|15|16|17|18|21|22|23|28|29|30
0049,KOSPI,stock,False,,2026-08-20,,,01|02|03|04|07|08|09|10|11|14|15|16|17|18|21|22|23|28|29|30,01|02|03|04|07|08|09|10|11|14|15|16|17|18|21|22|23|28|29|30
004910,KOSPI,stock,True,,,2026-09-17,2026-09-04,18|21|22|23|28|29|30,07|08|09|10|11|14|15|16|17|18|21|22|23|28|29|30
004920,KOSPI,stock,True,,,2026-09-07,2026-09-04,08|09|10|11|14|15|16|17|18|21|22|23|28|29|30,07|08|09|10|11|14|15|16|17|18|21|22|23|28|29|30
004960,KOSPI,stock,True,,,2026-09-17,2026-09-04,18|21|22|23|28|29|30,07|08|09|10|11|14|15|16|17|18|21|22|23|28|29|30
004970,KOSPI,stock,True,,,2026-09-17,2026-09-04,18|21|22|23|28|29|30,07|08|09|10|11|14|15|16|17|18|21|22|23|28|29|30
004980,KOSPI,stock,True,,,2026-09-17,2026-09-04,18|21|22|23|28|29|30,07|08|09|10|11|14|15|16|17|18|21|22|23|28|29|30
004985,KOSPI,stock,True,,,2026-09-17,2026-09-04,18|21|22|23|28|29|30,07|08|09|10|11|14|15|16|17|18|21|22|23|28|29|30
00499,KOSPI,stock,False,,2026-08-20,,,01|02|03|04|07|08|09|10|11|14|15|16|17|18|21|22|23|28|29|30,01|02|03|04|07|08|09|10|11|14|15|16|17|18|21|22|23|28|29|30
004990,KOSPI,stock,True,,,2026-09-17,2026-09-04,18|21|22|23|28|29|30,07|08|09|10|11|14|15|16|17|18|21|22|23|28|29|30
00499K,KOSPI,stock,True,,,2026-09-17,2026-09-04,18|21|22|23|28|29|30,07|08|09|10|11|14|15|16|17|18|21|22|23|28|29|30
0049K0,KOSPI,etf,True,,,2026-09-17,,18|21|22|23|28|29|30,01|02|03|04|07|08|09|10|11|14|15|16|17|18|21|22|23|28|29|30
0049M0,KOSPI,etf,True,,,2026-09-17,,18|21|22|23|28|29|30,01|02|03|04|07|08|09|10|11|14|15|16|17|18|21|22|23|28|29|30
005010,KOSPI,stock,True,,,2026-09-17,2026-09-04,18|21|22|23|28|29|30,07|08|09|10|11|14|15|16|17|18|21|22|23|28|29|30
005030,KOSPI,stock,True,,,2026-08-10,2026-09-04,01|02|03|04|07|08|09|10|11|14|15|16|17|18|21|22|23|28|29|30,07|08|09|10|11|14|15|16|17|18|21|22|23|28|29|30
005070,KOSPI,stock,True,,,2026-09-17,2026-09-04,18|21|22|23|28|29|30,07|08|09|10|11|14|15|16|17|18|21|22|23|28|29|30
005090,KOSPI,stock,True,,,2026-09-17,2026-09-04,18|21|22|23|28|29|30,07|08|09|10|11|14|15|16|17|18|21|22|23|28|29|30
0050E0,KOSPI,etf,True,,,2026-09-17,,18|21|22|23|28|29|30,01|02|03|04|07|08|09|10|11|14|15|16|17|18|21|22|23|28|29|30
0051,KOSPI,stock,False,,2026-08-20,,,01|02|03|04|07|08|09|10|11|14|15|16|17|18|21|22|23|28|29|30,01|02|03|04|07|08|09|10|11|14|15|16|17|18|21|22|23|28|29|30
005110,KOSPI,stock,True,,,2026-08-10,2026-06-15,01|02|03|04|07|08|09|10|11|14|15|16|17|18|21|22|23|28|29|30,01|02|03|04|07|08|09|10|11|14|15|16|17|18|21|22|23|28|29|30
005160,KOSDAQ,stock,True,,,2026-09-17,2026-09-04,18|21|22|23|28|29|30,07|08|09|10|11|14|15|16|17|18|21|22|23|28|29|30
005180,KOSPI,stock,True,,,2026-09-17,2026-09-04,18|21|22|23|28|29|30,07|08|09|10|11|14|15|16|17|18|21|22|23|28|29|30
0051A0,KOSPI,etf,True,,,2026-09-17,,18|21|22|23|28|29|30,01|02|03|04|07|08|09|10|11|14|15|16|17|18|21|22|23|28|29|30
0051G0,KOSPI,etf,True,,,2026-09-17,,18|21|22|23|28|29|30,01|02|03|04|07|08|09|10|11|14|15|16|17|18|21|22|23|28|29|30
0052,KOSPI,stock,False,,2026-08-20,,,01|02|03|04|07|08|09|10|11|14|15|16|17|18|21|22|23|28|29|30,01|02|03|04|07|08|09|10|11|14|15|16|17|18|21|22|23|28|29|30
005250,KOSPI,stock,True,,,2026-09-17,2026-09-04,18|21|22|23|28|29|30,07|08|09|10|11|14|15|16|17|18|21|22|23|28|29|30
005257,KOSPI,stock,True,,,2026-09-17,2026-09-04,18|21|22|23|28|29|30,07|08|09|10|11|14|15|16|17|18|21|22|23|28|29|30
005290,KOSDAQ,stock,True,,,2026-09-17,2026-09-04,18|21|22|23|28|29|30,07|08|09|10|11|14|15|16|17|18|21|22|23|28|29|30
0052D0,KOSPI,etf,True,,,2026-09-17,,18|21|22|23|28|29|30,01|02|03|04|07|08|09|10|11|14|15|16|17|18|21|22|23|28|29|30
0052S0,KOSPI,etf,True,,,2026-09-17,,18|21|22|23|28|29|30,01|02|03|04|07|08|09|10|11|14|15|16|17|18|21|22|23|28|29|30
0052T0,KOSPI,etf,True,,,2026-09-17,,18|21|22|23|28|29|30,01|02|03|04|07|08|09|10|11|14|15|16|17|18|21|22|23|28|29|30
0053,KOSPI,stock,False,,2026-08-20,,,01|02|03|04|07|08|09|10|11|14|15|16|17|18|21|22|23|28|29|30,01|02|03|04|07|08|09|10|11|14|15|16|17|18|21|22|23|28|29|30
005300,KOSPI,stock,True,,,2026-09-17,2026-09-04,18|21|22|23|28|29|30,07|08|09|10|11|14|15|16|17|18|21|22|23|28|29|30
005305,KOSPI,stock,True,,,2026-09-17,2026-09-04,18|21|22|23|28|29|30,07|08|09|10|11|14|15|16|17|18|21|22|23|28|29|30
005320,KOSPI,stock,True,,,2026-08-12,2026-09-04,01|02|03|04|07|08|09|10|11|14|15|16|17|18|21|22|23|28|29|30,07|08|09|10|11|14|15|16|17|18|21|22|23|28|29|30
005360,KOSPI,stock,True,,,2026-09-17,2026-09-04,18|21|22|23|28|29|30,07|08|09|10|11|14|15|16|17|18|21|22|23|28|29|30
005380,KOSPI,stock,True,,,2026-09-17,2026-09-04,18|21|22|23|28|29|30,07|08|09|10|11|14|15|16|17|18|21|22|23|28|29|30
005385,KOSPI,stock,True,,,2026-09-17,2026-09-04,18|21|22|23|28|29|30,07|08|09|10|11|14|15|16|17|18|21|22|23|28|29|30
005387,KOSPI,stock,True,,,2026-09-17,2026-09-04,18|21|22|23|28|29|30,07|08|09|10|11|14|15|16|17|18|21|22|23|28|29|30
005389,KOSPI,stock,True,,,2026-09-17,2026-09-04,18|21|22|23|28|29|30,07|08|09|10|11|14|15|16|17|18|21|22|23|28|29|30
0053L0,KOSPI,etf,True,,,2026-09-17,,18|21|22|23|28|29|30,01|02|03|04|07|08|09|10|11|14|15|16|17|18|21|22|23|28|29|30
0053M0,KOSPI,etf,True,,,2026-09-17,,18|21|22|23|28|29|30,01|02|03|04|07|08|09|10|11|14|15|16|17|18|21|22|23|28|29|30
0054,KOSDAQ,stock,False,,2026-08-20,,,01|02|03|04|07|08|09|10|11|14|15|16|17|18|21|22|23|28|29|30,01|02|03|04|07|08|09|10|11|14|15|16|17|18|21|22|23|28|29|30
005420,KOSPI,stock,True,,,2026-09-17,2026-09-04,18|21|22|23|28|29|30,07|08|09|10|11|14|15|16|17|18|21|22|23|28|29|30
005430,KOSPI,stock,True,,,2026-09-17,2026-09-04,18|21|22|23|28|29|30,07|08|09|10|11|14|15|16|17|18|21|22|23|28|29|30
005440,KOSPI,stock,True,,,2026-09-17,2026-09-04,18|21|22|23|28|29|30,07|08|09|10|11|14|15|16|17|18|21|22|23|28|29|30
005490,KOSPI,stock,True,,,2026-09-17,2026-09-04,18|21|22|23|28|29|30,07|08|09|10|11|14|15|16|17|18|21|22|23|28|29|30
0054V0,KOSDAQ,stock,True,,,2026-09-17,,18|21|22|23|28|29|30,01|02|03|04|07|08|09|10|11|14|15|16|17|18|21|22|23|28|29|30
005500,KOSPI,stock,True,,,2026-09-17,2026-09-04,18|21|22|23|28|29|30,07|08|09|10|11|14|15|16|17|18|21|22|23|28|29|30
005610,KOSPI,stock,True,,,2026-09-17,2026-09-04,18|21|22|23|28|29|30,07|08|09|10|11|14|15|16|17|18|21|22|23|28|29|30
005670,KOSDAQ,stock,True,,,2026-09-17,2026-09-04,18|21|22|23|28|29|30,07|08|09|10|11|14|15|16|17|18|21|22|23|28|29|30
005680,KOSPI,stock,True,,,2026-09-17,2026-09-04,18|21|22|23|28|29|30,07|08|09|10|11|14|15|16|17|18|21|22|23|28|29|30
005690,KOSPI,stock,True,,,2026-09-17,2026-09-04,18|21|22|23|28|29|30,07|08|09|10|11|14|15|16|17|18|21|22|23|28|29|30
0057,KOSPI,stock,False,,2026-08-20,,,01|02|03|04|07|08|09|10|11|14|15|16|17|18|21|22|23|28|29|30,01|02|03|04|07|08|09|10|11|14|15|16|17|18|21|22|23|28|29|30
005710,KOSDAQ,stock,True,,,2026-09-17,2026-09-04,18|21|22|23|28|29|30,07|08|09|10|11|14|15|16|17|18|21|22|23|28|29|30
005720,KOSPI,stock,True,,,2026-09-17,2026-09-04,18|21|22|23|28|29|30,07|08|09|10|11|14|15|16|17|18|21|22|23|28|29|30
005725,KOSPI,stock,True,,,2026-09-17,2026-09-04,18|21|22|23|28|29|30,07|08|09|10|11|14|15|16|17|18|21|22|23|28|29|30
005740,KOSPI,stock,True,,,2026-09-17,2026-09-04,18|21|22|23|28|29|30,07|08|09|10|11|14|15|16|17|18|21|22|23|28|29|30
005745,KOSPI,stock,True,,,2026-09-17,2026-09-04,18|21|22|23|28|29|30,07|08|09|10|11|14|15|16|17|18|21|22|23|28|29|30
005750,KOSPI,stock,True,,,2026-09-17,2026-09-04,18|21|22|23|28|29|30,07|08|09|10|11|14|15|16|17|18|21|22|23|28|29|30
0057H0,KOSPI,etf,True,,,2026-09-17,,18|21|22|23|28|29|30,01|02|03|04|07|08|09|10|11|14|15|16|17|18|21|22|23|28|29|30
005800,KOSPI,stock,True,,,2026-09-17,2026-09-04,18|21|22|23|28|29|30,07|08|09|10|11|14|15|16|17|18|21|22|23|28|29|30
005810,KOSPI,stock,True,,,2026-09-17,2026-09-04,18|21|22|23|28|29|30,07|08|09|10|11|14|15|16|17|18|21|22|23|28|29|30
005820,KOSPI,stock,True,,,2026-09-17,2026-09-04,18|21|22|23|28|29|30,07|08|09|10|11|14|15|16|17|18|21|22|23|28|29|30
005830,KOSPI,stock,True,,,2026-09-17,2026-09-04,18|21|22|23|28|29|30,07|08|09|10|11|14|15|16|17|18|21|22|23|28|29|30
005850,KOSPI,stock,True,,,2026-09-17,2026-09-04,18|21|22|23|28|29|30,07|08|09|10|11|14|15|16|17|18|21|22|23|28|29|30
005860,KOSDAQ,stock,True,,,2026-09-17,2026-09-04,18|21|22|23|28|29|30,07|08|09|10|11|14|15|16|17|18|21|22|23|28|29|30
005870,KOSPI,stock,True,,,2026-09-17,2026-09-04,18|21|22|23|28|29|30,07|08|09|10|11|14|15|16|17|18|21|22|23|28|29|30
005880,KOSPI,stock,True,,,2026-09-17,2026-09-04,18|21|22|23|28|29|30,07|08|09|10|11|14|15|16|17|18|21|22|23|28|29|30
005930,KOSPI,stock,True,,,2026-09-17,2026-09-04,18|21|22|23|28|29|30,07|08|09|10|11|14|15|16|17|18|21|22|23|28|29|30
005935,KOSPI,stock,True,,,2026-09-17,2026-09-04,18|21|22|23|28|29|30,07|08|09|10|11|14|15|16|17|18|21|22|23|28|29|30
005940,KOSPI,stock,True,,,2026-09-17,2026-09-04,18|21|22|23|28|29|30,07|08|09|10|11|14|15|16|17|18|21|22|23|28|29|30
005945,KOSPI,stock,True,,,2026-09-17,2026-09-04,18|21|22|23|28|29|30,07|08|09|10|11|14|15|16|17|18|21|22|23|28|29|30
005950,KOSPI,stock,True,,,2026-09-17,2026-09-04,18|21|22|23|28|29|30,07|08|09|10|11|14|15|16|17|18|21|22|23|28|29|30
005960,KOSPI,stock,True,,,2026-09-17,2026-09-04,18|21|22|23|28|29|30,07|08|09|10|11|14|15|16|17|18|21|22|23|28|29|30
005965,KOSPI,stock,True,,,2026-09-17,2026-09-04,18|21|22|23|28|29|30,07|08|09|10|11|14|15|16|17|18|21|22|23|28|29|30
005990,KOSDAQ,stock,True,,,2026-09-17,2026-09-04,18|21|22|23|28|29|30,07|08|09|10|11|14|15|16|17|18|21|22|23|28|29|30
0060,KOSPI,stock,False,,2026-08-20,,,01|02|03|04|07|08|09|10|11|14|15|16|17|18|21|22|23|28|29|30,01|02|03|04|07|08|09|10|11|14|15|16|17|18|21|22|23|28|29|30
006040,KOSPI,stock,True,,,2026-09-17,2026-09-04,18|21|22|23|28|29|30,07|08|09|10|11|14|15|16|17|18|21|22|23|28|29|30
006050,KOSDAQ,stock,True,,,2026-09-17,2026-09-04,18|21|22|23|28|29|30,07|08|09|10|11|14|15|16|17|18|21|22|23|28|29|30
006060,KOSPI,stock,True,,,2026-09-17,2026-09-04,18|21|22|23|28|29|30,07|08|09|10|11|14|15|16|17|18|21|22|23|28|29|30
006090,KOSPI,stock,True,,,2026-09-17,2026-09-04,18|21|22|23|28|29|30,07|08|09|10|11|14|15|16|17|18|21|22|23|28|29|30
0060H0,KOSPI,etf,True,,,2026-09-17,,18|21|22|23|28|29|30,01|02|03|04|07|08|09|10|11|14|15|16|17|18|21|22|23|28|29|30
0061,KOSPI,stock,False,,2026-08-20,,,01|02|03|04|07|08|09|10|11|14|15|16|17|18|21|22|23|28|29|30,01|02|03|04|07|08|09|10|11|14|15|16|17|18|21|22|23|28|29|30
006110,KOSPI,stock,True,,,2026-09-17,2026-09-04,18|21|22|23|28|29|30,07|08|09|10|11|14|15|16|17|18|21|22|23|28|29|30
006120,KOSPI,stock,True,,,2026-09-17,2026-09-04,18|21|22|23|28|29|30,07|08|09|10|11|14|15|16|17|18|21|22|23|28|29|30
006125,KOSPI,stock,True,,,2026-09-17,2026-09-04,18|21|22|23|28|29|30,07|08|09|10|11|14|15|16|17|18|21|22|23|28|29|30
006140,KOSDAQ,stock,True,,,2026-09-17,2026-09-04,18|21|22|23|28|29|30,07|08|09|10|11|14|15|16|17|18|21|22|23|28|29|30
0061Z0,KOSPI,etf,True,,,2026-09-17,,18|21|22|23|28|29|30,01|02|03|04|07|08|09|10|11|14|15|16|17|18|21|22|23|28|29|30
006200,KOSPI,stock,True,,,2026-08-12,2026-09-04,01|02|03|04|07|08|09|10|11|14|15|16|17|18|21|22|23|28|29|30,07|08|09|10|11|14|15|16|17|18|21|22|23|28|29|30
006220,KOSPI,stock,True,,,2026-09-17,2026-09-04,18|21|22|23|28|29|30,07|08|09|10|11|14|15|16|17|18|21|22|23|28|29|30
006260,KOSPI,stock,True,,,2026-09-17,2026-09-04,18|21|22|23|28|29|30,07|08|09|10|11|14|15|16|17|18|21|22|23|28|29|30
006280,KOSPI,stock,True,,,2026-09-17,2026-09-04,18|21|22|23|28|29|30,07|08|09|10|11|14|15|16|17|18|21|22|23|28|29|30
006340,KOSPI,stock,True,,,2026-09-17,2026-09-04,18|21|22|23|28|29|30,07|08|09|10|11|14|15|16|17|18|21|22|23|28|29|30
006345,KOSPI,stock,True,,,2026-09-17,2026-09-04,18|21|22|23|28|29|30,07|08|09|10|11|14|15|16|17|18|21|22|23|28|29|30
006360,KOSPI,stock,True,,,2026-09-17,2026-09-04,18|21|22|23|28|29|30,07|08|09|10|11|14|15|16|17|18|21|22|23|28|29|30
006370,KOSPI,stock,True,,,2026-09-17,2026-09-04,18|21|22|23|28|29|30,07|08|09|10|11|14|15|16|17|18|21|22|23|28|29|30
006380,KOSPI,stock,True,,,2026-08-10,2026-09-04,01|02|03|04|07|08|09|10|11|14|15|16|17|18|21|22|23|28|29|30,07|08|09|10|11|14|15|16|17|18|21|22|23|28|29|30
0064,KOSPI,stock,False,,2026-08-20,,,01|02|03|04|07|08|09|10|11|14|15|16|17|18|21|22|23|28|29|30,01|02|03|04|07|08|09|10|11|14|15|16|17|18|21|22|23|28|29|30
006400,KOSPI,stock,True,,,2026-09-17,2026-09-04,18|21|22|23|28|29|30,07|08|09|10|11|14|15|16|17|18|21|22|23|28|29|30
006405,KOSPI,stock,True,,,2026-09-17,2026-09-04,18|21|22|23|28|29|30,07|08|09|10|11|14|15|16|17|18|21|22|23|28|29|30
006490,KOSPI,stock,True,,,2026-09-17,2026-07-15,18|21|22|23|28|29|30,01|02|03|04|07|08|09|10|11|14|15|16|17|18|21|22|23|28|29|30
0064K0,KOSPI,etf,True,,,2026-09-17,,18|21|22|23|28|29|30,01|02|03|04|07|08|09|10|11|14|15|16|17|18|21|22|23|28|29|30
0065,KOSPI,stock,False,,2026-08-20,,,01|02|03|04|07|08|09|10|11|14|15|16|17|18|21|22|23|28|29|30,01|02|03|04|07|08|09|10|11|14|15|16|17|18|21|22|23|28|29|30
006570,KOSPI,stock,True,,,2026-09-17,2026-09-04,18|21|22|23|28|29|30,07|08|09|10|11|14|15|16|17|18|21|22|23|28|29|30
0065G0,KOSPI,etf,True,,,2026-09-17,,18|21|22|23|28|29|30,01|02|03|04|07|08|09|10|11|14|15|16|17|18|21|22|23|28|29|30
0066,KOSPI,stock,False,,2026-08-20,,,01|02|03|04|07|08|09|10|11|14|15|16|17|18|21|22|23|28|29|30,01|02|03|04|07|08|09|10|11|14|15|16|17|18|21|22|23|28|29|30
006620,KOSDAQ,stock,True,,,2026-09-17,2026-09-04,18|21|22|23|28|29|30,07|08|09|10|11|14|15|16|17|18|21|22|23|28|29|30
006650,KOSPI,stock,True,,,2026-09-17,2026-09-04,18|21|22|23|28|29|30,07|08|09|10|11|14|15|16|17|18|21|22|23|28|29|30
006660,KOSPI,stock,True,,,2026-09-17,2026-09-04,18|21|22|23|28|29|30,07|08|09|10|11|14|15|16|17|18|21|22|23|28|29|30
0066W0,KOSPI,etf,True,,,2026-09-17,,18|21|22|23|28|29|30,01|02|03|04|07|08|09|10|11|14|15|16|17|18|21|22|23|28|29|30
0067,KOSPI,stock,False,,2026-08-20,,,01|02|03|04|07|08|09|10|11|14|15|16|17|18|21|22|23|28|29|30,01|02|03|04|07|08|09|10|11|14|15|16|17|18|21|22|23|28|29|30
006730,KOSDAQ,stock,True,,,2026-09-17,2026-09-04,18|21|22|23|28|29|30,07|08|09|10|11|14|15|16|17|18|21|22|23|28|29|30
006740,KOSPI,stock,True,,,2026-09-17,2026-09-04,18|21|22|23|28|29|30,07|08|09|10|11|14|15|16|17|18|21|22|23|28|29|30
0067V0,KOSPI,etf,True,,,2026-09-17,,18|21|22|23|28|29|30,01|02|03|04|07|08|09|10|11|14|15|16|17|18|21|22|23|28|29|30
0067Y0,KOSPI,etf,True,,,2026-09-17,,18|21|22|23|28|29|30,01|02|03|04|07|08|09|10|11|14|15|16|17|18|21|22|23|28|29|30
0068,KOSDAQ,stock,False,,2026-08-20,,,01|02|03|04|07|08|09|10|11|14|15|16|17|18|21|22|23|28|29|30,01|02|03|04|07|08|09|10|11|14|15|16|17|18|21|22|23|28|29|30
00680,KOSPI,stock,False,,2026-08-20,,,01|02|03|04|07|08|09|10|11|14|15|16|17|18|21|22|23|28|29|30,01|02|03|04|07|08|09|10|11|14|15|16|17|18|21|22|23|28|29|30
006800,KOSPI,stock,True,,,2026-09-17,2026-09-04,18|21|22|23|28|29|30,07|08|09|10|11|14|15|16|17|18|21|22|23|28|29|30
006805,KOSPI,stock,True,,,2026-09-17,2026-09-04,18|21|22|23|28|29|30,07|08|09|10|11|14|15|16|17|18|21|22|23|28|29|30
00680K,KOSPI,stock,True,,,2026-09-17,2026-09-04,18|21|22|23|28|29|30,07|08|09|10|11|14|15|16|17|18|21|22|23|28|29|30
006840,KOSPI,stock,True,,,2026-09-17,2026-09-04,18|21|22|23|28|29|30,07|08|09|10|11|14|15|16|17|18|21|22|23|28|29|30
006880,KOSPI,stock,True,,,2026-09-17,2026-09-04,18|21|22|23|28|29|30,07|08|09|10|11|14|15|16|17|18|21|22|23|28|29|30
006890,KOSPI,stock,True,,,2026-09-17,2026-09-04,18|21|22|23|28|29|30,07|08|09|10|11|14|15|16|17|18|21|22|23|28|29|30
0068M0,KOSPI,etf,True,,,2026-09-17,,18|21|22|23|28|29|30,01|02|03|04|07|08|09|10|11|14|15|16|17|18|21|22|23|28|29|30
0068Y0,KOSDAQ,stock,True,,,2026-09-17,,18|21|22|23|28|29|30,01|02|03|04|07|08|09|10|11|14|15|16|17|18|21|22|23|28|29|30
0069,KOSPI,stock,False,,2026-08-20,,,01|02|03|04|07|08|09|10|11|14|15|16|17|18|21|22|23|28|29|30,01|02|03|04|07|08|09|10|11|14|15|16|17|18|21|22|23|28|29|30
006910,KOSDAQ,stock,True,,,2026-09-17,2026-09-04,18|21|22|23|28|29|30,07|08|09|10|11|14|15|16|17|18|21|22|23|28|29|30
006920,KOSDAQ,stock,True,,,2026-09-17,2026-09-04,18|21|22|23|28|29|30,07|08|09|10|11|14|15|16|17|18|21|22|23|28|29|30
006980,KOSPI,stock,True,,,2026-09-17,2026-09-04,18|21|22|23|28|29|30,07|08|09|10|11|14|15|16|17|18|21|22|23|28|29|30
0069M0,KOSPI,etf,True,,,2026-09-17,,18|21|22|23|28|29|30,01|02|03|04|07|08|09|10|11|14|15|16|17|18|21|22|23|28|29|30
007070,KOSPI,stock,True,,,2026-09-17,2026-09-04,18|21|22|23|28|29|30,07|08|09|10|11|14|15|16|17|18|21|22|23|28|29|30
0071,KOSDAQ,stock,False,,2026-08-20,,,01|02|03|04|07|08|09|10|11|14|15|16|17|18|21|22|23|28|29|30,01|02|03|04|07|08|09|10|11|14|15|16|17|18|21|22|23|28|29|30
007110,KOSPI,stock,True,,,2026-08-12,2026-09-04,01|02|03|04|07|08|09|10|11|14|15|16|17|18|21|22|23|28|29|30,07|08|09|10|11|14|15|16|17|18|21|22|23|28|29|30
007120,KOSPI,stock,True,,,2026-09-17,2026-06-15,18|21|22|23|28|29|30,01|02|03|04|07|08|09|10|11|14|15|16|17|18|21|22|23|28|29|30
007160,KOSPI,stock,True,,,2026-09-17,2026-09-04,18|21|22|23|28|29|30,07|08|09|10|11|14|15|16|17|18|21|22|23|28|29|30
0071M0,KOSDAQ,stock,True,,,2026-09-17,,18|21|22|23|28|29|30,01|02|03|04|07|08|09|10|11|14|15|16|17|18|21|22|23|28|29|30
0072,KOSPI,stock,False,,2026-08-20,,,01|02|03|04|07|08|09|10|11|14|15|16|17|18|21|22|23|28|29|30,01|02|03|04|07|08|09|10|11|14|15|16|17|18|21|22|23|28|29|30
007210,KOSPI,stock,True,,,2026-09-17,2026-09-04,18|21|22|23|28|29|30,07|08|09|10|11|14|15|16|17|18|21|22|23|28|29|30
007280,KOSPI,stock,True,,,2026-09-17,2026-09-04,18|21|22|23|28|29|30,07|08|09|10|11|14|15|16|17|18|21|22|23|28|29|30
0072R0,KOSPI,etf,True,,,2026-09-17,,18|21|22|23|28|29|30,01|02|03|04|07|08|09|10|11|14|15|16|17|18|21|22|23|28|29|30
0072Z0,KOSDAQ,stock,True,,,2026-09-17,,18|21|22|23|28|29|30,01|02|03|04|07|08|09|10|11|14|15|16|17|18|21|22|23|28|29|30
007310,KOSPI,stock,True,,,2026-09-17,2026-09-04,18|21|22|23|28|29|30,07|08|09|10|11|14|15|16|17|18|21|22|23|28|29|30
007330,KOSDAQ,stock,True,,,2026-09-17,2026-09-04,18|21|22|23|28|29|30,07|08|09|10|11|14|15|16|17|18|21|22|23|28|29|30
007340,KOSPI,stock,True,,,2026-09-17,2026-09-04,18|21|22|23|28|29|30,07|08|09|10|11|14|15|16|17|18|21|22|23|28|29|30
007370,KOSDAQ,stock,True,,,2026-09-17,2026-09-04,18|21|22|23|28|29|30,07|08|09|10|11|14|15|16|17|18|21|22|23|28|29|30
007390,KOSDAQ,stock,True,,,2026-09-17,2026-09-04,18|21|22|23|28|29|30,07|08|09|10|11|14|15|16|17|18|21|22|23|28|29|30
0073X0,KOSPI,etf,True,,,2026-09-17,,18|21|22|23|28|29|30,01|02|03|04|07|08|09|10|11|14|15|16|17|18|21|22|23|28|29|30
0074,KOSPI,stock,False,,2026-08-20,,,01|02|03|04|07|08|09|10|11|14|15|16|17|18|21|22|23|28|29|30,01|02|03|04|07|08|09|10|11|14|15|16|17|18|21|22|23|28|29|30
007460,KOSPI,stock,True,,,2026-09-17,2026-06-15,18|21|22|23|28|29|30,01|02|03|04|07|08|09|10|11|14|15|16|17|18|21|22|23|28|29|30
0074K0,KOSPI,etf,True,,,2026-09-17,,18|21|22|23|28|29|30,01|02|03|04|07|08|09|10|11|14|15|16|17|18|21|22|23|28|29|30
007530,KOSDAQ,stock,True,,,2026-09-17,2026-09-04,18|21|22|23|28|29|30,07|08|09|10|11|14|15|16|17|18|21|22|23|28|29|30
007540,KOSPI,stock,True,,,2026-09-17,2026-09-04,18|21|22|23|28|29|30,07|08|09|10|11|14|15|16|17|18|21|22|23|28|29|30
007570,KOSPI,stock,True,,,2026-09-17,2026-09-04,18|21|22|23|28|29|30,07|08|09|10|11|14|15|16|17|18|21|22|23|28|29|30
007575,KOSPI,stock,True,,,2026-09-17,2026-09-04,18|21|22|23|28|29|30,07|08|09|10|11|14|15|16|17|18|21|22|23|28|29|30
007590,KOSPI,stock,True,,,2026-09-17,2026-09-04,18|21|22|23|28|29|30,07|08|09|10|11|14|15|16|17|18|21|22|23|28|29|30
007610,KOSPI,stock,True,,,2026-09-17,2026-06-24,18|21|22|23|28|29|30,01|02|03|04|07|08|09|10|11|14|15|16|17|18|21|22|23|28|29|30
007660,KOSPI,stock,True,,,2026-09-17,2026-09-04,18|21|22|23|28|29|30,07|08|09|10|11|14|15|16|17|18|21|22|23|28|29|30
007680,KOSDAQ,stock,True,,,2026-09-17,2026-09-04,18|21|22|23|28|29|30,07|08|09|10|11|14|15|16|17|18|21|22|23|28|29|30
007690,KOSPI,stock,True,,,2026-09-17,2026-09-04,18|21|22|23|28|29|30,07|08|09|10|11|14|15|16|17|18|21|22|23|28|29|30
007700,KOSPI,stock,True,,,2026-09-17,2026-09-04,18|21|22|23|28|29|30,07|08|09|10|11|14|15|16|17|18|21|22|23|28|29|30
007720,KOSDAQ,stock,True,,,2026-09-17,2026-09-04,18|21|22|23|28|29|30,07|08|09|10|11|14|15|16|17|18|21|22|23|28|29|30
007770,KOSDAQ,stock,True,,,2026-09-17,2026-09-04,18|21|22|23|28|29|30,07|08|09|10|11|14|15|16|17|18|21|22|23|28|29|30
00781,KOSPI,stock,False,,2026-08-20,,,01|02|03|04|07|08|09|10|11|14|15|16|17|18|21|22|23|28|29|30,01|02|03|04|07|08|09|10|11|14|15|16|17|18|21|22|23|28|29|30
007810,KOSPI,stock,True,,,2026-09-17,2026-09-04,18|21|22|23|28|29|30,07|08|09|10|11|14|15|16|17|18|21|22|23|28|29|30
007815,KOSPI,stock,True,,,2026-09-17,2026-09-04,18|21|22|23|28|29|30,07|08|09|10|11|14|15|16|17|18|21|22|23|28|29|30
00781K,KOSPI,stock,True,,,2026-09-17,2026-09-04,18|21|22|23|28|29|30,07|08|09|10|11|14|15|16|17|18|21|22|23|28|29|30
007820,KOSDAQ,stock,True,,,2026-09-17,2026-09-04,18|21|22|23|28|29|30,07|08|09|10|11|14|15|16|17|18|21|22|23|28|29|30
007860,KOSPI,stock,True,,,2026-09-17,2026-09-04,18|21|22|23|28|29|30,07|08|09|10|11|14|15|16|17|18|21|22|23|28|29|30
0078V0,KOSPI,etf,True,,,2026-09-17,,18|21|22|23|28|29|30,01|02|03|04|07|08|09|10|11|14|15|16|17|18|21|22|23|28|29|30
007980,KOSPI,stock,True,,,2026-09-17,2026-09-04,18|21|22|23|28|29|30,07|08|09|10|11|14|15|16|17|18|21|22|23|28|29|30
0079X0,KOSPI,etf,True,,,2026-09-17,,18|21|22|23|28|29|30,01|02|03|04|07|08|09|10|11|14|15|16|17|18|21|22|23|28|29|30
0080,KOSPI,stock,False,,2026-08-20,,,01|02|03|04|07|08|09|10|11|14|15|16|17|18|21|22|23|28|29|30,01|02|03|04|07|08|09|10|11|14|15|16|17|18|21|22|23|28|29|30
008040,KOSPI,stock,True,,,2026-09-17,2026-09-04,18|21|22|23|28|29|30,07|08|09|10|11|14|15|16|17|18|21|22|23|28|29|30
008060,KOSPI,stock,True,,,2026-09-17,2026-09-04,18|21|22|23|28|29|30,07|08|09|10|11|14|15|16|17|18|21|22|23|28|29|30
00806K,KOSPI,stock,True,,,2026-09-17,2026-09-04,18|21|22|23|28|29|30,07|08|09|10|11|14|15|16|17|18|21|22|23|28|29|30
0080G0,KOSPI,etf,True,,,2026-09-17,,18|21|22|23|28|29|30,01|02|03|04|07|08|09|10|11|14|15|16|17|18|21|22|23|28|29|30
0080X0,KOSPI,etf,True,,,2026-09-17,,18|21|22|23|28|29|30,01|02|03|04|07|08|09|10|11|14|15|16|17|18|21|22|23|28|29|30
0080Y0,KOSPI,etf,True,,,2026-09-17,,18|21|22|23|28|29|30,01|02|03|04|07|08|09|10|11|14|15|16|17|18|21|22|23|28|29|30
0082,KOSPI,stock,False,,2026-08-20,,,01|02|03|04|07|08|09|10|11|14|15|16|17|18|21|22|23|28|29|30,01|02|03|04|07|08|09|10|11|14|15|16|17|18|21|22|23|28|29|30
008250,KOSPI,stock,True,,,2026-09-17,2026-09-04,18|21|22|23|28|29|30,07|08|09|10|11|14|15|16|17|18|21|22|23|28|29|30
008260,KOSPI,stock,True,,,2026-09-17,2026-09-04,18|21|22|23|28|29|30,07|08|09|10|11|14|15|16|17|18|21|22|23|28|29|30
008290,KOSDAQ,stock,True,,,2026-09-07,2026-09-04,08|09|10|11|14|15|16|17|18|21|22|23|28|29|30,07|08|09|10|11|14|15|16|17|18|21|22|23|28|29|30
0082F0,KOSPI,etf,True,,,2026-09-17,,18|21|22|23|28|29|30,01|02|03|04|07|08|09|10|11|14|15|16|17|18|21|22|23|28|29|30
0082N0,KOSDAQ,stock,True,,,2026-09-17,,18|21|22|23|28|29|30,01|02|03|04|07|08|09|10|11|14|15|16|17|18|21|22|23|28|29|30
0082V0,KOSPI,etf,True,,,2026-09-17,,18|21|22|23|28|29|30,01|02|03|04|07|08|09|10|11|14|15|16|17|18|21|22|23|28|29|30
0083,KOSPI,stock,False,,2026-08-20,,,01|02|03|04|07|08|09|10|11|14|15|16|17|18|21|22|23|28|29|30,01|02|03|04|07|08|09|10|11|14|15|16|17|18|21|22|23|28|29|30
008350,KOSPI,stock,True,,,2026-09-17,2026-09-04,18|21|22|23|28|29|30,07|08|09|10|11|14|15|16|17|18|21|22|23|28|29|30
008355,KOSPI,stock,True,,,2026-09-17,2026-09-04,18|21|22|23|28|29|30,07|08|09|10|11|14|15|16|17|18|21|22|23|28|29|30
008370,KOSDAQ,stock,True,,,2026-09-17,2026-09-04,18|21|22|23|28|29|30,07|08|09|10|11|14|15|16|17|18|21|22|23|28|29|30
0083S0,KOSPI,etf,True,,,2026-09-17,,18|21|22|23|28|29|30,01|02|03|04|07|08|09|10|11|14|15|16|17|18|21|22|23|28|29|30
0084,KOSPI,stock,False,,2026-08-20,,,01|02|03|04|07|08|09|10|11|14|15|16|17|18|21|22|23|28|29|30,01|02|03|04|07|08|09|10|11|14|15|16|17|18|21|22|23|28|29|30
008420,KOSPI,stock,True,,,2026-09-17,2026-09-04,18|21|22|23|28|29|30,07|08|09|10|11|14|15|16|17|18|21|22|23|28|29|30
008470,KOSDAQ,stock,True,,,2026-09-17,2026-09-04,18|21|22|23|28|29|30,07|08|09|10|11|14|15|16|17|18|21|22|23|28|29|30
008490,KOSPI,stock,True,,,2026-09-17,2026-09-04,18|21|22|23|28|29|30,07|08|09|10|11|14|15|16|17|18|21|22|23|28|29|30
0084D0,KOSPI,etf,True,,,2026-09-17,,18|21|22|23|28|29|30,01|02|03|04|07|08|09|10|11|14|15|16|17|18|21|22|23|28|29|30
0084E0,KOSPI,etf,True,,,2026-09-17,,18|21|22|23|28|29|30,01|02|03|04|07|08|09|10|11|14|15|16|17|18|21|22|23|28|29|30
0085,KOSPI,stock,False,,2026-08-20,,,01|02|03|04|07|08|09|10|11|14|15|16|17|18|21|22|23|28|29|30,01|02|03|04|07|08|09|10|11|14|15|16|17|18|21|22|23|28|29|30
0085N0,KOSPI,etf,True,,,2026-09-17,,18|21|22|23|28|29|30,01|02|03|04|07|08|09|10|11|14|15|16|17|18|21|22|23|28|29|30
0085P0,KOSPI,etf,True,,,2026-09-17,,18|21|22|23|28|29|30,01|02|03|04|07|08|09|10|11|14|15|16|17|18|21|22|23|28|29|30
0086,KOSPI,stock,False,,2026-08-20,,,01|02|03|04|07|08|09|10|11|14|15|16|17|18|21|22|23|28|29|30,01|02|03|04|07|08|09|10|11|14|15|16|17|18|21|22|23|28|29|30
008600,KOSPI,stock,True,,,2026-08-10,2026-09-04,01|02|03|04|07|08|09|10|11|14|15|16|17|18|21|22|23|28|29|30,07|08|09|10|11|14|15|16|17|18|21|22|23|28|29|30
0086B0,KOSPI,etf,True,,,2026-09-17,,18|21|22|23|28|29|30,01|02|03|04|07|08|09|10|11|14|15|16|17|18|21|22|23|28|29|30
0086C0,KOSPI,etf,True,,,2026-09-17,,18|21|22|23|28|29|30,01|02|03|04|07|08|09|10|11|14|15|16|17|18|21|22|23|28|29|30
008700,KOSPI,stock,True,,,2026-09-17,2026-09-04,18|21|22|23|28|29|30,07|08|09|10|11|14|15|16|17|18|21|22|23|28|29|30
008730,KOSPI,stock,True,,,2026-09-17,2026-09-04,18|21|22|23|28|29|30,07|08|09|10|11|14|15|16|17|18|21|22|23|28|29|30
008770,KOSPI,stock,True,,,2026-09-17,2026-09-04,18|21|22|23|28|29|30,07|08|09|10|11|14|15|16|17|18|21|22|23|28|29|30
008775,KOSPI,stock,True,,,2026-09-17,2026-09-04,18|21|22|23|28|29|30,07|08|09|10|11|14|15|16|17|18|21|22|23|28|29|30
0087F0,KOSPI,etf,True,,,2026-09-17,,18|21|22|23|28|29|30,01|02|03|04|07|08|09|10|11|14|15|16|17|18|21|22|23|28|29|30
0088,KOSDAQ,stock,False,,2026-08-20,,,01|02|03|04|07|08|09|10|11|14|15|16|17|18|21|22|23|28|29|30,01|02|03|04|07|08|09|10|11|14|15|16|17|18|21|22|23|28|29|30
008830,KOSDAQ,stock,True,,,2026-09-17,2026-09-04,18|21|22|23|28|29|30,07|08|09|10|11|14|15|16|17|18|21|22|23|28|29|30
008870,KOSPI,stock,True,,,2026-09-17,2026-09-04,18|21|22|23|28|29|30,07|08|09|10|11|14|15|16|17|18|21|22|23|28|29|30
0088D0,KOSDAQ,stock,True,,,2026-09-17,,18|21|22|23|28|29|30,01|02|03|04|07|08|09|10|11|14|15|16|17|18|21|22|23|28|29|30
0088M0,KOSDAQ,stock,True,,,2026-09-17,,18|21|22|23|28|29|30,01|02|03|04|07|08|09|10|11|14|15|16|17|18|21|22|23|28|29|30
0088N0,KOSPI,etf,True,,,2026-09-17,,18|21|22|23|28|29|30,01|02|03|04|07|08|09|10|11|14|15|16|17|18|21|22|23|28|29|30
0089,KOSPI,stock,False,,2026-08-20,,,01|02|03|04|07|08|09|10|11|14|15|16|17|18|21|22|23|28|29|30,01|02|03|04|07|08|09|10|11|14|15|16|17|18|21|22|23|28|29|30
008930,KOSPI,stock,True,,,2026-09-17,2026-09-04,18|21|22|23|28|29|30,07|08|09|10|11|14|15|16|17|18|21|22|23|28|29|30
008970,KOSPI,stock,True,,,2026-09-17,2026-09-04,18|21|22|23|28|29|30,07|08|09|10|11|14|15|16|17|18|21|22|23|28|29|30
0089B0,KOSPI,etf,True,,,2026-09-17,,18|21|22|23|28|29|30,01|02|03|04|07|08|09|10|11|14|15|16|17|18|21|22|23|28|29|30
0089C0,KOSPI,etf,True,,,2026-09-17,,18|21|22|23|28|29|30,01|02|03|04|07|08|09|10|11|14|15|16|17|18|21|22|23|28|29|30
0089D0,KOSPI,etf,True,,,2026-09-17,,18|21|22|23|28|29|30,01|02|03|04|07|08|09|10|11|14|15|16|17|18|21|22|23|28|29|30
0090,KOSPI,stock,False,,2026-08-20,,,01|02|03|04|07|08|09|10|11|14|15|16|17|18|21|22|23|28|29|30,01|02|03|04|07|08|09|10|11|14|15|16|17|18|21|22|23|28|29|30
009070,KOSPI,stock,True,,,2026-09-17,2026-09-04,18|21|22|23|28|29|30,07|08|09|10|11|14|15|16|17|18|21|22|23|28|29|30
0090B0,KOSPI,etf,True,,,2026-09-17,,18|21|22|23|28|29|30,01|02|03|04|07|08|09|10|11|14|15|16|17|18|21|22|23|28|29|30
0091,KOSPI,stock,False,,2026-08-20,,,01|02|03|04|07|08|09|10|11|14|15|16|17|18|21|22|23|28|29|30,01|02|03|04|07|08|09|10|11|14|15|16|17|18|21|22|23|28|29|30
009140,KOSPI,stock,True,,,2026-09-17,2026-09-04,18|21|22|23|28|29|30,07|08|09|10|11|14|15|16|17|18|21|22|23|28|29|30
009150,KOSPI,stock,True,,,2026-09-17,2026-09-04,18|21|22|23|28|29|30,07|08|09|10|11|14|15|16|17|18|21|22|23|28|29|30
009155,KOSPI,stock,True,,,2026-09-17,2026-09-04,18|21|22|23|28|29|30,07|08|09|10|11|14|15|16|17|18|21|22|23|28|29|30
009160,KOSPI,stock,True,,,2026-09-17,2026-09-04,18|21|22|23|28|29|30,07|08|09|10|11|14|15|16|17|18|21|22|23|28|29|30
009180,KOSPI,stock,True,,,2026-09-17,2026-09-04,18|21|22|23|28|29|30,07|08|09|10|11|14|15|16|17|18|21|22|23|28|29|30
009190,KOSPI,stock,True,,,2026-09-17,2026-09-04,18|21|22|23|28|29|30,07|08|09|10|11|14|15|16|17|18|21|22|23|28|29|30
0091C0,KOSPI,etf,True,,,2026-09-17,,18|21|22|23|28|29|30,01|02|03|04|07|08|09|10|11|14|15|16|17|18|21|22|23|28|29|30
0091M0,KOSPI,etf,True,,,2026-09-17,,18|21|22|23|28|29|30,01|02|03|04|07|08|09|10|11|14|15|16|17|18|21|22|23|28|29|30
0091P0,KOSPI,etf,True,,,2026-09-17,,18|21|22|23|28|29|30,01|02|03|04|07|08|09|10|11|14|15|16|17|18|21|22|23|28|29|30
0091W0,KOSDAQ,stock,True,,,2026-09-17,,18|21|22|23|28|29|30,01|02|03|04|07|08|09|10|11|14|15|16|17|18|21|22|23|28|29|30
0092,KOSPI,stock,False,,2026-08-20,,,01|02|03|04|07|08|09|10|11|14|15|16|17|18|21|22|23|28|29|30,01|02|03|04|07|08|09|10|11|14|15|16|17|18|21|22|23|28|29|30
009200,KOSPI,stock,True,,,2026-09-17,2026-09-04,18|21|22|23|28|29|30,07|08|09|10|11|14|15|16|17|18|21|22|23|28|29|30
009240,KOSPI,stock,True,,,2026-09-17,2026-09-04,18|21|22|23|28|29|30,07|08|09|10|11|14|15|16|17|18|21|22|23|28|29|30
009270,KOSPI,stock,True,,,2026-09-17,2026-09-04,18|21|22|23|28|29|30,07|08|09|10|11|14|15|16|17|18|21|22|23|28|29|30
009290,KOSPI,stock,True,,,2026-09-17,2026-09-04,18|21|22|23|28|29|30,07|08|09|10|11|14|15|16|17|18|21|22|23|28|29|30
0092B0,KOSPI,etf,True,,,2026-09-17,,18|21|22|23|28|29|30,01|02|03|04|07|08|09|10|11|14|15|16|17|18|21|22|23|28|29|30
0092C0,KOSPI,etf,True,,,2026-09-17,,18|21|22|23|28|29|30,01|02|03|04|07|08|09|10|11|14|15|16|17|18|21|22|23|28|29|30
0093,KOSPI,stock,False,,2026-08-20,,,01|02|03|04|07|08|09|10|11|14|15|16|17|18|21|22|23|28|29|30,01|02|03|04|07|08|09|10|11|14|15|16|17|18|21|22|23|28|29|30
009300,KOSDAQ,stock,True,,,2026-09-17,2026-09-04,18|21|22|23|28|29|30,07|08|09|10|11|14|15|16|17|18|21|22|23|28|29|30
009310,KOSPI,stock,True,,,2026-08-10,2026-06-24,01|02|03|04|07|08|09|10|11|14|15|16|17|18|21|22|23|28|29|30,01|02|03|04|07|08|09|10|11|14|15|16|17|18|21|22|23|28|29|30
009320,KOSPI,stock,True,,,2026-09-17,2026-09-04,18|21|22|23|28|29|30,07|08|09|10|11|14|15|16|17|18|21|22|23|28|29|30
0093A0,KOSPI,etf,True,,,2026-09-17,,18|21|22|23|28|29|30,01|02|03|04|07|08|09|10|11|14|15|16|17|18|21|22|23|28|29|30
0093B0,KOSPI,etf,True,,,2026-09-17,,18|21|22|23|28|29|30,01|02|03|04|07|08|09|10|11|14|15|16|17|18|21|22|23|28|29|30
0093D0,KOSPI,etf,True,,,2026-09-17,,18|21|22|23|28|29|30,01|02|03|04|07|08|09|10|11|14|15|16|17|18|21|22|23|28|29|30
0093G0,KOSDAQ,stock,True,,,2026-09-17,,18|21|22|23|28|29|30,01|02|03|04|07|08|09|10|11|14|15|16|17|18|21|22|23|28|29|30
0094,KOSPI,stock,False,,2026-08-20,,,01|02|03|04|07|08|09|10|11|14|15|16|17|18|21|22|23|28|29|30,01|02|03|04|07|08|09|10|11|14|15|16|17|18|21|22|23|28|29|30
009410,KOSPI,stock,True,,,2026-09-17,2026-09-04,18|21|22|23|28|29|30,07|08|09|10|11|14|15|16|17|18|21|22|23|28|29|30
009415,KOSPI,stock,True,,,,,01|02|03|04|07|08|09|10|11|14|15|16|17|18|21|22|23|28|29|30,01|02|03|04|07|08|09|10|11|14|15|16|17|18|21|22|23|28|29|30
009420,KOSPI,stock,True,,,2026-09-17,2026-09-04,18|21|22|23|28|29|30,07|08|09|10|11|14|15|16|17|18|21|22|23|28|29|30
009440,KOSPI,stock,True,,,2026-08-10,2026-09-04,01|02|03|04|07|08|09|10|11|14|15|16|17|18|21|22|23|28|29|30,07|08|09|10|11|14|15|16|17|18|21|22|23|28|29|30
009450,KOSPI,stock,True,,,2026-09-17,2026-09-04,18|21|22|23|28|29|30,07|08|09|10|11|14|15|16|17|18|21|22|23|28|29|30
009460,KOSPI,stock,True,,,2026-09-17,2026-09-04,18|21|22|23|28|29|30,07|08|09|10|11|14|15|16|17|18|21|22|23|28|29|30
009470,KOSPI,stock,True,,,2026-09-17,2026-09-04,18|21|22|23|28|29|30,07|08|09|10|11|14|15|16|17|18|21|22|23|28|29|30
0094K0,KOSPI,etf,True,,,2026-09-17,,18|21|22|23|28|29|30,01|02|03|04|07|08|09|10|11|14|15|16|17|18|21|22|23|28|29|30
0094L0,KOSPI,etf,True,,,2026-09-17,,18|21|22|23|28|29|30,01|02|03|04|07|08|09|10|11|14|15|16|17|18|21|22|23|28|29|30
0094M0,KOSPI,etf,True,,,2026-09-17,,18|21|22|23|28|29|30,01|02|03|04|07|08|09|10|11|14|15|16|17|18|21|22|23|28|29|30
0094X0,KOSPI,etf,True,,,2026-09-17,,18|21|22|23|28|29|30,01|02|03|04|07|08|09|10|11|14|15|16|17|18|21|22|23|28|29|30
009520,KOSDAQ,stock,True,,,2026-09-17,2026-09-04,18|21|22|23|28|29|30,07|08|09|10|11|14|15|16|17|18|21|22|23|28|29|30
009540,KOSPI,stock,True,,,2026-09-17,2026-09-04,18|21|22|23|28|29|30,07|08|09|10|11|14|15|16|17|18|21|22|23|28|29|30
009580,KOSPI,stock,True,,,2026-09-17,2026-09-04,18|21|22|23|28|29|30,07|08|09|10|11|14|15|16|17|18|21|22|23|28|29|30
0096,KOSDAQ,stock,False,,2026-08-20,,,01|02|03|04|07|08|09|10|11|14|15|16|17|18|21|22|23|28|29|30,01|02|03|04|07|08|09|10|11|14|15|16|17|18|21|22|23|28|29|30
009620,KOSDAQ,stock,True,,,2026-09-04,2026-09-04,07|08|09|10|11|14|15|16|17|18|21|22|23|28|29|30,07|08|09|10|11|14|15|16|17|18|21|22|23|28|29|30
009680,KOSPI,stock,True,,,2026-09-17,2026-09-04,18|21|22|23|28|29|30,07|08|09|10|11|14|15|16|17|18|21|22|23|28|29|30
0096B0,KOSDAQ,stock,True,,,2026-09-17,,18|21|22|23|28|29|30,01|02|03|04|07|08|09|10|11|14|15|16|17|18|21|22|23|28|29|30
0096D0,KOSDAQ,stock,True,,,2026-09-17,,18|21|22|23|28|29|30,01|02|03|04|07|08|09|10|11|14|15|16|17|18|21|22|23|28|29|30
0097,KOSPI,stock,False,,2026-08-20,,,01|02|03|04|07|08|09|10|11|14|15|16|17|18|21|22|23|28|29|30,01|02|03|04|07|08|09|10|11|14|15|16|17|18|21|22|23|28|29|30
009730,KOSDAQ,stock,True,,,2026-09-17,2026-09-04,18|21|22|23|28|29|30,07|08|09|10|11|14|15|16|17|18|21|22|23|28|29|30
009770,KOSPI,stock,True,,,2026-09-17,2026-09-04,18|21|22|23|28|29|30,07|08|09|10|11|14|15|16|17|18|21|22|23|28|29|30
009780,KOSDAQ,stock,True,,,2026-09-17,2026-09-04,18|21|22|23|28|29|30,07|08|09|10|11|14|15|16|17|18|21|22|23|28|29|30
0097F0,KOSDAQ,stock,True,,,2026-09-17,,18|21|22|23|28|29|30,01|02|03|04|07|08|09|10|11|14|15|16|17|18|21|22|23|28|29|30
0097L0,KOSPI,etf,True,,,2026-09-17,,18|21|22|23|28|29|30,01|02|03|04|07|08|09|10|11|14|15|16|17|18|21|22|23|28|29|30
0098,KOSPI,stock,False,,2026-08-20,,,01|02|03|04|07|08|09|10|11|14|15|16|17|18|21|22|23|28|29|30,01|02|03|04|07|08|09|10|11|14|15|16|17|18|21|22|23|28|29|30
009810,KOSPI,stock,True,,,2026-09-17,2026-09-04,18|21|22|23|28|29|30,07|08|09|10|11|14|15|16|17|18|21|22|23|28|29|30
009830,KOSPI,stock,True,,,2026-09-17,2026-09-04,18|21|22|23|28|29|30,07|08|09|10|11|14|15|16|17|18|21|22|23|28|29|30
009835,KOSPI,stock,True,,,2026-09-17,2026-09-04,18|21|22|23|28|29|30,07|08|09|10|11|14|15|16|17|18|21|22|23|28|29|30
0098F0,KOSPI,etf,True,,,2026-09-17,,18|21|22|23|28|29|30,01|02|03|04|07|08|09|10|11|14|15|16|17|18|21|22|23|28|29|30
0098N0,KOSPI,etf,True,,,2026-09-17,,18|21|22|23|28|29|30,01|02|03|04|07|08|09|10|11|14|15|16|17|18|21|22|23|28|29|30
0098T0,KOSDAQ,stock,True,,,2026-09-17,,18|21|22|23|28|29|30,01|02|03|04|07|08|09|10|11|14|15|16|17|18|21|22|23|28|29|30
0098Z0,KOSPI,etf,True,,,2026-09-17,,18|21|22|23|28|29|30,01|02|03|04|07|08|09|10|11|14|15|16|17|18|21|22|23|28|29|30
0099,KOSPI,stock,False,,2026-08-20,,,01|02|03|04|07|08|09|10|11|14|15|16|17|18|21|22|23|28|29|30,01|02|03|04|07|08|09|10|11|14|15|16|17|18|21|22|23|28|29|30
009900,KOSPI,stock,True,,,2026-09-17,2026-09-04,18|21|22|23|28|29|30,07|08|09|10|11|14|15|16|17|18|21|22|23|28|29|30
009970,KOSPI,stock,True,,,2026-09-17,2026-09-04,18|21|22|23|28|29|30,07|08|09|10|11|14|15|16|17|18|21|22|23|28|29|30
0099L0,KOSPI,etf,True,,,2026-09-17,,18|21|22|23|28|29|30,01|02|03|04|07|08|09|10|11|14|15|16|17|18|21|22|23|28|29|30
0099W0,KOSDAQ,stock,True,,,2026-09-17,,18|21|22|23|28|29|30,01|02|03|04|07|08|09|10|11|14|15|16|17|18|21|22|23|28|29|30
0099X0,KOSDAQ,stock,True,,,2026-09-04,,07|08|09|10|11|14|15|16|17|18|21|22|23|28|29|30,01|02|03|04|07|08|09|10|11|14|15|16|17|18|21|22|23|28|29|30
0100,KOSPI,stock,False,,2026-08-20,,,01|02|03|04|07|08|09|10|11|14|15|16|17|18|21|22|23|28|29|30,01|02|03|04|07|08|09|10|11|14|15|16|17|18|21|22|23|28|29|30
010040,KOSPI,stock,True,,,2026-09-17,2026-09-04,18|21|22|23|28|29|30,07|08|09|10|11|14|15|16|17|18|21|22|23|28|29|30
010060,KOSPI,stock,True,,,2026-09-17,2026-09-04,18|21|22|23|28|29|30,07|08|09|10|11|14|15|16|17|18|21|22|23|28|29|30
0100K0,KOSPI,etf,True,,,2026-09-17,,18|21|22|23|28|29|30,01|02|03|04|07|08|09|10|11|14|15|16|17|18|21|22|23|28|29|30
0101,KOSPI,stock,False,,2026-08-20,,,01|02|03|04|07|08|09|10|11|14|15|16|17|18|21|22|23|28|29|30,01|02|03|04|07|08|09|10|11|14|15|16|17|18|21|22|23|28|29|30
010100,KOSPI,stock,True,,,2026-09-17,2026-09-04,18|21|22|23|28|29|30,07|08|09|10|11|14|15|16|17|18|21|22|23|28|29|30
010120,KOSPI,stock,True,,,2026-09-17,2026-09-04,18|21|22|23|28|29|30,07|08|09|10|11|14|15|16|17|18|21|22|23|28|29|30
010130,KOSPI,stock,True,,,2026-09-17,2026-09-04,18|21|22|23|28|29|30,07|08|09|10|11|14|15|16|17|18|21|22|23|28|29|30
010140,KOSPI,stock,True,,,2026-09-17,2026-09-04,18|21|22|23|28|29|30,07|08|09|10|11|14|15|16|17|18|21|22|23|28|29|30
010170,KOSDAQ,stock,True,,,2026-09-17,2026-09-04,18|21|22|23|28|29|30,07|08|09|10|11|14|15|16|17|18|21|22|23|28|29|30
0101C0,KOSDAQ,stock,True,,,2026-09-17,,18|21|22|23|28|29|30,01|02|03|04|07|08|09|10|11|14|15|16|17|18|21|22|23|28|29|30
0101N0,KOSPI,etf,True,,,2026-09-17,,18|21|22|23|28|29|30,01|02|03|04|07|08|09|10|11|14|15|16|17|18|21|22|23|28|29|30
0102,KOSPI,stock,False,,2026-08-20,,,01|02|03|04|07|08|09|10|11|14|15|16|17|18|21|22|23|28|29|30,01|02|03|04|07|08|09|10|11|14|15|16|17|18|21|22|23|28|29|30
010240,KOSDAQ,stock,True,,,2026-09-17,2026-09-04,18|21|22|23|28|29|30,07|08|09|10|11|14|15|16|17|18|21|22|23|28|29|30
010280,KOSDAQ,stock,True,,,2026-09-17,2026-09-04,18|21|22|23|28|29|30,07|08|09|10|11|14|15|16|17|18|21|22|23|28|29|30
0102A0,KOSPI,etf,True,,,2026-09-17,,18|21|22|23|28|29|30,01|02|03|04|07|08|09|10|11|14|15|16|17|18|21|22|23|28|29|30
0102X0,KOSPI,etf,True,,,2026-09-17,,18|21|22|23|28|29|30,01|02|03|04|07|08|09|10|11|14|15|16|17|18|21|22|23|28|29|30
0103,KOSPI,stock,False,,2026-08-20,,,01|02|03|04|07|08|09|10|11|14|15|16|17|18|21|22|23|28|29|30,01|02|03|04|07|08|09|10|11|14|15|16|17|18|21|22|23|28|29|30
0103T0,KOSPI,etf,True,,,2026-09-17,,18|21|22|23|28|29|30,01|02|03|04|07|08|09|10|11|14|15|16|17|18|21|22|23|28|29|30
0104,KOSPI,stock,False,,2026-08-20,,,01|02|03|04|07|08|09|10|11|14|15|16|17|18|21|22|23|28|29|30,01|02|03|04|07|08|09|10|11|14|15|16|17|18|21|22|23|28|29|30
010400,KOSPI,stock,True,,,2026-09-17,2026-09-04,18|21|22|23|28|29|30,07|08|09|10|11|14|15|16|17|18|21|22|23|28|29|30
010470,KOSDAQ,stock,True,,,2026-09-17,2026-09-04,18|21|22|23|28|29|30,07|08|09|10|11|14|15|16|17|18|21|22|23|28|29|30
0104G0,KOSPI,etf,True,,,2026-09-17,,18|21|22|23|28|29|30,01|02|03|04|07|08|09|10|11|14|15|16|17|18|21|22|23|28|29|30
0104H0,KOSPI,etf,True,,,2026-09-17,,18|21|22|23|28|29|30,01|02|03|04|07|08|09|10|11|14|15|16|17|18|21|22|23|28|29|30
0104N0,KOSPI,etf,True,,,2026-09-17,,18|21|22|23|28|29|30,01|02|03|04|07|08|09|10|11|14|15|16|17|18|21|22|23|28|29|30
0104P0,KOSPI,etf,True,,,2026-09-17,,18|21|22|23|28|29|30,01|02|03|04|07|08|09|10|11|14|15|16|17|18|21|22|23|28|29|30
0105,KOSPI,stock,False,,2026-08-20,,,01|02|03|04|07|08|09|10|11|14|15|16|17|18|21|22|23|28|29|30,01|02|03|04|07|08|09|10|11|14|15|16|17|18|21|22|23|28|29|30
010580,KOSPI,stock,True,,,2026-09-17,2026-09-04,18|21|22|23|28|29|30,07|08|09|10|11|14|15|16|17|18|21|22|23|28|29|30
0105D0,KOSPI,etf,True,,,2026-09-17,,18|21|22|23|28|29|30,01|02|03|04|07|08|09|10|11|14|15|16|17|18|21|22|23|28|29|30
0105E0,KOSPI,etf,True,,,2026-09-17,,18|21|22|23|28|29|30,01|02|03|04|07|08|09|10|11|14|15|16|17|18|21|22|23|28|29|30
0105P0,KOSDAQ,stock,True,,,2026-09-17,,18|21|22|23|28|29|30,01|02|03|04|07|08|09|10|11|14|15|16|17|18|21|22|23|28|29|30
0106,KOSPI,stock,False,,2026-08-20,,,01|02|03|04|07|08|09|10|11|14|15|16|17|18|21|22|23|28|29|30,01|02|03|04|07|08|09|10|11|14|15|16|17|18|21|22|23|28|29|30
010640,KOSPI,stock,True,,,2026-09-17,2026-09-04,18|21|22|23|28|29|30,07|08|09|10|11|14|15|16|17|18|21|22|23|28|29|30
010660,KOSPI,stock,True,,,2026-09-17,2026-09-04,18|21|22|23|28|29|30,07|08|09|10|11|14|15|16|17|18|21|22|23|28|29|30
010690,KOSPI,stock,True,,,2026-09-17,2026-09-04,18|21|22|23|28|29|30,07|08|09|10|11|14|15|16|17|18|21|22|23|28|29|30
0106J0,KOSPI,stock,True,,,2026-08-21,,01|02|03|04|07|08|09|10|11|14|15|16|17|18|21|22|23|28|29|30,01|02|03|04|07|08|09|10|11|14|15|16|17|18|21|22|23|28|29|30
0107,KOSPI,stock,False,,2026-08-20,,,01|02|03|04|07|08|09|10|11|14|15|16|17|18|21|22|23|28|29|30,01|02|03|04|07|08|09|10|11|14|15|16|17|18|21|22|23|28|29|30
010770,KOSPI,stock,True,,,2026-09-17,2026-09-04,18|21|22|23|28|29|30,07|08|09|10|11|14|15|16|17|18|21|22|23|28|29|30
010780,KOSPI,stock,True,,,2026-09-17,2026-09-04,18|21|22|23|28|29|30,07|08|09|10|11|14|15|16|17|18|21|22|23|28|29|30
0107F0,KOSPI,etf,True,,,2026-09-17,,18|21|22|23|28|29|30,01|02|03|04|07|08|09|10|11|14|15|16|17|18|21|22|23|28|29|30
010820,KOSPI,stock,True,,,2026-09-17,2026-09-04,18|21|22|23|28|29|30,07|08|09|10|11|14|15|16|17|18|21|22|23|28|29|30
010950,KOSPI,stock,True,,,2026-09-17,2026-09-04,18|21|22|23|28|29|30,07|08|09|10|11|14|15|16|17|18|21|22|23|28|29|30
010955,KOSPI,stock,True,,,2026-09-17,2026-09-04,18|21|22|23|28|29|30,07|08|09|10|11|14|15|16|17|18|21|22|23|28|29|30
010960,KOSPI,stock,True,,,2026-09-17,2026-09-04,18|21|22|23|28|29|30,07|08|09|10|11|14|15|16|17|18|21|22|23|28|29|30
011000,KOSPI,stock,True,,,2026-08-10,2026-07-21,01|02|03|04|07|08|09|10|11|14|15|16|17|18|21|22|23|28|29|30,01|02|03|04|07|08|09|10|11|14|15|16|17|18|21|22|23|28|29|30
011040,KOSDAQ,stock,True,,,2026-09-17,2026-09-04,18|21|22|23|28|29|30,07|08|09|10|11|14|15|16|17|18|21|22|23|28|29|30
011070,KOSPI,stock,True,,,2026-09-17,2026-09-04,18|21|22|23|28|29|30,07|08|09|10|11|14|15|16|17|18|21|22|23|28|29|30
011080,KOSDAQ,stock,True,,,2026-09-17,2026-09-04,18|21|22|23|28|29|30,07|08|09|10|11|14|15|16|17|18|21|22|23|28|29|30
011090,KOSPI,stock,True,,,2026-08-31,2026-09-04,01|02|03|04|07|08|09|10|11|14|15|16|17|18|21|22|23|28|29|30,07|08|09|10|11|14|15|16|17|18|21|22|23|28|29|30
0111,KOSPI,stock,False,,2026-08-20,,,01|02|03|04|07|08|09|10|11|14|15|16|17|18|21|22|23|28|29|30,01|02|03|04|07|08|09|10|11|14|15|16|17|18|21|22|23|28|29|30
011150,KOSPI,stock,True,,,2026-09-17,2026-09-04,18|21|22|23|28|29|30,07|08|09|10|11|14|15|16|17|18|21|22|23|28|29|30
011155,KOSPI,stock,True,,,,,01|02|03|04|07|08|09|10|11|14|15|16|17|18|21|22|23|28|29|30,01|02|03|04|07|08|09|10|11|14|15|16|17|18|21|22|23|28|29|30
011170,KOSPI,stock,True,,,2026-09-17,2026-09-04,18|21|22|23|28|29|30,07|08|09|10|11|14|15|16|17|18|21|22|23|28|29|30
0111J0,KOSPI,etf,True,,,2026-09-17,,18|21|22|23|28|29|30,01|02|03|04|07|08|09|10|11|14|15|16|17|18|21|22|23|28|29|30
0111P0,KOSPI,etf,True,,,2026-09-17,,18|21|22|23|28|29|30,01|02|03|04|07|08|09|10|11|14|15|16|17|18|21|22|23|28|29|30
0112,KOSPI,stock,False,,2026-08-20,,,01|02|03|04|07|08|09|10|11|14|15|16|17|18|21|22|23|28|29|30,01|02|03|04|07|08|09|10|11|14|15|16|17|18|21|22|23|28|29|30
011200,KOSPI,stock,True,,,2026-09-17,2026-09-04,18|21|22|23|28|29|30,07|08|09|10|11|14|15|16|17|18|21|22|23|28|29|30
011210,KOSPI,stock,True,,,2026-09-17,2026-09-04,18|21|22|23|28|29|30,07|08|09|10|11|14|15|16|17|18|21|22|23|28|29|30
011230,KOSPI,stock,True,,,2026-09-17,2026-09-04,18|21|22|23|28|29|30,07|08|09|10|11|14|15|16|17|18|21|22|23|28|29|30
011280,KOSPI,stock,True,,,2026-09-17,2026-09-04,18|21|22|23|28|29|30,07|08|09|10|11|14|15|16|17|18|21|22|23|28|29|30
0112X0,KOSPI,etf,True,,,2026-09-17,,18|21|22|23|28|29|30,01|02|03|04|07|08|09|10|11|14|15|16|17|18|21|22|23|28|29|30
0113,KOSPI,stock,False,,2026-08-20,,,01|02|03|04|07|08|09|10|11|14|15|16|17|18|21|22|23|28|29|30,01|02|03|04|07|08|09|10|11|14|15|16|17|18|21|22|23|28|29|30
011300,KOSPI,stock,True,,,2026-09-17,2026-09-04,18|21|22|23|28|29|30,07|08|09|10|11|14|15|16|17|18|21|22|23|28|29|30
011320,KOSDAQ,stock,True,,,2026-09-17,2026-09-04,18|21|22|23|28|29|30,07|08|09|10|11|14|15|16|17|18|21|22|23|28|29|30
011330,KOSPI,stock,True,,,2026-09-17,2026-09-04,18|21|22|23|28|29|30,07|08|09|10|11|14|15|16|17|18|21|22|23|28|29|30
011370,KOSDAQ,stock,True,,,2026-09-17,2026-09-04,18|21|22|23|28|29|30,07|08|09|10|11|14|15|16|17|18|21|22|23|28|29|30
011390,KOSPI,stock,True,,,2026-09-17,2026-09-04,18|21|22|23|28|29|30,07|08|09|10|11|14|15|16|17|18|21|22|23|28|29|30
0113D0,KOSPI,etf,True,,,2026-09-17,,18|21|22|23|28|29|30,01|02|03|04|07|08|09|10|11|14|15|16|17|18|21|22|23|28|29|30
0113G0,KOSPI,etf,True,,,2026-09-17,,18|21|22|23|28|29|30,01|02|03|04|07|08|09|10|11|14|15|16|17|18|21|22|23|28|29|30
0113P0,KOSPI,etf,True,,,2026-09-17,,18|21|22|23|28|29|30,01|02|03|04|07|08|09|10|11|14|15|16|17|18|21|22|23|28|29|30
011420,KOSPI,stock,True,,,2026-09-17,2026-09-04,18|21|22|23|28|29|30,07|08|09|10|11|14|15|16|17|18|21|22|23|28|29|30
0114X0,KOSPI,etf,True,,,2026-09-17,,18|21|22|23|28|29|30,01|02|03|04|07|08|09|10|11|14|15|16|17|18|21|22|23|28|29|30
0115,KOSPI,stock,False,,2026-08-20,,,01|02|03|04|07|08|09|10|11|14|15|16|17|18|21|22|23|28|29|30,01|02|03|04|07|08|09|10|11|14|15|16|17|18|21|22|23|28|29|30
011500,KOSPI,stock,True,,,2026-09-17,2026-09-04,18|21|22|23|28|29|30,07|08|09|10|11|14|15|16|17|18|21|22|23|28|29|30
011560,KOSDAQ,stock,True,,,2026-09-17,2026-09-04,18|21|22|23|28|29|30,07|08|09|10|11|14|15|16|17|18|21|22|23|28|29|30
0115C0,KOSPI,etf,True,,,2026-09-17,,18|21|22|23|28|29|30,01|02|03|04|07|08|09|10|11|14|15|16|17|18|21|22|23|28|29|30
0115D0,KOSPI,etf,True,,,2026-09-17,,18|21|22|23|28|29|30,01|02|03|04|07|08|09|10|11|14|15|16|17|18|21|22|23|28|29|30
0115E0,KOSPI,etf,True,,,2026-09-17,,18|21|22|23|28|29|30,01|02|03|04|07|08|09|10|11|14|15|16|17|18|21|22|23|28|29|30
0115H0,KOSDAQ,stock,True,,,2026-09-17,,18|21|22|23|28|29|30,01|02|03|04|07|08|09|10|11|14|15|16|17|18|21|22|23|28|29|30
011690,KOSPI,stock,True,,,2026-09-17,2026-06-15,18|21|22|23|28|29|30,01|02|03|04|07|08|09|10|11|14|15|16|17|18|21|22|23|28|29|30
0117,KOSPI,stock,False,,2026-08-20,,,01|02|03|04|07|08|09|10|11|14|15|16|17|18|21|22|23|28|29|30,01|02|03|04|07|08|09|10|11|14|15|16|17|18|21|22|23|28|29|30
011700,KOSPI,stock,True,,,2026-09-17,2026-09-04,18|21|22|23|28|29|30,07|08|09|10|11|14|15|16|17|18|21|22|23|28|29|30
011760,KOSPI,stock,True,,,2026-09-17,2026-09-04,18|21|22|23|28|29|30,07|08|09|10|11|14|15|16|17|18|21|22|23|28|29|30
011780,KOSPI,stock,True,,,2026-09-17,2026-09-04,18|21|22|23|28|29|30,07|08|09|10|11|14|15|16|17|18|21|22|23|28|29|30
011785,KOSPI,stock,True,,,2026-09-17,2026-09-04,18|21|22|23|28|29|30,07|08|09|10|11|14|15|16|17|18|21|22|23|28|29|30
011790,KOSPI,stock,True,,,2026-09-17,2026-09-04,18|21|22|23|28|29|30,07|08|09|10|11|14|15|16|17|18|21|22|23|28|29|30
0117L0,KOSPI,etf,True,,,2026-09-17,,18|21|22|23|28|29|30,01|02|03|04|07|08|09|10|11|14|15|16|17|18|21|22|23|28|29|30
0117P0,KOSDAQ,stock,True,,,2026-09-17,,18|21|22|23|28|29|30,01|02|03|04|07|08|09|10|11|14|15|16|17|18|21|22|23|28|29|30
0117V0,KOSPI,etf,True,,,2026-09-17,,18|21|22|23|28|29|30,01|02|03|04|07|08|09|10|11|14|15|16|17|18|21|22|23|28|29|30
0118,KOSPI,stock,False,,2026-08-20,,,01|02|03|04|07|08|09|10|11|14|15|16|17|18|21|22|23|28|29|30,01|02|03|04|07|08|09|10|11|14|15|16|17|18|21|22|23|28|29|30
011810,KOSPI,stock,True,,,2026-08-10,2026-09-04,01|02|03|04|07|08|09|10|11|14|15|16|17|18|21|22|23|28|29|30,07|08|09|10|11|14|15|16|17|18|21|22|23|28|29|30
0118S0,KOSPI,etf,True,,,2026-09-17,,18|21|22|23|28|29|30,01|02|03|04|07|08|09|10|11|14|15|16|17|18|21|22|23|28|29|30
0118Z0,KOSPI,etf,True,,,2026-09-17,,18|21|22|23|28|29|30,01|02|03|04|07|08|09|10|11|14|15|16|17|18|21|22|23|28|29|30
0119,KOSPI,stock,False,,2026-08-20,,,01|02|03|04|07|08|09|10|11|14|15|16|17|18|21|22|23|28|29|30,01|02|03|04|07|08|09|10|11|14|15|16|17|18|21|22|23|28|29|30
011930,KOSPI,stock,True,,,2026-09-17,2026-09-04,18|21|22|23|28|29|30,07|08|09|10|11|14|15|16|17|18|21|22|23|28|29|30
0119H0,KOSPI,etf,True,,,2026-09-17,,18|21|22|23|28|29|30,01|02|03|04|07|08|09|10|11|14|15|16|17|18|21|22|23|28|29|30
0120,KOSPI,stock,False,,2026-08-20,,,01|02|03|04|07|08|09|10|11|14|15|16|17|18|21|22|23|28|29|30,01|02|03|04|07|08|09|10|11|14|15|16|17|18|21|22|23|28|29|30
012030,KOSPI,stock,True,,,2026-09-17,2026-09-04,18|21|22|23|28|29|30,07|08|09|10|11|14|15|16|17|18|21|22|23|28|29|30
0120G0,KOSPI,stock,True,,,2026-09-17,,18|21|22|23|28|29|30,01|02|03|04|07|08|09|10|11|14|15|16|17|18|21|22|23|28|29|30
0120J0,KOSPI,etf,True,,,2026-09-17,,18|21|22|23|28|29|30,01|02|03|04|07|08|09|10|11|14|15|16|17|18|21|22|23|28|29|30
0120X0,KOSPI,stock,True,,,2026-08-20,,01|02|03|04|07|08|09|10|11|14|15|16|17|18|21|22|23|28|29|30,01|02|03|04|07|08|09|10|11|14|15|16|17|18|21|22|23|28|29|30
012160,KOSPI,stock,True,,,2026-09-17,2026-09-04,18|21|22|23|28|29|30,07|08|09|10|11|14|15|16|17|18|21|22|23|28|29|30
012170,KOSPI,stock,True,,,2026-08-10,2026-06-15,01|02|03|04|07|08|09|10|11|14|15|16|17|18|21|22|23|28|29|30,01|02|03|04|07|08|09|10|11|14|15|16|17|18|21|22|23|28|29|30
0122,KOSPI,stock,False,,2026-08-20,,,01|02|03|04|07|08|09|10|11|14|15|16|17|18|21|22|23|28|29|30,01|02|03|04|07|08|09|10|11|14|15|16|17|18|21|22|23|28|29|30
012200,KOSPI,stock,True,,,2026-09-17,2026-09-04,18|21|22|23|28|29|30,07|08|09|10|11|14|15|16|17|18|21|22|23|28|29|30
012205,KOSPI,stock,True,,,2026-09-17,2026-09-04,18|21|22|23|28|29|30,07|08|09|10|11|14|15|16|17|18|21|22|23|28|29|30
012210,KOSDAQ,stock,True,,,2026-09-17,2026-09-04,18|21|22|23|28|29|30,07|08|09|10|11|14|15|16|17|18|21|22|23|28|29|30
012280,KOSPI,stock,True,,,2026-09-17,2026-09-04,18|21|22|23|28|29|30,07|08|09|10|11|14|15|16|17|18|21|22|23|28|29|30
0122W0,KOSPI,etf,True,,,2026-09-17,,18|21|22|23|28|29|30,01|02|03|04|07|08|09|10|11|14|15|16|17|18|21|22|23|28|29|30
0123,KOSPI,stock,False,,2026-08-20,,,01|02|03|04|07|08|09|10|11|14|15|16|17|18|21|22|23|28|29|30,01|02|03|04|07|08|09|10|11|14|15|16|17|18|21|22|23|28|29|30
012320,KOSPI,stock,True,,,2026-09-17,2026-09-04,18|21|22|23|28|29|30,07|08|09|10|11|14|15|16|17|18|21|22|23|28|29|30
012330,KOSPI,stock,True,,,2026-09-17,2026-09-04,18|21|22|23|28|29|30,07|08|09|10|11|14|15|16|17|18|21|22|23|28|29|30
012340,KOSDAQ,stock,True,,,2026-09-17,2026-09-04,18|21|22|23|28|29|30,07|08|09|10|11|14|15|16|17|18|21|22|23|28|29|30
0123G0,KOSPI,etf,True,,,2026-09-17,,18|21|22|23|28|29|30,01|02|03|04|07|08|09|10|11|14|15|16|17|18|21|22|23|28|29|30
0123S0,KOSPI,etf,True,,,2026-09-17,,18|21|22|23|28|29|30,01|02|03|04|07|08|09|10|11|14|15|16|17|18|21|22|23|28|29|30
012450,KOSPI,stock,True,,,2026-09-17,2026-09-04,18|21|22|23|28|29|30,07|08|09|10|11|14|15|16|17|18|21|22|23|28|29|30
012510,KOSPI,stock,False,,2026-08-20,2026-07-14,2026-08-19,01|02|03|04|07|08|09|10|11|14|15|16|17|18|21|22|23|28|29|30,01|02|03|04|07|08|09|10|11|14|15|16|17|18|21|22|23|28|29|30
0126,KOSPI,stock,False,,2026-08-20,,,01|02|03|04|07|08|09|10|11|14|15|16|17|18|21|22|23|28|29|30,01|02|03|04|07|08|09|10|11|14|15|16|17|18|21|22|23|28|29|30
012610,KOSPI,stock,True,,,2026-09-17,2026-09-04,18|21|22|23|28|29|30,07|08|09|10|11|14|15|16|17|18|21|22|23|28|29|30
012620,KOSDAQ,stock,True,,,2026-09-17,2026-09-04,18|21|22|23|28|29|30,07|08|09|10|11|14|15|16|17|18|21|22|23|28|29|30
012630,KOSPI,stock,True,,,2026-09-17,2026-09-04,18|21|22|23|28|29|30,07|08|09|10|11|14|15|16|17|18|21|22|23|28|29|30
012690,KOSPI,stock,True,,,2026-09-17,2026-09-04,18|21|22|23|28|29|30,07|08|09|10|11|14|15|16|17|18|21|22|23|28|29|30
0126Z0,KOSPI,stock,True,,,2026-09-17,,18|21|22|23|28|29|30,01|02|03|04|07|08|09|10|11|14|15|16|17|18|21|22|23|28|29|30
0127,KOSPI,stock,False,,2026-08-20,,,01|02|03|04|07|08|09|10|11|14|15|16|17|18|21|22|23|28|29|30,01|02|03|04|07|08|09|10|11|14|15|16|17|18|21|22|23|28|29|30
012700,KOSDAQ,stock,True,,,2026-09-17,2026-09-04,18|21|22|23|28|29|30,07|08|09|10|11|14|15|16|17|18|21|22|23|28|29|30
012750,KOSPI,stock,True,,,2026-09-17,2026-09-04,18|21|22|23|28|29|30,07|08|09|10|11|14|15|16|17|18|21|22|23|28|29|30
012790,KOSDAQ,stock,True,,,2026-09-17,2026-09-04,18|21|22|23|28|29|30,07|08|09|10|11|14|15|16|17|18|21|22|23|28|29|30
0127M0,KOSPI,etf,True,,,2026-09-17,,18|21|22|23|28|29|30,01|02|03|04|07|08|09|10|11|14|15|16|17|18|21|22|23|28|29|30
0127P0,KOSPI,etf,True,,,2026-09-17,,18|21|22|23|28|29|30,01|02|03|04|07|08|09|10|11|14|15|16|17|18|21|22|23|28|29|30
0127R0,KOSPI,etf,True,,,2026-09-17,,18|21|22|23|28|29|30,01|02|03|04|07|08|09|10|11|14|15|16|17|18|21|22|23|28|29|30
0127T0,KOSPI,etf,True,,,2026-09-17,,18|21|22|23|28|29|30,01|02|03|04|07|08|09|10|11|14|15|16|17|18|21|22|23|28|29|30
0127V0,KOSPI,etf,True,,,2026-09-17,,18|21|22|23|28|29|30,01|02|03|04|07|08|09|10|11|14|15|16|17|18|21|22|23|28|29|30
012800,KOSPI,stock,True,,,2026-09-17,2026-09-04,18|21|22|23|28|29|30,07|08|09|10|11|14|15|16|17|18|21|22|23|28|29|30
012860,KOSDAQ,stock,True,,,2026-09-17,2026-09-04,18|21|22|23|28|29|30,07|08|09|10|11|14|15|16|17|18|21|22|23|28|29|30
0128D0,KOSPI,etf,True,,,2026-09-17,,18|21|22|23|28|29|30,01|02|03|04|07|08|09|10|11|14|15|16|17|18|21|22|23|28|29|30
0129,KOSDAQ,stock,False,,2026-08-20,,,01|02|03|04|07|08|09|10|11|14|15|16|17|18|21|22|23|28|29|30,01|02|03|04|07|08|09|10|11|14|15|16|17|18|21|22|23|28|29|30
0129K0,KOSDAQ,stock,True,,,2026-09-17,,18|21|22|23|28|29|30,01|02|03|04|07|08|09|10|11|14|15|16|17|18|21|22|23|28|29|30
0130,KOSDAQ,stock,False,,2026-08-20,,,01|02|03|04|07|08|09|10|11|14|15|16|17|18|21|22|23|28|29|30,01|02|03|04|07|08|09|10|11|14|15|16|17|18|21|22|23|28|29|30
013000,KOSPI,stock,True,,,2026-09-17,2026-09-04,18|21|22|23|28|29|30,07|08|09|10|11|14|15|16|17|18|21|22|23|28|29|30
013030,KOSDAQ,stock,True,,,2026-09-17,2026-09-04,18|21|22|23|28|29|30,07|08|09|10|11|14|15|16|17|18|21|22|23|28|29|30
0130D0,KOSDAQ,stock,True,,,2026-09-17,,18|21|22|23|28|29|30,01|02|03|04|07|08|09|10|11|14|15|16|17|18|21|22|23|28|29|30
0130H0,KOSDAQ,stock,True,,,2026-09-17,,18|21|22|23|28|29|30,01|02|03|04|07|08|09|10|11|14|15|16|17|18|21|22|23|28|29|30
0131,KOSPI,stock,False,,2026-08-20,,,01|02|03|04|07|08|09|10|11|14|15|16|17|18|21|22|23|28|29|30,01|02|03|04|07|08|09|10|11|14|15|16|17|18|21|22|23|28|29|30
013120,KOSDAQ,stock,True,,,2026-09-17,2026-09-04,18|21|22|23|28|29|30,07|08|09|10|11|14|15|16|17|18|21|22|23|28|29|30
0131A0,KOSPI,etf,True,,,2026-09-17,,18|21|22|23|28|29|30,01|02|03|04|07|08|09|10|11|14|15|16|17|18|21|22|23|28|29|30
0131D0,KOSDAQ,stock,True,,,2026-09-17,,18|21|22|23|28|29|30,01|02|03|04|07|08|09|10|11|14|15|16|17|18|21|22|23|28|29|30
0131V0,KOSPI,etf,True,,,2026-09-17,,18|21|22|23|28|29|30,01|02|03|04|07|08|09|10|11|14|15|16|17|18|21|22|23|28|29|30
0131W0,KOSPI,etf,True,,,2026-09-17,,18|21|22|23|28|29|30,01|02|03|04|07|08|09|10|11|14|15|16|17|18|21|22|23|28|29|30
0132,KOSPI,stock,False,,2026-08-20,,,01|02|03|04|07|08|09|10|11|14|15|16|17|18|21|22|23|28|29|30,01|02|03|04|07|08|09|10|11|14|15|16|17|18|21|22|23|28|29|30
0132D0,KOSPI,etf,True,,,2026-09-17,,18|21|22|23|28|29|30,01|02|03|04|07|08|09|10|11|14|15|16|17|18|21|22|23|28|29|30
0132G0,KOSDAQ,stock,True,,,2026-09-17,,18|21|22|23|28|29|30,01|02|03|04|07|08|09|10|11|14|15|16|17|18|21|22|23|28|29|30
0132H0,KOSPI,etf,True,,,2026-09-17,,18|21|22|23|28|29|30,01|02|03|04|07|08|09|10|11|14|15|16|17|18|21|22|23|28|29|30
0132K0,KOSPI,etf,True,,,2026-09-17,,18|21|22|23|28|29|30,01|02|03|04|07|08|09|10|11|14|15|16|17|18|21|22|23|28|29|30
013310,KOSDAQ,stock,True,,,2026-09-17,2026-09-04,18|21|22|23|28|29|30,07|08|09|10|11|14|15|16|17|18|21|22|23|28|29|30
013360,KOSPI,stock,True,,,2026-09-17,2026-09-04,18|21|22|23|28|29|30,07|08|09|10|11|14|15|16|17|18|21|22|23|28|29|30
0133E0,KOSPI,etf,True,,,2026-09-17,,18|21|22|23|28|29|30,01|02|03|04|07|08|09|10|11|14|15|16|17|18|21|22|23|28|29|30
0134,KOSDAQ,stock,False,,2026-08-20,,,01|02|03|04|07|08|09|10|11|14|15|16|17|18|21|22|23|28|29|30,01|02|03|04|07|08|09|10|11|14|15|16|17|18|21|22|23|28|29|30
0134X0,KOSDAQ,stock,True,,,2026-09-17,,18|21|22|23|28|29|30,01|02|03|04|07|08|09|10|11|14|15|16|17|18|21|22|23|28|29|30
0135,KOSPI,stock,False,,2026-08-20,,,01|02|03|04|07|08|09|10|11|14|15|16|17|18|21|22|23|28|29|30,01|02|03|04|07|08|09|10|11|14|15|16|17|18|21|22|23|28|29|30
013520,KOSPI,stock,True,,,2026-09-17,2026-09-04,18|21|22|23|28|29|30,07|08|09|10|11|14|15|16|17|18|21|22|23|28|29|30
013570,KOSPI,stock,True,,,2026-09-17,2026-09-04,18|21|22|23|28|29|30,07|08|09|10|11|14|15|16|17|18|21|22|23|28|29|30
013580,KOSPI,stock,True,,,2026-09-17,2026-09-04,18|21|22|23|28|29|30,07|08|09|10|11|14|15|16|17|18|21|22|23|28|29|30
0135Y0,KOSPI,etf,True,,,2026-09-17,,18|21|22|23|28|29|30,01|02|03|04|07|08|09|10|11|14|15|16|17|18|21|22|23|28|29|30
0137,KOSPI,stock,False,,2026-08-20,,,01|02|03|04|07|08|09|10|11|14|15|16|17|18|21|22|23|28|29|30,01|02|03|04|07|08|09|10|11|14|15|16|17|18|21|22|23|28|29|30
013700,KOSPI,stock,True,,,2026-09-17,2026-09-04,18|21|22|23|28|29|30,07|08|09|10|11|14|15|16|17|18|21|22|23|28|29|30
013720,KOSDAQ,stock,True,,,2026-09-17,2026-06-15,18|21|22|23|28|29|30,01|02|03|04|07|08|09|10|11|14|15|16|17|18|21|22|23|28|29|30
0137V0,KOSPI,etf,True,,,2026-09-17,,18|21|22|23|28|29|30,01|02|03|04|07|08|09|10|11|14|15|16|17|18|21|22|23|28|29|30
0137W0,KOSPI,etf,True,,,2026-09-17,,18|21|22|23|28|29|30,01|02|03|04|07|08|09|10|11|14|15|16|17|18|21|22|23|28|29|30
0138,KOSPI,stock,False,,2026-08-20,,,01|02|03|04|07|08|09|10|11|14|15|16|17|18|21|22|23|28|29|30,01|02|03|04|07|08|09|10|11|14|15|16|17|18|21|22|23|28|29|30
013810,KOSDAQ,stock,True,,,2026-09-17,2026-09-04,18|21|22|23|28|29|30,07|08|09|10|11|14|15|16|17|18|21|22|23|28|29|30
013870,KOSPI,stock,True,,,2026-09-17,2026-09-04,18|21|22|23|28|29|30,07|08|09|10|11|14|15|16|17|18|21|22|23|28|29|30
013890,KOSPI,stock,True,,,2026-09-17,2026-09-04,18|21|22|23|28|29|30,07|08|09|10|11|14|15|16|17|18|21|22|23|28|29|30
0138D0,KOSPI,etf,True,,,2026-09-17,,18|21|22|23|28|29|30,01|02|03|04|07|08|09|10|11|14|15|16|17|18|21|22|23|28|29|30
0138T0,KOSPI,etf,True,,,2026-09-17,,18|21|22|23|28|29|30,01|02|03|04|07|08|09|10|11|14|15|16|17|18|21|22|23|28|29|30
0138Y0,KOSPI,etf,True,,,2026-09-17,,18|21|22|23|28|29|30,01|02|03|04|07|08|09|10|11|14|15|16|17|18|21|22|23|28|29|30
0139,KOSPI,stock,False,,2026-08-20,,,01|02|03|04|07|08|09|10|11|14|15|16|17|18|21|22|23|28|29|30,01|02|03|04|07|08|09|10|11|14|15|16|17|18|21|22|23|28|29|30
013990,KOSDAQ,stock,True,,,2026-09-17,2026-09-04,18|21|22|23|28|29|30,07|08|09|10|11|14|15|16|17|18|21|22|23|28|29|30
0139F0,KOSPI,etf,True,,,2026-09-17,,18|21|22|23|28|29|30,01|02|03|04|07|08|09|10|11|14|15|16|17|18|21|22|23|28|29|30
0139P0,KOSPI,etf,True,,,2026-09-17,,18|21|22|23|28|29|30,01|02|03|04|07|08|09|10|11|14|15|16|17|18|21|22|23|28|29|30
0141,KOSPI,stock,False,,2026-08-20,,,01|02|03|04|07|08|09|10|11|14|15|16|17|18|21|22|23|28|29|30,01|02|03|04|07|08|09|10|11|14|15|16|17|18|21|22|23|28|29|30
014100,KOSDAQ,stock,True,,,2026-09-17,2026-09-04,18|21|22|23|28|29|30,07|08|09|10|11|14|15|16|17|18|21|22|23|28|29|30
014130,KOSPI,stock,True,,,2026-09-17,2026-09-04,18|21|22|23|28|29|30,07|08|09|10|11|14|15|16|17|18|21|22|23|28|29|30
014160,KOSPI,stock,True,,,2026-08-12,2026-09-04,01|02|03|04|07|08|09|10|11|14|15|16|17|18|21|22|23|28|29|30,07|08|09|10|11|14|15|16|17|18|21|22|23|28|29|30
014190,KOSDAQ,stock,True,,,2026-09-17,2026-09-04,18|21|22|23|28|29|30,07|08|09|10|11|14|15|16|17|18|21|22|23|28|29|30
0141S0,KOSPI,etf,True,,,2026-09-17,,18|21|22|23|28|29|30,01|02|03|04|07|08|09|10|11|14|15|16|17|18|21|22|23|28|29|30
0141T0,KOSPI,etf,True,,,2026-09-17,,18|21|22|23|28|29|30,01|02|03|04|07|08|09|10|11|14|15|16|17|18|21|22|23|28|29|30
0142,KOSPI,stock,False,,2026-08-20,,,01|02|03|04|07|08|09|10|11|14|15|16|17|18|21|22|23|28|29|30,01|02|03|04|07|08|09|10|11|14|15|16|17|18|21|22|23|28|29|30
014280,KOSPI,stock,True,,,2026-09-17,2026-09-04,18|21|22|23|28|29|30,07|08|09|10|11|14|15|16|17|18|21|22|23|28|29|30
014285,KOSPI,stock,True,,,2026-09-17,2026-09-04,18|21|22|23|28|29|30,07|08|09|10|11|14|15|16|17|18|21|22|23|28|29|30
0142D0,KOSPI,etf,True,,,2026-09-17,,18|21|22|23|28|29|30,01|02|03|04|07|08|09|10|11|14|15|16|17|18|21|22|23|28|29|30
0144,KOSPI,stock,False,,2026-08-20,,,01|02|03|04|07|08|09|10|11|14|15|16|17|18|21|22|23|28|29|30,01|02|03|04|07|08|09|10|11|14|15|16|17|18|21|22|23|28|29|30
014440,KOSPI,stock,True,,,2026-09-17,2026-09-04,18|21|22|23|28|29|30,07|08|09|10|11|14|15|16|17|18|21|22|23|28|29|30
014470,KOSDAQ,stock,True,,,2026-09-17,2026-09-04,18|21|22|23|28|29|30,07|08|09|10|11|14|15|16|17|18|21|22|23|28|29|30
0144L0,KOSPI,etf,True,,,2026-09-17,,18|21|22|23|28|29|30,01|02|03|04|07|08|09|10|11|14|15|16|17|18|21|22|23|28|29|30
0144M0,KOSPI,etf,True,,,2026-09-17,,18|21|22|23|28|29|30,01|02|03|04|07|08|09|10|11|14|15|16|17|18|21|22|23|28|29|30
014530,KOSPI,stock,True,,,2026-09-17,2026-09-04,18|21|22|23|28|29|30,07|08|09|10|11|14|15|16|17|18|21|22|23|28|29|30
014570,KOSDAQ,stock,True,,,2026-09-17,2026-09-04,18|21|22|23|28|29|30,07|08|09|10|11|14|15|16|17|18|21|22|23|28|29|30
014580,KOSPI,stock,True,,,2026-09-17,2026-09-04,18|21|22|23|28|29|30,07|08|09|10|11|14|15|16|17|18|21|22|23|28|29|30
014620,KOSDAQ,stock,True,,,2026-09-17,2026-09-04,18|21|22|23|28|29|30,07|08|09|10|11|14|15|16|17|18|21|22|23|28|29|30
014680,KOSPI,stock,True,,,2026-09-17,2026-09-04,18|21|22|23|28|29|30,07|08|09|10|11|14|15|16|17|18|21|22|23|28|29|30
014710,KOSPI,stock,True,,,2026-09-17,2026-09-04,18|21|22|23|28|29|30,07|08|09|10|11|14|15|16|17|18|21|22|23|28|29|30
014790,KOSPI,stock,True,,,2026-09-17,2026-09-04,18|21|22|23|28|29|30,07|08|09|10|11|14|15|16|17|18|21|22|23|28|29|30
0148,KOSPI,stock,False,,2026-08-20,,,01|02|03|04|07|08|09|10|11|14|15|16|17|18|21|22|23|28|29|30,01|02|03|04|07|08|09|10|11|14|15|16|17|18|21|22|23|28|29|30
014820,KOSPI,stock,True,,,2026-09-17,2026-09-04,18|21|22|23|28|29|30,07|08|09|10|11|14|15|16|17|18|21|22|23|28|29|30
014825,KOSPI,stock,True,,,2026-09-17,2026-09-04,18|21|22|23|28|29|30,07|08|09|10|11|14|15|16|17|18|21|22|23|28|29|30
014830,KOSPI,stock,True,,,2026-09-17,2026-09-04,18|21|22|23|28|29|30,07|08|09|10|11|14|15|16|17|18|21|22|23|28|29|30
0148J0,KOSPI,etf,True,,,2026-09-17,,18|21|22|23|28|29|30,01|02|03|04|07|08|09|10|11|14|15|16|17|18|21|22|23|28|29|30
014910,KOSPI,stock,True,,,2026-09-17,2026-09-04,18|21|22|23|28|29|30,07|08|09|10|11|14|15|16|17|18|21|22|23|28|29|30
014915,KOSPI,stock,True,,,2026-09-17,2026-09-04,18|21|22|23|28|29|30,07|08|09|10|11|14|15|16|17|18|21|22|23|28|29|30
014940,KOSDAQ,stock,True,,,2026-09-17,2026-09-04,18|21|22|23|28|29|30,07|08|09|10|11|14|15|16|17|18|21|22|23|28|29|30
014950,KOSDAQ,stock,True,,,2026-09-17,,18|21|22|23|28|29|30,01|02|03|04|07|08|09|10|11|14|15|16|17|18|21|22|23|28|29|30
014970,KOSDAQ,stock,True,,,2026-09-17,2026-09-04,18|21|22|23|28|29|30,07|08|09|10|11|14|15|16|17|18|21|22|23|28|29|30
014990,KOSPI,stock,True,,,2026-09-17,2026-09-04,18|21|22|23|28|29|30,07|08|09|10|11|14|15|16|17|18|21|22|23|28|29|30
0150,KOSPI,stock,False,,2026-08-20,,,01|02|03|04|07|08|09|10|11|14|15|16|17|18|21|22|23|28|29|30,01|02|03|04|07|08|09|10|11|14|15|16|17|18|21|22|23|28|29|30
015020,KOSPI,stock,True,,,2026-08-10,2026-09-04,01|02|03|04|07|08|09|10|11|14|15|16|17|18|21|22|23|28|29|30,07|08|09|10|11|14|15|16|17|18|21|22|23|28|29|30
0150K0,KOSPI,etf,True,,,2026-09-17,,18|21|22|23|28|29|30,01|02|03|04|07|08|09|10|11|14|15|16|17|18|21|22|23|28|29|30
0151,KOSPI,stock,False,,2026-08-20,,,01|02|03|04|07|08|09|10|11|14|15|16|17|18|21|22|23|28|29|30,01|02|03|04|07|08|09|10|11|14|15|16|17|18|21|22|23|28|29|30
0151P0,KOSPI,etf,True,,,2026-09-17,,18|21|22|23|28|29|30,01|02|03|04|07|08|09|10|11|14|15|16|17|18|21|22|23|28|29|30
0151S0,KOSPI,etf,True,,,2026-09-17,,18|21|22|23|28|29|30,01|02|03|04|07|08|09|10|11|14|15|16|17|18|21|22|23|28|29|30
0152,KOSPI,stock,False,,2026-08-20,,,01|02|03|04|07|08|09|10|11|14|15|16|17|18|21|22|23|28|29|30,01|02|03|04|07|08|09|10|11|14|15|16|17|18|21|22|23|28|29|30
015230,KOSPI,stock,True,,,2026-09-17,2026-09-04,18|21|22|23|28|29|30,07|08|09|10|11|14|15|16|17|18|21|22|23|28|29|30
015260,KOSPI,stock,True,,,2026-09-17,2026-09-04,18|21|22|23|28|29|30,07|08|09|10|11|14|15|16|17|18|21|22|23|28|29|30
0152E0,KOSPI,etf,True,,,2026-09-17,,18|21|22|23|28|29|30,01|02|03|04|07|08|09|10|11|14|15|16|17|18|21|22|23|28|29|30
0153,KOSPI,stock,False,,2026-08-20,,,01|02|03|04|07|08|09|10|11|14|15|16|17|18|21|22|23|28|29|30,01|02|03|04|07|08|09|10|11|14|15|16|17|18|21|22|23|28|29|30
015360,KOSPI,stock,True,,,2026-09-17,2026-09-04,18|21|22|23|28|29|30,07|08|09|10|11|14|15|16|17|18|21|22|23|28|29|30
0153K0,KOSPI,etf,True,,,2026-09-17,,18|21|22|23|28|29|30,01|02|03|04|07|08|09|10|11|14|15|16|17|18|21|22|23|28|29|30
0153P0,KOSPI,etf,True,,,2026-09-17,,18|21|22|23|28|29|30,01|02|03|04|07|08|09|10|11|14|15|16|17|18|21|22|23|28|29|30
0153X0,KOSPI,etf,True,,,2026-09-17,,18|21|22|23|28|29|30,01|02|03|04|07|08|09|10|11|14|15|16|17|18|21|22|23|28|29|30
0154,KOSPI,stock,False,,2026-08-20,,,01|02|03|04|07|08|09|10|11|14|15|16|17|18|21|22|23|28|29|30,01|02|03|04|07|08|09|10|11|14|15|16|17|18|21|22|23|28|29|30
0154F0,KOSPI,etf,True,,,2026-09-17,,18|21|22|23|28|29|30,01|02|03|04|07|08|09|10|11|14|15|16|17|18|21|22|23|28|29|30
0154H0,KOSPI,etf,True,,,2026-09-17,,18|21|22|23|28|29|30,01|02|03|04|07|08|09|10|11|14|15|16|17|18|21|22|23|28|29|30
0155,KOSPI,stock,False,,2026-08-20,,,01|02|03|04|07|08|09|10|11|14|15|16|17|18|21|22|23|28|29|30,01|02|03|04|07|08|09|10|11|14|15|16|17|18|21|22|23|28|29|30
015590,KOSPI,stock,True,,,2026-09-17,2026-09-04,18|21|22|23|28|29|30,07|08|09|10|11|14|15|16|17|18|21|22|23|28|29|30
0155E0,KOSDAQ,stock,True,,,2026-09-17,,18|21|22|23|28|29|30,01|02|03|04|07|08|09|10|11|14|15|16|17|18|21|22|23|28|29|30
0155M0,KOSPI,etf,True,,,2026-09-17,,18|21|22|23|28|29|30,01|02|03|04|07|08|09|10|11|14|15|16|17|18|21|22|23|28|29|30
0155N0,KOSPI,etf,True,,,2026-09-17,,18|21|22|23|28|29|30,01|02|03|04|07|08|09|10|11|14|15|16|17|18|21|22|23|28|29|30
0156,KOSDAQ,stock,False,,2026-08-20,,,01|02|03|04|07|08|09|10|11|14|15|16|17|18|21|22|23|28|29|30,01|02|03|04|07|08|09|10|11|14|15|16|17|18|21|22|23|28|29|30
0156T0,KOSDAQ,stock,True,,,2026-09-17,,18|21|22|23|28|29|30,01|02|03|04|07|08|09|10|11|14|15|16|17|18|21|22|23|28|29|30
015710,KOSDAQ,stock,True,,,2026-09-17,2026-09-04,18|21|22|23|28|29|30,07|08|09|10|11|14|15|16|17|18|21|22|23|28|29|30
015750,KOSDAQ,stock,True,,,2026-09-17,2026-09-04,18|21|22|23|28|29|30,07|08|09|10|11|14|15|16|17|18|21|22|23|28|29|30
015760,KOSPI,stock,True,,,2026-09-17,2026-09-04,18|21|22|23|28|29|30,07|08|09|10|11|14|15|16|17|18|21|22|23|28|29|30
015860,KOSPI,stock,True,,,2026-09-17,2026-09-04,18|21|22|23|28|29|30,07|08|09|10|11|14|15|16|17|18|21|22|23|28|29|30
015890,KOSPI,stock,True,,,2026-09-17,2026-09-04,18|21|22|23|28|29|30,07|08|09|10|11|14|15|16|17|18|21|22|23|28|29|30
016090,KOSPI,stock,True,,,2026-09-17,2026-09-04,18|21|22|23|28|29|30,07|08|09|10|11|14|15|16|17|18|21|22|23|28|29|30
016100,KOSDAQ,stock,True,,,2026-09-17,2026-09-04,18|21|22|23|28|29|30,07|08|09|10|11|14|15|16|17|18|21|22|23|28|29|30
0162,KOSPI,stock,False,,2026-08-20,,,01|02|03|04|07|08|09|10|11|14|15|16|17|18|21|22|23|28|29|30,01|02|03|04|07|08|09|10|11|14|15|16|17|18|21|22|23|28|29|30
016250,KOSDAQ,stock,True,,,2026-09-17,2026-09-04,18|21|22|23|28|29|30,07|08|09|10|11|14|15|16|17|18|21|22|23|28|29|30
0162L0,KOSPI,etf,True,,,2026-09-17,,18|21|22|23|28|29|30,01|02|03|04|07|08|09|10|11|14|15|16|17|18|21|22|23|28|29|30
0162M0,KOSPI,etf,True,,,2026-09-17,,18|21|22|23|28|29|30,01|02|03|04|07|08|09|10|11|14|15|16|17|18|21|22|23|28|29|30
0162Y0,KOSPI,etf,True,,,2026-09-17,,18|21|22|23|28|29|30,01|02|03|04|07|08|09|10|11|14|15|16|17|18|21|22|23|28|29|30
0162Z0,KOSPI,etf,True,,,2026-09-17,,18|21|22|23|28|29|30,01|02|03|04|07|08|09|10|11|14|15|16|17|18|21|22|23|28|29|30
0163,KOSPI,stock,False,,2026-08-20,,,01|02|03|04|07|08|09|10|11|14|15|16|17|18|21|22|23|28|29|30,01|02|03|04|07|08|09|10|11|14|15|16|17|18|21|22|23|28|29|30
016360,KOSPI,stock,True,,,2026-09-17,2026-09-04,18|21|22|23|28|29|30,07|08|09|10|11|14|15|16|17|18|21|22|23|28|29|30
016380,KOSPI,stock,True,,,2026-09-17,2026-09-04,18|21|22|23|28|29|30,07|08|09|10|11|14|15|16|17|18|21|22|23|28|29|30
0163Y0,KOSPI,etf,True,,,2026-09-17,,18|21|22|23|28|29|30,01|02|03|04|07|08|09|10|11|14|15|16|17|18|21|22|23|28|29|30
0164,KOSPI,stock,False,,2026-08-20,,,01|02|03|04|07|08|09|10|11|14|15|16|17|18|21|22|23|28|29|30,01|02|03|04|07|08|09|10|11|14|15|16|17|18|21|22|23|28|29|30
016450,KOSPI,stock,True,,,2026-09-17,2026-09-04,18|21|22|23|28|29|30,07|08|09|10|11|14|15|16|17|18|21|22|23|28|29|30
0164G0,KOSPI,etf,True,,,2026-09-17,,18|21|22|23|28|29|30,01|02|03|04|07|08|09|10|11|14|15|16|17|18|21|22|23|28|29|30
0164H0,KOSDAQ,stock,True,,,2026-09-17,,18|21|22|23|28|29|30,01|02|03|04|07|08|09|10|11|14|15|16|17|18|21|22|23|28|29|30
0165,KOSDAQ,stock,False,,2026-08-20,,,01|02|03|04|07|08|09|10|11|14|15|16|17|18|21|22|23|28|29|30,01|02|03|04|07|08|09|10|11|14|15|16|17|18|21|22|23|28|29|30
016580,KOSPI,stock,True,,,2026-09-17,2026-09-04,18|21|22|23|28|29|30,07|08|09|10|11|14|15|16|17|18|21|22|23|28|29|30
016590,KOSPI,stock,True,,,2026-09-17,2026-09-04,18|21|22|23|28|29|30,07|08|09|10|11|14|15|16|17|18|21|22|23|28|29|30
0165X0,KOSDAQ,stock,True,,,2026-09-17,,18|21|22|23|28|29|30,01|02|03|04|07|08|09|10|11|14|15|16|17|18|21|22|23|28|29|30
0166,KOSPI,stock,False,,2026-08-20,,,01|02|03|04|07|08|09|10|11|14|15|16|17|18|21|22|23|28|29|30,01|02|03|04|07|08|09|10|11|14|15|16|17|18|21|22|23|28|29|30
016600,KOSDAQ,stock,True,,,2026-09-17,2026-09-04,18|21|22|23|28|29|30,07|08|09|10|11|14|15|16|17|18|21|22|23|28|29|30
016610,KOSPI,stock,True,,,2026-09-17,2026-09-04,18|21|22|23|28|29|30,07|08|09|10|11|14|15|16|17|18|21|22|23|28|29|30
016670,KOSDAQ,stock,True,,,2026-09-17,2026-06-15,18|21|22|23|28|29|30,01|02|03|04|07|08|09|10|11|14|15|16|17|18|21|22|23|28|29|30
0166N0,KOSPI,etf,True,,,2026-09-17,,18|21|22|23|28|29|30,01|02|03|04|07|08|09|10|11|14|15|16|17|18|21|22|23|28|29|30
0166S0,KOSPI,etf,True,,,2026-09-17,,18|21|22|23|28|29|30,01|02|03|04|07|08|09|10|11|14|15|16|17|18|21|22|23|28|29|30
0166T0,KOSPI,etf,True,,,2026-09-17,,18|21|22|23|28|29|30,01|02|03|04|07|08|09|10|11|14|15|16|17|18|21|22|23|28|29|30
0167,KOSPI,stock,False,,2026-08-20,,,01|02|03|04|07|08|09|10|11|14|15|16|17|18|21|22|23|28|29|30,01|02|03|04|07|08|09|10|11|14|15|16|17|18|21|22|23|28|29|30
016710,KOSPI,stock,True,,,2026-09-17,2026-09-04,18|21|22|23|28|29|30,07|08|09|10|11|14|15|16|17|18|21|22|23|28|29|30
016740,KOSPI,stock,True,,,2026-09-17,2026-09-04,18|21|22|23|28|29|30,07|08|09|10|11|14|15|16|17|18|21|22|23|28|29|30
016790,KOSDAQ,stock,True,,,2026-09-04,2026-09-04,07|08|09|10|11|14|15|16|17|18|21|22|23|28|29|30,07|08|09|10|11|14|15|16|17|18|21|22|23|28|29|30
0167A0,KOSPI,etf,True,,,2026-09-17,,18|21|22|23|28|29|30,01|02|03|04|07|08|09|10|11|14|15|16|17|18|21|22|23|28|29|30
0167B0,KOSPI,etf,True,,,2026-09-17,,18|21|22|23|28|29|30,01|02|03|04|07|08|09|10|11|14|15|16|17|18|21|22|23|28|29|30
0167Z0,KOSPI,etf,True,,,2026-09-17,,18|21|22|23|28|29|30,01|02|03|04|07|08|09|10|11|14|15|16|17|18|21|22|23|28|29|30
0168,KOSPI,stock,False,,2026-08-20,,,01|02|03|04|07|08|09|10|11|14|15|16|17|18|21|22|23|28|29|30,01|02|03|04|07|08|09|10|11|14|15|16|17|18|21|22|23|28|29|30
016800,KOSPI,stock,True,,,2026-09-17,2026-09-04,18|21|22|23|28|29|30,07|08|09|10|11|14|15|16|17|18|21|22|23|28|29|30
016880,KOSPI,stock,True,,,2026-09-17,2026-09-04,18|21|22|23|28|29|30,07|08|09|10|11|14|15|16|17|18|21|22|23|28|29|30
0168K0,KOSPI,etf,True,,,2026-09-17,,18|21|22|23|28|29|30,01|02|03|04|07|08|09|10|11|14|15|16|17|18|21|22|23|28|29|30
016920,KOSDAQ,stock,True,,,2026-09-17,2026-09-04,18|21|22|23|28|29|30,07|08|09|10|11|14|15|16|17|18|21|22|23|28|29|30
017000,KOSDAQ,stock,True,,,2026-09-17,2026-09-04,18|21|22|23|28|29|30,07|08|09|10|11|14|15|16|17|18|21|22|23|28|29|30
017040,KOSPI,stock,True,,,2026-08-10,2026-09-04,01|02|03|04|07|08|09|10|11|14|15|16|17|18|21|22|23|28|29|30,07|08|09|10|11|14|15|16|17|18|21|22|23|28|29|30
017180,KOSPI,stock,True,,,2026-09-17,2026-09-04,18|21|22|23|28|29|30,07|08|09|10|11|14|15|16|17|18|21|22|23|28|29|30
0172,KOSPI,stock,False,,2026-08-20,,,01|02|03|04|07|08|09|10|11|14|15|16|17|18|21|22|23|28|29|30,01|02|03|04|07|08|09|10|11|14|15|16|17|18|21|22|23|28|29|30
017250,KOSDAQ,stock,True,,,2026-09-17,2026-09-04,18|21|22|23|28|29|30,07|08|09|10|11|14|15|16|17|18|21|22|23|28|29|30
0172V0,KOSPI,etf,True,,,2026-09-17,,18|21|22|23|28|29|30,01|02|03|04|07|08|09|10|11|14|15|16|17|18|21|22|23|28|29|30
0172Y0,KOSPI,etf,True,,,2026-09-17,,18|21|22|23|28|29|30,01|02|03|04|07|08|09|10|11|14|15|16|17|18|21|22|23|28|29|30
0173,KOSPI,stock,False,,2026-08-20,,,01|02|03|04|07|08|09|10|11|14|15|16|17|18|21|22|23|28|29|30,01|02|03|04|07|08|09|10|11|14|15|16|17|18|21|22|23|28|29|30
017370,KOSPI,stock,True,,,2026-09-17,2026-09-04,18|21|22|23|28|29|30,07|08|09|10|11|14|15|16|17|18|21|22|23|28|29|30
017390,KOSPI,stock,True,,,2026-09-17,2026-09-04,18|21|22|23|28|29|30,07|08|09|10|11|14|15|16|17|18|21|22|23|28|29|30
0173Y0,KOSPI,etf,True,,,2026-09-17,,18|21|22|23|28|29|30,01|02|03|04|07|08|09|10|11|14|15|16|17|18|21|22|23|28|29|30
0174,KOSPI,stock,False,,2026-08-20,,,01|02|03|04|07|08|09|10|11|14|15|16|17|18|21|22|23|28|29|30,01|02|03|04|07|08|09|10|11|14|15|16|17|18|21|22|23|28|29|30
017480,KOSDAQ,stock,True,,,2026-09-17,2026-09-04,18|21|22|23|28|29|30,07|08|09|10|11|14|15|16|17|18|21|22|23|28|29|30
0174B0,KOSPI,etf,True,,,2026-09-17,,18|21|22|23|28|29|30,01|02|03|04|07|08|09|10|11|14|15|16|17|18|21|22|23|28|29|30
0174J0,KOSPI,etf,True,,,2026-09-17,,18|21|22|23|28|29|30,01|02|03|04|07|08|09|10|11|14|15|16|17|18|21|22|23|28|29|30
0174R0,KOSPI,etf,True,,,2026-09-17,,18|21|22|23|28|29|30,01|02|03|04|07|08|09|10|11|14|15|16|17|18|21|22|23|28|29|30
017510,KOSDAQ,stock,True,,,2026-09-17,2026-09-04,18|21|22|23|28|29|30,07|08|09|10|11|14|15|16|17|18|21|22|23|28|29|30
017550,KOSPI,stock,True,,,2026-09-17,2026-09-04,18|21|22|23|28|29|30,07|08|09|10|11|14|15|16|17|18|21|22|23|28|29|30
0176,KOSPI,stock,False,,2026-08-20,,,01|02|03|04|07|08|09|10|11|14|15|16|17|18|21|22|23|28|29|30,01|02|03|04|07|08|09|10|11|14|15|16|17|18|21|22|23|28|29|30
017650,KOSDAQ,stock,True,,,2026-09-17,2026-09-04,18|21|22|23|28|29|30,07|08|09|10|11|14|15|16|17|18|21|22|23|28|29|30
017670,KOSPI,stock,True,,,2026-09-17,2026-09-04,18|21|22|23|28|29|30,07|08|09|10|11|14|15|16|17|18|21|22|23|28|29|30
0176E0,KOSPI,etf,True,,,2026-09-17,,18|21|22|23|28|29|30,01|02|03|04|07|08|09|10|11|14|15|16|17|18|21|22|23|28|29|30
0176P0,KOSPI,etf,True,,,2026-09-17,,18|21|22|23|28|29|30,01|02|03|04|07|08|09|10|11|14|15|16|17|18|21|22|23|28|29|30
0177,KOSPI,stock,False,,2026-08-20,,,01|02|03|04|07|08|09|10|11|14|15|16|17|18|21|22|23|28|29|30,01|02|03|04|07|08|09|10|11|14|15|16|17|18|21|22|23|28|29|30
0177A0,KOSPI,etf,True,,,2026-09-17,,18|21|22|23|28|29|30,01|02|03|04|07|08|09|10|11|14|15|16|17|18|21|22|23|28|29|30
0177N0,KOSPI,etf,True,,,2026-09-17,,18|21|22|23|28|29|30,01|02|03|04|07|08|09|10|11|14|15|16|17|18|21|22|23|28|29|30
0177R0,KOSPI,etf,True,,,2026-09-17,,18|21|22|23|28|29|30,01|02|03|04|07|08|09|10|11|14|15|16|17|18|21|22|23|28|29|30
0177X0,KOSPI,etf,True,,,2026-09-17,,18|21|22|23|28|29|30,01|02|03|04|07|08|09|10|11|14|15|16|17|18|21|22|23|28|29|30
0178,KOSPI,stock,False,,2026-08-20,,,01|02|03|04|07|08|09|10|11|14|15|16|17|18|21|22|23|28|29|30,01|02|03|04|07|08|09|10|11|14|15|16|17|18|21|22|23|28|29|30
017800,KOSPI,stock,True,,,2026-09-17,2026-09-04,18|21|22|23|28|29|30,07|08|09|10|11|14|15|16|17|18|21|22|23|28|29|30
017810,KOSPI,stock,True,,,2026-09-17,2026-09-04,18|21|22|23|28|29|30,07|08|09|10|11|14|15|16|17|18|21|22|23|28|29|30
017860,KOSPI,stock,True,,,2026-09-17,2026-09-04,18|21|22|23|28|29|30,07|08|09|10|11|14|15|16|17|18|21|22|23|28|29|30
017890,KOSDAQ,stock,True,,,2026-09-17,2026-09-04,18|21|22|23|28|29|30,07|08|09|10|11|14|15|16|17|18|21|22|23|28|29|30
0178H0,KOSPI,etf,True,,,2026-09-17,,18|21|22|23|28|29|30,01|02|03|04|07|08|09|10|11|14|15|16|17|18|21|22|23|28|29|30
017900,KOSPI,stock,True,,,2026-09-17,2026-09-04,18|21|22|23|28|29|30,07|08|09|10|11|14|15|16|17|18|21|22|23|28|29|30
017940,KOSPI,stock,True,,,2026-09-17,2026-09-04,18|21|22|23|28|29|30,07|08|09|10|11|14|15|16|17|18|21|22|23|28|29|30
017960,KOSPI,stock,True,,,2026-09-17,2026-09-04,18|21|22|23|28|29|30,07|08|09|10|11|14|15|16|17|18|21|22|23|28|29|30
0180,KOSPI,stock,False,,2026-08-20,,,01|02|03|04|07|08|09|10|11|14|15|16|17|18|21|22|23|28|29|30,01|02|03|04|07|08|09|10|11|14|15|16|17|18|21|22|23|28|29|30
018000,KOSDAQ,stock,True,,,2026-09-17,2026-09-04,18|21|22|23|28|29|30,07|08|09|10|11|14|15|16|17|18|21|22|23|28|29|30
0180V0,KOSPI,etf,True,,,2026-09-17,,18|21|22|23|28|29|30,01|02|03|04|07|08|09|10|11|14|15|16|17|18|21|22|23|28|29|30
0181,KOSPI,stock,False,,2026-08-20,,,01|02|03|04|07|08|09|10|11|14|15|16|17|18|21|22|23|28|29|30,01|02|03|04|07|08|09|10|11|14|15|16|17|18|21|22|23|28|29|30
018120,KOSDAQ,stock,True,,,2026-09-17,2026-09-04,18|21|22|23|28|29|30,07|08|09|10|11|14|15|16|17|18|21|22|23|28|29|30
0181B0,KOSPI,etf,True,,,2026-09-17,,18|21|22|23|28|29|30,01|02|03|04|07|08|09|10|11|14|15|16|17|18|21|22|23|28|29|30
0181L0,KOSPI,etf,True,,,2026-09-17,,18|21|22|23|28|29|30,01|02|03|04|07|08|09|10|11|14|15|16|17|18|21|22|23|28|29|30
0182,KOSPI,stock,False,,2026-08-20,,,01|02|03|04|07|08|09|10|11|14|15|16|17|18|21|22|23|28|29|30,01|02|03|04|07|08|09|10|11|14|15|16|17|18|21|22|23|28|29|30
018250,KOSPI,stock,True,,,2026-09-17,2026-09-04,18|21|22|23|28|29|30,07|08|09|10|11|14|15|16|17|18|21|22|23|28|29|30
018260,KOSPI,stock,True,,,2026-09-17,2026-09-04,18|21|22|23|28|29|30,07|08|09|10|11|14|15|16|17|18|21|22|23|28|29|30
018290,KOSDAQ,stock,True,,,2026-09-17,2026-09-04,18|21|22|23|28|29|30,07|08|09|10|11|14|15|16|17|18|21|22|23|28|29|30
0182R0,KOSPI,etf,True,,,2026-09-17,,18|21|22|23|28|29|30,01|02|03|04|07|08|09|10|11|14|15|16|17|18|21|22|23|28|29|30
0182S0,KOSPI,etf,True,,,2026-09-17,,18|21|22|23|28|29|30,01|02|03|04|07|08|09|10|11|14|15|16|17|18|21|22|23|28|29|30
0183,KOSPI,stock,False,,2026-08-20,,,01|02|03|04|07|08|09|10|11|14|15|16|17|18|21|22|23|28|29|30,01|02|03|04|07|08|09|10|11|14|15|16|17|18|21|22|23|28|29|30
018310,KOSDAQ,stock,True,,,2026-09-17,2026-09-04,18|21|22|23|28|29|30,07|08|09|10|11|14|15|16|17|18|21|22|23|28|29|30
0183J0,KOSPI,etf,True,,,2026-09-17,,18|21|22|23|28|29|30,01|02|03|04|07|08|09|10|11|14|15|16|17|18|21|22|23|28|29|30
0183V0,KOSPI,etf,True,,,2026-09-17,,18|21|22|23|28|29|30,01|02|03|04|07|08|09|10|11|14|15|16|17|18|21|22|23|28|29|30
0184,KOSPI,stock,False,,2026-08-20,,,01|02|03|04|07|08|09|10|11|14|15|16|17|18|21|22|23|28|29|30,01|02|03|04|07|08|09|10|11|14|15|16|17|18|21|22|23|28|29|30
018470,KOSPI,stock,True,,,2026-09-17,2026-09-04,18|21|22|23|28|29|30,07|08|09|10|11|14|15|16|17|18|21|22|23|28|29|30
0184E0,KOSPI,etf,True,,,2026-09-17,,18|21|22|23|28|29|30,01|02|03|04|07|08|09|10|11|14|15|16|17|18|21|22|23|28|29|30
0184L0,KOSPI,etf,True,,,2026-09-17,,18|21|22|23|28|29|30,01|02|03|04|07|08|09|10|11|14|15|16|17|18|21|22|23|28|29|30
0184N0,KOSPI,etf,True,,,2026-09-17,,18|21|22|23|28|29|30,01|02|03|04|07|08|09|10|11|14|15|16|17|18|21|22|23|28|29|30
0184V0,KOSPI,etf,True,,,2026-09-17,,18|21|22|23|28|29|30,01|02|03|04|07|08|09|10|11|14|15|16|17|18|21|22|23|28|29|30
0185,KOSPI,stock,False,,2026-08-20,,,01|02|03|04|07|08|09|10|11|14|15|16|17|18|21|22|23|28|29|30,01|02|03|04|07|08|09|10|11|14|15|16|17|18|21|22|23|28|29|30
018500,KOSPI,stock,True,,,2026-09-17,2026-09-04,18|21|22|23|28|29|30,07|08|09|10|11|14|15|16|17|18|21|22|23|28|29|30
0185L0,KOSPI,etf,True,,,2026-09-17,,18|21|22|23|28|29|30,01|02|03|04|07|08|09|10|11|14|15|16|17|18|21|22|23|28|29|30
0186,KOSPI,stock,False,,2026-08-20,,,01|02|03|04|07|08|09|10|11|14|15|16|17|18|21|22|23|28|29|30,01|02|03|04|07|08|09|10|11|14|15|16|17|18|21|22|23|28|29|30
018620,KOSDAQ,stock,True,,,2026-09-17,2026-09-04,18|21|22|23|28|29|30,07|08|09|10|11|14|15|16|17|18|21|22|23|28|29|30
018670,KOSPI,stock,True,,,2026-09-17,2026-09-04,18|21|22|23|28|29|30,07|08|09|10|11|14|15|16|17|18|21|22|23|28|29|30
018680,KOSDAQ,stock,True,,,2026-09-17,2026-09-04,18|21|22|23|28|29|30,07|08|09|10|11|14|15|16|17|18|21|22|23|28|29|30
0186L0,KOSPI,etf,True,,,2026-09-17,,18|21|22|23|28|29|30,01|02|03|04|07|08|09|10|11|14|15|16|17|18|21|22|23|28|29|30
0186S0,KOSPI,etf,True,,,2026-09-17,,18|21|22|23|28|29|30,01|02|03|04|07|08|09|10|11|14|15|16|17|18|21|22|23|28|29|30
018700,KOSDAQ,stock,True,,,2026-09-17,2026-09-04,18|21|22|23|28|29|30,07|08|09|10|11|14|15|16|17|18|21|22|23|28|29|30
018880,KOSPI,stock,True,,,2026-09-17,2026-09-04,18|21|22|23|28|29|30,07|08|09|10|11|14|15|16|17|18|21|22|23|28|29|30
0189,KOSPI,stock,False,,2026-08-20,,,01|02|03|04|07|08|09|10|11|14|15|16|17|18|21|22|23|28|29|30,01|02|03|04|07|08|09|10|11|14|15|16|17|18|21|22|23|28|29|30
0189B0,KOSPI,etf,True,,,2026-09-17,,18|21|22|23|28|29|30,01|02|03|04|07|08|09|10|11|14|15|16|17|18|21|22|23|28|29|30
0189Z0,KOSPI,etf,True,,,2026-09-17,,18|21|22|23|28|29|30,01|02|03|04|07|08|09|10|11|14|15|16|17|18|21|22|23|28|29|30
0190,KOSPI,stock,False,,2026-08-20,,,01|02|03|04|07|08|09|10|11|14|15|16|17|18|21|22|23|28|29|30,01|02|03|04|07|08|09|10|11|14|15|16|17|18|21|22|23|28|29|30
019010,KOSDAQ,stock,True,,,2026-09-17,2026-09-04,18|21|22|23|28|29|30,07|08|09|10|11|14|15|16|17|18|21|22|23|28|29|30
0190C0,KOSPI,etf,True,,,2026-09-17,,18|21|22|23|28|29|30,01|02|03|04|07|08|09|10|11|14|15|16|17|18|21|22|23|28|29|30
0190G0,KOSPI,etf,True,,,2026-09-17,,18|21|22|23|28|29|30,01|02|03|04|07|08|09|10|11|14|15|16|17|18|21|22|23|28|29|30
0190M0,KOSPI,etf,True,,,2026-09-17,,18|21|22|23|28|29|30,01|02|03|04|07|08|09|10|11|14|15|16|17|18|21|22|23|28|29|30
0190Y0,KOSPI,etf,True,,,2026-09-17,,18|21|22|23|28|29|30,01|02|03|04|07|08|09|10|11|14|15|16|17|18|21|22|23|28|29|30
0191,KOSPI,stock,False,,2026-08-20,,,01|02|03|04|07|08|09|10|11|14|15|16|17|18|21|22|23|28|29|30,01|02|03|04|07|08|09|10|11|14|15|16|17|18|21|22|23|28|29|30
019170,KOSPI,stock,True,,,2026-09-17,2026-09-04,18|21|22|23|28|29|30,07|08|09|10|11|14|15|16|17|18|21|22|23|28|29|30
019175,KOSPI,stock,True,,,2026-09-17,2026-09-04,18|21|22|23|28|29|30,07|08|09|10|11|14|15|16|17|18|21|22|23|28|29|30
019180,KOSPI,stock,True,,,2026-09-17,2026-09-04,18|21|22|23|28|29|30,07|08|09|10|11|14|15|16|17|18|21|22|23|28|29|30
0191B0,KOSPI,etf,True,,,2026-09-17,,18|21|22|23|28|29|30,01|02|03|04|07|08|09|10|11|14|15|16|17|18|21|22|23|28|29|30
0191M0,KOSPI,etf,True,,,2026-09-17,,18|21|22|23|28|29|30,01|02|03|04|07|08|09|10|11|14|15|16|17|18|21|22|23|28|29|30
0191S0,KOSPI,etf,True,,,2026-09-17,,18|21|22|23|28|29|30,01|02|03|04|07|08|09|10|11|14|15|16|17|18|21|22|23|28|29|30
0191W0,KOSPI,etf,True,,,2026-09-17,,18|21|22|23|28|29|30,01|02|03|04|07|08|09|10|11|14|15|16|17|18|21|22|23|28|29|30
0192,KOSPI,stock,False,,2026-08-20,,,01|02|03|04|07|08|09|10|11|14|15|16|17|18|21|22|23|28|29|30,01|02|03|04|07|08|09|10|11|14|15|16|17|18|21|22|23|28|29|30
019210,KOSDAQ,stock,True,,,2026-09-17,2026-09-04,18|21|22|23|28|29|30,07|08|09|10|11|14|15|16|17|18|21|22|23|28|29|30
0192L0,KOSPI,etf,True,,,2026-09-17,,18|21|22|23|28|29|30,01|02|03|04|07|08|09|10|11|14|15|16|17|18|21|22|23|28|29|30
0192M0,KOSPI,etf,True,,,2026-09-17,,18|21|22|23|28|29|30,01|02|03|04|07|08|09|10|11|14|15|16|17|18|21|22|23|28|29|30
0192S0,KOSPI,etf,True,,,2026-09-17,,18|21|22|23|28|29|30,01|02|03|04|07|08|09|10|11|14|15|16|17|18|21|22|23|28|29|30
0192T0,KOSPI,etf,True,,,2026-09-17,,18|21|22|23|28|29|30,01|02|03|04|07|08|09|10|11|14|15|16|17|18|21|22|23|28|29|30
0192Z0,KOSPI,etf,True,,,2026-09-17,,18|21|22|23|28|29|30,01|02|03|04|07|08|09|10|11|14|15|16|17|18|21|22|23|28|29|30
0193,KOSPI,stock,False,,2026-08-20,,,01|02|03|04|07|08|09|10|11|14|15|16|17|18|21|22|23|28|29|30,01|02|03|04|07|08|09|10|11|14|15|16|17|18|21|22|23|28|29|30
0193G0,KOSPI,etf,True,,,2026-09-17,,18|21|22|23|28|29|30,01|02|03|04|07|08|09|10|11|14|15|16|17|18|21|22|23|28|29|30
0193K0,KOSPI,etf,True,,,2026-09-17,,18|21|22|23|28|29|30,01|02|03|04|07|08|09|10|11|14|15|16|17|18|21|22|23|28|29|30
0193L0,KOSPI,etf,True,,,2026-09-17,,18|21|22|23|28|29|30,01|02|03|04|07|08|09|10|11|14|15|16|17|18|21|22|23|28|29|30
0193M0,KOSPI,etf,True,,,2026-09-17,,18|21|22|23|28|29|30,01|02|03|04|07|08|09|10|11|14|15|16|17|18|21|22|23|28|29|30
0193T0,KOSPI,etf,True,,,2026-09-17,,18|21|22|23|28|29|30,01|02|03|04|07|08|09|10|11|14|15|16|17|18|21|22|23|28|29|30
0193W0,KOSPI,etf,True,,,2026-09-17,,18|21|22|23|28|29|30,01|02|03|04|07|08|09|10|11|14|15|16|17|18|21|22|23|28|29|30
0194,KOSPI,stock,False,,2026-08-20,,,01|02|03|04|07|08|09|10|11|14|15|16|17|18|21|22|23|28|29|30,01|02|03|04|07|08|09|10|11|14|15|16|17|18|21|22|23|28|29|30
019490,KOSPI,stock,True,,,2026-08-10,2026-09-04,01|02|03|04|07|08|09|10|11|14|15|16|17|18|21|22|23|28|29|30,07|08|09|10|11|14|15|16|17|18|21|22|23|28|29|30
0194M0,KOSPI,etf,True,,,2026-09-17,,18|21|22|23|28|29|30,01|02|03|04|07|08|09|10|11|14|15|16|17|18|21|22|23|28|29|30
0194N0,KOSPI,etf,True,,,2026-09-17,,18|21|22|23|28|29|30,01|02|03|04|07|08|09|10|11|14|15|16|17|18|21|22|23|28|29|30
0194R0,KOSPI,etf,True,,,2026-09-17,,18|21|22|23|28|29|30,01|02|03|04|07|08|09|10|11|14|15|16|17|18|21|22|23|28|29|30
0194T0,KOSPI,etf,True,,,2026-09-17,,18|21|22|23|28|29|30,01|02|03|04|07|08|09|10|11|14|15|16|17|18|21|22|23|28|29|30
0195,KOSPI,stock,False,,2026-08-20,,,01|02|03|04|07|08|09|10|11|14|15|16|17|18|21|22|23|28|29|30,01|02|03|04|07|08|09|10|11|14|15|16|17|18|21|22|23|28|29|30
019540,KOSDAQ,stock,True,,,2026-09-17,2026-09-04,18|21|22|23|28|29|30,07|08|09|10|11|14|15|16|17|18|21|22|23|28|29|30
019550,KOSDAQ,stock,True,,,2026-09-17,2026-09-04,18|21|22|23|28|29|30,07|08|09|10|11|14|15|16|17|18|21|22|23|28|29|30
019570,KOSDAQ,stock,True,,,2026-09-17,2026-06-15,18|21|22|23|28|29|30,01|02|03|04|07|08|09|10|11|14|15|16|17|18|21|22|23|28|29|30
0195R0,KOSPI,etf,True,,,2026-09-17,,18|21|22|23|28|29|30,01|02|03|04|07|08|09|10|11|14|15|16|17|18|21|22|23|28|29|30
0195S0,KOSPI,etf,True,,,2026-09-17,,18|21|22|23|28|29|30,01|02|03|04|07|08|09|10|11|14|15|16|17|18|21|22|23|28|29|30
019660,KOSDAQ,stock,True,,,2026-09-17,2026-09-04,18|21|22|23|28|29|30,07|08|09|10|11|14|15|16|17|18|21|22|23|28|29|30
019680,KOSPI,stock,True,,,2026-09-17,2026-09-04,18|21|22|23|28|29|30,07|08|09|10|11|14|15|16|17|18|21|22|23|28|29|30
019685,KOSPI,stock,True,,,2026-09-17,,18|21|22|23|28|29|30,01|02|03|04|07|08|09|10|11|14|15|16|17|18|21|22|23|28|29|30
0197,KOSPI,stock,False,,2026-08-20,,,01|02|03|04|07|08|09|10|11|14|15|16|17|18|21|22|23|28|29|30,01|02|03|04|07|08|09|10|11|14|15|16|17|18|21|22|23|28|29|30
019770,KOSDAQ,stock,True,,,2026-09-17,2026-09-04,18|21|22|23|28|29|30,07|08|09|10|11|14|15|16|17|18|21|22|23|28|29|30
0197W0,KOSPI,etf,True,,,2026-09-17,,18|21|22|23|28|29|30,01|02|03|04|07|08|09|10|11|14|15|16|17|18|21|22|23|28|29|30
0197X0,KOSPI,etf,True,,,2026-09-17,,18|21|22|23|28|29|30,01|02|03|04|07|08|09|10|11|14|15|16|17|18|21|22|23|28|29|30
0198,KOSPI,stock,False,,2026-08-20,,,01|02|03|04|07|08|09|10|11|14|15|16|17|18|21|22|23|28|29|30,01|02|03|04|07|08|09|10|11|14|15|16|17|18|21|22|23|28|29|30
0198A0,KOSPI,etf,True,,,2026-09-17,,18|21|22|23|28|29|30,01|02|03|04|07|08|09|10|11|14|15|16|17|18|21|22|23|28|29|30
0198B0,KOSPI,etf,True,,,2026-09-17,,18|21|22|23|28|29|30,01|02|03|04|07|08|09|10|11|14|15|16|17|18|21|22|23|28|29|30
0198D0,KOSPI,etf,True,,,2026-09-17,,18|21|22|23|28|29|30,01|02|03|04|07|08|09|10|11|14|15|16|17|18|21|22|23|28|29|30
0199,KOSPI,stock,False,,2026-08-20,,,01|02|03|04|07|08|09|10|11|14|15|16|17|18|21|22|23|28|29|30,01|02|03|04|07|08|09|10|11|14|15|16|17|18|21|22|23|28|29|30
019990,KOSDAQ,stock,True,,,2026-09-17,2026-09-04,18|21|22|23|28|29|30,07|08|09|10|11|14|15|16|17|18|21|22|23|28|29|30
0199C0,KOSPI,etf,True,,,2026-09-17,,18|21|22|23|28|29|30,01|02|03|04|07|08|09|10|11|14|15|16|17|18|21|22|23|28|29|30
020000,KOSPI,stock,True,,,2026-09-17,2026-09-04,18|21|22|23|28|29|30,07|08|09|10|11|14|15|16|17|18|21|22|23|28|29|30
020120,KOSPI,stock,True,,,2026-09-17,2026-09-04,18|21|22|23|28|29|30,07|08|09|10|11|14|15|16|17|18|21|22|23|28|29|30
020150,KOSPI,stock,True,,,2026-09-17,2026-09-04,18|21|22|23|28|29|30,07|08|09|10|11|14|15|16|17|18|21|22|23|28|29|30
020180,KOSDAQ,stock,True,,,2026-09-17,2026-09-04,18|21|22|23|28|29|30,07|08|09|10|11|14|15|16|17|18|21|22|23|28|29|30
0203,KOSPI,stock,False,,2026-08-20,,,01|02|03|04|07|08|09|10|11|14|15|16|17|18|21|22|23|28|29|30,01|02|03|04|07|08|09|10|11|14|15|16|17|18|21|22|23|28|29|30
0203D0,KOSPI,etf,True,,,2026-09-17,,18|21|22|23|28|29|30,01|02|03|04|07|08|09|10|11|14|15|16|17|18|21|22|23|28|29|30
0203R0,KOSPI,etf,True,,,2026-09-17,,18|21|22|23|28|29|30,01|02|03|04|07|08|09|10|11|14|15|16|17|18|21|22|23|28|29|30
0203S0,KOSPI,etf,True,,,2026-09-17,,18|21|22|23|28|29|30,01|02|03|04|07|08|09|10|11|14|15|16|17|18|21|22|23|28|29|30
0204,KOSPI,stock,False,,2026-08-20,,,01|02|03|04|07|08|09|10|11|14|15|16|17|18|21|22|23|28|29|30,01|02|03|04|07|08|09|10|11|14|15|16|17|18|21|22|23|28|29|30
020400,KOSDAQ,stock,True,,,2026-09-17,2026-09-04,18|21|22|23|28|29|30,07|08|09|10|11|14|15|16|17|18|21|22|23|28|29|30
0204D0,KOSPI,etf,True,,,2026-09-17,,18|21|22|23|28|29|30,01|02|03|04|07|08|09|10|11|14|15|16|17|18|21|22|23|28|29|30
0204S0,KOSPI,etf,True,,,2026-09-17,,18|21|22|23|28|29|30,01|02|03|04|07|08|09|10|11|14|15|16|17|18|21|22|23|28|29|30
020560,KOSPI,stock,True,,,2026-09-17,2026-09-04,18|21|22|23|28|29|30,07|08|09|10|11|14|15|16|17|18|21|22|23|28|29|30
0206,KOSPI,stock,False,,2026-08-20,,,01|02|03|04|07|08|09|10|11|14|15|16|17|18|21|22|23|28|29|30,01|02|03|04|07|08|09|10|11|14|15|16|17|18|21|22|23|28|29|30
0206G0,KOSPI,etf,True,,,2026-09-17,,18|21|22|23|28|29|30,01|02|03|04|07|08|09|10|11|14|15|16|17|18|21|22|23|28|29|30
0207,KOSPI,stock,False,,2026-08-20,,,01|02|03|04|07|08|09|10|11|14|15|16|17|18|21|22|23|28|29|30,01|02|03|04|07|08|09|10|11|14|15|16|17|18|21|22|23|28|29|30
020710,KOSDAQ,stock,True,,,2026-09-17,2026-09-04,18|21|22|23|28|29|30,07|08|09|10|11|14|15|16|17|18|21|22|23|28|29|30
020760,KOSPI,stock,True,,,2026-09-04,2026-09-04,07|08|09|10|11|14|15|16|17|18|21|22|23|28|29|30,07|08|09|10|11|14|15|16|17|18|21|22|23|28|29|30
0207G0,KOSPI,etf,True,,,2026-09-17,,18|21|22|23|28|29|30,01|02|03|04|07|08|09|10|11|14|15|16|17|18|21|22|23|28|29|30
0207Z0,KOSPI,etf,True,,,2026-09-17,,18|21|22|23|28|29|30,01|02|03|04|07|08|09|10|11|14|15|16|17|18|21|22|23|28|29|30
0208N0,KOSPI,etf,True,,,2026-09-17,,18|21|22|23|28|29|30,01|02|03|04|07|08|09|10|11|14|15|16|17|18|21|22|23|28|29|30
0209,KOSPI,stock,False,,2026-08-20,,,01|02|03|04|07|08|09|10|11|14|15|16|17|18|21|22|23|28|29|30,01|02|03|04|07|08|09|10|11|14|15|16|17|18|21|22|23|28|29|30
0209D0,KOSPI,etf,True,,,2026-09-17,,18|21|22|23|28|29|30,01|02|03|04|07|08|09|10|11|14|15|16|17|18|21|22|23|28|29|30
0209Z0,KOSPI,etf,True,,,2026-09-17,,18|21|22|23|28|29|30,01|02|03|04|07|08|09|10|11|14|15|16|17|18|21|22|23|28|29|30
0210,KOSPI,stock,False,,2026-08-20,,,01|02|03|04|07|08|09|10|11|14|15|16|17|18|21|22|23|28|29|30,01|02|03|04|07|08|09|10|11|14|15|16|17|18|21|22|23|28|29|30
021040,KOSDAQ,stock,True,,,2026-09-17,2026-09-04,18|21|22|23|28|29|30,07|08|09|10|11|14|15|16|17|18|21|22|23|28|29|30
021045,KOSDAQ,stock,True,,,2026-09-17,2026-09-04,18|21|22|23|28|29|30,07|08|09|10|11|14|15|16|17|18|21|22|23|28|29|30
021050,KOSPI,stock,True,,,2026-09-17,2026-09-04,18|21|22|23|28|29|30,07|08|09|10|11|14|15|16|17|18|21|22|23|28|29|30
021080,KOSDAQ,stock,True,,,2026-09-17,2026-09-04,18|21|22|23|28|29|30,07|08|09|10|11|14|15|16|17|18|21|22|23|28|29|30
0210A0,KOSPI,etf,True,,,2026-09-17,,18|21|22|23|28|29|30,01|02|03|04|07|08|09|10|11|14|15|16|17|18|21|22|23|28|29|30
0210E0,KOSPI,etf,True,,,2026-09-17,,18|21|22|23|28|29|30,01|02|03|04|07|08|09|10|11|14|15|16|17|18|21|22|23|28|29|30
021240,KOSPI,stock,True,,,2026-09-17,2026-09-04,18|21|22|23|28|29|30,07|08|09|10|11|14|15|16|17|18|21|22|23|28|29|30
021320,KOSDAQ,stock,True,,,2026-09-17,2026-09-04,18|21|22|23|28|29|30,07|08|09|10|11|14|15|16|17|18|21|22|23|28|29|30
0214M0,KOSPI,etf,True,,,2026-09-17,,18|21|22|23|28|29|30,01|02|03|04|07|08|09|10|11|14|15|16|17|18|21|22|23|28|29|30
0215T0,KOSPI,etf,True,,,2026-09-17,,18|21|22|23|28|29|30,01|02|03|04|07|08|09|10|11|14|15|16|17|18|21|22|23|28|29|30
0216,KOSPI,stock,False,,2026-08-20,,,01|02|03|04|07|08|09|10|11|14|15|16|17|18|21|22|23|28|29|30,01|02|03|04|07|08|09|10|11|14|15|16|17|18|21|22|23|28|29|30
021650,KOSDAQ,stock,True,,,2026-09-17,2026-09-04,18|21|22|23|28|29|30,07|08|09|10|11|14|15|16|17|18|21|22|23|28|29|30
0216K0,KOSPI,etf,True,,,2026-09-17,,18|21|22|23|28|29|30,01|02|03|04|07|08|09|10|11|14|15|16|17|18|21|22|23|28|29|30
0216Z0,KOSPI,etf,True,,,2026-09-17,,18|21|22|23|28|29|30,01|02|03|04|07|08|09|10|11|14|15|16|17|18|21|22|23|28|29|30
0218,KOSPI,stock,False,,2026-08-20,,,01|02|03|04|07|08|09|10|11|14|15|16|17|18|21|22|23|28|29|30,01|02|03|04|07|08|09|10|11|14|15|16|17|18|21|22|23|28|29|30
021820,KOSPI,stock,True,,,2026-09-17,2026-09-04,18|21|22|23|28|29|30,07|08|09|10|11|14|15|16|17|18|21|22|23|28|29|30
021880,KOSDAQ,stock,True,,,2026-09-17,2026-09-04,18|21|22|23|28|29|30,07|08|09|10|11|14|15|16|17|18|21|22|23|28|29|30
0218J0,KOSPI,etf,True,,,2026-09-17,,18|21|22|23|28|29|30,01|02|03|04|07|08|09|10|11|14|15|16|17|18|21|22|23|28|29|30
0218K0,KOSPI,etf,True,,,2026-09-17,,18|21|22|23|28|29|30,01|02|03|04|07|08|09|10|11|14|15|16|17|18|21|22|23|28|29|30
0218L0,KOSDAQ,stock,True,,,2026-09-17,,18|21|22|23|28|29|30,01|02|03|04|07|08|09|10|11|14|15|16|17|18|21|22|23|28|29|30
0219,KOSPI,stock,False,,2026-08-20,,,01|02|03|04|07|08|09|10|11|14|15|16|17|18|21|22|23|28|29|30,01|02|03|04|07|08|09|10|11|14|15|16|17|18|21|22|23|28|29|30
0219B0,KOSPI,etf,True,,,2026-09-17,,18|21|22|23|28|29|30,01|02|03|04|07|08|09|10|11|14|15|16|17|18|21|22|23|28|29|30
0219E0,KOSPI,etf,True,,,2026-09-17,,18|21|22|23|28|29|30,01|02|03|04|07|08|09|10|11|14|15|16|17|18|21|22|23|28|29|30
0219Z0,KOSPI,etf,True,,,2026-09-17,,18|21|22|23|28|29|30,01|02|03|04|07|08|09|10|11|14|15|16|17|18|21|22|23|28|29|30
0220,KOSPI,stock,False,,2026-08-20,,,01|02|03|04|07|08|09|10|11|14|15|16|17|18|21|22|23|28|29|30,01|02|03|04|07|08|09|10|11|14|15|16|17|18|21|22|23|28|29|30
0220A0,KOSPI,etf,True,,,2026-09-17,,18|21|22|23|28|29|30,01|02|03|04|07|08|09|10|11|14|15|16|17|18|21|22|23|28|29|30
0220B0,KOSPI,etf,True,,,2026-09-17,,18|21|22|23|28|29|30,01|02|03|04|07|08|09|10|11|14|15|16|17|18|21|22|23|28|29|30
0220W0,KOSPI,stock,True,,,2026-09-04,,07|08|09|10|11|14|15|16|17|18|21|22|23|28|29|30,01|02|03|04|07|08|09|10|11|14|15|16|17|18|21|22|23|28|29|30
0220WL,KOSPI,stock,True,,,,,01|02|03|04|07|08|09|10|11|14|15|16|17|18|21|22|23|28|29|30,01|02|03|04|07|08|09|10|11|14|15|16|17|18|21|22|23|28|29|30
0221,KOSPI,stock,False,,2026-08-20,,,01|02|03|04|07|08|09|10|11|14|15|16|17|18|21|22|23|28|29|30,01|02|03|04|07|08|09|10|11|14|15|16|17|18|21|22|23|28|29|30
022100,KOSPI,stock,True,,,2026-09-17,2026-09-04,18|21|22|23|28|29|30,07|08|09|10|11|14|15|16|17|18|21|22|23|28|29|30
0221V0,KOSPI,etf,True,,,2026-09-17,,18|21|22|23|28|29|30,01|02|03|04|07|08|09|10|11|14|15|16|17|18|21|22|23|28|29|30
0221Z0,KOSPI,etf,True,,,2026-09-17,,18|21|22|23|28|29|30,01|02|03|04|07|08|09|10|11|14|15|16|17|18|21|22|23|28|29|30
022220,KOSDAQ,stock,True,,,2026-09-17,2026-09-04,18|21|22|23|28|29|30,07|08|09|10|11|14|15|16|17|18|21|22|23|28|29|30
0222D0,KOSPI,etf,True,,,2026-09-17,,18|21|22|23|28|29|30,01|02|03|04|07|08|09|10|11|14|15|16|17|18|21|22|23|28|29|30
0222F0,KOSPI,etf,True,,,2026-09-17,,18|21|22|23|28|29|30,01|02|03|04|07|08|09|10|11|14|15|16|17|18|21|22|23|28|29|30
0223,KOSPI,stock,False,,2026-08-20,,,01|02|03|04|07|08|09|10|11|14|15|16|17|18|21|22|23|28|29|30,01|02|03|04|07|08|09|10|11|14|15|16|17|18|21|22|23|28|29|30
0223A0,KOSPI,etf,True,,,2026-09-17,,18|21|22|23|28|29|30,01|02|03|04|07|08|09|10|11|14|15|16|17|18|21|22|23|28|29|30
0223R0,KOSPI,etf,True,,,2026-09-17,,18|21|22|23|28|29|30,01|02|03|04|07|08|09|10|11|14|15|16|17|18|21|22|23|28|29|30
0224,KOSPI,stock,False,,2026-08-20,,,01|02|03|04|07|08|09|10|11|14|15|16|17|18|21|22|23|28|29|30,01|02|03|04|07|08|09|10|11|14|15|16|17|18|21|22|23|28|29|30
0224D0,KOSPI,etf,True,,,2026-09-17,,18|21|22|23|28|29|30,01|02|03|04|07|08|09|10|11|14|15|16|17|18|21|22|23|28|29|30
0224X0,KOSPI,etf,True,,,2026-09-17,,18|21|22|23|28|29|30,01|02|03|04|07|08|09|10|11|14|15|16|17|18|21|22|23|28|29|30
0225,KOSPI,stock,False,,2026-08-20,,,01|02|03|04|07|08|09|10|11|14|15|16|17|18|21|22|23|28|29|30,01|02|03|04|07|08|09|10|11|14|15|16|17|18|21|22|23|28|29|30
0225V0,KOSPI,etf,True,,,2026-09-17,,18|21|22|23|28|29|30,01|02|03|04|07|08|09|10|11|14|15|16|17|18|21|22|23|28|29|30
0226,KOSPI,stock,False,,2026-08-20,,,01|02|03|04|07|08|09|10|11|14|15|16|17|18|21|22|23|28|29|30,01|02|03|04|07|08|09|10|11|14|15|16|17|18|21|22|23|28|29|30
0226A0,KOSPI,etf,True,,,2026-09-17,,18|21|22|23|28|29|30,01|02|03|04|07|08|09|10|11|14|15|16|17|18|21|22|23|28|29|30
0226D0,KOSPI,etf,True,,,2026-09-17,,18|21|22|23|28|29|30,01|02|03|04|07|08|09|10|11|14|15|16|17|18|21|22|23|28|29|30
0226G0,KOSPI,etf,True,,,2026-09-17,,18|21|22|23|28|29|30,01|02|03|04|07|08|09|10|11|14|15|16|17|18|21|22|23|28|29|30
0227K0,KOSPI,etf,True,,,2026-09-17,,18|21|22|23|28|29|30,01|02|03|04|07|08|09|10|11|14|15|16|17|18|21|22|23|28|29|30
0228,KOSPI,stock,False,,2026-08-20,,,01|02|03|04|07|08|09|10|11|14|15|16|17|18|21|22|23|28|29|30,01|02|03|04|07|08|09|10|11|14|15|16|17|18|21|22|23|28|29|30
0228G0,KOSPI,etf,True,,,2026-09-17,,18|21|22|23|28|29|30,01|02|03|04|07|08|09|10|11|14|15|16|17|18|21|22|23|28|29|30
0229F0,KOSPI,etf,True,,,2026-09-17,,18|21|22|23|28|29|30,01|02|03|04|07|08|09|10|11|14|15|16|17|18|21|22|23|28|29|30
023000,KOSPI,stock,True,,,2026-09-17,2026-09-04,18|21|22|23|28|29|30,07|08|09|10|11|14|15|16|17|18|21|22|23|28|29|30
023150,KOSPI,stock,True,,,2026-09-17,2026-09-04,18|21|22|23|28|29|30,07|08|09|10|11|14|15|16|17|18|21|22|23|28|29|30
023160,KOSDAQ,stock,True,,,2026-09-17,2026-09-04,18|21|22|23|28|29|30,07|08|09|10|11|14|15|16|17|18|21|22|23|28|29|30
0231Z0,KOSPI,etf,True,,,2026-09-17,,18|21|22|23|28|29|30,01|02|03|04|07|08|09|10|11|14|15|16|17|18|21|22|23|28|29|30
0232A0,KOSPI,etf,True,,,2026-09-17,,18|21|22|23|28|29|30,01|02|03|04|07|08|09|10|11|14|15|16|17|18|21|22|23|28|29|30
023350,KOSPI,stock,True,,,2026-09-17,2026-09-04,18|21|22|23|28|29|30,07|08|09|10|11|14|15|16|17|18|21|22|23|28|29|30
0233A0,KOSPI,etf,True,,,2026-09-17,,18|21|22|23|28|29|30,01|02|03|04|07|08|09|10|11|14|15|16|17|18|21|22|23|28|29|30
0233J0,KOSPI,etf,True,,,2026-09-17,,18|21|22|23|28|29|30,01|02|03|04|07|08|09|10|11|14|15|16|17|18|21|22|23|28|29|30
0233N0,KOSPI,etf,True,,,2026-09-17,,18|21|22|23|28|29|30,01|02|03|04|07|08|09|10|11|14|15|16|17|18|21|22|23|28|29|30
023410,KOSDAQ,stock,True,,,2026-09-17,2026-09-04,18|21|22|23|28|29|30,07|08|09|10|11|14|15|16|17|18|21|22|23|28|29|30
023440,KOSDAQ,stock,True,,,2026-09-04,2026-09-04,07|08|09|10|11|14|15|16|17|18|21|22|23|28|29|30,07|08|09|10|11|14|15|16|17|18|21|22|23|28|29|30
023450,KOSPI,stock,True,,,2026-09-17,2026-09-04,18|21|22|23|28|29|30,07|08|09|10|11|14|15|16|17|18|21|22|23|28|29|30
0234N0,KOSPI,etf,True,,,2026-09-17,,18|21|22|23|28|29|30,01|02|03|04|07|08|09|10|11|14|15|16|17|18|21|22|23|28|29|30
023530,KOSPI,stock,True,,,2026-09-17,2026-09-04,18|21|22|23|28|29|30,07|08|09|10|11|14|15|16|17|18|21|22|23|28|29|30
023590,KOSPI,stock,True,,,2026-09-17,2026-09-04,18|21|22|23|28|29|30,07|08|09|10|11|14|15|16|17|18|21|22|23|28|29|30
023600,KOSDAQ,stock,True,,,2026-09-17,2026-09-04,18|21|22|23|28|29|30,07|08|09|10|11|14|15|16|17|18|21|22|23|28|29|30
023760,KOSDAQ,stock,True,,,2026-09-17,2026-09-04,18|21|22|23|28|29|30,07|08|09|10|11|14|15|16|17|18|21|22|23|28|29|30
023770,KOSDAQ,stock,True,,,2026-09-17,2026-09-04,18|21|22|23|28|29|30,07|08|09|10|11|14|15|16|17|18|21|22|23|28|29|30
023790,KOSDAQ,stock,True,,,2026-09-17,2026-09-04,18|21|22|23|28|29|30,07|08|09|10|11|14|15|16|17|18|21|22|23|28|29|30
023800,KOSPI,stock,True,,,2026-09-17,2026-09-04,18|21|22|23|28|29|30,07|08|09|10|11|14|15|16|17|18|21|22|23|28|29|30
023810,KOSPI,stock,True,,,2026-09-17,2026-09-04,18|21|22|23|28|29|30,07|08|09|10|11|14|15|16|17|18|21|22|23|28|29|30
0238P0,KOSPI,etf,True,,,2026-09-17,,01|02|03|04|07|18|21|22|23|28|29|30,01|02|03|04|07|08|09|10|11|14|15|16|17|18|21|22|23|28|29|30
023900,KOSDAQ,stock,True,,,2026-09-17,2026-09-04,18|21|22|23|28|29|30,07|08|09|10|11|14|15|16|17|18|21|22|23|28|29|30
023910,KOSDAQ,stock,True,,,2026-09-17,2026-09-04,18|21|22|23|28|29|30,07|08|09|10|11|14|15|16|17|18|21|22|23|28|29|30
023960,KOSPI,stock,True,,,2026-09-17,2026-09-04,18|21|22|23|28|29|30,07|08|09|10|11|14|15|16|17|18|21|22|23|28|29|30
024060,KOSDAQ,stock,True,,,2026-09-17,2026-09-04,18|21|22|23|28|29|30,07|08|09|10|11|14|15|16|17|18|21|22|23|28|29|30
024070,KOSPI,stock,True,,,2026-09-17,2026-09-04,18|21|22|23|28|29|30,07|08|09|10|11|14|15|16|17|18|21|22|23|28|29|30
024090,KOSPI,stock,True,,,2026-09-17,2026-09-04,18|21|22|23|28|29|30,07|08|09|10|11|14|15|16|17|18|21|22|23|28|29|30
024110,KOSPI,stock,True,,,2026-09-17,2026-09-04,18|21|22|23|28|29|30,07|08|09|10|11|14|15|16|17|18|21|22|23|28|29|30
024120,KOSDAQ,stock,True,,,2026-09-17,2026-09-04,18|21|22|23|28|29|30,07|08|09|10|11|14|15|16|17|18|21|22|23|28|29|30
024720,KOSPI,stock,True,,,2026-09-17,2026-09-04,18|21|22|23|28|29|30,07|08|09|10|11|14|15|16|17|18|21|22|23|28|29|30
024740,KOSDAQ,stock,True,,,2026-09-17,2026-09-04,18|21|22|23|28|29|30,07|08|09|10|11|14|15|16|17|18|21|22|23|28|29|30
024800,KOSDAQ,stock,True,,,2026-09-17,2026-09-04,18|21|22|23|28|29|30,07|08|09|10|11|14|15|16|17|18|21|22|23|28|29|30
024830,KOSDAQ,stock,True,,,2026-09-17,2026-09-04,18|21|22|23|28|29|30,07|08|09|10|11|14|15|16|17|18|21|22|23|28|29|30
024840,KOSDAQ,stock,True,,,2026-09-17,2026-09-04,18|21|22|23|28|29|30,07|08|09|10|11|14|15|16|17|18|21|22|23|28|29|30
024850,KOSDAQ,stock,True,,,2026-09-17,2026-09-04,18|21|22|23|28|29|30,07|08|09|10|11|14|15|16|17|18|21|22|23|28|29|30
024880,KOSDAQ,stock,True,,,2026-09-17,2026-09-04,18|21|22|23|28|29|30,07|08|09|10|11|14|15|16|17|18|21|22|23|28|29|30
024890,KOSPI,stock,True,,,2026-08-12,2026-09-04,01|02|03|04|07|08|09|10|11|14|15|16|17|18|21|22|23|28|29|30,07|08|09|10|11|14|15|16|17|18|21|22|23|28|29|30
024900,KOSPI,stock,True,,,2026-09-17,2026-09-04,18|21|22|23|28|29|30,07|08|09|10|11|14|15|16|17|18|21|22|23|28|29|30
024910,KOSDAQ,stock,True,,,2026-09-17,2026-09-04,18|21|22|23|28|29|30,07|08|09|10|11|14|15|16|17|18|21|22|23|28|29|30
024940,KOSDAQ,stock,True,,,2026-09-17,2026-09-04,18|21|22|23|28|29|30,07|08|09|10|11|14|15|16|17|18|21|22|23|28|29|30
024950,KOSDAQ,stock,True,,,2026-09-17,2026-09-04,18|21|22|23|28|29|30,07|08|09|10|11|14|15|16|17|18|21|22|23|28|29|30
025000,KOSPI,stock,True,,,2026-09-17,2026-09-04,18|21|22|23|28|29|30,07|08|09|10|11|14|15|16|17|18|21|22|23|28|29|30
025320,KOSDAQ,stock,True,,,2026-09-17,2026-09-04,18|21|22|23|28|29|30,07|08|09|10|11|14|15|16|17|18|21|22|23|28|29|30
025440,KOSDAQ,stock,True,,,2026-09-17,2026-06-15,18|21|22|23|28|29|30,01|02|03|04|07|08|09|10|11|14|15|16|17|18|21|22|23|28|29|30
025530,KOSPI,stock,True,,,2026-09-17,2026-09-04,18|21|22|23|28|29|30,07|08|09|10|11|14|15|16|17|18|21|22|23|28|29|30
025540,KOSPI,stock,True,,,2026-09-17,2026-09-04,18|21|22|23|28|29|30,07|08|09|10|11|14|15|16|17|18|21|22|23|28|29|30
025550,KOSDAQ,stock,True,,,2026-09-17,2026-09-04,18|21|22|23|28|29|30,07|08|09|10|11|14|15|16|17|18|21|22|23|28|29|30
025560,KOSPI,stock,True,,,2026-09-17,2026-09-04,18|21|22|23|28|29|30,07|08|09|10|11|14|15|16|17|18|21|22|23|28|29|30
025620,KOSPI,stock,True,,,2026-09-17,2026-09-04,18|21|22|23|28|29|30,07|08|09|10|11|14|15|16|17|18|21|22|23|28|29|30
025750,KOSPI,stock,True,,,2026-09-17,2026-09-04,18|21|22|23|28|29|30,07|08|09|10|11|14|15|16|17|18|21|22|23|28|29|30
025770,KOSDAQ,stock,True,,,2026-09-17,2026-09-04,18|21|22|23|28|29|30,07|08|09|10|11|14|15|16|17|18|21|22|23|28|29|30
025820,KOSPI,stock,True,,,2026-09-17,2026-09-04,18|21|22|23|28|29|30,07|08|09|10|11|14|15|16|17|18|21|22|23|28|29|30
025860,KOSPI,stock,True,,,2026-09-17,2026-09-04,18|21|22|23|28|29|30,07|08|09|10|11|14|15|16|17|18|21|22|23|28|29|30
025870,KOSDAQ,stock,True,,,2026-09-14,2026-09-04,15|16|17|18|21|22|23|28|29|30,07|08|09|10|11|14|15|16|17|18|21|22|23|28|29|30
025880,KOSDAQ,stock,True,,,2026-09-17,2026-09-04,18|21|22|23|28|29|30,07|08|09|10|11|14|15|16|17|18|21|22|23|28|29|30
025890,KOSPI,stock,True,,,2026-09-17,2026-09-04,18|21|22|23|28|29|30,07|08|09|10|11|14|15|16|17|18|21|22|23|28|29|30
025900,KOSDAQ,stock,True,,,2026-09-17,2026-09-04,18|21|22|23|28|29|30,07|08|09|10|11|14|15|16|17|18|21|22|23|28|29|30
025950,KOSDAQ,stock,True,,,2026-09-17,2026-09-04,18|21|22|23|28|29|30,07|08|09|10|11|14|15|16|17|18|21|22|23|28|29|30
025980,KOSDAQ,stock,True,,,2026-09-17,2026-09-04,18|21|22|23|28|29|30,07|08|09|10|11|14|15|16|17|18|21|22|23|28|29|30
026040,KOSDAQ,stock,True,,,2026-09-17,2026-09-04,18|21|22|23|28|29|30,07|08|09|10|11|14|15|16|17|18|21|22|23|28|29|30
026150,KOSDAQ,stock,True,,,2026-09-17,2026-09-04,18|21|22|23|28|29|30,07|08|09|10|11|14|15|16|17|18|21|22|23|28|29|30
026890,KOSPI,stock,True,,,2026-09-17,2026-09-04,18|21|22|23|28|29|30,07|08|09|10|11|14|15|16|17|18|21|22|23|28|29|30
026910,KOSDAQ,stock,True,,,2026-09-17,2026-09-04,18|21|22|23|28|29|30,07|08|09|10|11|14|15|16|17|18|21|22|23|28|29|30
026940,KOSPI,stock,True,,,2026-09-17,2026-09-04,18|21|22|23|28|29|30,07|08|09|10|11|14|15|16|17|18|21|22|23|28|29|30
026960,KOSPI,stock,True,,,2026-09-17,2026-09-04,18|21|22|23|28|29|30,07|08|09|10|11|14|15|16|17|18|21|22|23|28|29|30
027040,KOSDAQ,stock,True,,,2026-09-17,2026-09-04,18|21|22|23|28|29|30,07|08|09|10|11|14|15|16|17|18|21|22|23|28|29|30
027050,KOSDAQ,stock,True,,,2026-09-17,2026-09-04,18|21|22|23|28|29|30,07|08|09|10|11|14|15|16|17|18|21|22|23|28|29|30
027360,KOSDAQ,stock,True,,,2026-09-17,2026-09-04,18|21|22|23|28|29|30,07|08|09|10|11|14|15|16|17|18|21|22|23|28|29|30
027410,KOSPI,stock,True,,,2026-09-17,2026-09-04,18|21|22|23|28|29|30,07|08|09|10|11|14|15|16|17|18|21|22|23|28|29|30
027580,KOSDAQ,stock,True,,,2026-09-17,2026-09-04,18|21|22|23|28|29|30,07|08|09|10|11|14|15|16|17|18|21|22|23|28|29|30
027710,KOSDAQ,stock,True,,,2026-09-17,2026-09-04,18|21|22|23|28|29|30,07|08|09|10|11|14|15|16|17|18|21|22|23|28|29|30
027740,KOSPI,stock,True,,,2026-09-17,2026-09-04,18|21|22|23|28|29|30,07|08|09|10|11|14|15|16|17|18|21|22|23|28|29|30
027830,KOSDAQ,stock,True,,,2026-09-17,2026-09-04,18|21|22|23|28|29|30,07|08|09|10|11|14|15|16|17|18|21|22|23|28|29|30
027970,KOSPI,stock,True,,,2026-09-17,2026-09-04,18|21|22|23|28|29|30,07|08|09|10|11|14|15|16|17|18|21|22|23|28|29|30
028050,KOSPI,stock,True,,,2026-09-17,2026-09-04,18|21|22|23|28|29|30,07|08|09|10|11|14|15|16|17|18|21|22|23|28|29|30
028080,KOSDAQ,stock,True,,,2026-09-17,2026-09-04,18|21|22|23|28|29|30,07|08|09|10|11|14|15|16|17|18|21|22|23|28|29|30
028100,KOSPI,stock,True,,,2026-09-17,2026-09-04,18|21|22|23|28|29|30,07|08|09|10|11|14|15|16|17|18|21|22|23|28|29|30
02826,KOSPI,stock,False,,2026-08-20,,,01|02|03|04|07|08|09|10|11|14|15|16|17|18|21|22|23|28|29|30,01|02|03|04|07|08|09|10|11|14|15|16|17|18|21|22|23|28|29|30
028260,KOSPI,stock,True,,,2026-09-17,2026-09-04,18|21|22|23|28|29|30,07|08|09|10|11|14|15|16|17|18|21|22|23|28|29|30
02826K,KOSPI,stock,True,,,2026-09-17,2026-09-04,18|21|22|23|28|29|30,07|08|09|10|11|14|15|16|17|18|21|22|23|28|29|30
028300,KOSDAQ,stock,True,,,2026-09-17,2026-09-04,18|21|22|23|28|29|30,07|08|09|10|11|14|15|16|17|18|21|22|23|28|29|30
028670,KOSPI,stock,True,,,2026-09-17,2026-09-04,18|21|22|23|28|29|30,07|08|09|10|11|14|15|16|17|18|21|22|23|28|29|30
029460,KOSPI,stock,True,,,2026-09-17,2026-09-04,18|21|22|23|28|29|30,07|08|09|10|11|14|15|16|17|18|21|22|23|28|29|30
029480,KOSDAQ,stock,True,,,2026-09-17,2026-09-04,18|21|22|23|28|29|30,07|08|09|10|11|14|15|16|17|18|21|22|23|28|29|30
029530,KOSPI,stock,True,,,2026-09-17,2026-09-04,18|21|22|23|28|29|30,07|08|09|10|11|14|15|16|17|18|21|22|23|28|29|30
029780,KOSPI,stock,True,,,2026-09-17,2026-09-04,18|21|22|23|28|29|30,07|08|09|10|11|14|15|16|17|18|21|22|23|28|29|30
030000,KOSPI,stock,True,,,2026-09-17,2026-09-04,18|21|22|23|28|29|30,07|08|09|10|11|14|15|16|17|18|21|22|23|28|29|30
030190,KOSPI,stock,True,,,2026-09-17,2026-09-04,18|21|22|23|28|29|30,07|08|09|10|11|14|15|16|17|18|21|22|23|28|29|30
030200,KOSPI,stock,True,,,2026-09-17,2026-09-04,18|21|22|23|28|29|30,07|08|09|10|11|14|15|16|17|18|21|22|23|28|29|30
030210,KOSPI,stock,True,,,2026-09-17,2026-09-04,18|21|22|23|28|29|30,07|08|09|10|11|14|15|16|17|18|21|22|23|28|29|30
030350,KOSDAQ,stock,True,,,2026-09-04,2026-09-04,07|08|09|10|11|14|15|16|17|18|21|22|23|28|29|30,07|08|09|10|11|14|15|16|17|18|21|22|23|28|29|30
030520,KOSDAQ,stock,True,,,2026-09-17,2026-09-04,18|21|22|23|28|29|30,07|08|09|10|11|14|15|16|17|18|21|22|23|28|29|30
030530,KOSDAQ,stock,True,,,2026-09-17,2026-09-04,18|21|22|23|28|29|30,07|08|09|10|11|14|15|16|17|18|21|22|23|28|29|30
030610,KOSPI,stock,True,,,2026-09-17,2026-09-04,18|21|22|23|28|29|30,07|08|09|10|11|14|15|16|17|18|21|22|23|28|29|30
030720,KOSPI,stock,True,,,2026-08-28,2026-09-04,01|02|03|04|07|08|09|10|11|14|15|16|17|18|21|22|23|28|29|30,07|08|09|10|11|14|15|16|17|18|21|22|23|28|29|30
030960,KOSDAQ,stock,True,,,2026-09-17,2026-09-04,18|21|22|23|28|29|30,07|08|09|10|11|14|15|16|17|18|21|22|23|28|29|30
031210,KOSPI,stock,True,,,2026-09-17,2026-09-04,18|21|22|23|28|29|30,07|08|09|10|11|14|15|16|17|18|21|22|23|28|29|30
031310,KOSDAQ,stock,True,,,2026-09-17,2026-09-04,18|21|22|23|28|29|30,07|08|09|10|11|14|15|16|17|18|21|22|23|28|29|30
031330,KOSDAQ,stock,True,,,2026-09-17,2026-09-04,18|21|22|23|28|29|30,07|08|09|10|11|14|15|16|17|18|21|22|23|28|29|30
031430,KOSPI,stock,True,,,2026-09-17,2026-09-04,18|21|22|23|28|29|30,07|08|09|10|11|14|15|16|17|18|21|22|23|28|29|30
031440,KOSPI,stock,False,,2026-08-20,2026-08-10,2026-08-19,01|02|03|04|07|08|09|10|11|14|15|16|17|18|21|22|23|28|29|30,01|02|03|04|07|08|09|10|11|14|15|16|17|18|21|22|23|28|29|30
031510,KOSDAQ,stock,True,,,2026-09-17,2026-09-04,18|21|22|23|28|29|30,07|08|09|10|11|14|15|16|17|18|21|22|23|28|29|30
031820,KOSPI,stock,True,,,2026-09-17,2026-09-04,18|21|22|23|28|29|30,07|08|09|10|11|14|15|16|17|18|21|22|23|28|29|30
031860,KOSDAQ,stock,True,,,2026-09-04,2026-06-15,07|08|09|10|11|14|15|16|17|18|21|22|23|28|29|30,01|02|03|04|07|08|09|10|11|14|15|16|17|18|21|22|23|28|29|30
031980,KOSDAQ,stock,True,,,2026-09-17,2026-09-04,18|21|22|23|28|29|30,07|08|09|10|11|14|15|16|17|18|21|22|23|28|29|30
032080,KOSDAQ,stock,True,,,2026-09-14,2026-09-04,15|16|17|18|21|22|23|28|29|30,07|08|09|10|11|14|15|16|17|18|21|22|23|28|29|30
032190,KOSDAQ,stock,True,,,2026-09-17,2026-09-04,18|21|22|23|28|29|30,07|08|09|10|11|14|15|16|17|18|21|22|23|28|29|30
032280,KOSDAQ,stock,True,,,2026-09-17,2026-09-04,18|21|22|23|28|29|30,07|08|09|10|11|14|15|16|17|18|21|22|23|28|29|30
032300,KOSDAQ,stock,True,,,2026-09-17,2026-09-04,18|21|22|23|28|29|30,07|08|09|10|11|14|15|16|17|18|21|22|23|28|29|30
032350,KOSPI,stock,True,,,2026-09-17,2026-09-04,18|21|22|23|28|29|30,07|08|09|10|11|14|15|16|17|18|21|22|23|28|29|30
032500,KOSDAQ,stock,True,,,2026-09-17,2026-09-04,18|21|22|23|28|29|30,07|08|09|10|11|14|15|16|17|18|21|22|23|28|29|30
032540,KOSDAQ,stock,True,,,2026-09-17,2026-09-04,18|21|22|23|28|29|30,07|08|09|10|11|14|15|16|17|18|21|22|23|28|29|30
032560,KOSPI,stock,True,,,2026-09-17,2026-09-04,18|21|22|23|28|29|30,07|08|09|10|11|14|15|16|17|18|21|22|23|28|29|30
032580,KOSDAQ,stock,True,,,2026-09-17,2026-09-04,18|21|22|23|28|29|30,07|08|09|10|11|14|15|16|17|18|21|22|23|28|29|30
032620,KOSDAQ,stock,True,,,2026-09-17,2026-09-04,18|21|22|23|28|29|30,07|08|09|10|11|14|15|16|17|18|21|22|23|28|29|30
032640,KOSPI,stock,True,,,2026-09-17,2026-09-04,18|21|22|23|28|29|30,07|08|09|10|11|14|15|16|17|18|21|22|23|28|29|30
032680,KOSDAQ,stock,True,,,2026-09-17,2026-09-04,18|21|22|23|28|29|30,07|08|09|10|11|14|15|16|17|18|21|22|23|28|29|30
032685,KOSDAQ,stock,True,,,2026-09-17,2026-06-15,18|21|22|23|28|29|30,01|02|03|04|07|08|09|10|11|14|15|16|17|18|21|22|23|28|29|30
032750,KOSDAQ,stock,True,,,2026-09-17,2026-09-04,18|21|22|23|28|29|30,07|08|09|10|11|14|15|16|17|18|21|22|23|28|29|30
032790,KOSDAQ,stock,True,,,2026-09-16,2026-09-04,17|18|21|22|23|28|29|30,07|08|09|10|11|14|15|16|17|18|21|22|23|28|29|30
032800,KOSDAQ,stock,True,,,2026-09-17,2026-09-04,18|21|22|23|28|29|30,07|08|09|10|11|14|15|16|17|18|21|22|23|28|29|30
032820,KOSDAQ,stock,True,,,2026-09-17,2026-09-04,18|21|22|23|28|29|30,07|08|09|10|11|14|15|16|17|18|21|22|23|28|29|30
032830,KOSPI,stock,True,,,2026-09-17,2026-09-04,18|21|22|23|28|29|30,07|08|09|10|11|14|15|16|17|18|21|22|23|28|29|30
032850,KOSDAQ,stock,True,,,2026-09-17,2026-09-04,18|21|22|23|28|29|30,07|08|09|10|11|14|15|16|17|18|21|22|23|28|29|30
032860,KOSDAQ,stock,True,,,2026-09-17,2026-09-04,18|21|22|23|28|29|30,07|08|09|10|11|14|15|16|17|18|21|22|23|28|29|30
032940,KOSDAQ,stock,True,,,2026-09-17,2026-09-04,18|21|22|23|28|29|30,07|08|09|10|11|14|15|16|17|18|21|22|23|28|29|30
032960,KOSDAQ,stock,True,,,2026-09-17,2026-09-04,18|21|22|23|28|29|30,07|08|09|10|11|14|15|16|17|18|21|22|23|28|29|30
032980,KOSDAQ,stock,False,,2026-08-20,2026-06-30,2026-06-21,01|02|03|04|07|08|09|10|11|14|15|16|17|18|21|22|23|28|29|30,01|02|03|04|07|08|09|10|11|14|15|16|17|18|21|22|23|28|29|30
033050,KOSDAQ,stock,True,,,2026-09-17,2026-09-04,18|21|22|23|28|29|30,07|08|09|10|11|14|15|16|17|18|21|22|23|28|29|30
033100,KOSDAQ,stock,True,,,2026-09-17,2026-09-04,18|21|22|23|28|29|30,07|08|09|10|11|14|15|16|17|18|21|22|23|28|29|30
033130,KOSDAQ,stock,True,,,2026-09-17,2026-09-04,18|21|22|23|28|29|30,07|08|09|10|11|14|15|16|17|18|21|22|23|28|29|30
033160,KOSDAQ,stock,True,,,2026-09-17,2026-09-04,18|21|22|23|28|29|30,07|08|09|10|11|14|15|16|17|18|21|22|23|28|29|30
033170,KOSDAQ,stock,True,,,2026-09-17,2026-09-04,18|21|22|23|28|29|30,07|08|09|10|11|14|15|16|17|18|21|22|23|28|29|30
033200,KOSDAQ,stock,True,,,2026-09-17,2026-09-04,18|21|22|23|28|29|30,07|08|09|10|11|14|15|16|17|18|21|22|23|28|29|30
033230,KOSDAQ,stock,True,,,2026-09-17,2026-09-04,18|21|22|23|28|29|30,07|08|09|10|11|14|15|16|17|18|21|22|23|28|29|30
033240,KOSPI,stock,True,,,2026-09-17,2026-09-04,18|21|22|23|28|29|30,07|08|09|10|11|14|15|16|17|18|21|22|23|28|29|30
033250,KOSPI,stock,True,,,2026-09-17,2026-09-04,18|21|22|23|28|29|30,07|08|09|10|11|14|15|16|17|18|21|22|23|28|29|30
033270,KOSPI,stock,True,,,2026-09-17,2026-09-04,18|21|22|23|28|29|30,07|08|09|10|11|14|15|16|17|18|21|22|23|28|29|30
033290,KOSDAQ,stock,True,,,2026-09-17,2026-09-04,18|21|22|23|28|29|30,07|08|09|10|11|14|15|16|17|18|21|22|23|28|29|30
033310,KOSDAQ,stock,True,,,2026-09-17,2026-09-04,18|21|22|23|28|29|30,07|08|09|10|11|14|15|16|17|18|21|22|23|28|29|30
033320,KOSDAQ,stock,True,,,2026-09-17,2026-09-04,18|21|22|23|28|29|30,07|08|09|10|11|14|15|16|17|18|21|22|23|28|29|30
033340,KOSDAQ,stock,True,,,2026-09-09,2026-09-04,10|11|14|15|16|17|18|21|22|23|28|29|30,07|08|09|10|11|14|15|16|17|18|21|22|23|28|29|30
033500,KOSDAQ,stock,True,,,2026-09-17,2026-09-04,18|21|22|23|28|29|30,07|08|09|10|11|14|15|16|17|18|21|22|23|28|29|30
033530,KOSPI,stock,True,,,2026-09-17,2026-09-04,18|21|22|23|28|29|30,07|08|09|10|11|14|15|16|17|18|21|22|23|28|29|30
033540,KOSDAQ,stock,True,,,2026-09-17,2026-09-04,18|21|22|23|28|29|30,07|08|09|10|11|14|15|16|17|18|21|22|23|28|29|30
033560,KOSDAQ,stock,True,,,2026-09-17,2026-09-04,18|21|22|23|28|29|30,07|08|09|10|11|14|15|16|17|18|21|22|23|28|29|30
033640,KOSDAQ,stock,True,,,2026-09-17,2026-09-04,18|21|22|23|28|29|30,07|08|09|10|11|14|15|16|17|18|21|22|23|28|29|30
033780,KOSPI,stock,True,,,2026-09-17,2026-09-04,18|21|22|23|28|29|30,07|08|09|10|11|14|15|16|17|18|21|22|23|28|29|30
033790,KOSDAQ,stock,True,,,2026-09-17,2026-09-04,18|21|22|23|28|29|30,07|08|09|10|11|14|15|16|17|18|21|22|23|28|29|30
033830,KOSDAQ,stock,True,,,2026-09-17,2026-09-04,18|21|22|23|28|29|30,07|08|09|10|11|14|15|16|17|18|21|22|23|28|29|30
033920,KOSPI,stock,True,,,2026-09-17,2026-09-04,18|21|22|23|28|29|30,07|08|09|10|11|14|15|16|17|18|21|22|23|28|29|30
034020,KOSPI,stock,True,,,2026-09-17,2026-09-04,18|21|22|23|28|29|30,07|08|09|10|11|14|15|16|17|18|21|22|23|28|29|30
034120,KOSPI,stock,True,,,2026-09-17,2026-09-04,18|21|22|23|28|29|30,07|08|09|10|11|14|15|16|17|18|21|22|23|28|29|30
034220,KOSPI,stock,True,,,2026-09-17,2026-09-04,18|21|22|23|28|29|30,07|08|09|10|11|14|15|16|17|18|21|22|23|28|29|30
034230,KOSPI,stock,True,,,2026-09-17,2026-09-04,18|21|22|23|28|29|30,07|08|09|10|11|14|15|16|17|18|21|22|23|28|29|30
034310,KOSPI,stock,True,,,2026-09-17,2026-09-04,18|21|22|23|28|29|30,07|08|09|10|11|14|15|16|17|18|21|22|23|28|29|30
034590,KOSPI,stock,True,,,2026-09-17,2026-09-04,18|21|22|23|28|29|30,07|08|09|10|11|14|15|16|17|18|21|22|23|28|29|30
03473,KOSPI,stock,False,,2026-08-20,,,01|02|03|04|07|08|09|10|11|14|15|16|17|18|21|22|23|28|29|30,01|02|03|04|07|08|09|10|11|14|15|16|17|18|21|22|23|28|29|30
034730,KOSPI,stock,True,,,2026-09-17,2026-09-04,18|21|22|23|28|29|30,07|08|09|10|11|14|15|16|17|18|21|22|23|28|29|30
03473K,KOSPI,stock,True,,,2026-09-17,2026-09-04,18|21|22|23|28|29|30,07|08|09|10|11|14|15|16|17|18|21|22|23|28|29|30
03481,KOSDAQ,stock,False,,2026-08-20,,,01|02|03|04|07|08|09|10|11|14|15|16|17|18|21|22|23|28|29|30,01|02|03|04|07|08|09|10|11|14|15|16|17|18|21|22|23|28|29|30
034810,KOSDAQ,stock,True,,,2026-09-17,2026-09-04,18|21|22|23|28|29|30,07|08|09|10|11|14|15|16|17|18|21|22|23|28|29|30
03481K,KOSDAQ,stock,True,,,2026-09-17,2026-09-04,18|21|22|23|28|29|30,07|08|09|10|11|14|15|16|17|18|21|22|23|28|29|30
034830,KOSPI,stock,True,,,2026-09-17,2026-09-04,18|21|22|23|28|29|30,07|08|09|10|11|14|15|16|17|18|21|22|23|28|29|30
034940,KOSDAQ,stock,True,,,2026-09-17,2026-09-04,18|21|22|23|28|29|30,07|08|09|10|11|14|15|16|17|18|21|22|23|28|29|30
034950,KOSDAQ,stock,True,,,2026-09-17,2026-09-04,18|21|22|23|28|29|30,07|08|09|10|11|14|15|16|17|18|21|22|23|28|29|30
035000,KOSPI,stock,True,,,2026-09-17,2026-09-04,18|21|22|23|28|29|30,07|08|09|10|11|14|15|16|17|18|21|22|23|28|29|30
035080,KOSDAQ,stock,True,,,2026-09-17,2026-09-04,18|21|22|23|28|29|30,07|08|09|10|11|14|15|16|17|18|21|22|23|28|29|30
035150,KOSPI,stock,True,,,2026-09-17,2026-09-04,18|21|22|23|28|29|30,07|08|09|10|11|14|15|16|17|18|21|22|23|28|29|30
035200,KOSDAQ,stock,True,,,2026-09-17,2026-09-04,18|21|22|23|28|29|30,07|08|09|10|11|14|15|16|17|18|21|22|23|28|29|30
035250,KOSPI,stock,True,,,2026-09-17,2026-09-04,18|21|22|23|28|29|30,07|08|09|10|11|14|15|16|17|18|21|22|23|28|29|30
035290,KOSDAQ,stock,True,,,2026-09-16,2026-09-04,17|18|21|22|23|28|29|30,07|08|09|10|11|14|15|16|17|18|21|22|23|28|29|30
035420,KOSPI,stock,True,,,2026-09-17,2026-09-04,18|21|22|23|28|29|30,07|08|09|10|11|14|15|16|17|18|21|22|23|28|29|30
035460,KOSDAQ,stock,True,,,2026-09-17,2026-09-04,18|21|22|23|28|29|30,07|08|09|10|11|14|15|16|17|18|21|22|23|28|29|30
035510,KOSPI,stock,True,,,2026-09-17,2026-09-04,18|21|22|23|28|29|30,07|08|09|10|11|14|15|16|17|18|21|22|23|28|29|30
035600,KOSDAQ,stock,True,,,2026-09-17,2026-09-04,18|21|22|23|28|29|30,07|08|09|10|11|14|15|16|17|18|21|22|23|28|29|30
035610,KOSDAQ,stock,True,,,2026-09-17,2026-09-04,18|21|22|23|28|29|30,07|08|09|10|11|14|15|16|17|18|21|22|23|28|29|30
035620,KOSDAQ,stock,True,,,2026-09-17,2026-09-04,18|21|22|23|28|29|30,07|08|09|10|11|14|15|16|17|18|21|22|23|28|29|30
035720,KOSPI,stock,True,,,2026-09-17,2026-09-04,18|21|22|23|28|29|30,07|08|09|10|11|14|15|16|17|18|21|22|23|28|29|30
035760,KOSDAQ,stock,True,,,2026-09-17,2026-09-04,18|21|22|23|28|29|30,07|08|09|10|11|14|15|16|17|18|21|22|23|28|29|30
035810,KOSDAQ,stock,True,,,2026-09-17,2026-09-04,18|21|22|23|28|29|30,07|08|09|10|11|14|15|16|17|18|21|22|23|28|29|30
035890,KOSDAQ,stock,True,,,2026-09-17,2026-09-04,18|21|22|23|28|29|30,07|08|09|10|11|14|15|16|17|18|21|22|23|28|29|30
035900,KOSDAQ,stock,True,,,2026-09-17,2026-09-04,18|21|22|23|28|29|30,07|08|09|10|11|14|15|16|17|18|21|22|23|28|29|30
036000,KOSDAQ,stock,True,,,2026-09-17,2026-09-04,18|21|22|23|28|29|30,07|08|09|10|11|14|15|16|17|18|21|22|23|28|29|30
036010,KOSDAQ,stock,True,,,2026-09-17,2026-09-04,18|21|22|23|28|29|30,07|08|09|10|11|14|15|16|17|18|21|22|23|28|29|30
036030,KOSDAQ,stock,True,,,2026-09-17,2026-09-04,18|21|22|23|28|29|30,07|08|09|10|11|14|15|16|17|18|21|22|23|28|29|30
036090,KOSDAQ,stock,True,,,2026-09-17,2026-09-04,18|21|22|23|28|29|30,07|08|09|10|11|14|15|16|17|18|21|22|23|28|29|30
036120,KOSDAQ,stock,True,,,2026-09-17,2026-09-04,18|21|22|23|28|29|30,07|08|09|10|11|14|15|16|17|18|21|22|23|28|29|30
036170,KOSDAQ,stock,True,,,2026-09-17,2026-09-04,18|21|22|23|28|29|30,07|08|09|10|11|14|15|16|17|18|21|22|23|28|29|30
036190,KOSDAQ,stock,True,,,2026-09-17,2026-09-04,18|21|22|23|28|29|30,07|08|09|10|11|14|15|16|17|18|21|22|23|28|29|30
036200,KOSDAQ,stock,True,,,2026-09-17,2026-09-04,18|21|22|23|28|29|30,07|08|09|10|11|14|15|16|17|18|21|22|23|28|29|30
036220,KOSDAQ,stock,True,,,2026-09-17,2026-09-04,18|21|22|23|28|29|30,07|08|09|10|11|14|15|16|17|18|21|22|23|28|29|30
036420,KOSPI,stock,True,,,2026-09-17,2026-09-04,18|21|22|23|28|29|30,07|08|09|10|11|14|15|16|17|18|21|22|23|28|29|30
036460,KOSPI,stock,True,,,2026-09-17,2026-09-04,18|21|22|23|28|29|30,07|08|09|10|11|14|15|16|17|18|21|22|23|28|29|30
036480,KOSDAQ,stock,True,,,2026-09-17,2026-09-04,18|21|22|23|28|29|30,07|08|09|10|11|14|15|16|17|18|21|22|23|28|29|30
036530,KOSPI,stock,True,,,2026-09-17,2026-09-04,18|21|22|23|28|29|30,07|08|09|10|11|14|15|16|17|18|21|22|23|28|29|30
036540,KOSDAQ,stock,True,,,2026-09-17,2026-09-04,18|21|22|23|28|29|30,07|08|09|10|11|14|15|16|17|18|21|22|23|28|29|30
036560,KOSDAQ,stock,True,,,2026-09-17,2026-09-04,18|21|22|23|28|29|30,07|08|09|10|11|14|15|16|17|18|21|22|23|28|29|30
036570,KOSPI,stock,True,,,2026-09-17,2026-09-04,18|21|22|23|28|29|30,07|08|09|10|11|14|15|16|17|18|21|22|23|28|29|30
036580,KOSPI,stock,True,,,2026-09-17,2026-09-04,18|21|22|23|28|29|30,07|08|09|10|11|14|15|16|17|18|21|22|23|28|29|30
036620,KOSDAQ,stock,True,,,2026-09-17,2026-09-04,18|21|22|23|28|29|30,07|08|09|10|11|14|15|16|17|18|21|22|23|28|29|30
036630,KOSDAQ,stock,True,,,2026-09-17,2026-09-04,18|21|22|23|28|29|30,07|08|09|10|11|14|15|16|17|18|21|22|23|28|29|30
036640,KOSDAQ,stock,True,,,2026-09-17,2026-09-04,18|21|22|23|28|29|30,07|08|09|10|11|14|15|16|17|18|21|22|23|28|29|30
036670,KOSDAQ,stock,True,,,2026-09-17,2026-09-04,18|21|22|23|28|29|30,07|08|09|10|11|14|15|16|17|18|21|22|23|28|29|30
036690,KOSDAQ,stock,True,,,2026-09-04,2026-09-04,07|08|09|10|11|14|15|16|17|18|21|22|23|28|29|30,07|08|09|10|11|14|15|16|17|18|21|22|23|28|29|30
036710,KOSDAQ,stock,True,,,2026-09-17,2026-09-04,18|21|22|23|28|29|30,07|08|09|10|11|14|15|16|17|18|21|22|23|28|29|30
036800,KOSDAQ,stock,True,,,2026-09-17,2026-09-04,18|21|22|23|28|29|30,07|08|09|10|11|14|15|16|17|18|21|22|23|28|29|30
036810,KOSDAQ,stock,True,,,2026-09-17,2026-09-04,18|21|22|23|28|29|30,07|08|09|10|11|14|15|16|17|18|21|22|23|28|29|30
036830,KOSDAQ,stock,True,,,2026-09-17,2026-09-04,18|21|22|23|28|29|30,07|08|09|10|11|14|15|16|17|18|21|22|23|28|29|30
036890,KOSDAQ,stock,True,,,2026-09-17,2026-09-04,18|21|22|23|28|29|30,07|08|09|10|11|14|15|16|17|18|21|22|23|28|29|30
036930,KOSDAQ,stock,True,,,2026-09-17,2026-09-04,18|21|22|23|28|29|30,07|08|09|10|11|14|15|16|17|18|21|22|23|28|29|30
037030,KOSDAQ,stock,True,,,2026-09-17,2026-09-04,18|21|22|23|28|29|30,07|08|09|10|11|14|15|16|17|18|21|22|23|28|29|30
037070,KOSDAQ,stock,True,,,2026-09-17,2026-09-04,18|21|22|23|28|29|30,07|08|09|10|11|14|15|16|17|18|21|22|23|28|29|30
037230,KOSDAQ,stock,True,,,2026-09-17,2026-09-04,18|21|22|23|28|29|30,07|08|09|10|11|14|15|16|17|18|21|22|23|28|29|30
037270,KOSPI,stock,True,,,2026-09-17,2026-09-04,18|21|22|23|28|29|30,07|08|09|10|11|14|15|16|17|18|21|22|23|28|29|30
037330,KOSDAQ,stock,True,,,2026-09-17,2026-09-04,18|21|22|23|28|29|30,07|08|09|10|11|14|15|16|17|18|21|22|23|28|29|30
037350,KOSDAQ,stock,True,,,2026-09-17,2026-09-04,18|21|22|23|28|29|30,07|08|09|10|11|14|15|16|17|18|21|22|23|28|29|30
037370,KOSDAQ,stock,True,,,2026-09-17,2026-09-04,18|21|22|23|28|29|30,07|08|09|10|11|14|15|16|17|18|21|22|23|28|29|30
037400,KOSDAQ,stock,True,,,2026-09-17,2026-09-04,18|21|22|23|28|29|30,07|08|09|10|11|14|15|16|17|18|21|22|23|28|29|30
037440,KOSDAQ,stock,True,,,2026-09-17,2026-09-04,18|21|22|23|28|29|30,07|08|09|10|11|14|15|16|17|18|21|22|23|28|29|30
037460,KOSDAQ,stock,True,,,2026-09-17,2026-09-04,18|21|22|23|28|29|30,07|08|09|10|11|14|15|16|17|18|21|22|23|28|29|30
037560,KOSPI,stock,True,,,2026-09-17,2026-09-04,18|21|22|23|28|29|30,07|08|09|10|11|14|15|16|17|18|21|22|23|28|29|30
037710,KOSPI,stock,True,,,2026-09-17,2026-09-04,18|21|22|23|28|29|30,07|08|09|10|11|14|15|16|17|18|21|22|23|28|29|30
037760,KOSDAQ,stock,True,,,2026-09-17,2026-09-04,18|21|22|23|28|29|30,07|08|09|10|11|14|15|16|17|18|21|22|23|28|29|30
037950,KOSDAQ,stock,True,,,2026-09-17,2026-09-04,18|21|22|23|28|29|30,07|08|09|10|11|14|15|16|17|18|21|22|23|28|29|30
038010,KOSDAQ,stock,True,,,2026-09-17,2026-09-04,18|21|22|23|28|29|30,07|08|09|10|11|14|15|16|17|18|21|22|23|28|29|30
038060,KOSDAQ,stock,True,,,2026-09-14,2026-09-04,15|16|17|18|21|22|23|28|29|30,07|08|09|10|11|14|15|16|17|18|21|22|23|28|29|30
038070,KOSDAQ,stock,True,,,2026-09-17,2026-09-04,18|21|22|23|28|29|30,07|08|09|10|11|14|15|16|17|18|21|22|23|28|29|30
038110,KOSDAQ,stock,True,,,2026-09-17,2026-09-04,18|21|22|23|28|29|30,07|08|09|10|11|14|15|16|17|18|21|22|23|28|29|30
038290,KOSDAQ,stock,True,,,2026-09-17,2026-09-04,18|21|22|23|28|29|30,07|08|09|10|11|14|15|16|17|18|21|22|23|28|29|30
038390,KOSDAQ,stock,True,,,2026-09-17,2026-09-04,18|21|22|23|28|29|30,07|08|09|10|11|14|15|16|17|18|21|22|23|28|29|30
038460,KOSDAQ,stock,True,,,2026-09-17,2026-09-04,18|21|22|23|28|29|30,07|08|09|10|11|14|15|16|17|18|21|22|23|28|29|30
038500,KOSDAQ,stock,True,,,2026-09-17,2026-09-04,18|21|22|23|28|29|30,07|08|09|10|11|14|15|16|17|18|21|22|23|28|29|30
038530,KOSDAQ,stock,True,,,2026-09-04,2026-09-04,07|08|09|10|11|14|15|16|17|18|21|22|23|28|29|30,07|08|09|10|11|14|15|16|17|18|21|22|23|28|29|30
038540,KOSDAQ,stock,True,,,2026-09-17,2026-09-04,18|21|22|23|28|29|30,07|08|09|10|11|14|15|16|17|18|21|22|23|28|29|30
038620,KOSDAQ,stock,True,,,2026-09-17,2026-09-04,18|21|22|23|28|29|30,07|08|09|10|11|14|15|16|17|18|21|22|23|28|29|30
038680,KOSDAQ,stock,True,,,2026-09-17,2026-09-04,18|21|22|23|28|29|30,07|08|09|10|11|14|15|16|17|18|21|22|23|28|29|30
038870,KOSDAQ,stock,True,,,2026-09-17,2026-09-04,18|21|22|23|28|29|30,07|08|09|10|11|14|15|16|17|18|21|22|23|28|29|30
038880,KOSDAQ,stock,True,,,2026-09-17,2026-09-04,18|21|22|23|28|29|30,07|08|09|10|11|14|15|16|17|18|21|22|23|28|29|30
038950,KOSDAQ,stock,True,,,2026-09-17,2026-09-04,18|21|22|23|28|29|30,07|08|09|10|11|14|15|16|17|18|21|22|23|28|29|30
039010,KOSDAQ,stock,True,,,2026-09-17,2026-09-04,18|21|22|23|28|29|30,07|08|09|10|11|14|15|16|17|18|21|22|23|28|29|30
039020,KOSDAQ,stock,True,,,2026-09-17,2026-09-04,18|21|22|23|28|29|30,07|08|09|10|11|14|15|16|17|18|21|22|23|28|29|30
039030,KOSDAQ,stock,True,,,2026-09-17,2026-09-04,18|21|22|23|28|29|30,07|08|09|10|11|14|15|16|17|18|21|22|23|28|29|30
039130,KOSPI,stock,True,,,2026-09-17,2026-09-04,18|21|22|23|28|29|30,07|08|09|10|11|14|15|16|17|18|21|22|23|28|29|30
039200,KOSDAQ,stock,True,,,2026-09-17,2026-09-04,18|21|22|23|28|29|30,07|08|09|10|11|14|15|16|17|18|21|22|23|28|29|30
039240,KOSDAQ,stock,True,,,2026-09-17,2026-09-04,18|21|22|23|28|29|30,07|08|09|10|11|14|15|16|17|18|21|22|23|28|29|30
039290,KOSDAQ,stock,True,,,2026-09-17,2026-09-04,18|21|22|23|28|29|30,07|08|09|10|11|14|15|16|17|18|21|22|23|28|29|30
039310,KOSDAQ,stock,True,,,2026-09-17,2026-09-04,18|21|22|23|28|29|30,07|08|09|10|11|14|15|16|17|18|21|22|23|28|29|30
039340,KOSDAQ,stock,True,,,2026-09-17,2026-09-04,18|21|22|23|28|29|30,07|08|09|10|11|14|15|16|17|18|21|22|23|28|29|30
039420,KOSDAQ,stock,True,,,2026-09-17,2026-09-04,18|21|22|23|28|29|30,07|08|09|10|11|14|15|16|17|18|21|22|23|28|29|30
039440,KOSDAQ,stock,True,,,2026-09-17,2026-09-04,18|21|22|23|28|29|30,07|08|09|10|11|14|15|16|17|18|21|22|23|28|29|30
039490,KOSPI,stock,True,,,2026-09-17,2026-09-04,18|21|22|23|28|29|30,07|08|09|10|11|14|15|16|17|18|21|22|23|28|29|30
039560,KOSDAQ,stock,True,,,2026-09-17,2026-09-04,18|21|22|23|28|29|30,07|08|09|10|11|14|15|16|17|18|21|22|23|28|29|30
039570,KOSPI,stock,True,,,2026-09-17,2026-09-04,18|21|22|23|28|29|30,07|08|09|10|11|14|15|16|17|18|21|22|23|28|29|30
039610,KOSDAQ,stock,True,,,2026-09-17,2026-09-04,18|21|22|23|28|29|30,07|08|09|10|11|14|15|16|17|18|21|22|23|28|29|30
039740,KOSDAQ,stock,True,,,2026-09-17,2026-09-04,18|21|22|23|28|29|30,07|08|09|10|11|14|15|16|17|18|21|22|23|28|29|30
039830,KOSDAQ,stock,True,,,2026-09-17,2026-09-04,18|21|22|23|28|29|30,07|08|09|10|11|14|15|16|17|18|21|22|23|28|29|30
039840,KOSDAQ,stock,True,,,2026-09-17,2026-09-04,18|21|22|23|28|29|30,07|08|09|10|11|14|15|16|17|18|21|22|23|28|29|30
039860,KOSDAQ,stock,True,,,2026-09-17,2026-09-04,18|21|22|23|28|29|30,07|08|09|10|11|14|15|16|17|18|21|22|23|28|29|30
039980,KOSDAQ,stock,True,,,2026-09-17,2026-09-04,18|21|22|23|28|29|30,07|08|09|10|11|14|15|16|17|18|21|22|23|28|29|30
040160,KOSDAQ,stock,True,,,2026-09-17,2026-09-04,18|21|22|23|28|29|30,07|08|09|10|11|14|15|16|17|18|21|22|23|28|29|30
040300,KOSDAQ,stock,True,,,2026-09-17,2026-09-04,18|21|22|23|28|29|30,07|08|09|10|11|14|15|16|17|18|21|22|23|28|29|30
040350,KOSDAQ,stock,True,,,2026-09-17,2026-09-04,18|21|22|23|28|29|30,07|08|09|10|11|14|15|16|17|18|21|22|23|28|29|30
040420,KOSDAQ,stock,True,,,2026-09-17,2026-09-04,18|21|22|23|28|29|30,07|08|09|10|11|14|15|16|17|18|21|22|23|28|29|30
040610,KOSDAQ,stock,True,,,2026-09-17,2026-09-04,18|21|22|23|28|29|30,07|08|09|10|11|14|15|16|17|18|21|22|23|28|29|30
040910,KOSDAQ,stock,True,,,2026-09-17,2026-09-04,18|21|22|23|28|29|30,07|08|09|10|11|14|15|16|17|18|21|22|23|28|29|30
041020,KOSDAQ,stock,True,,,2026-09-17,2026-09-04,18|21|22|23|28|29|30,07|08|09|10|11|14|15|16|17|18|21|22|23|28|29|30
041190,KOSDAQ,stock,True,,,2026-09-17,2026-09-04,18|21|22|23|28|29|30,07|08|09|10|11|14|15|16|17|18|21|22|23|28|29|30
041440,KOSDAQ,stock,True,,,2026-09-17,2026-09-04,18|21|22|23|28|29|30,07|08|09|10|11|14|15|16|17|18|21|22|23|28|29|30
041460,KOSDAQ,stock,True,,,2026-09-17,2026-09-04,18|21|22|23|28|29|30,07|08|09|10|11|14|15|16|17|18|21|22|23|28|29|30
041510,KOSDAQ,stock,True,,,2026-09-17,2026-09-04,18|21|22|23|28|29|30,07|08|09|10|11|14|15|16|17|18|21|22|23|28|29|30
041520,KOSDAQ,stock,True,,,2026-09-17,2026-09-04,18|21|22|23|28|29|30,07|08|09|10|11|14|15|16|17|18|21|22|23|28|29|30
041590,KOSDAQ,stock,True,,,2026-09-04,2026-09-04,07|08|09|10|11|14|15|16|17|18|21|22|23|28|29|30,07|08|09|10|11|14|15|16|17|18|21|22|23|28|29|30
041650,KOSPI,stock,True,,,2026-09-17,2026-09-04,18|21|22|23|28|29|30,07|08|09|10|11|14|15|16|17|18|21|22|23|28|29|30
041830,KOSDAQ,stock,True,,,2026-09-17,2026-09-04,18|21|22|23|28|29|30,07|08|09|10|11|14|15|16|17|18|21|22|23|28|29|30
041910,KOSDAQ,stock,True,,,2026-09-17,2026-09-04,18|21|22|23|28|29|30,07|08|09|10|11|14|15|16|17|18|21|22|23|28|29|30
041920,KOSDAQ,stock,True,,,2026-09-17,2026-09-04,18|21|22|23|28|29|30,07|08|09|10|11|14|15|16|17|18|21|22|23|28|29|30
041930,KOSDAQ,stock,True,,,2026-09-17,2026-09-04,18|21|22|23|28|29|30,07|08|09|10|11|14|15|16|17|18|21|22|23|28|29|30
041960,KOSDAQ,stock,True,,,2026-09-17,2026-09-04,18|21|22|23|28|29|30,07|08|09|10|11|14|15|16|17|18|21|22|23|28|29|30
042000,KOSDAQ,stock,True,,,2026-09-17,2026-09-04,18|21|22|23|28|29|30,07|08|09|10|11|14|15|16|17|18|21|22|23|28|29|30
042040,KOSDAQ,stock,True,,,2026-09-17,2026-09-04,18|21|22|23|28|29|30,07|08|09|10|11|14|15|16|17|18|21|22|23|28|29|30
042110,KOSDAQ,stock,True,,,2026-09-17,2026-09-04,18|21|22|23|28|29|30,07|08|09|10|11|14|15|16|17|18|21|22|23|28|29|30
042370,KOSDAQ,stock,True,,,2026-09-17,2026-09-04,18|21|22|23|28|29|30,07|08|09|10|11|14|15|16|17|18|21|22|23|28|29|30
042420,KOSDAQ,stock,True,,,2026-09-17,2026-09-04,18|21|22|23|28|29|30,07|08|09|10|11|14|15|16|17|18|21|22|23|28|29|30
042500,KOSDAQ,stock,True,,,2026-09-17,2026-09-04,18|21|22|23|28|29|30,07|08|09|10|11|14|15|16|17|18|21|22|23|28|29|30
042510,KOSDAQ,stock,True,,,2026-09-17,2026-09-04,18|21|22|23|28|29|30,07|08|09|10|11|14|15|16|17|18|21|22|23|28|29|30
042520,KOSDAQ,stock,True,,,2026-09-17,2026-09-04,18|21|22|23|28|29|30,07|08|09|10|11|14|15|16|17|18|21|22|23|28|29|30
042600,KOSDAQ,stock,True,,,2026-09-17,2026-09-04,18|21|22|23|28|29|30,07|08|09|10|11|14|15|16|17|18|21|22|23|28|29|30
042660,KOSPI,stock,True,,,2026-09-17,2026-09-04,18|21|22|23|28|29|30,07|08|09|10|11|14|15|16|17|18|21|22|23|28|29|30
042700,KOSPI,stock,True,,,2026-09-17,2026-09-04,18|21|22|23|28|29|30,07|08|09|10|11|14|15|16|17|18|21|22|23|28|29|30
042940,KOSDAQ,stock,True,,,2026-09-17,2026-06-15,18|21|22|23|28|29|30,01|02|03|04|07|08|09|10|11|14|15|16|17|18|21|22|23|28|29|30
043090,KOSDAQ,stock,False,,2026-08-20,2026-08-07,2026-07-29,01|02|03|04|07|08|09|10|11|14|15|16|17|18|21|22|23|28|29|30,01|02|03|04|07|08|09|10|11|14|15|16|17|18|21|22|23|28|29|30
043100,KOSDAQ,stock,True,,,2026-09-04,2026-09-04,07|08|09|10|11|14|15|16|17|18|21|22|23|28|29|30,07|08|09|10|11|14|15|16|17|18|21|22|23|28|29|30
043150,KOSDAQ,stock,True,,,2026-09-17,2026-09-04,18|21|22|23|28|29|30,07|08|09|10|11|14|15|16|17|18|21|22|23|28|29|30
043200,KOSDAQ,stock,True,,,2026-09-17,2026-09-04,18|21|22|23|28|29|30,07|08|09|10|11|14|15|16|17|18|21|22|23|28|29|30
043220,KOSDAQ,stock,True,,,2026-09-04,2026-09-04,07|08|09|10|11|14|15|16|17|18|21|22|23|28|29|30,07|08|09|10|11|14|15|16|17|18|21|22|23|28|29|30
043260,KOSDAQ,stock,True,,,2026-09-17,2026-09-04,18|21|22|23|28|29|30,07|08|09|10|11|14|15|16|17|18|21|22|23|28|29|30
043340,KOSDAQ,stock,True,,,2026-09-17,2026-09-04,18|21|22|23|28|29|30,07|08|09|10|11|14|15|16|17|18|21|22|23|28|29|30
043360,KOSDAQ,stock,True,,,2026-09-17,2026-09-04,18|21|22|23|28|29|30,07|08|09|10|11|14|15|16|17|18|21|22|23|28|29|30
043370,KOSDAQ,stock,True,,,2026-09-17,2026-09-04,18|21|22|23|28|29|30,07|08|09|10|11|14|15|16|17|18|21|22|23|28|29|30
043590,KOSDAQ,stock,True,,,2026-09-17,2026-09-04,18|21|22|23|28|29|30,07|08|09|10|11|14|15|16|17|18|21|22|23|28|29|30
043610,KOSDAQ,stock,True,,,2026-09-17,2026-09-04,18|21|22|23|28|29|30,07|08|09|10|11|14|15|16|17|18|21|22|23|28|29|30
043650,KOSDAQ,stock,True,,,2026-09-17,2026-09-04,18|21|22|23|28|29|30,07|08|09|10|11|14|15|16|17|18|21|22|23|28|29|30
043710,KOSDAQ,stock,True,,,2026-09-17,2026-09-04,18|21|22|23|28|29|30,07|08|09|10|11|14|15|16|17|18|21|22|23|28|29|30
043910,KOSDAQ,stock,True,,,2026-09-17,2026-09-04,18|21|22|23|28|29|30,07|08|09|10|11|14|15|16|17|18|21|22|23|28|29|30
044180,KOSDAQ,stock,True,,,2026-09-04,2026-09-04,07|08|09|10|11|14|15|16|17|18|21|22|23|28|29|30,07|08|09|10|11|14|15|16|17|18|21|22|23|28|29|30
044340,KOSDAQ,stock,True,,,2026-09-17,2026-09-04,18|21|22|23|28|29|30,07|08|09|10|11|14|15|16|17|18|21|22|23|28|29|30
044380,KOSPI,stock,True,,,2026-09-17,2026-09-04,18|21|22|23|28|29|30,07|08|09|10|11|14|15|16|17|18|21|22|23|28|29|30
044450,KOSPI,stock,True,,,2026-09-17,2026-09-04,18|21|22|23|28|29|30,07|08|09|10|11|14|15|16|17|18|21|22|23|28|29|30
044480,KOSDAQ,stock,True,,,2026-09-17,2026-09-04,18|21|22|23|28|29|30,07|08|09|10|11|14|15|16|17|18|21|22|23|28|29|30
044490,KOSDAQ,stock,True,,,2026-09-17,2026-09-04,18|21|22|23|28|29|30,07|08|09|10|11|14|15|16|17|18|21|22|23|28|29|30
044780,KOSDAQ,stock,True,,,2026-09-17,2026-09-04,18|21|22|23|28|29|30,07|08|09|10|11|14|15|16|17|18|21|22|23|28|29|30
044820,KOSPI,stock,True,,,2026-09-17,2026-09-04,18|21|22|23|28|29|30,07|08|09|10|11|14|15|16|17|18|21|22|23|28|29|30
044960,KOSDAQ,stock,True,,,2026-09-17,2026-09-04,18|21|22|23|28|29|30,07|08|09|10|11|14|15|16|17|18|21|22|23|28|29|30
044990,KOSDAQ,stock,True,,,2026-09-17,2026-09-04,18|21|22|23|28|29|30,07|08|09|10|11|14|15|16|17|18|21|22|23|28|29|30
045060,KOSDAQ,stock,True,,,2026-09-17,2026-09-04,18|21|22|23|28|29|30,07|08|09|10|11|14|15|16|17|18|21|22|23|28|29|30
045100,KOSDAQ,stock,True,,,2026-09-17,2026-09-04,18|21|22|23|28|29|30,07|08|09|10|11|14|15|16|17|18|21|22|23|28|29|30
045300,KOSDAQ,stock,True,,,2026-09-17,2026-09-04,18|21|22|23|28|29|30,07|08|09|10|11|14|15|16|17|18|21|22|23|28|29|30
045340,KOSDAQ,stock,True,,,2026-09-17,2026-09-04,18|21|22|23|28|29|30,07|08|09|10|11|14|15|16|17|18|21|22|23|28|29|30
045390,KOSDAQ,stock,True,,,2026-09-17,2026-09-04,18|21|22|23|28|29|30,07|08|09|10|11|14|15|16|17|18|21|22|23|28|29|30
045510,KOSDAQ,stock,True,,,2026-09-17,2026-09-04,18|21|22|23|28|29|30,07|08|09|10|11|14|15|16|17|18|21|22|23|28|29|30
045520,KOSDAQ,stock,True,,,2026-09-17,2026-09-04,18|21|22|23|28|29|30,07|08|09|10|11|14|15|16|17|18|21|22|23|28|29|30
045660,KOSDAQ,stock,True,,,2026-09-17,2026-09-04,18|21|22|23|28|29|30,07|08|09|10|11|14|15|16|17|18|21|22|23|28|29|30
045970,KOSDAQ,stock,True,,,2026-09-17,2026-09-04,18|21|22|23|28|29|30,07|08|09|10|11|14|15|16|17|18|21|22|23|28|29|30
046070,KOSDAQ,stock,True,,,2026-09-04,2026-09-04,07|08|09|10|11|14|15|16|17|18|21|22|23|28|29|30,07|08|09|10|11|14|15|16|17|18|21|22|23|28|29|30
046120,KOSDAQ,stock,True,,,2026-09-17,2026-09-04,18|21|22|23|28|29|30,07|08|09|10|11|14|15|16|17|18|21|22|23|28|29|30
046210,KOSDAQ,stock,True,,,2026-09-17,2026-09-04,18|21|22|23|28|29|30,07|08|09|10|11|14|15|16|17|18|21|22|23|28|29|30
046310,KOSDAQ,stock,True,,,2026-09-17,2026-09-04,18|21|22|23|28|29|30,07|08|09|10|11|14|15|16|17|18|21|22|23|28|29|30
046390,KOSDAQ,stock,True,,,2026-09-17,2026-09-04,18|21|22|23|28|29|30,07|08|09|10|11|14|15|16|17|18|21|22|23|28|29|30
046440,KOSDAQ,stock,True,,,2026-09-17,2026-09-04,18|21|22|23|28|29|30,07|08|09|10|11|14|15|16|17|18|21|22|23|28|29|30
046890,KOSDAQ,stock,True,,,2026-09-17,2026-09-04,18|21|22|23|28|29|30,07|08|09|10|11|14|15|16|17|18|21|22|23|28|29|30
046940,KOSDAQ,stock,True,,,2026-09-17,2026-09-04,18|21|22|23|28|29|30,07|08|09|10|11|14|15|16|17|18|21|22|23|28|29|30
046970,KOSDAQ,stock,True,,,2026-09-17,2026-09-04,18|21|22|23|28|29|30,07|08|09|10|11|14|15|16|17|18|21|22|23|28|29|30
047040,KOSPI,stock,True,,,2026-09-17,2026-09-04,18|21|22|23|28|29|30,07|08|09|10|11|14|15|16|17|18|21|22|23|28|29|30
047050,KOSPI,stock,True,,,2026-09-17,2026-09-04,18|21|22|23|28|29|30,07|08|09|10|11|14|15|16|17|18|21|22|23|28|29|30
047080,KOSDAQ,stock,True,,,2026-09-17,2026-09-04,18|21|22|23|28|29|30,07|08|09|10|11|14|15|16|17|18|21|22|23|28|29|30
047310,KOSDAQ,stock,True,,,2026-09-17,2026-09-04,18|21|22|23|28|29|30,07|08|09|10|11|14|15|16|17|18|21|22|23|28|29|30
047400,KOSPI,stock,True,,,2026-09-17,2026-09-04,18|21|22|23|28|29|30,07|08|09|10|11|14|15|16|17|18|21|22|23|28|29|30
047560,KOSDAQ,stock,True,,,2026-09-17,2026-09-04,18|21|22|23|28|29|30,07|08|09|10|11|14|15|16|17|18|21|22|23|28|29|30
047770,KOSDAQ,stock,True,,,2026-09-17,2026-09-04,18|21|22|23|28|29|30,07|08|09|10|11|14|15|16|17|18|21|22|23|28|29|30
047810,KOSPI,stock,True,,,2026-09-17,2026-09-04,18|21|22|23|28|29|30,07|08|09|10|11|14|15|16|17|18|21|22|23|28|29|30
047820,KOSDAQ,stock,True,,,2026-09-17,2026-09-04,18|21|22|23|28|29|30,07|08|09|10|11|14|15|16|17|18|21|22|23|28|29|30
047920,KOSDAQ,stock,True,,,2026-09-17,2026-09-04,18|21|22|23|28|29|30,07|08|09|10|11|14|15|16|17|18|21|22|23|28|29|30
048410,KOSDAQ,stock,True,,,2026-09-17,2026-09-04,18|21|22|23|28|29|30,07|08|09|10|11|14|15|16|17|18|21|22|23|28|29|30
048430,KOSDAQ,stock,True,,,2026-09-17,2026-09-04,18|21|22|23|28|29|30,07|08|09|10|11|14|15|16|17|18|21|22|23|28|29|30
048470,KOSDAQ,stock,True,,,2026-09-17,2026-09-04,18|21|22|23|28|29|30,07|08|09|10|11|14|15|16|17|18|21|22|23|28|29|30
048530,KOSDAQ,stock,True,,,2026-09-17,2026-09-04,18|21|22|23|28|29|30,07|08|09|10|11|14|15|16|17|18|21|22|23|28|29|30
048550,KOSDAQ,stock,True,,,2026-09-17,2026-09-04,18|21|22|23|28|29|30,07|08|09|10|11|14|15|16|17|18|21|22|23|28|29|30
048770,KOSDAQ,stock,True,,,2026-09-17,2026-09-04,18|21|22|23|28|29|30,07|08|09|10|11|14|15|16|17|18|21|22|23|28|29|30
048830,KOSDAQ,stock,True,,,2026-09-17,2026-09-04,18|21|22|23|28|29|30,07|08|09|10|11|14|15|16|17|18|21|22|23|28|29|30
048870,KOSDAQ,stock,True,,,2026-09-17,2026-09-04,18|21|22|23|28|29|30,07|08|09|10|11|14|15|16|17|18|21|22|23|28|29|30
048910,KOSDAQ,stock,True,,,2026-09-17,2026-09-04,18|21|22|23|28|29|30,07|08|09|10|11|14|15|16|17|18|21|22|23|28|29|30
049070,KOSDAQ,stock,True,,,2026-09-17,2026-09-04,18|21|22|23|28|29|30,07|08|09|10|11|14|15|16|17|18|21|22|23|28|29|30
049080,KOSDAQ,stock,True,,,2026-09-17,2026-09-04,18|21|22|23|28|29|30,07|08|09|10|11|14|15|16|17|18|21|22|23|28|29|30
049120,KOSDAQ,stock,True,,,2026-09-17,2026-09-04,18|21|22|23|28|29|30,07|08|09|10|11|14|15|16|17|18|21|22|23|28|29|30
049180,KOSDAQ,stock,True,,,2026-09-04,2026-09-04,07|08|09|10|11|14|15|16|17|18|21|22|23|28|29|30,07|08|09|10|11|14|15|16|17|18|21|22|23|28|29|30
049430,KOSDAQ,stock,True,,,2026-09-17,2026-09-04,18|21|22|23|28|29|30,07|08|09|10|11|14|15|16|17|18|21|22|23|28|29|30
049470,KOSDAQ,stock,True,,,2026-09-17,2026-06-15,18|21|22|23|28|29|30,01|02|03|04|07|08|09|10|11|14|15|16|17|18|21|22|23|28|29|30
049480,KOSDAQ,stock,True,,,2026-09-17,2026-09-04,18|21|22|23|28|29|30,07|08|09|10|11|14|15|16|17|18|21|22|23|28|29|30
049520,KOSDAQ,stock,True,,,2026-09-17,2026-09-04,18|21|22|23|28|29|30,07|08|09|10|11|14|15|16|17|18|21|22|23|28|29|30
049550,KOSDAQ,stock,True,,,2026-09-17,2026-09-04,18|21|22|23|28|29|30,07|08|09|10|11|14|15|16|17|18|21|22|23|28|29|30
049630,KOSDAQ,stock,True,,,2026-09-17,2026-09-04,18|21|22|23|28|29|30,07|08|09|10|11|14|15|16|17|18|21|22|23|28|29|30
049720,KOSDAQ,stock,True,,,2026-09-17,2026-09-04,18|21|22|23|28|29|30,07|08|09|10|11|14|15|16|17|18|21|22|23|28|29|30
049800,KOSPI,stock,True,,,2026-09-17,2026-09-04,18|21|22|23|28|29|30,07|08|09|10|11|14|15|16|17|18|21|22|23|28|29|30
049830,KOSDAQ,stock,True,,,2026-09-17,2026-09-04,18|21|22|23|28|29|30,07|08|09|10|11|14|15|16|17|18|21|22|23|28|29|30
049950,KOSDAQ,stock,True,,,2026-09-17,2026-09-04,18|21|22|23|28|29|30,07|08|09|10|11|14|15|16|17|18|21|22|23|28|29|30
049960,KOSDAQ,stock,True,,,2026-09-17,2026-09-04,18|21|22|23|28|29|30,07|08|09|10|11|14|15|16|17|18|21|22|23|28|29|30
050090,KOSDAQ,stock,True,,,2026-09-17,2026-06-15,18|21|22|23|28|29|30,01|02|03|04|07|08|09|10|11|14|15|16|17|18|21|22|23|28|29|30
050110,KOSDAQ,stock,True,,,2026-09-09,2026-09-04,10|11|14|15|16|17|18|21|22|23|28|29|30,07|08|09|10|11|14|15|16|17|18|21|22|23|28|29|30
050120,KOSDAQ,stock,True,,,2026-09-17,2026-09-04,18|21|22|23|28|29|30,07|08|09|10|11|14|15|16|17|18|21|22|23|28|29|30
050760,KOSDAQ,stock,True,,,2026-09-17,2026-09-04,18|21|22|23|28|29|30,07|08|09|10|11|14|15|16|17|18|21|22|23|28|29|30
050860,KOSDAQ,stock,True,,,2026-09-17,2026-09-04,18|21|22|23|28|29|30,07|08|09|10|11|14|15|16|17|18|21|22|23|28|29|30
050890,KOSDAQ,stock,True,,,2026-09-17,2026-09-04,18|21|22|23|28|29|30,07|08|09|10|11|14|15|16|17|18|21|22|23|28|29|30
050960,KOSDAQ,stock,True,,,2026-09-17,2026-09-04,18|21|22|23|28|29|30,07|08|09|10|11|14|15|16|17|18|21|22|23|28|29|30
051160,KOSDAQ,stock,True,,,2026-09-17,2026-09-04,18|21|22|23|28|29|30,07|08|09|10|11|14|15|16|17|18|21|22|23|28|29|30
051360,KOSDAQ,stock,True,,,2026-09-17,2026-09-04,18|21|22|23|28|29|30,07|08|09|10|11|14|15|16|17|18|21|22|23|28|29|30
051370,KOSDAQ,stock,True,,,2026-09-17,2026-09-04,18|21|22|23|28|29|30,07|08|09|10|11|14|15|16|17|18|21|22|23|28|29|30
051380,KOSDAQ,stock,True,,,2026-09-17,2026-09-04,18|21|22|23|28|29|30,07|08|09|10|11|14|15|16|17|18|21|22|23|28|29|30
051390,KOSDAQ,stock,True,,,2026-09-17,2026-09-04,18|21|22|23|28|29|30,07|08|09|10|11|14|15|16|17|18|21|22|23|28|29|30
051490,KOSDAQ,stock,True,,,2026-09-17,2026-09-04,18|21|22|23|28|29|30,07|08|09|10|11|14|15|16|17|18|21|22|23|28|29|30
051500,KOSDAQ,stock,True,,,2026-09-17,2026-09-04,18|21|22|23|28|29|30,07|08|09|10|11|14|15|16|17|18|21|22|23|28|29|30
051600,KOSPI,stock,True,,,2026-09-17,2026-09-04,18|21|22|23|28|29|30,07|08|09|10|11|14|15|16|17|18|21|22|23|28|29|30
051630,KOSPI,stock,True,,,2026-09-17,2026-09-04,18|21|22|23|28|29|30,07|08|09|10|11|14|15|16|17|18|21|22|23|28|29|30
051780,KOSDAQ,stock,True,,,2026-09-17,2026-09-04,18|21|22|23|28|29|30,07|08|09|10|11|14|15|16|17|18|21|22|23|28|29|30
051900,KOSPI,stock,True,,,2026-09-17,2026-09-04,18|21|22|23|28|29|30,07|08|09|10|11|14|15|16|17|18|21|22|23|28|29|30
051905,KOSPI,stock,True,,,2026-09-17,2026-09-04,18|21|22|23|28|29|30,07|08|09|10|11|14|15|16|17|18|21|22|23|28|29|30
051910,KOSPI,stock,True,,,2026-09-17,2026-09-04,18|21|22|23|28|29|30,07|08|09|10|11|14|15|16|17|18|21|22|23|28|29|30
051915,KOSPI,stock,True,,,2026-09-17,2026-09-04,18|21|22|23|28|29|30,07|08|09|10|11|14|15|16|17|18|21|22|23|28|29|30
051980,KOSDAQ,stock,True,,,2026-09-09,2026-09-04,10|11|14|15|16|17|18|21|22|23|28|29|30,07|08|09|10|11|14|15|16|17|18|21|22|23|28|29|30
052020,KOSDAQ,stock,True,,,2026-09-17,2026-09-04,18|21|22|23|28|29|30,07|08|09|10|11|14|15|16|17|18|21|22|23|28|29|30
052220,KOSDAQ,stock,True,,,2026-09-17,2026-09-04,18|21|22|23|28|29|30,07|08|09|10|11|14|15|16|17|18|21|22|23|28|29|30
052260,KOSDAQ,stock,True,,,2026-09-17,2026-09-04,18|21|22|23|28|29|30,07|08|09|10|11|14|15|16|17|18|21|22|23|28|29|30
052300,KOSDAQ,stock,True,,,2026-09-17,2026-09-04,18|21|22|23|28|29|30,07|08|09|10|11|14|15|16|17|18|21|22|23|28|29|30
052330,KOSDAQ,stock,True,,,2026-09-17,2026-09-04,18|21|22|23|28|29|30,07|08|09|10|11|14|15|16|17|18|21|22|23|28|29|30
052400,KOSDAQ,stock,True,,,2026-09-17,2026-09-04,18|21|22|23|28|29|30,07|08|09|10|11|14|15|16|17|18|21|22|23|28|29|30
052420,KOSDAQ,stock,True,,,2026-09-17,2026-09-04,18|21|22|23|28|29|30,07|08|09|10|11|14|15|16|17|18|21|22|23|28|29|30
052460,KOSDAQ,stock,True,,,2026-09-17,2026-09-04,18|21|22|23|28|29|30,07|08|09|10|11|14|15|16|17|18|21|22|23|28|29|30
052600,KOSDAQ,stock,True,,,2026-09-17,2026-09-04,18|21|22|23|28|29|30,07|08|09|10|11|14|15|16|17|18|21|22|23|28|29|30
052690,KOSPI,stock,True,,,2026-09-17,2026-09-04,18|21|22|23|28|29|30,07|08|09|10|11|14|15|16|17|18|21|22|23|28|29|30
052710,KOSDAQ,stock,True,,,2026-09-17,2026-09-04,18|21|22|23|28|29|30,07|08|09|10|11|14|15|16|17|18|21|22|23|28|29|30
052770,KOSDAQ,stock,True,,,2026-09-04,2026-09-04,07|08|09|10|11|14|15|16|17|18|21|22|23|28|29|30,07|08|09|10|11|14|15|16|17|18|21|22|23|28|29|30
052790,KOSDAQ,stock,True,,,2026-09-17,2026-09-04,18|21|22|23|28|29|30,07|08|09|10|11|14|15|16|17|18|21|22|23|28|29|30
052860,KOSDAQ,stock,True,,,2026-09-17,2026-09-04,18|21|22|23|28|29|30,07|08|09|10|11|14|15|16|17|18|21|22|23|28|29|30
052900,KOSDAQ,stock,True,,,2026-09-17,2026-09-04,18|21|22|23|28|29|30,07|08|09|10|11|14|15|16|17|18|21|22|23|28|29|30
053030,KOSDAQ,stock,True,,,2026-09-17,2026-09-04,18|21|22|23|28|29|30,07|08|09|10|11|14|15|16|17|18|21|22|23|28|29|30
053050,KOSDAQ,stock,True,,,2026-09-17,2026-09-04,18|21|22|23|28|29|30,07|08|09|10|11|14|15|16|17|18|21|22|23|28|29|30
053060,KOSDAQ,stock,True,,,2026-09-17,2026-09-04,18|21|22|23|28|29|30,07|08|09|10|11|14|15|16|17|18|21|22|23|28|29|30
053080,KOSDAQ,stock,True,,,2026-09-17,2026-09-04,18|21|22|23|28|29|30,07|08|09|10|11|14|15|16|17|18|21|22|23|28|29|30
053160,KOSDAQ,stock,True,,,2026-09-17,2026-09-04,18|21|22|23|28|29|30,07|08|09|10|11|14|15|16|17|18|21|22|23|28|29|30
053210,KOSPI,stock,True,,,2026-09-17,2026-09-04,18|21|22|23|28|29|30,07|08|09|10|11|14|15|16|17|18|21|22|23|28|29|30
053260,KOSDAQ,stock,True,,,2026-09-17,2026-09-04,18|21|22|23|28|29|30,07|08|09|10|11|14|15|16|17|18|21|22|23|28|29|30
053270,KOSDAQ,stock,True,,,2026-09-17,2026-09-04,18|21|22|23|28|29|30,07|08|09|10|11|14|15|16|17|18|21|22|23|28|29|30
053280,KOSDAQ,stock,True,,,2026-09-17,2026-09-04,18|21|22|23|28|29|30,07|08|09|10|11|14|15|16|17|18|21|22|23|28|29|30
053290,KOSDAQ,stock,True,,,2026-09-17,2026-09-04,18|21|22|23|28|29|30,07|08|09|10|11|14|15|16|17|18|21|22|23|28|29|30
053300,KOSDAQ,stock,True,,,2026-09-17,2026-09-04,18|21|22|23|28|29|30,07|08|09|10|11|14|15|16|17|18|21|22|23|28|29|30
053350,KOSDAQ,stock,True,,,2026-09-17,2026-09-04,18|21|22|23|28|29|30,07|08|09|10|11|14|15|16|17|18|21|22|23|28|29|30
053450,KOSDAQ,stock,True,,,2026-09-17,2026-09-04,18|21|22|23|28|29|30,07|08|09|10|11|14|15|16|17|18|21|22|23|28|29|30
053580,KOSDAQ,stock,True,,,2026-09-17,2026-09-04,18|21|22|23|28|29|30,07|08|09|10|11|14|15|16|17|18|21|22|23|28|29|30
053610,KOSDAQ,stock,True,,,2026-09-17,2026-09-04,18|21|22|23|28|29|30,07|08|09|10|11|14|15|16|17|18|21|22|23|28|29|30
053620,KOSDAQ,stock,True,,,2026-09-17,2026-09-04,18|21|22|23|28|29|30,07|08|09|10|11|14|15|16|17|18|21|22|23|28|29|30
053690,KOSPI,stock,True,,,2026-09-17,2026-09-04,18|21|22|23|28|29|30,07|08|09|10|11|14|15|16|17|18|21|22|23|28|29|30
053700,KOSDAQ,stock,True,,,2026-09-17,2026-09-04,18|21|22|23|28|29|30,07|08|09|10|11|14|15|16|17|18|21|22|23|28|29|30
053800,KOSDAQ,stock,True,,,2026-09-17,2026-09-04,18|21|22|23|28|29|30,07|08|09|10|11|14|15|16|17|18|21|22|23|28|29|30
053950,KOSDAQ,stock,True,,,2026-09-17,2026-09-04,18|21|22|23|28|29|30,07|08|09|10|11|14|15|16|17|18|21|22|23|28|29|30
053980,KOSDAQ,stock,True,,,2026-09-17,2026-09-04,18|21|22|23|28|29|30,07|08|09|10|11|14|15|16|17|18|21|22|23|28|29|30
054040,KOSDAQ,stock,True,,,2026-09-17,2026-09-04,18|21|22|23|28|29|30,07|08|09|10|11|14|15|16|17|18|21|22|23|28|29|30
054050,KOSDAQ,stock,True,,,2026-09-17,2026-09-04,18|21|22|23|28|29|30,07|08|09|10|11|14|15|16|17|18|21|22|23|28|29|30
054090,KOSDAQ,stock,True,,,2026-09-17,2026-09-04,18|21|22|23|28|29|30,07|08|09|10|11|14|15|16|17|18|21|22|23|28|29|30
054180,KOSDAQ,stock,True,,,2026-09-04,2026-09-04,07|08|09|10|11|14|15|16|17|18|21|22|23|28|29|30,07|08|09|10|11|14|15|16|17|18|21|22|23|28|29|30
054210,KOSDAQ,stock,True,,,2026-09-17,2026-09-04,18|21|22|23|28|29|30,07|08|09|10|11|14|15|16|17|18|21|22|23|28|29|30
054220,KOSDAQ,stock,True,,,2026-09-17,2026-09-04,18|21|22|23|28|29|30,07|08|09|10|11|14|15|16|17|18|21|22|23|28|29|30
054300,KOSDAQ,stock,True,,,2026-09-17,2026-09-04,18|21|22|23|28|29|30,07|08|09|10|11|14|15|16|17|18|21|22|23|28|29|30
054410,KOSDAQ,stock,True,,,2026-09-17,2026-09-04,18|21|22|23|28|29|30,07|08|09|10|11|14|15|16|17|18|21|22|23|28|29|30
054450,KOSDAQ,stock,True,,,2026-09-17,2026-09-04,18|21|22|23|28|29|30,07|08|09|10|11|14|15|16|17|18|21|22|23|28|29|30
054540,KOSDAQ,stock,True,,,2026-09-17,2026-09-04,18|21|22|23|28|29|30,07|08|09|10|11|14|15|16|17|18|21|22|23|28|29|30
054620,KOSDAQ,stock,True,,,2026-09-17,2026-09-04,18|21|22|23|28|29|30,07|08|09|10|11|14|15|16|17|18|21|22|23|28|29|30
054670,KOSDAQ,stock,True,,,2026-09-17,2026-09-04,18|21|22|23|28|29|30,07|08|09|10|11|14|15|16|17|18|21|22|23|28|29|30
054780,KOSDAQ,stock,True,,,2026-09-17,2026-09-04,18|21|22|23|28|29|30,07|08|09|10|11|14|15|16|17|18|21|22|23|28|29|30
054800,KOSDAQ,stock,True,,,2026-09-17,2026-09-04,18|21|22|23|28|29|30,07|08|09|10|11|14|15|16|17|18|21|22|23|28|29|30
054920,KOSDAQ,stock,True,,,2026-09-17,2026-09-04,18|21|22|23|28|29|30,07|08|09|10|11|14|15|16|17|18|21|22|23|28|29|30
054930,KOSDAQ,stock,True,,,2026-09-17,2026-09-04,18|21|22|23|28|29|30,07|08|09|10|11|14|15|16|17|18|21|22|23|28|29|30
054940,KOSDAQ,stock,True,,,2026-09-17,2026-09-04,18|21|22|23|28|29|30,07|08|09|10|11|14|15|16|17|18|21|22|23|28|29|30
054950,KOSDAQ,stock,True,,,2026-09-17,2026-09-04,18|21|22|23|28|29|30,07|08|09|10|11|14|15|16|17|18|21|22|23|28|29|30
055490,KOSPI,stock,True,,,2026-09-17,2026-09-04,18|21|22|23|28|29|30,07|08|09|10|11|14|15|16|17|18|21|22|23|28|29|30
055550,KOSPI,stock,True,,,2026-09-17,2026-09-04,18|21|22|23|28|29|30,07|08|09|10|11|14|15|16|17|18|21|22|23|28|29|30
056080,KOSDAQ,stock,True,,,2026-09-17,2026-09-04,18|21|22|23|28|29|30,07|08|09|10|11|14|15|16|17|18|21|22|23|28|29|30
056090,KOSDAQ,stock,True,,,2026-09-09,2026-09-04,10|11|14|15|16|17|18|21|22|23|28|29|30,07|08|09|10|11|14|15|16|17|18|21|22|23|28|29|30
056190,KOSDAQ,stock,True,,,2026-09-17,2026-09-04,18|21|22|23|28|29|30,07|08|09|10|11|14|15|16|17|18|21|22|23|28|29|30
056360,KOSDAQ,stock,True,,,2026-09-17,2026-09-04,18|21|22|23|28|29|30,07|08|09|10|11|14|15|16|17|18|21|22|23|28|29|30
056700,KOSDAQ,stock,True,,,2026-09-17,2026-09-04,18|21|22|23|28|29|30,07|08|09|10|11|14|15|16|17|18|21|22|23|28|29|30
056730,KOSDAQ,stock,True,,,2026-09-17,2026-09-04,18|21|22|23|28|29|30,07|08|09|10|11|14|15|16|17|18|21|22|23|28|29|30
057030,KOSDAQ,stock,True,,,2026-09-17,2026-09-04,18|21|22|23|28|29|30,07|08|09|10|11|14|15|16|17|18|21|22|23|28|29|30
057050,KOSPI,stock,False,,2026-08-20,2026-07-16,2026-08-19,01|02|03|04|07|08|09|10|11|14|15|16|17|18|21|22|23|28|29|30,01|02|03|04|07|08|09|10|11|14|15|16|17|18|21|22|23|28|29|30
057540,KOSDAQ,stock,True,,,2026-09-17,2026-09-04,18|21|22|23|28|29|30,07|08|09|10|11|14|15|16|17|18|21|22|23|28|29|30
057680,KOSDAQ,stock,True,,,2026-09-17,2026-09-04,18|21|22|23|28|29|30,07|08|09|10|11|14|15|16|17|18|21|22|23|28|29|30
058110,KOSDAQ,stock,True,,,2026-09-17,2026-09-04,18|21|22|23|28|29|30,07|08|09|10|11|14|15|16|17|18|21|22|23|28|29|30
058400,KOSDAQ,stock,True,,,2026-09-17,2026-09-04,18|21|22|23|28|29|30,07|08|09|10|11|14|15|16|17|18|21|22|23|28|29|30
058430,KOSPI,stock,True,,,2026-09-17,2026-09-04,18|21|22|23|28|29|30,07|08|09|10|11|14|15|16|17|18|21|22|23|28|29|30
058450,KOSDAQ,stock,True,,,2026-09-17,2026-06-15,18|21|22|23|28|29|30,01|02|03|04|07|08|09|10|11|14|15|16|17|18|21|22|23|28|29|30
058470,KOSDAQ,stock,True,,,2026-09-17,2026-09-04,18|21|22|23|28|29|30,07|08|09|10|11|14|15|16|17|18|21|22|23|28|29|30
058610,KOSDAQ,stock,True,,,2026-09-17,2026-09-04,18|21|22|23|28|29|30,07|08|09|10|11|14|15|16|17|18|21|22|23|28|29|30
058630,KOSDAQ,stock,True,,,2026-09-17,2026-09-04,18|21|22|23|28|29|30,07|08|09|10|11|14|15|16|17|18|21|22|23|28|29|30
058650,KOSPI,stock,True,,,2026-09-17,2026-09-04,18|21|22|23|28|29|30,07|08|09|10|11|14|15|16|17|18|21|22|23|28|29|30
058730,KOSPI,stock,True,,,2026-09-17,2026-09-04,18|21|22|23|28|29|30,07|08|09|10|11|14|15|16|17|18|21|22|23|28|29|30
058820,KOSDAQ,stock,True,,,2026-09-17,2026-09-04,18|21|22|23|28|29|30,07|08|09|10|11|14|15|16|17|18|21|22|23|28|29|30
058850,KOSPI,stock,True,,,2026-09-17,2026-09-04,18|21|22|23|28|29|30,07|08|09|10|11|14|15|16|17|18|21|22|23|28|29|30
058860,KOSPI,stock,True,,,2026-09-17,2026-09-04,18|21|22|23|28|29|30,07|08|09|10|11|14|15|16|17|18|21|22|23|28|29|30
058970,KOSDAQ,stock,True,,,2026-09-17,2026-09-04,18|21|22|23|28|29|30,07|08|09|10|11|14|15|16|17|18|21|22|23|28|29|30
059090,KOSDAQ,stock,True,,,2026-09-17,2026-09-04,18|21|22|23|28|29|30,07|08|09|10|11|14|15|16|17|18|21|22|23|28|29|30
059100,KOSDAQ,stock,True,,,2026-09-17,2026-09-04,18|21|22|23|28|29|30,07|08|09|10|11|14|15|16|17|18|21|22|23|28|29|30
059120,KOSDAQ,stock,True,,,2026-09-17,2026-09-04,18|21|22|23|28|29|30,07|08|09|10|11|14|15|16|17|18|21|22|23|28|29|30
059210,KOSDAQ,stock,True,,,2026-09-17,2026-09-04,18|21|22|23|28|29|30,07|08|09|10|11|14|15|16|17|18|21|22|23|28|29|30
059270,KOSDAQ,stock,True,,,2026-09-17,2026-09-04,18|21|22|23|28|29|30,07|08|09|10|11|14|15|16|17|18|21|22|23|28|29|30
060150,KOSDAQ,stock,True,,,2026-09-17,2026-09-04,18|21|22|23|28|29|30,07|08|09|10|11|14|15|16|17|18|21|22|23|28|29|30
060230,KOSDAQ,stock,True,,,2026-09-17,2026-09-04,18|21|22|23|28|29|30,07|08|09|10|11|14|15|16|17|18|21|22|23|28|29|30
060240,KOSDAQ,stock,False,,2026-08-20,2026-07-23,2026-07-13,01|02|03|04|07|08|09|10|11|14|15|16|17|18|21|22|23|28|29|30,01|02|03|04|07|08|09|10|11|14|15|16|17|18|21|22|23|28|29|30
060250,KOSDAQ,stock,True,,,2026-09-17,2026-09-04,18|21|22|23|28|29|30,07|08|09|10|11|14|15|16|17|18|21|22|23|28|29|30
060260,KOSDAQ,stock,True,,,2026-09-17,2026-09-04,18|21|22|23|28|29|30,07|08|09|10|11|14|15|16|17|18|21|22|23|28|29|30
060280,KOSDAQ,stock,True,,,2026-09-17,2026-09-04,18|21|22|23|28|29|30,07|08|09|10|11|14|15|16|17|18|21|22|23|28|29|30
060310,KOSDAQ,stock,True,,,2026-09-17,2026-09-04,18|21|22|23|28|29|30,07|08|09|10|11|14|15|16|17|18|21|22|23|28|29|30
060370,KOSDAQ,stock,True,,,2026-09-17,2026-09-04,18|21|22|23|28|29|30,07|08|09|10|11|14|15|16|17|18|21|22|23|28|29|30
060380,KOSDAQ,stock,True,,,2026-09-17,2026-09-04,18|21|22|23|28|29|30,07|08|09|10|11|14|15|16|17|18|21|22|23|28|29|30
060480,KOSDAQ,stock,True,,,2026-09-17,2026-09-04,18|21|22|23|28|29|30,07|08|09|10|11|14|15|16|17|18|21|22|23|28|29|30
060540,KOSDAQ,stock,True,,,2026-09-17,2026-09-04,18|21|22|23|28|29|30,07|08|09|10|11|14|15|16|17|18|21|22|23|28|29|30
060560,KOSDAQ,stock,True,,,2026-09-17,2026-09-04,18|21|22|23|28|29|30,07|08|09|10|11|14|15|16|17|18|21|22|23|28|29|30
060570,KOSDAQ,stock,True,,,2026-09-17,2026-09-04,18|21|22|23|28|29|30,07|08|09|10|11|14|15|16|17|18|21|22|23|28|29|30
060590,KOSDAQ,stock,True,,,2026-09-17,2026-09-04,18|21|22|23|28|29|30,07|08|09|10|11|14|15|16|17|18|21|22|23|28|29|30
060720,KOSDAQ,stock,True,,,2026-09-17,2026-09-04,18|21|22|23|28|29|30,07|08|09|10|11|14|15|16|17|18|21|22|23|28|29|30
060850,KOSDAQ,stock,True,,,2026-09-17,2026-09-04,18|21|22|23|28|29|30,07|08|09|10|11|14|15|16|17|18|21|22|23|28|29|30
060900,KOSDAQ,stock,True,,,2026-09-17,2026-06-15,18|21|22|23|28|29|30,01|02|03|04|07|08|09|10|11|14|15|16|17|18|21|22|23|28|29|30
060980,KOSPI,stock,True,,,2026-09-17,2026-09-04,18|21|22|23|28|29|30,07|08|09|10|11|14|15|16|17|18|21|22|23|28|29|30
061040,KOSDAQ,stock,True,,,2026-09-17,2026-09-04,18|21|22|23|28|29|30,07|08|09|10|11|14|15|16|17|18|21|22|23|28|29|30
061090,KOSDAQ,stock,True,,,2026-09-17,,18|21|22|23|28|29|30,01|02|03|04|07|08|09|10|11|14|15|16|17|18|21|22|23|28|29|30
061250,KOSDAQ,stock,True,,,2026-09-17,2026-09-04,18|21|22|23|28|29|30,07|08|09|10|11|14|15|16|17|18|21|22|23|28|29|30
061970,KOSDAQ,stock,True,,,2026-09-17,2026-09-04,18|21|22|23|28|29|30,07|08|09|10|11|14|15|16|17|18|21|22|23|28|29|30
062040,KOSPI,stock,True,,,2026-09-17,2026-09-04,18|21|22|23|28|29|30,07|08|09|10|11|14|15|16|17|18|21|22|23|28|29|30
062970,KOSDAQ,stock,True,,,2026-09-17,2026-09-04,18|21|22|23|28|29|30,07|08|09|10|11|14|15|16|17|18|21|22|23|28|29|30
063080,KOSDAQ,stock,True,,,2026-09-17,2026-09-04,18|21|22|23|28|29|30,07|08|09|10|11|14|15|16|17|18|21|22|23|28|29|30
063160,KOSPI,stock,True,,,2026-09-17,2026-09-04,18|21|22|23|28|29|30,07|08|09|10|11|14|15|16|17|18|21|22|23|28|29|30
063170,KOSDAQ,stock,True,,,2026-09-17,2026-09-04,18|21|22|23|28|29|30,07|08|09|10|11|14|15|16|17|18|21|22|23|28|29|30
063440,KOSDAQ,stock,True,,,2026-09-17,2026-09-04,18|21|22|23|28|29|30,07|08|09|10|11|14|15|16|17|18|21|22|23|28|29|30
063570,KOSDAQ,stock,True,,,2026-09-17,2026-09-04,18|21|22|23|28|29|30,07|08|09|10|11|14|15|16|17|18|21|22|23|28|29|30
063760,KOSDAQ,stock,True,,,2026-09-17,2026-09-04,18|21|22|23|28|29|30,07|08|09|10|11|14|15|16|17|18|21|22|23|28|29|30
064090,KOSDAQ,stock,True,,,2026-09-04,2026-09-04,07|08|09|10|11|14|15|16|17|18|21|22|23|28|29|30,07|08|09|10|11|14|15|16|17|18|21|22|23|28|29|30
064240,KOSDAQ,stock,True,,,2026-09-17,2026-09-04,18|21|22|23|28|29|30,07|08|09|10|11|14|15|16|17|18|21|22|23|28|29|30
064260,KOSDAQ,stock,True,,,2026-09-17,2026-09-04,18|21|22|23|28|29|30,07|08|09|10|11|14|15|16|17|18|21|22|23|28|29|30
064290,KOSDAQ,stock,True,,,2026-09-17,2026-09-04,18|21|22|23|28|29|30,07|08|09|10|11|14|15|16|17|18|21|22|23|28|29|30
064350,KOSPI,stock,True,,,2026-09-17,2026-09-04,18|21|22|23|28|29|30,07|08|09|10|11|14|15|16|17|18|21|22|23|28|29|30
064400,KOSPI,stock,True,,,2026-09-17,2026-09-04,18|21|22|23|28|29|30,07|08|09|10|11|14|15|16|17|18|21|22|23|28|29|30
064480,KOSDAQ,stock,True,,,2026-09-17,2026-09-04,18|21|22|23|28|29|30,07|08|09|10|11|14|15|16|17|18|21|22|23|28|29|30
064520,KOSDAQ,stock,True,,,2026-09-17,2026-09-04,18|21|22|23|28|29|30,07|08|09|10|11|14|15|16|17|18|21|22|23|28|29|30
064550,KOSDAQ,stock,True,,,2026-09-17,2026-09-04,18|21|22|23|28|29|30,07|08|09|10|11|14|15|16|17|18|21|22|23|28|29|30
064760,KOSDAQ,stock,True,,,2026-09-17,2026-09-04,18|21|22|23|28|29|30,07|08|09|10|11|14|15|16|17|18|21|22|23|28|29|30
064800,KOSDAQ,stock,True,,,2026-09-17,2026-09-04,18|21|22|23|28|29|30,07|08|09|10|11|14|15|16|17|18|21|22|23|28|29|30
064820,KOSDAQ,stock,True,,,2026-09-17,2026-09-04,18|21|22|23|28|29|30,07|08|09|10|11|14|15|16|17|18|21|22|23|28|29|30
064850,KOSDAQ,stock,True,,,2026-09-17,2026-09-04,18|21|22|23|28|29|30,07|08|09|10|11|14|15|16|17|18|21|22|23|28|29|30
064960,KOSPI,stock,True,,,2026-09-17,2026-09-04,18|21|22|23|28|29|30,07|08|09|10|11|14|15|16|17|18|21|22|23|28|29|30
065060,KOSDAQ,stock,True,,,2026-09-17,2026-09-04,18|21|22|23|28|29|30,07|08|09|10|11|14|15|16|17|18|21|22|23|28|29|30
065130,KOSDAQ,stock,True,,,2026-09-17,2026-09-04,18|21|22|23|28|29|30,07|08|09|10|11|14|15|16|17|18|21|22|23|28|29|30
065150,KOSDAQ,stock,True,,,2026-09-17,2026-07-21,18|21|22|23|28|29|30,01|02|03|04|07|08|09|10|11|14|15|16|17|18|21|22|23|28|29|30
065170,KOSDAQ,stock,True,,,2026-09-17,2026-09-04,18|21|22|23|28|29|30,07|08|09|10|11|14|15|16|17|18|21|22|23|28|29|30
065350,KOSDAQ,stock,True,,,2026-09-17,2026-09-04,18|21|22|23|28|29|30,07|08|09|10|11|14|15|16|17|18|21|22|23|28|29|30
065370,KOSDAQ,stock,True,,,2026-09-17,2026-09-04,18|21|22|23|28|29|30,07|08|09|10|11|14|15|16|17|18|21|22|23|28|29|30
065420,KOSDAQ,stock,True,,,2026-09-04,2026-09-04,07|08|09|10|11|14|15|16|17|18|21|22|23|28|29|30,07|08|09|10|11|14|15|16|17|18|21|22|23|28|29|30
065440,KOSDAQ,stock,True,,,2026-09-17,2026-09-04,18|21|22|23|28|29|30,07|08|09|10|11|14|15|16|17|18|21|22|23|28|29|30
065450,KOSDAQ,stock,True,,,2026-09-17,2026-09-04,18|21|22|23|28|29|30,07|08|09|10|11|14|15|16|17|18|21|22|23|28|29|30
065500,KOSDAQ,stock,True,,,2026-09-17,2026-09-04,18|21|22|23|28|29|30,07|08|09|10|11|14|15|16|17|18|21|22|23|28|29|30
065510,KOSDAQ,stock,True,,,2026-09-17,2026-09-04,18|21|22|23|28|29|30,07|08|09|10|11|14|15|16|17|18|21|22|23|28|29|30
065530,KOSDAQ,stock,True,,,2026-09-17,2026-09-04,18|21|22|23|28|29|30,07|08|09|10|11|14|15|16|17|18|21|22|23|28|29|30
065570,KOSDAQ,stock,True,,,2026-09-04,2026-09-04,07|08|09|10|11|14|15|16|17|18|21|22|23|28|29|30,07|08|09|10|11|14|15|16|17|18|21|22|23|28|29|30
065650,KOSDAQ,stock,True,,,2026-09-17,2026-09-04,18|21|22|23|28|29|30,07|08|09|10|11|14|15|16|17|18|21|22|23|28|29|30
065660,KOSDAQ,stock,True,,,2026-09-17,2026-09-04,18|21|22|23|28|29|30,07|08|09|10|11|14|15|16|17|18|21|22|23|28|29|30
065680,KOSDAQ,stock,True,,,2026-09-17,2026-09-04,18|21|22|23|28|29|30,07|08|09|10|11|14|15|16|17|18|21|22|23|28|29|30
065690,KOSDAQ,stock,True,,,2026-09-17,2026-09-04,18|21|22|23|28|29|30,07|08|09|10|11|14|15|16|17|18|21|22|23|28|29|30
065710,KOSDAQ,stock,True,,,2026-09-17,2026-09-04,18|21|22|23|28|29|30,07|08|09|10|11|14|15|16|17|18|21|22|23|28|29|30
065770,KOSDAQ,stock,True,,,2026-09-17,2026-09-04,18|21|22|23|28|29|30,07|08|09|10|11|14|15|16|17|18|21|22|23|28|29|30
065950,KOSDAQ,stock,True,,,2026-09-17,2026-09-04,18|21|22|23|28|29|30,07|08|09|10|11|14|15|16|17|18|21|22|23|28|29|30
066130,KOSDAQ,stock,True,,,2026-09-17,2026-09-04,18|21|22|23|28|29|30,07|08|09|10|11|14|15|16|17|18|21|22|23|28|29|30
066310,KOSDAQ,stock,True,,,2026-09-17,2026-09-04,18|21|22|23|28|29|30,07|08|09|10|11|14|15|16|17|18|21|22|23|28|29|30
066360,KOSDAQ,stock,True,,,2026-09-17,2026-09-04,18|21|22|23|28|29|30,07|08|09|10|11|14|15|16|17|18|21|22|23|28|29|30
066410,KOSDAQ,stock,True,,,2026-09-04,2026-09-04,07|08|09|10|11|14|15|16|17|18|21|22|23|28|29|30,07|08|09|10|11|14|15|16|17|18|21|22|23|28|29|30
066430,KOSDAQ,stock,True,,,2026-09-17,2026-09-04,18|21|22|23|28|29|30,07|08|09|10|11|14|15|16|17|18|21|22|23|28|29|30
066570,KOSPI,stock,True,,,2026-09-17,2026-09-04,18|21|22|23|28|29|30,07|08|09|10|11|14|15|16|17|18|21|22|23|28|29|30
066575,KOSPI,stock,True,,,2026-09-17,2026-09-04,18|21|22|23|28|29|30,07|08|09|10|11|14|15|16|17|18|21|22|23|28|29|30
066590,KOSDAQ,stock,True,,,2026-09-17,2026-09-04,18|21|22|23|28|29|30,07|08|09|10|11|14|15|16|17|18|21|22|23|28|29|30
066620,KOSDAQ,stock,True,,,2026-09-17,2026-09-04,18|21|22|23|28|29|30,07|08|09|10|11|14|15|16|17|18|21|22|23|28|29|30
066670,KOSDAQ,stock,True,,,2026-09-17,2026-09-04,18|21|22|23|28|29|30,07|08|09|10|11|14|15|16|17|18|21|22|23|28|29|30
066700,KOSDAQ,stock,True,,,2026-09-17,2026-09-04,18|21|22|23|28|29|30,07|08|09|10|11|14|15|16|17|18|21|22|23|28|29|30
066790,KOSDAQ,stock,True,,,2026-09-04,2026-08-04,07|08|09|10|11|14|15|16|17|18|21|22|23|28|29|30,01|02|03|04|07|08|09|10|11|14|15|16|17|18|21|22|23|28|29|30
066900,KOSDAQ,stock,True,,,2026-09-17,2026-09-04,18|21|22|23|28|29|30,07|08|09|10|11|14|15|16|17|18|21|22|23|28|29|30
066910,KOSDAQ,stock,True,,,2026-09-17,2026-09-04,18|21|22|23|28|29|30,07|08|09|10|11|14|15|16|17|18|21|22|23|28|29|30
066970,KOSPI,stock,True,,,2026-09-17,2026-09-04,18|21|22|23|28|29|30,07|08|09|10|11|14|15|16|17|18|21|22|23|28|29|30
066980,KOSDAQ,stock,True,,,2026-09-17,2026-09-04,18|21|22|23|28|29|30,07|08|09|10|11|14|15|16|17|18|21|22|23|28|29|30
067000,KOSDAQ,stock,True,,,2026-09-17,2026-09-04,18|21|22|23|28|29|30,07|08|09|10|11|14|15|16|17|18|21|22|23|28|29|30
067010,KOSDAQ,stock,True,,,2026-09-17,2026-09-04,18|21|22|23|28|29|30,07|08|09|10|11|14|15|16|17|18|21|22|23|28|29|30
067080,KOSDAQ,stock,True,,,2026-09-17,2026-09-04,18|21|22|23|28|29|30,07|08|09|10|11|14|15|16|17|18|21|22|23|28|29|30
067160,KOSDAQ,stock,True,,,2026-09-17,2026-09-04,18|21|22|23|28|29|30,07|08|09|10|11|14|15|16|17|18|21|22|23|28|29|30
067170,KOSDAQ,stock,True,,,2026-09-17,2026-09-04,18|21|22|23|28|29|30,07|08|09|10|11|14|15|16|17|18|21|22|23|28|29|30
067280,KOSDAQ,stock,True,,,2026-09-17,2026-09-04,18|21|22|23|28|29|30,07|08|09|10|11|14|15|16|17|18|21|22|23|28|29|30
067290,KOSDAQ,stock,True,,,2026-09-17,2026-09-04,18|21|22|23|28|29|30,07|08|09|10|11|14|15|16|17|18|21|22|23|28|29|30
067310,KOSDAQ,stock,True,,,2026-09-17,2026-09-04,18|21|22|23|28|29|30,07|08|09|10|11|14|15|16|17|18|21|22|23|28|29|30
067370,KOSDAQ,stock,True,,,2026-09-17,2026-09-04,18|21|22|23|28|29|30,07|08|09|10|11|14|15|16|17|18|21|22|23|28|29|30
067390,KOSDAQ,stock,True,,,2026-09-17,2026-09-04,18|21|22|23|28|29|30,07|08|09|10|11|14|15|16|17|18|21|22|23|28|29|30
067570,KOSDAQ,stock,True,,,2026-09-17,2026-09-04,18|21|22|23|28|29|30,07|08|09|10|11|14|15|16|17|18|21|22|23|28|29|30
067630,KOSDAQ,stock,True,,,2026-09-17,2026-09-04,18|21|22|23|28|29|30,07|08|09|10|11|14|15|16|17|18|21|22|23|28|29|30
067730,KOSDAQ,stock,True,,,2026-09-17,2026-09-04,18|21|22|23|28|29|30,07|08|09|10|11|14|15|16|17|18|21|22|23|28|29|30
067770,KOSDAQ,stock,True,,,2026-09-17,2026-09-04,18|21|22|23|28|29|30,07|08|09|10|11|14|15|16|17|18|21|22|23|28|29|30
067830,KOSPI,stock,True,,,2026-09-17,2026-09-04,18|21|22|23|28|29|30,07|08|09|10|11|14|15|16|17|18|21|22|23|28|29|30
067900,KOSDAQ,stock,True,,,2026-09-17,2026-09-04,18|21|22|23|28|29|30,07|08|09|10|11|14|15|16|17|18|21|22|23|28|29|30
067920,KOSDAQ,stock,True,,,2026-09-17,2026-09-04,18|21|22|23|28|29|30,07|08|09|10|11|14|15|16|17|18|21|22|23|28|29|30
067990,KOSDAQ,stock,True,,,2026-09-17,2026-09-04,18|21|22|23|28|29|30,07|08|09|10|11|14|15|16|17|18|21|22|23|28|29|30
068050,KOSDAQ,stock,True,,,2026-09-17,2026-09-04,18|21|22|23|28|29|30,07|08|09|10|11|14|15|16|17|18|21|22|23|28|29|30
068100,KOSDAQ,stock,True,,,2026-09-17,2026-09-04,18|21|22|23|28|29|30,07|08|09|10|11|14|15|16|17|18|21|22|23|28|29|30
068240,KOSDAQ,stock,True,,,2026-09-04,2026-09-04,07|08|09|10|11|14|15|16|17|18|21|22|23|28|29|30,07|08|09|10|11|14|15|16|17|18|21|22|23|28|29|30
068270,KOSPI,stock,True,,,2026-09-17,2026-09-04,18|21|22|23|28|29|30,07|08|09|10|11|14|15|16|17|18|21|22|23|28|29|30
068290,KOSPI,stock,True,,,2026-09-17,2026-09-04,18|21|22|23|28|29|30,07|08|09|10|11|14|15|16|17|18|21|22|23|28|29|30
068330,KOSDAQ,stock,True,,,2026-09-17,2026-09-04,18|21|22|23|28|29|30,07|08|09|10|11|14|15|16|17|18|21|22|23|28|29|30
068760,KOSDAQ,stock,True,,,2026-09-17,2026-09-04,18|21|22|23|28|29|30,07|08|09|10|11|14|15|16|17|18|21|22|23|28|29|30
068790,KOSDAQ,stock,True,,,2026-09-17,2026-09-04,18|21|22|23|28|29|30,07|08|09|10|11|14|15|16|17|18|21|22|23|28|29|30
068930,KOSDAQ,stock,True,,,2026-09-17,2026-09-04,18|21|22|23|28|29|30,07|08|09|10|11|14|15|16|17|18|21|22|23|28|29|30
068940,KOSDAQ,stock,True,,,2026-09-04,2026-09-04,07|08|09|10|11|14|15|16|17|18|21|22|23|28|29|30,07|08|09|10|11|14|15|16|17|18|21|22|23|28|29|30
069080,KOSDAQ,stock,True,,,2026-09-17,2026-09-04,18|21|22|23|28|29|30,07|08|09|10|11|14|15|16|17|18|21|22|23|28|29|30
069140,KOSDAQ,stock,True,,,2026-09-17,2026-09-04,18|21|22|23|28|29|30,07|08|09|10|11|14|15|16|17|18|21|22|23|28|29|30
069260,KOSPI,stock,True,,,2026-09-17,2026-09-04,18|21|22|23|28|29|30,07|08|09|10|11|14|15|16|17|18|21|22|23|28|29|30
069330,KOSDAQ,stock,True,,,2026-09-17,2026-09-04,18|21|22|23|28|29|30,07|08|09|10|11|14|15|16|17|18|21|22|23|28|29|30
069410,KOSDAQ,stock,True,,,2026-09-17,2026-09-04,18|21|22|23|28|29|30,07|08|09|10|11|14|15|16|17|18|21|22|23|28|29|30
069460,KOSPI,stock,True,,,2026-09-04,2026-09-04,07|08|09|10|11|14|15|16|17|18|21|22|23|28|29|30,07|08|09|10|11|14|15|16|17|18|21|22|23|28|29|30
069500,KOSPI,etf,True,,,2026-09-17,2026-06-15,18|21|22|23|28|29|30,01|02|03|04|07|08|09|10|11|14|15|16|17|18|21|22|23|28|29|30
069510,KOSDAQ,stock,True,,,2026-09-17,2026-09-04,18|21|22|23|28|29|30,07|08|09|10|11|14|15|16|17|18|21|22|23|28|29|30
069540,KOSDAQ,stock,True,,,2026-09-17,2026-09-04,18|21|22|23|28|29|30,07|08|09|10|11|14|15|16|17|18|21|22|23|28|29|30
069620,KOSPI,stock,True,,,2026-09-17,2026-09-04,18|21|22|23|28|29|30,07|08|09|10|11|14|15|16|17|18|21|22|23|28|29|30
069640,KOSPI,stock,True,,,2026-09-17,2026-09-04,18|21|22|23|28|29|30,07|08|09|10|11|14|15|16|17|18|21|22|23|28|29|30
069660,KOSPI,etf,True,,,2026-09-17,2026-06-15,18|21|22|23|28|29|30,01|02|03|04|07|08|09|10|11|14|15|16|17|18|21|22|23|28|29|30
069730,KOSPI,stock,True,,,2026-09-17,2026-09-04,18|21|22|23|28|29|30,07|08|09|10|11|14|15|16|17|18|21|22|23|28|29|30
069920,KOSDAQ,stock,True,,,2026-09-17,2026-09-04,18|21|22|23|28|29|30,07|08|09|10|11|14|15|16|17|18|21|22|23|28|29|30
069960,KOSPI,stock,True,,,2026-09-17,2026-09-04,18|21|22|23|28|29|30,07|08|09|10|11|14|15|16|17|18|21|22|23|28|29|30
070300,KOSDAQ,stock,True,,,2026-09-17,2026-09-04,18|21|22|23|28|29|30,07|08|09|10|11|14|15|16|17|18|21|22|23|28|29|30
070590,KOSDAQ,stock,True,,,2026-09-17,2026-09-04,18|21|22|23|28|29|30,07|08|09|10|11|14|15|16|17|18|21|22|23|28|29|30
070960,KOSPI,stock,True,,,2026-09-17,2026-09-04,18|21|22|23|28|29|30,07|08|09|10|11|14|15|16|17|18|21|22|23|28|29|30
071050,KOSPI,stock,True,,,2026-09-17,2026-09-04,18|21|22|23|28|29|30,07|08|09|10|11|14|15|16|17|18|21|22|23|28|29|30
071055,KOSPI,stock,True,,,2026-09-17,2026-09-04,18|21|22|23|28|29|30,07|08|09|10|11|14|15|16|17|18|21|22|23|28|29|30
071090,KOSPI,stock,True,,,2026-09-17,2026-09-04,18|21|22|23|28|29|30,07|08|09|10|11|14|15|16|17|18|21|22|23|28|29|30
071200,KOSDAQ,stock,True,,,2026-09-17,2026-09-04,18|21|22|23|28|29|30,07|08|09|10|11|14|15|16|17|18|21|22|23|28|29|30
071280,KOSDAQ,stock,True,,,2026-09-17,2026-09-04,18|21|22|23|28|29|30,07|08|09|10|11|14|15|16|17|18|21|22|23|28|29|30
071320,KOSPI,stock,True,,,2026-09-17,2026-09-04,18|21|22|23|28|29|30,07|08|09|10|11|14|15|16|17|18|21|22|23|28|29|30
071670,KOSDAQ,stock,True,,,2026-09-17,2026-09-04,18|21|22|23|28|29|30,07|08|09|10|11|14|15|16|17|18|21|22|23|28|29|30
071840,KOSPI,stock,True,,,2026-09-17,2026-09-04,18|21|22|23|28|29|30,07|08|09|10|11|14|15|16|17|18|21|22|23|28|29|30
071850,KOSDAQ,stock,True,,,2026-09-17,2026-09-04,18|21|22|23|28|29|30,07|08|09|10|11|14|15|16|17|18|21|22|23|28|29|30
071950,KOSPI,stock,True,,,2026-09-17,2026-09-04,18|21|22|23|28|29|30,07|08|09|10|11|14|15|16|17|18|21|22|23|28|29|30
071970,KOSPI,stock,True,,,2026-09-17,2026-09-04,18|21|22|23|28|29|30,07|08|09|10|11|14|15|16|17|18|21|22|23|28|29|30
072020,KOSDAQ,stock,True,,,2026-09-17,2026-09-04,18|21|22|23|28|29|30,07|08|09|10|11|14|15|16|17|18|21|22|23|28|29|30
072130,KOSPI,stock,True,,,2026-09-17,2026-09-04,18|21|22|23|28|29|30,07|08|09|10|11|14|15|16|17|18|21|22|23|28|29|30
072470,KOSDAQ,stock,True,,,2026-09-17,2026-09-04,18|21|22|23|28|29|30,07|08|09|10|11|14|15|16|17|18|21|22|23|28|29|30
072710,KOSPI,stock,True,,,2026-09-17,2026-09-04,18|21|22|23|28|29|30,07|08|09|10|11|14|15|16|17|18|21|22|23|28|29|30
072770,KOSDAQ,stock,True,,,2026-09-17,2026-09-04,18|21|22|23|28|29|30,07|08|09|10|11|14|15|16|17|18|21|22|23|28|29|30
072870,KOSDAQ,stock,True,,,2026-09-17,2026-09-04,18|21|22|23|28|29|30,07|08|09|10|11|14|15|16|17|18|21|22|23|28|29|30
072950,KOSDAQ,stock,True,,,2026-09-17,2026-09-04,18|21|22|23|28|29|30,07|08|09|10|11|14|15|16|17|18|21|22|23|28|29|30
072990,KOSDAQ,stock,True,,,2026-09-17,2026-09-04,18|21|22|23|28|29|30,07|08|09|10|11|14|15|16|17|18|21|22|23|28|29|30
073010,KOSDAQ,stock,True,,,2026-09-17,2026-09-04,18|21|22|23|28|29|30,07|08|09|10|11|14|15|16|17|18|21|22|23|28|29|30
073110,KOSDAQ,stock,True,,,2026-09-17,2026-09-04,18|21|22|23|28|29|30,07|08|09|10|11|14|15|16|17|18|21|22|23|28|29|30
073190,KOSDAQ,stock,True,,,2026-09-04,2026-09-04,07|08|09|10|11|14|15|16|17|18|21|22|23|28|29|30,07|08|09|10|11|14|15|16|17|18|21|22|23|28|29|30
073240,KOSPI,stock,True,,,2026-09-17,2026-09-04,18|21|22|23|28|29|30,07|08|09|10|11|14|15|16|17|18|21|22|23|28|29|30
073490,KOSDAQ,stock,True,,,2026-09-17,2026-09-04,18|21|22|23|28|29|30,07|08|09|10|11|14|15|16|17|18|21|22|23|28|29|30
073540,KOSDAQ,stock,True,,,2026-09-17,2026-09-04,18|21|22|23|28|29|30,07|08|09|10|11|14|15|16|17|18|21|22|23|28|29|30
073560,KOSDAQ,stock,True,,,2026-09-17,2026-09-04,18|21|22|23|28|29|30,07|08|09|10|11|14|15|16|17|18|21|22|23|28|29|30
073570,KOSDAQ,stock,True,,,2026-09-17,2026-09-04,18|21|22|23|28|29|30,07|08|09|10|11|14|15|16|17|18|21|22|23|28|29|30
073640,KOSDAQ,stock,True,,,2026-09-04,2026-09-04,07|08|09|10|11|14|15|16|17|18|21|22|23|28|29|30,07|08|09|10|11|14|15|16|17|18|21|22|23|28|29|30
074430,KOSDAQ,stock,True,,,2026-09-17,2026-09-04,18|21|22|23|28|29|30,07|08|09|10|11|14|15|16|17|18|21|22|23|28|29|30
074600,KOSDAQ,stock,True,,,2026-09-17,2026-09-04,18|21|22|23|28|29|30,07|08|09|10|11|14|15|16|17|18|21|22|23|28|29|30
074610,KOSPI,stock,True,,,2026-09-04,2026-09-04,07|08|09|10|11|14|15|16|17|18|21|22|23|28|29|30,07|08|09|10|11|14|15|16|17|18|21|22|23|28|29|30
075130,KOSDAQ,stock,True,,,2026-09-17,2026-09-04,18|21|22|23|28|29|30,07|08|09|10|11|14|15|16|17|18|21|22|23|28|29|30
075180,KOSPI,stock,True,,,2026-09-17,2026-09-04,18|21|22|23|28|29|30,07|08|09|10|11|14|15|16|17|18|21|22|23|28|29|30
075580,KOSPI,stock,True,,,2026-09-17,2026-09-04,18|21|22|23|28|29|30,07|08|09|10|11|14|15|16|17|18|21|22|23|28|29|30
075970,KOSDAQ,stock,True,,,2026-09-17,2026-09-04,18|21|22|23|28|29|30,07|08|09|10|11|14|15|16|17|18|21|22|23|28|29|30
076080,KOSDAQ,stock,True,,,2026-09-17,2026-09-04,18|21|22|23|28|29|30,07|08|09|10|11|14|15|16|17|18|21|22|23|28|29|30
076610,KOSDAQ,stock,True,,,2026-09-17,2026-06-15,18|21|22|23|28|29|30,01|02|03|04|07|08|09|10|11|14|15|16|17|18|21|22|23|28|29|30
077360,KOSDAQ,stock,True,,,2026-09-17,2026-09-04,18|21|22|23|28|29|30,07|08|09|10|11|14|15|16|17|18|21|22|23|28|29|30
077500,KOSPI,stock,True,,,2026-09-17,2026-09-04,18|21|22|23|28|29|30,07|08|09|10|11|14|15|16|17|18|21|22|23|28|29|30
077970,KOSPI,stock,True,,,2026-09-17,2026-09-04,18|21|22|23|28|29|30,07|08|09|10|11|14|15|16|17|18|21|22|23|28|29|30
078000,KOSPI,stock,True,,,2026-09-17,2026-09-04,18|21|22|23|28|29|30,07|08|09|10|11|14|15|16|17|18|21|22|23|28|29|30
078020,KOSDAQ,stock,True,,,2026-09-17,2026-09-04,18|21|22|23|28|29|30,07|08|09|10|11|14|15|16|17|18|21|22|23|28|29|30
078070,KOSDAQ,stock,True,,,2026-09-17,2026-09-04,18|21|22|23|28|29|30,07|08|09|10|11|14|15|16|17|18|21|22|23|28|29|30
078130,KOSDAQ,stock,True,,,2026-09-17,2026-06-15,18|21|22|23|28|29|30,01|02|03|04|07|08|09|10|11|14|15|16|17|18|21|22|23|28|29|30
078140,KOSDAQ,stock,True,,,2026-09-17,2026-09-04,18|21|22|23|28|29|30,07|08|09|10|11|14|15|16|17|18|21|22|23|28|29|30
078150,KOSDAQ,stock,True,,,2026-09-17,2026-09-04,18|21|22|23|28|29|30,07|08|09|10|11|14|15|16|17|18|21|22|23|28|29|30
078160,KOSDAQ,stock,True,,,2026-09-17,2026-09-04,18|21|22|23|28|29|30,07|08|09|10|11|14|15|16|17|18|21|22|23|28|29|30
078340,KOSDAQ,stock,True,,,2026-09-17,2026-09-04,18|21|22|23|28|29|30,07|08|09|10|11|14|15|16|17|18|21|22|23|28|29|30
078350,KOSDAQ,stock,True,,,2026-09-17,2026-09-04,18|21|22|23|28|29|30,07|08|09|10|11|14|15|16|17|18|21|22|23|28|29|30
078520,KOSPI,stock,True,,,2026-09-17,2026-09-04,18|21|22|23|28|29|30,07|08|09|10|11|14|15|16|17|18|21|22|23|28|29|30
078590,KOSDAQ,stock,True,,,2026-09-17,2026-06-15,18|21|22|23|28|29|30,01|02|03|04|07|08|09|10|11|14|15|16|17|18|21|22|23|28|29|30
078600,KOSDAQ,stock,True,,,2026-09-17,2026-09-04,18|21|22|23|28|29|30,07|08|09|10|11|14|15|16|17|18|21|22|23|28|29|30
078860,KOSDAQ,stock,True,,,2026-09-17,2026-06-15,18|21|22|23|28|29|30,01|02|03|04|07|08|09|10|11|14|15|16|17|18|21|22|23|28|29|30
078890,KOSDAQ,stock,True,,,2026-09-17,2026-09-04,18|21|22|23|28|29|30,07|08|09|10|11|14|15|16|17|18|21|22|23|28|29|30
078930,KOSPI,stock,True,,,2026-09-17,2026-09-04,18|21|22|23|28|29|30,07|08|09|10|11|14|15|16|17|18|21|22|23|28|29|30
078935,KOSPI,stock,True,,,2026-09-17,2026-09-04,18|21|22|23|28|29|30,07|08|09|10|11|14|15|16|17|18|21|22|23|28|29|30
079000,KOSDAQ,stock,True,,,2026-09-17,2026-09-04,18|21|22|23|28|29|30,07|08|09|10|11|14|15|16|17|18|21|22|23|28|29|30
079160,KOSPI,stock,True,,,2026-09-17,2026-09-04,18|21|22|23|28|29|30,07|08|09|10|11|14|15|16|17|18|21|22|23|28|29|30
079170,KOSDAQ,stock,True,,,2026-09-17,2026-09-04,18|21|22|23|28|29|30,07|08|09|10|11|14|15|16|17|18|21|22|23|28|29|30
079190,KOSDAQ,stock,True,,,2026-09-17,2026-09-04,18|21|22|23|28|29|30,07|08|09|10|11|14|15|16|17|18|21|22|23|28|29|30
079370,KOSDAQ,stock,True,,,2026-09-17,2026-09-04,18|21|22|23|28|29|30,07|08|09|10|11|14|15|16|17|18|21|22|23|28|29|30
079430,KOSPI,stock,True,,,2026-09-17,2026-09-04,18|21|22|23|28|29|30,07|08|09|10|11|14|15|16|17|18|21|22|23|28|29|30
079550,KOSPI,stock,True,,,2026-09-17,2026-09-04,18|21|22|23|28|29|30,07|08|09|10|11|14|15|16|17|18|21|22|23|28|29|30
079650,KOSDAQ,stock,True,,,2026-09-17,2026-09-04,18|21|22|23|28|29|30,07|08|09|10|11|14|15|16|17|18|21|22|23|28|29|30
079810,KOSDAQ,stock,True,,,2026-09-17,2026-09-04,18|21|22|23|28|29|30,07|08|09|10|11|14|15|16|17|18|21|22|23|28|29|30
079900,KOSPI,stock,True,,,2026-09-17,2026-09-04,18|21|22|23|28|29|30,07|08|09|10|11|14|15|16|17|18|21|22|23|28|29|30
079940,KOSDAQ,stock,True,,,2026-09-17,2026-09-04,18|21|22|23|28|29|30,07|08|09|10|11|14|15|16|17|18|21|22|23|28|29|30
079950,KOSDAQ,stock,True,,,2026-09-17,2026-09-04,18|21|22|23|28|29|30,07|08|09|10|11|14|15|16|17|18|21|22|23|28|29|30
079960,KOSDAQ,stock,True,,,2026-09-17,2026-09-04,18|21|22|23|28|29|30,07|08|09|10|11|14|15|16|17|18|21|22|23|28|29|30
079970,KOSDAQ,stock,True,,,2026-09-04,2026-06-15,07|08|09|10|11|14|15|16|17|18|21|22|23|28|29|30,01|02|03|04|07|08|09|10|11|14|15|16|17|18|21|22|23|28|29|30
079980,KOSPI,stock,True,,,2026-09-17,2026-09-04,18|21|22|23|28|29|30,07|08|09|10|11|14|15|16|17|18|21|22|23|28|29|30
080010,KOSDAQ,stock,True,,,2026-09-17,2026-09-04,18|21|22|23|28|29|30,07|08|09|10|11|14|15|16|17|18|21|22|23|28|29|30
080160,KOSDAQ,stock,True,,,2026-09-17,2026-09-04,18|21|22|23|28|29|30,07|08|09|10|11|14|15|16|17|18|21|22|23|28|29|30
080220,KOSDAQ,stock,True,,,2026-09-17,2026-09-04,18|21|22|23|28|29|30,07|08|09|10|11|14|15|16|17|18|21|22|23|28|29|30
080420,KOSDAQ,stock,True,,,2026-09-17,2026-09-04,18|21|22|23|28|29|30,07|08|09|10|11|14|15|16|17|18|21|22|23|28|29|30
080470,KOSDAQ,stock,True,,,2026-09-17,2026-09-04,18|21|22|23|28|29|30,07|08|09|10|11|14|15|16|17|18|21|22|23|28|29|30
080520,KOSDAQ,stock,True,,,2026-09-17,2026-09-04,18|21|22|23|28|29|30,07|08|09|10|11|14|15|16|17|18|21|22|23|28|29|30
080530,KOSDAQ,stock,True,,,2026-09-17,2026-09-04,18|21|22|23|28|29|30,07|08|09|10|11|14|15|16|17|18|21|22|23|28|29|30
080580,KOSDAQ,stock,True,,,2026-09-17,2026-09-04,18|21|22|23|28|29|30,07|08|09|10|11|14|15|16|17|18|21|22|23|28|29|30
080720,KOSDAQ,stock,True,,,2026-09-04,2026-09-04,07|08|09|10|11|14|15|16|17|18|21|22|23|28|29|30,07|08|09|10|11|14|15|16|17|18|21|22|23|28|29|30
081000,KOSPI,stock,True,,,2026-09-17,2026-09-04,18|21|22|23|28|29|30,07|08|09|10|11|14|15|16|17|18|21|22|23|28|29|30
081150,KOSDAQ,stock,True,,,2026-09-17,2026-09-04,18|21|22|23|28|29|30,07|08|09|10|11|14|15|16|17|18|21|22|23|28|29|30
081180,KOSDAQ,stock,True,,,2026-09-17,2026-09-04,18|21|22|23|28|29|30,07|08|09|10|11|14|15|16|17|18|21|22|23|28|29|30
081580,KOSDAQ,stock,True,,,2026-09-17,2026-09-04,18|21|22|23|28|29|30,07|08|09|10|11|14|15|16|17|18|21|22|23|28|29|30
081660,KOSPI,stock,True,,,2026-09-17,2026-09-04,18|21|22|23|28|29|30,07|08|09|10|11|14|15|16|17|18|21|22|23|28|29|30
082210,KOSDAQ,stock,True,,,2026-09-17,2026-09-04,18|21|22|23|28|29|30,07|08|09|10|11|14|15|16|17|18|21|22|23|28|29|30
082270,KOSDAQ,stock,True,,,2026-09-17,2026-09-04,18|21|22|23|28|29|30,07|08|09|10|11|14|15|16|17|18|21|22|23|28|29|30
082640,KOSPI,stock,True,,,2026-08-10,2026-09-04,01|02|03|04|07|08|09|10|11|14|15|16|17|18|21|22|23|28|29|30,07|08|09|10|11|14|15|16|17|18|21|22|23|28|29|30
082660,KOSDAQ,stock,True,,,2026-09-04,2026-09-04,07|08|09|10|11|14|15|16|17|18|21|22|23|28|29|30,07|08|09|10|11|14|15|16|17|18|21|22|23|28|29|30
082740,KOSPI,stock,True,,,2026-09-17,2026-09-04,18|21|22|23|28|29|30,07|08|09|10|11|14|15|16|17|18|21|22|23|28|29|30
082800,KOSDAQ,stock,True,,,2026-09-17,2026-06-15,18|21|22|23|28|29|30,01|02|03|04|07|08|09|10|11|14|15|16|17|18|21|22|23|28|29|30
082850,KOSDAQ,stock,True,,,2026-09-17,2026-09-04,18|21|22|23|28|29|30,07|08|09|10|11|14|15|16|17|18|21|22|23|28|29|30
082920,KOSDAQ,stock,True,,,2026-09-17,2026-09-04,18|21|22|23|28|29|30,07|08|09|10|11|14|15|16|17|18|21|22|23|28|29|30
083310,KOSDAQ,stock,True,,,2026-09-17,2026-09-04,18|21|22|23|28|29|30,07|08|09|10|11|14|15|16|17|18|21|22|23|28|29|30
083420,KOSPI,stock,True,,,2026-09-17,2026-09-04,18|21|22|23|28|29|30,07|08|09|10|11|14|15|16|17|18|21|22|23|28|29|30
083450,KOSDAQ,stock,True,,,2026-09-17,2026-09-04,18|21|22|23|28|29|30,07|08|09|10|11|14|15|16|17|18|21|22|23|28|29|30
083470,KOSDAQ,stock,True,,,2026-09-17,2026-09-04,18|21|22|23|28|29|30,07|08|09|10|11|14|15|16|17|18|21|22|23|28|29|30
083500,KOSDAQ,stock,True,,,2026-09-17,2026-09-04,18|21|22|23|28|29|30,07|08|09|10|11|14|15|16|17|18|21|22|23|28|29|30
083550,KOSDAQ,stock,True,,,2026-09-17,2026-09-04,18|21|22|23|28|29|30,07|08|09|10|11|14|15|16|17|18|21|22|23|28|29|30
083640,KOSDAQ,stock,True,,,2026-09-17,2026-09-04,18|21|22|23|28|29|30,07|08|09|10|11|14|15|16|17|18|21|22|23|28|29|30
083650,KOSDAQ,stock,True,,,2026-09-17,2026-09-04,18|21|22|23|28|29|30,07|08|09|10|11|14|15|16|17|18|21|22|23|28|29|30
083660,KOSDAQ,stock,True,,,2026-09-17,2026-09-04,18|21|22|23|28|29|30,07|08|09|10|11|14|15|16|17|18|21|22|23|28|29|30
083790,KOSDAQ,stock,True,,,2026-09-17,2026-09-04,18|21|22|23|28|29|30,07|08|09|10|11|14|15|16|17|18|21|22|23|28|29|30
083930,KOSDAQ,stock,True,,,2026-09-17,2026-09-04,18|21|22|23|28|29|30,07|08|09|10|11|14|15|16|17|18|21|22|23|28|29|30
084010,KOSPI,stock,True,,,2026-09-17,2026-09-04,18|21|22|23|28|29|30,07|08|09|10|11|14|15|16|17|18|21|22|23|28|29|30
084110,KOSDAQ,stock,True,,,2026-09-17,2026-09-04,18|21|22|23|28|29|30,07|08|09|10|11|14|15|16|17|18|21|22|23|28|29|30
084180,KOSDAQ,stock,True,,,2026-09-16,2026-09-04,17|18|21|22|23|28|29|30,07|08|09|10|11|14|15|16|17|18|21|22|23|28|29|30
084370,KOSDAQ,stock,True,,,2026-09-17,2026-09-04,18|21|22|23|28|29|30,07|08|09|10|11|14|15|16|17|18|21|22|23|28|29|30
084440,KOSDAQ,stock,True,,,2026-09-04,2026-09-04,07|08|09|10|11|14|15|16|17|18|21|22|23|28|29|30,07|08|09|10|11|14|15|16|17|18|21|22|23|28|29|30
084650,KOSDAQ,stock,True,,,2026-09-04,2026-09-04,07|08|09|10|11|14|15|16|17|18|21|22|23|28|29|30,07|08|09|10|11|14|15|16|17|18|21|22|23|28|29|30
084670,KOSPI,stock,True,,,2026-09-17,2026-09-04,18|21|22|23|28|29|30,07|08|09|10|11|14|15|16|17|18|21|22|23|28|29|30
084680,KOSPI,stock,True,,,2026-09-09,2026-09-04,10|11|14|15|16|17|18|21|22|23|28|29|30,07|08|09|10|11|14|15|16|17|18|21|22|23|28|29|30
084690,KOSPI,stock,True,,,2026-09-17,2026-09-04,18|21|22|23|28|29|30,07|08|09|10|11|14|15|16|17|18|21|22|23|28|29|30
084695,KOSPI,stock,True,,,2026-09-17,2026-09-04,18|21|22|23|28|29|30,07|08|09|10|11|14|15|16|17|18|21|22|23|28|29|30
084730,KOSDAQ,stock,True,,,2026-09-17,2026-09-04,18|21|22|23|28|29|30,07|08|09|10|11|14|15|16|17|18|21|22|23|28|29|30
084850,KOSDAQ,stock,True,,,2026-09-17,2026-09-04,18|21|22|23|28|29|30,07|08|09|10|11|14|15|16|17|18|21|22|23|28|29|30
084870,KOSPI,stock,True,,,2026-09-17,2026-09-04,18|21|22|23|28|29|30,07|08|09|10|11|14|15|16|17|18|21|22|23|28|29|30
084990,KOSDAQ,stock,True,,,2026-09-17,2026-09-04,18|21|22|23|28|29|30,07|08|09|10|11|14|15|16|17|18|21|22|23|28|29|30
085310,KOSPI,stock,True,,,2026-09-17,2026-09-04,18|21|22|23|28|29|30,07|08|09|10|11|14|15|16|17|18|21|22|23|28|29|30
085620,KOSPI,stock,True,,,2026-09-17,2026-09-04,18|21|22|23|28|29|30,07|08|09|10|11|14|15|16|17|18|21|22|23|28|29|30
085660,KOSDAQ,stock,True,,,2026-09-17,2026-09-04,18|21|22|23|28|29|30,07|08|09|10|11|14|15|16|17|18|21|22|23|28|29|30
085670,KOSDAQ,stock,True,,,2026-09-17,2026-09-04,18|21|22|23|28|29|30,07|08|09|10|11|14|15|16|17|18|21|22|23|28|29|30
085810,KOSDAQ,stock,True,,,2026-09-17,2026-09-04,18|21|22|23|28|29|30,07|08|09|10|11|14|15|16|17|18|21|22|23|28|29|30
085910,KOSDAQ,stock,True,,,2026-09-17,2026-09-04,18|21|22|23|28|29|30,07|08|09|10|11|14|15|16|17|18|21|22|23|28|29|30
086040,KOSDAQ,stock,True,,,2026-09-17,2026-09-04,18|21|22|23|28|29|30,07|08|09|10|11|14|15|16|17|18|21|22|23|28|29|30
086060,KOSDAQ,stock,True,,,2026-09-17,2026-09-04,18|21|22|23|28|29|30,07|08|09|10|11|14|15|16|17|18|21|22|23|28|29|30
086280,KOSPI,stock,True,,,2026-09-17,2026-09-04,18|21|22|23|28|29|30,07|08|09|10|11|14|15|16|17|18|21|22|23|28|29|30
086390,KOSDAQ,stock,True,,,2026-09-17,2026-09-04,18|21|22|23|28|29|30,07|08|09|10|11|14|15|16|17|18|21|22|23|28|29|30
086450,KOSDAQ,stock,True,,,2026-09-17,2026-09-04,18|21|22|23|28|29|30,07|08|09|10|11|14|15|16|17|18|21|22|23|28|29|30
086520,KOSDAQ,stock,True,,,2026-09-17,2026-09-04,18|21|22|23|28|29|30,07|08|09|10|11|14|15|16|17|18|21|22|23|28|29|30
086670,KOSDAQ,stock,True,,,2026-09-17,2026-09-04,18|21|22|23|28|29|30,07|08|09|10|11|14|15|16|17|18|21|22|23|28|29|30
086710,KOSDAQ,stock,True,,,2026-09-17,2026-09-04,18|21|22|23|28|29|30,07|08|09|10|11|14|15|16|17|18|21|22|23|28|29|30
086790,KOSPI,stock,True,,,2026-09-17,2026-09-04,18|21|22|23|28|29|30,07|08|09|10|11|14|15|16|17|18|21|22|23|28|29|30
086820,KOSDAQ,stock,True,,,2026-09-17,2026-09-04,18|21|22|23|28|29|30,07|08|09|10|11|14|15|16|17|18|21|22|23|28|29|30
086890,KOSDAQ,stock,True,,,2026-09-17,2026-09-04,18|21|22|23|28|29|30,07|08|09|10|11|14|15|16|17|18|21|22|23|28|29|30
086900,KOSDAQ,stock,True,,,2026-09-17,2026-09-04,18|21|22|23|28|29|30,07|08|09|10|11|14|15|16|17|18|21|22|23|28|29|30
086960,KOSDAQ,stock,True,,,2026-09-17,2026-09-04,18|21|22|23|28|29|30,07|08|09|10|11|14|15|16|17|18|21|22|23|28|29|30
086980,KOSDAQ,stock,True,,,2026-09-17,2026-09-04,18|21|22|23|28|29|30,07|08|09|10|11|14|15|16|17|18|21|22|23|28|29|30
087010,KOSDAQ,stock,True,,,2026-09-17,2026-09-04,18|21|22|23|28|29|30,07|08|09|10|11|14|15|16|17|18|21|22|23|28|29|30
087260,KOSDAQ,stock,True,,,2026-09-04,2026-09-04,07|08|09|10|11|14|15|16|17|18|21|22|23|28|29|30,07|08|09|10|11|14|15|16|17|18|21|22|23|28|29|30
087600,KOSDAQ,stock,True,,,2026-09-17,2026-09-04,18|21|22|23|28|29|30,07|08|09|10|11|14|15|16|17|18|21|22|23|28|29|30
088130,KOSDAQ,stock,True,,,2026-09-17,2026-09-04,18|21|22|23|28|29|30,07|08|09|10|11|14|15|16|17|18|21|22|23|28|29|30
088260,KOSPI,stock,True,,,2026-09-17,2026-09-04,18|21|22|23|28|29|30,07|08|09|10|11|14|15|16|17|18|21|22|23|28|29|30
088280,KOSDAQ,stock,True,,,2026-09-17,2026-09-04,18|21|22|23|28|29|30,07|08|09|10|11|14|15|16|17|18|21|22|23|28|29|30
088290,KOSDAQ,stock,True,,,2026-09-17,2026-09-04,18|21|22|23|28|29|30,07|08|09|10|11|14|15|16|17|18|21|22|23|28|29|30
088340,KOSDAQ,stock,True,,,2026-09-17,2026-09-04,18|21|22|23|28|29|30,07|08|09|10|11|14|15|16|17|18|21|22|23|28|29|30
088350,KOSPI,stock,True,,,2026-09-17,2026-09-04,18|21|22|23|28|29|30,07|08|09|10|11|14|15|16|17|18|21|22|23|28|29|30
088390,KOSDAQ,stock,True,,,2026-09-17,2026-09-04,18|21|22|23|28|29|30,07|08|09|10|11|14|15|16|17|18|21|22|23|28|29|30
088790,KOSPI,stock,True,,,2026-09-17,2026-09-04,18|21|22|23|28|29|30,07|08|09|10|11|14|15|16|17|18|21|22|23|28|29|30
088800,KOSDAQ,stock,True,,,2026-09-17,2026-09-04,18|21|22|23|28|29|30,07|08|09|10|11|14|15|16|17|18|21|22|23|28|29|30
088910,KOSDAQ,stock,True,,,2026-09-17,2026-09-04,18|21|22|23|28|29|30,07|08|09|10|11|14|15|16|17|18|21|22|23|28|29|30
088980,KOSPI,stock,True,,,2026-09-17,2026-09-04,18|21|22|23|28|29|30,07|08|09|10|11|14|15|16|17|18|21|22|23|28|29|30
089010,KOSDAQ,stock,True,,,2026-09-17,2026-09-04,18|21|22|23|28|29|30,07|08|09|10|11|14|15|16|17|18|21|22|23|28|29|30
089030,KOSDAQ,stock,True,,,2026-09-17,2026-09-04,18|21|22|23|28|29|30,07|08|09|10|11|14|15|16|17|18|21|22|23|28|29|30
089140,KOSDAQ,stock,True,,,2026-09-17,2026-06-15,18|21|22|23|28|29|30,01|02|03|04|07|08|09|10|11|14|15|16|17|18|21|22|23|28|29|30
089150,KOSDAQ,stock,True,,,2026-09-17,2026-09-04,18|21|22|23|28|29|30,07|08|09|10|11|14|15|16|17|18|21|22|23|28|29|30
089230,KOSDAQ,stock,True,,,2026-09-17,2026-06-15,18|21|22|23|28|29|30,01|02|03|04|07|08|09|10|11|14|15|16|17|18|21|22|23|28|29|30
089470,KOSPI,stock,True,,,2026-09-17,2026-09-04,18|21|22|23|28|29|30,07|08|09|10|11|14|15|16|17|18|21|22|23|28|29|30
089590,KOSPI,stock,True,,,2026-09-17,2026-09-04,18|21|22|23|28|29|30,07|08|09|10|11|14|15|16|17|18|21|22|23|28|29|30
089600,KOSDAQ,stock,True,,,2026-09-17,2026-09-04,18|21|22|23|28|29|30,07|08|09|10|11|14|15|16|17|18|21|22|23|28|29|30
089790,KOSDAQ,stock,True,,,2026-09-17,2026-09-04,18|21|22|23|28|29|30,07|08|09|10|11|14|15|16|17|18|21|22|23|28|29|30
089850,KOSDAQ,stock,True,,,2026-09-17,2026-09-04,18|21|22|23|28|29|30,07|08|09|10|11|14|15|16|17|18|21|22|23|28|29|30
089860,KOSPI,stock,True,,,2026-09-17,2026-09-04,18|21|22|23|28|29|30,07|08|09|10|11|14|15|16|17|18|21|22|23|28|29|30
089890,KOSDAQ,stock,True,,,2026-09-17,2026-09-04,18|21|22|23|28|29|30,07|08|09|10|11|14|15|16|17|18|21|22|23|28|29|30
089970,KOSDAQ,stock,True,,,2026-09-17,2026-09-04,18|21|22|23|28|29|30,07|08|09|10|11|14|15|16|17|18|21|22|23|28|29|30
089980,KOSDAQ,stock,True,,,2026-09-17,2026-09-04,18|21|22|23|28|29|30,07|08|09|10|11|14|15|16|17|18|21|22|23|28|29|30
090080,KOSPI,stock,True,,,2026-09-17,2026-09-04,18|21|22|23|28|29|30,07|08|09|10|11|14|15|16|17|18|21|22|23|28|29|30
090150,KOSDAQ,stock,True,,,2026-09-17,2026-09-04,18|21|22|23|28|29|30,07|08|09|10|11|14|15|16|17|18|21|22|23|28|29|30
090350,KOSPI,stock,True,,,2026-09-17,2026-09-04,18|21|22|23|28|29|30,07|08|09|10|11|14|15|16|17|18|21|22|23|28|29|30
090355,KOSPI,stock,True,,,2026-09-17,2026-09-04,18|21|22|23|28|29|30,07|08|09|10|11|14|15|16|17|18|21|22|23|28|29|30
090360,KOSDAQ,stock,True,,,2026-09-17,2026-09-04,18|21|22|23|28|29|30,07|08|09|10|11|14|15|16|17|18|21|22|23|28|29|30
090370,KOSPI,stock,True,,,2026-09-17,2026-09-04,18|21|22|23|28|29|30,07|08|09|10|11|14|15|16|17|18|21|22|23|28|29|30
090410,KOSDAQ,stock,True,,,2026-09-17,2026-09-04,18|21|22|23|28|29|30,07|08|09|10|11|14|15|16|17|18|21|22|23|28|29|30
090430,KOSPI,stock,True,,,2026-09-17,2026-09-04,18|21|22|23|28|29|30,07|08|09|10|11|14|15|16|17|18|21|22|23|28|29|30
090435,KOSPI,stock,True,,,2026-09-17,2026-09-04,18|21|22|23|28|29|30,07|08|09|10|11|14|15|16|17|18|21|22|23|28|29|30
090460,KOSPI,stock,True,,,2026-09-17,2026-09-04,18|21|22|23|28|29|30,07|08|09|10|11|14|15|16|17|18|21|22|23|28|29|30
090470,KOSDAQ,stock,True,,,2026-09-17,2026-09-04,18|21|22|23|28|29|30,07|08|09|10|11|14|15|16|17|18|21|22|23|28|29|30
090710,KOSDAQ,stock,True,,,2026-09-17,2026-09-04,18|21|22|23|28|29|30,07|08|09|10|11|14|15|16|17|18|21|22|23|28|29|30
090850,KOSDAQ,stock,True,,,2026-09-17,2026-09-04,18|21|22|23|28|29|30,07|08|09|10|11|14|15|16|17|18|21|22|23|28|29|30
091120,KOSDAQ,stock,True,,,2026-09-17,2026-09-04,18|21|22|23|28|29|30,07|08|09|10|11|14|15|16|17|18|21|22|23|28|29|30
091160,KOSPI,etf,True,,,2026-09-17,2026-06-15,18|21|22|23|28|29|30,01|02|03|04|07|08|09|10|11|14|15|16|17|18|21|22|23|28|29|30
091170,KOSPI,etf,True,,,2026-09-17,2026-06-15,18|21|22|23|28|29|30,01|02|03|04|07|08|09|10|11|14|15|16|17|18|21|22|23|28|29|30
091180,KOSPI,etf,True,,,2026-09-17,2026-06-15,18|21|22|23|28|29|30,01|02|03|04|07|08|09|10|11|14|15|16|17|18|21|22|23|28|29|30
091220,KOSPI,etf,True,,,2026-09-17,2026-06-15,18|21|22|23|28|29|30,01|02|03|04|07|08|09|10|11|14|15|16|17|18|21|22|23|28|29|30
091230,KOSPI,etf,True,,,2026-09-17,2026-06-15,18|21|22|23|28|29|30,01|02|03|04|07|08|09|10|11|14|15|16|17|18|21|22|23|28|29|30
091340,KOSDAQ,stock,True,,,2026-09-17,2026-09-04,18|21|22|23|28|29|30,07|08|09|10|11|14|15|16|17|18|21|22|23|28|29|30
091440,KOSDAQ,stock,True,,,2026-09-17,2026-09-04,18|21|22|23|28|29|30,07|08|09|10|11|14|15|16|17|18|21|22|23|28|29|30
091580,KOSDAQ,stock,True,,,2026-09-17,2026-09-04,18|21|22|23|28|29|30,07|08|09|10|11|14|15|16|17|18|21|22|23|28|29|30
091590,KOSDAQ,stock,True,,,2026-09-17,2026-09-04,18|21|22|23|28|29|30,07|08|09|10|11|14|15|16|17|18|21|22|23|28|29|30
091700,KOSDAQ,stock,True,,,2026-09-17,2026-09-04,18|21|22|23|28|29|30,07|08|09|10|11|14|15|16|17|18|21|22|23|28|29|30
091810,KOSPI,stock,True,,,2026-09-17,2026-09-04,18|21|22|23|28|29|30,07|08|09|10|11|14|15|16|17|18|21|22|23|28|29|30
091970,KOSDAQ,stock,True,,,2026-09-17,2026-09-04,18|21|22|23|28|29|30,07|08|09|10|11|14|15|16|17|18|21|22|23|28|29|30
092040,KOSDAQ,stock,True,,,2026-09-17,2026-09-04,18|21|22|23|28|29|30,07|08|09|10|11|14|15|16|17|18|21|22|23|28|29|30
092070,KOSDAQ,stock,True,,,2026-09-17,2026-09-04,18|21|22|23|28|29|30,07|08|09|10|11|14|15|16|17|18|21|22|23|28|29|30
092130,KOSDAQ,stock,True,,,2026-09-17,2026-09-04,18|21|22|23|28|29|30,07|08|09|10|11|14|15|16|17|18|21|22|23|28|29|30
092190,KOSDAQ,stock,True,,,2026-09-17,2026-09-04,18|21|22|23|28|29|30,07|08|09|10|11|14|15|16|17|18|21|22|23|28|29|30
092200,KOSPI,stock,True,,,2026-09-17,2026-09-04,18|21|22|23|28|29|30,07|08|09|10|11|14|15|16|17|18|21|22|23|28|29|30
092220,KOSPI,stock,True,,,2026-09-17,2026-09-04,18|21|22|23|28|29|30,07|08|09|10|11|14|15|16|17|18|21|22|23|28|29|30
092230,KOSPI,stock,True,,,2026-09-17,2026-09-04,18|21|22|23|28|29|30,07|08|09|10|11|14|15|16|17|18|21|22|23|28|29|30
092300,KOSDAQ,stock,True,,,2026-09-17,2026-09-04,18|21|22|23|28|29|30,07|08|09|10|11|14|15|16|17|18|21|22|23|28|29|30
092440,KOSPI,stock,True,,,2026-09-17,2026-09-04,18|21|22|23|28|29|30,07|08|09|10|11|14|15|16|17|18|21|22|23|28|29|30
092460,KOSDAQ,stock,True,,,2026-09-17,2026-09-04,18|21|22|23|28|29|30,07|08|09|10|11|14|15|16|17|18|21|22|23|28|29|30
092600,KOSDAQ,stock,True,,,2026-09-17,2026-09-04,18|21|22|23|28|29|30,07|08|09|10|11|14|15|16|17|18|21|22|23|28|29|30
092730,KOSDAQ,stock,True,,,2026-09-17,2026-09-04,18|21|22|23|28|29|30,07|08|09|10|11|14|15|16|17|18|21|22|23|28|29|30
092780,KOSPI,stock,True,,,2026-09-17,2026-09-04,18|21|22|23|28|29|30,07|08|09|10|11|14|15|16|17|18|21|22|23|28|29|30
092790,KOSPI,stock,True,,,2026-09-17,2026-09-04,18|21|22|23|28|29|30,07|08|09|10|11|14|15|16|17|18|21|22|23|28|29|30
092870,KOSDAQ,stock,True,,,2026-09-17,2026-09-04,18|21|22|23|28|29|30,07|08|09|10|11|14|15|16|17|18|21|22|23|28|29|30
093050,KOSPI,stock,True,,,2026-09-17,2026-09-04,18|21|22|23|28|29|30,07|08|09|10|11|14|15|16|17|18|21|22|23|28|29|30
093190,KOSDAQ,stock,True,,,2026-09-17,2026-09-04,18|21|22|23|28|29|30,07|08|09|10|11|14|15|16|17|18|21|22|23|28|29|30
093240,KOSPI,stock,True,,,2026-09-17,2026-09-04,18|21|22|23|28|29|30,07|08|09|10|11|14|15|16|17|18|21|22|23|28|29|30
093320,KOSDAQ,stock,True,,,2026-09-17,2026-09-04,18|21|22|23|28|29|30,07|08|09|10|11|14|15|16|17|18|21|22|23|28|29|30
093370,KOSPI,stock,True,,,2026-09-17,2026-09-04,18|21|22|23|28|29|30,07|08|09|10|11|14|15|16|17|18|21|22|23|28|29|30
093380,KOSDAQ,stock,True,,,2026-09-17,2026-09-04,18|21|22|23|28|29|30,07|08|09|10|11|14|15|16|17|18|21|22|23|28|29|30
093520,KOSDAQ,stock,True,,,2026-09-17,2026-09-04,18|21|22|23|28|29|30,07|08|09|10|11|14|15|16|17|18|21|22|23|28|29|30
093640,KOSDAQ,stock,True,,,2026-09-17,2026-09-04,18|21|22|23|28|29|30,07|08|09|10|11|14|15|16|17|18|21|22|23|28|29|30
093920,KOSDAQ,stock,True,,,2026-09-17,2026-09-04,18|21|22|23|28|29|30,07|08|09|10|11|14|15|16|17|18|21|22|23|28|29|30
094170,KOSDAQ,stock,True,,,2026-09-17,2026-09-04,18|21|22|23|28|29|30,07|08|09|10|11|14|15|16|17|18|21|22|23|28|29|30
094280,KOSPI,stock,True,,,2026-09-17,2026-09-04,18|21|22|23|28|29|30,07|08|09|10|11|14|15|16|17|18|21|22|23|28|29|30
094360,KOSDAQ,stock,True,,,2026-09-17,2026-09-04,18|21|22|23|28|29|30,07|08|09|10|11|14|15|16|17|18|21|22|23|28|29|30
094480,KOSDAQ,stock,True,,,2026-09-17,2026-09-04,18|21|22|23|28|29|30,07|08|09|10|11|14|15|16|17|18|21|22|23|28|29|30
094800,KOSPI,stock,True,,,2026-09-17,2026-09-04,18|21|22|23|28|29|30,07|08|09|10|11|14|15|16|17|18|21|22|23|28|29|30
094820,KOSDAQ,stock,True,,,2026-09-17,2026-09-04,18|21|22|23|28|29|30,07|08|09|10|11|14|15|16|17|18|21|22|23|28|29|30
094840,KOSDAQ,stock,True,,,2026-09-17,2026-09-04,18|21|22|23|28|29|30,07|08|09|10|11|14|15|16|17|18|21|22|23|28|29|30
094850,KOSDAQ,stock,True,,,2026-09-17,2026-09-04,18|21|22|23|28|29|30,07|08|09|10|11|14|15|16|17|18|21|22|23|28|29|30
094860,KOSDAQ,stock,True,,,2026-09-17,2026-06-15,18|21|22|23|28|29|30,01|02|03|04|07|08|09|10|11|14|15|16|17|18|21|22|23|28|29|30
094940,KOSDAQ,stock,True,,,2026-09-17,2026-09-04,18|21|22|23|28|29|30,07|08|09|10|11|14|15|16|17|18|21|22|23|28|29|30
094970,KOSDAQ,stock,True,,,2026-09-17,2026-09-04,18|21|22|23|28|29|30,07|08|09|10|11|14|15|16|17|18|21|22|23|28|29|30
095190,KOSDAQ,stock,True,,,2026-09-17,2026-09-04,18|21|22|23|28|29|30,07|08|09|10|11|14|15|16|17|18|21|22|23|28|29|30
095270,KOSDAQ,stock,True,,,2026-09-17,2026-09-04,18|21|22|23|28|29|30,07|08|09|10|11|14|15|16|17|18|21|22|23|28|29|30
095340,KOSDAQ,stock,True,,,2026-09-17,2026-09-04,18|21|22|23|28|29|30,07|08|09|10|11|14|15|16|17|18|21|22|23|28|29|30
095500,KOSDAQ,stock,True,,,2026-09-17,2026-09-04,18|21|22|23|28|29|30,07|08|09|10|11|14|15|16|17|18|21|22|23|28|29|30
095570,KOSPI,stock,True,,,2026-09-17,2026-09-04,18|21|22|23|28|29|30,07|08|09|10|11|14|15|16|17|18|21|22|23|28|29|30
095610,KOSDAQ,stock,True,,,2026-09-17,2026-09-04,18|21|22|23|28|29|30,07|08|09|10|11|14|15|16|17|18|21|22|23|28|29|30
095660,KOSDAQ,stock,True,,,2026-09-17,2026-09-04,18|21|22|23|28|29|30,07|08|09|10|11|14|15|16|17|18|21|22|23|28|29|30
095700,KOSDAQ,stock,True,,,2026-09-17,2026-09-04,18|21|22|23|28|29|30,07|08|09|10|11|14|15|16|17|18|21|22|23|28|29|30
095720,KOSPI,stock,True,,,2026-09-17,2026-09-04,18|21|22|23|28|29|30,07|08|09|10|11|14|15|16|17|18|21|22|23|28|29|30
095910,KOSDAQ,stock,True,,,2026-09-17,2026-09-04,18|21|22|23|28|29|30,07|08|09|10|11|14|15|16|17|18|21|22|23|28|29|30
096240,KOSDAQ,stock,True,,,2026-09-17,2026-09-04,18|21|22|23|28|29|30,07|08|09|10|11|14|15|16|17|18|21|22|23|28|29|30
096250,KOSDAQ,stock,True,,,2026-09-17,2026-09-04,18|21|22|23|28|29|30,07|08|09|10|11|14|15|16|17|18|21|22|23|28|29|30
096350,KOSDAQ,stock,True,,,2026-09-17,2026-09-04,18|21|22|23|28|29|30,07|08|09|10|11|14|15|16|17|18|21|22|23|28|29|30
096530,KOSDAQ,stock,True,,,2026-09-17,2026-09-04,18|21|22|23|28|29|30,07|08|09|10|11|14|15|16|17|18|21|22|23|28|29|30
096610,KOSDAQ,stock,True,,,2026-08-10,2026-09-04,01|02|03|04|07|08|09|10|11|14|15|16|17|18|21|22|23|28|29|30,07|08|09|10|11|14|15|16|17|18|21|22|23|28|29|30
096630,KOSDAQ,stock,True,,,2026-09-17,2026-09-04,18|21|22|23|28|29|30,07|08|09|10|11|14|15|16|17|18|21|22|23|28|29|30
096690,KOSDAQ,stock,True,,,2026-09-17,2026-06-15,18|21|22|23|28|29|30,01|02|03|04|07|08|09|10|11|14|15|16|17|18|21|22|23|28|29|30
096760,KOSPI,stock,True,,,2026-09-17,2026-09-04,18|21|22|23|28|29|30,07|08|09|10|11|14|15|16|17|18|21|22|23|28|29|30
096770,KOSPI,stock,True,,,2026-09-17,2026-09-04,18|21|22|23|28|29|30,07|08|09|10|11|14|15|16|17|18|21|22|23|28|29|30
096775,KOSPI,stock,True,,,2026-09-17,2026-09-04,18|21|22|23|28|29|30,07|08|09|10|11|14|15|16|17|18|21|22|23|28|29|30
096870,KOSDAQ,stock,True,,,2026-09-17,2026-09-04,18|21|22|23|28|29|30,07|08|09|10|11|14|15|16|17|18|21|22|23|28|29|30
097230,KOSPI,stock,True,,,2026-09-17,2026-09-04,18|21|22|23|28|29|30,07|08|09|10|11|14|15|16|17|18|21|22|23|28|29|30
097520,KOSPI,stock,True,,,2026-09-17,2026-09-04,18|21|22|23|28|29|30,07|08|09|10|11|14|15|16|17|18|21|22|23|28|29|30
097780,KOSDAQ,stock,True,,,2026-09-17,2026-09-04,18|21|22|23|28|29|30,07|08|09|10|11|14|15|16|17|18|21|22|23|28|29|30
097800,KOSDAQ,stock,True,,,2026-09-17,2026-09-04,18|21|22|23|28|29|30,07|08|09|10|11|14|15|16|17|18|21|22|23|28|29|30
097870,KOSDAQ,stock,True,,,2026-09-17,2026-09-04,18|21|22|23|28|29|30,07|08|09|10|11|14|15|16|17|18|21|22|23|28|29|30
097950,KOSPI,stock,True,,,2026-09-17,2026-09-04,18|21|22|23|28|29|30,07|08|09|10|11|14|15|16|17|18|21|22|23|28|29|30
097955,KOSPI,stock,True,,,2026-09-17,2026-09-04,18|21|22|23|28|29|30,07|08|09|10|11|14|15|16|17|18|21|22|23|28|29|30
098070,KOSDAQ,stock,True,,,2026-09-17,2026-09-04,18|21|22|23|28|29|30,07|08|09|10|11|14|15|16|17|18|21|22|23|28|29|30
098120,KOSDAQ,stock,True,,,2026-09-17,2026-09-04,18|21|22|23|28|29|30,07|08|09|10|11|14|15|16|17|18|21|22|23|28|29|30
098460,KOSDAQ,stock,True,,,2026-09-17,2026-09-04,18|21|22|23|28|29|30,07|08|09|10|11|14|15|16|17|18|21|22|23|28|29|30
098660,KOSDAQ,stock,True,,,2026-09-17,2026-09-04,18|21|22|23|28|29|30,07|08|09|10|11|14|15|16|17|18|21|22|23|28|29|30
099140,KOSPI,etf,True,,,2026-09-17,2026-06-15,18|21|22|23|28|29|30,01|02|03|04|07|08|09|10|11|14|15|16|17|18|21|22|23|28|29|30
099190,KOSDAQ,stock,True,,,2026-09-17,2026-09-04,18|21|22|23|28|29|30,07|08|09|10|11|14|15|16|17|18|21|22|23|28|29|30
099220,KOSDAQ,stock,True,,,2026-09-04,2026-09-04,07|08|09|10|11|14|15|16|17|18|21|22|23|28|29|30,07|08|09|10|11|14|15|16|17|18|21|22|23|28|29|30
099320,KOSDAQ,stock,True,,,2026-09-17,2026-09-04,18|21|22|23|28|29|30,07|08|09|10|11|14|15|16|17|18|21|22|23|28|29|30
099390,KOSDAQ,stock,True,,,2026-09-17,2026-09-04,18|21|22|23|28|29|30,07|08|09|10|11|14|15|16|17|18|21|22|23|28|29|30
099410,KOSDAQ,stock,True,,,2026-09-17,2026-09-04,18|21|22|23|28|29|30,07|08|09|10|11|14|15|16|17|18|21|22|23|28|29|30
099430,KOSDAQ,stock,True,,,2026-09-17,2026-09-04,18|21|22|23|28|29|30,07|08|09|10|11|14|15|16|17|18|21|22|23|28|29|30
099440,KOSDAQ,stock,True,,,2026-09-17,2026-09-04,18|21|22|23|28|29|30,07|08|09|10|11|14|15|16|17|18|21|22|23|28|29|30
099520,KOSDAQ,stock,True,,,2026-09-04,2026-09-04,07|08|09|10|11|14|15|16|17|18|21|22|23|28|29|30,07|08|09|10|11|14|15|16|17|18|21|22|23|28|29|30
099750,KOSDAQ,stock,True,,,2026-09-17,2026-09-04,18|21|22|23|28|29|30,07|08|09|10|11|14|15|16|17|18|21|22|23|28|29|30
100030,KOSDAQ,stock,True,,,2026-09-17,2026-09-04,18|21|22|23|28|29|30,07|08|09|10|11|14|15|16|17|18|21|22|23|28|29|30
100090,KOSPI,stock,True,,,2026-09-17,2026-09-04,18|21|22|23|28|29|30,07|08|09|10|11|14|15|16|17|18|21|22|23|28|29|30
100120,KOSDAQ,stock,True,,,2026-09-17,2026-09-04,18|21|22|23|28|29|30,07|08|09|10|11|14|15|16|17|18|21|22|23|28|29|30
100130,KOSDAQ,stock,True,,,2026-09-17,2026-09-04,18|21|22|23|28|29|30,07|08|09|10|11|14|15|16|17|18|21|22|23|28|29|30
100220,KOSPI,stock,True,,,2026-09-17,2026-09-04,18|21|22|23|28|29|30,07|08|09|10|11|14|15|16|17|18|21|22|23|28|29|30
100250,KOSPI,stock,True,,,2026-09-17,2026-09-04,18|21|22|23|28|29|30,07|08|09|10|11|14|15|16|17|18|21|22|23|28|29|30
100590,KOSDAQ,stock,True,,,2026-09-17,2026-09-04,18|21|22|23|28|29|30,07|08|09|10|11|14|15|16|17|18|21|22|23|28|29|30
100660,KOSDAQ,stock,True,,,2026-09-17,2026-09-04,18|21|22|23|28|29|30,07|08|09|10|11|14|15|16|17|18|21|22|23|28|29|30
100700,KOSDAQ,stock,True,,,2026-09-17,2026-09-04,18|21|22|23|28|29|30,07|08|09|10|11|14|15|16|17|18|21|22|23|28|29|30
100790,KOSDAQ,stock,True,,,2026-09-17,2026-09-04,18|21|22|23|28|29|30,07|08|09|10|11|14|15|16|17|18|21|22|23|28|29|30
100840,KOSPI,stock,True,,,2026-09-17,2026-09-04,18|21|22|23|28|29|30,07|08|09|10|11|14|15|16|17|18|21|22|23|28|29|30
100910,KOSPI,etf,True,,,2026-09-17,2026-06-15,18|21|22|23|28|29|30,01|02|03|04|07|08|09|10|11|14|15|16|17|18|21|22|23|28|29|30
101000,KOSDAQ,stock,True,,,2026-09-14,2026-06-15,15|16|17|18|21|22|23|28|29|30,01|02|03|04|07|08|09|10|11|14|15|16|17|18|21|22|23|28|29|30
101140,KOSPI,stock,True,,,2026-09-17,2026-06-15,18|21|22|23|28|29|30,01|02|03|04|07|08|09|10|11|14|15|16|17|18|21|22|23|28|29|30
101160,KOSDAQ,stock,True,,,2026-09-17,2026-09-04,18|21|22|23|28|29|30,07|08|09|10|11|14|15|16|17|18|21|22|23|28|29|30
101170,KOSDAQ,stock,True,,,2026-09-17,2026-09-04,18|21|22|23|28|29|30,07|08|09|10|11|14|15|16|17|18|21|22|23|28|29|30
101240,KOSDAQ,stock,True,,,2026-09-17,2026-09-04,18|21|22|23|28|29|30,07|08|09|10|11|14|15|16|17|18|21|22|23|28|29|30
101280,KOSPI,etf,True,,,2026-09-17,2026-06-15,18|21|22|23|28|29|30,01|02|03|04|07|08|09|10|11|14|15|16|17|18|21|22|23|28|29|30
101330,KOSDAQ,stock,True,,,2026-09-17,2026-09-04,18|21|22|23|28|29|30,07|08|09|10|11|14|15|16|17|18|21|22|23|28|29|30
101360,KOSDAQ,stock,True,,,2026-09-17,2026-09-04,18|21|22|23|28|29|30,07|08|09|10|11|14|15|16|17|18|21|22|23|28|29|30
101390,KOSDAQ,stock,False,,2026-08-20,2026-06-30,2026-06-21,01|02|03|04|07|08|09|10|11|14|15|16|17|18|21|22|23|28|29|30,01|02|03|04|07|08|09|10|11|14|15|16|17|18|21|22|23|28|29|30
101400,KOSDAQ,stock,True,,,2026-09-17,2026-09-04,18|21|22|23|28|29|30,07|08|09|10|11|14|15|16|17|18|21|22|23|28|29|30
101490,KOSDAQ,stock,True,,,2026-09-17,2026-09-04,18|21|22|23|28|29|30,07|08|09|10|11|14|15|16|17|18|21|22|23|28|29|30
101530,KOSPI,stock,True,,,2026-09-16,2026-09-04,17|18|21|22|23|28|29|30,07|08|09|10|11|14|15|16|17|18|21|22|23|28|29|30
101670,KOSDAQ,stock,True,,,2026-09-17,2026-09-04,18|21|22|23|28|29|30,07|08|09|10|11|14|15|16|17|18|21|22|23|28|29|30
101680,KOSDAQ,stock,True,,,2026-09-17,2026-09-04,18|21|22|23|28|29|30,07|08|09|10|11|14|15|16|17|18|21|22|23|28|29|30
101730,KOSDAQ,stock,True,,,2026-09-17,2026-09-04,18|21|22|23|28|29|30,07|08|09|10|11|14|15|16|17|18|21|22|23|28|29|30
101930,KOSDAQ,stock,True,,,2026-09-17,2026-09-04,18|21|22|23|28|29|30,07|08|09|10|11|14|15|16|17|18|21|22|23|28|29|30
101970,KOSDAQ,stock,True,,,2026-09-17,2026-09-04,18|21|22|23|28|29|30,07|08|09|10|11|14|15|16|17|18|21|22|23|28|29|30
102110,KOSPI,etf,True,,,2026-09-17,2026-06-15,18|21|22|23|28|29|30,01|02|03|04|07|08|09|10|11|14|15|16|17|18|21|22|23|28|29|30
102120,KOSDAQ,stock,True,,,2026-09-17,2026-09-04,18|21|22|23|28|29|30,07|08|09|10|11|14|15|16|17|18|21|22|23|28|29|30
102260,KOSPI,stock,True,,,2026-09-17,2026-09-04,18|21|22|23|28|29|30,07|08|09|10|11|14|15|16|17|18|21|22|23|28|29|30
102370,KOSDAQ,stock,True,,,2026-09-17,2026-09-04,18|21|22|23|28|29|30,07|08|09|10|11|14|15|16|17|18|21|22|23|28|29|30
102460,KOSPI,stock,True,,,2026-09-17,2026-09-04,18|21|22|23|28|29|30,07|08|09|10|11|14|15|16|17|18|21|22|23|28|29|30
102710,KOSDAQ,stock,True,,,2026-09-17,2026-09-04,18|21|22|23|28|29|30,07|08|09|10|11|14|15|16|17|18|21|22|23|28|29|30
102780,KOSPI,etf,True,,,2026-09-17,2026-06-15,18|21|22|23|28|29|30,01|02|03|04|07|08|09|10|11|14|15|16|17|18|21|22|23|28|29|30
102940,KOSDAQ,stock,True,,,2026-09-17,2026-09-04,18|21|22|23|28|29|30,07|08|09|10|11|14|15|16|17|18|21|22|23|28|29|30
102960,KOSPI,etf,True,,,2026-09-17,2026-06-15,18|21|22|23|28|29|30,01|02|03|04|07|08|09|10|11|14|15|16|17|18|21|22|23|28|29|30
102970,KOSPI,etf,True,,,2026-09-17,2026-06-15,18|21|22|23|28|29|30,01|02|03|04|07|08|09|10|11|14|15|16|17|18|21|22|23|28|29|30
103140,KOSPI,stock,True,,,2026-09-17,2026-09-04,18|21|22|23|28|29|30,07|08|09|10|11|14|15|16|17|18|21|22|23|28|29|30
103230,KOSDAQ,stock,True,,,2026-09-17,2026-09-04,18|21|22|23|28|29|30,07|08|09|10|11|14|15|16|17|18|21|22|23|28|29|30
103590,KOSPI,stock,True,,,2026-09-17,2026-09-04,18|21|22|23|28|29|30,07|08|09|10|11|14|15|16|17|18|21|22|23|28|29|30
103840,KOSDAQ,stock,True,,,2026-09-17,2026-09-04,18|21|22|23|28|29|30,07|08|09|10|11|14|15|16|17|18|21|22|23|28|29|30
104040,KOSDAQ,stock,True,,,2026-09-17,2026-09-04,18|21|22|23|28|29|30,07|08|09|10|11|14|15|16|17|18|21|22|23|28|29|30
104200,KOSDAQ,stock,True,,,2026-09-17,2026-09-04,18|21|22|23|28|29|30,07|08|09|10|11|14|15|16|17|18|21|22|23|28|29|30
104460,KOSDAQ,stock,True,,,2026-09-17,2026-09-04,18|21|22|23|28|29|30,07|08|09|10|11|14|15|16|17|18|21|22|23|28|29|30
104480,KOSDAQ,stock,True,,,2026-09-17,2026-09-04,18|21|22|23|28|29|30,07|08|09|10|11|14|15|16|17|18|21|22|23|28|29|30
104520,KOSPI,etf,True,,,2026-09-17,2026-06-15,18|21|22|23|28|29|30,01|02|03|04|07|08|09|10|11|14|15|16|17|18|21|22|23|28|29|30
104530,KOSPI,etf,True,,,2026-09-17,2026-06-15,18|21|22|23|28|29|30,01|02|03|04|07|08|09|10|11|14|15|16|17|18|21|22|23|28|29|30
104540,KOSDAQ,stock,True,,,2026-09-17,2026-09-04,18|21|22|23|28|29|30,07|08|09|10|11|14|15|16|17|18|21|22|23|28|29|30
104620,KOSDAQ,stock,True,,,2026-09-17,2026-09-04,18|21|22|23|28|29|30,07|08|09|10|11|14|15|16|17|18|21|22|23|28|29|30
104700,KOSPI,stock,True,,,2026-09-17,2026-09-04,18|21|22|23|28|29|30,07|08|09|10|11|14|15|16|17|18|21|22|23|28|29|30
104830,KOSDAQ,stock,True,,,2026-09-17,2026-09-04,18|21|22|23|28|29|30,07|08|09|10|11|14|15|16|17|18|21|22|23|28|29|30
105010,KOSPI,etf,True,,,2026-09-17,,18|21|22|23|28|29|30,01|02|03|04|07|08|09|10|11|14|15|16|17|18|21|22|23|28|29|30
105190,KOSPI,etf,True,,,2026-09-17,2026-06-15,18|21|22|23|28|29|30,01|02|03|04|07|08|09|10|11|14|15|16|17|18|21|22|23|28|29|30
105330,KOSDAQ,stock,True,,,2026-09-17,2026-09-04,18|21|22|23|28|29|30,07|08|09|10|11|14|15|16|17|18|21|22|23|28|29|30
105550,KOSDAQ,stock,True,,,2026-09-17,2026-09-04,18|21|22|23|28|29|30,07|08|09|10|11|14|15|16|17|18|21|22|23|28|29|30
105560,KOSPI,stock,True,,,2026-09-17,2026-09-04,18|21|22|23|28|29|30,07|08|09|10|11|14|15|16|17|18|21|22|23|28|29|30
105630,KOSPI,stock,True,,,2026-09-17,2026-09-04,18|21|22|23|28|29|30,07|08|09|10|11|14|15|16|17|18|21|22|23|28|29|30
105740,KOSDAQ,stock,True,,,2026-09-17,2026-09-04,18|21|22|23|28|29|30,07|08|09|10|11|14|15|16|17|18|21|22|23|28|29|30
105760,KOSDAQ,stock,True,,,2026-09-17,2026-09-04,18|21|22|23|28|29|30,07|08|09|10|11|14|15|16|17|18|21|22|23|28|29|30
105780,KOSPI,etf,True,,,2026-09-17,2026-06-15,18|21|22|23|28|29|30,01|02|03|04|07|08|09|10|11|14|15|16|17|18|21|22|23|28|29|30
105840,KOSPI,stock,True,,,2026-09-17,2026-09-04,18|21|22|23|28|29|30,07|08|09|10|11|14|15|16|17|18|21|22|23|28|29|30
106080,KOSDAQ,stock,True,,,2026-09-04,2026-09-04,07|08|09|10|11|14|15|16|17|18|21|22|23|28|29|30,07|08|09|10|11|14|15|16|17|18|21|22|23|28|29|30
106190,KOSDAQ,stock,True,,,2026-09-17,2026-09-04,18|21|22|23|28|29|30,07|08|09|10|11|14|15|16|17|18|21|22|23|28|29|30
106240,KOSDAQ,stock,True,,,2026-09-17,2026-09-04,18|21|22|23|28|29|30,07|08|09|10|11|14|15|16|17|18|21|22|23|28|29|30
106520,KOSDAQ,stock,False,,2026-08-20,2026-06-30,2026-06-21,01|02|03|04|07|08|09|10|11|14|15|16|17|18|21|22|23|28|29|30,01|02|03|04|07|08|09|10|11|14|15|16|17|18|21|22|23|28|29|30
107590,KOSPI,stock,True,,,2026-09-17,2026-09-04,18|21|22|23|28|29|30,07|08|09|10|11|14|15|16|17|18|21|22|23|28|29|30
107600,KOSDAQ,stock,True,,,2026-09-17,2026-09-04,18|21|22|23|28|29|30,07|08|09|10|11|14|15|16|17|18|21|22|23|28|29|30
107640,KOSDAQ,stock,True,,,2026-09-17,2026-09-04,18|21|22|23|28|29|30,07|08|09|10|11|14|15|16|17|18|21|22|23|28|29|30
108230,KOSDAQ,stock,True,,,2026-09-17,2026-09-04,18|21|22|23|28|29|30,07|08|09|10|11|14|15|16|17|18|21|22|23|28|29|30
108320,KOSPI,stock,True,,,2026-09-17,2026-09-04,18|21|22|23|28|29|30,07|08|09|10|11|14|15|16|17|18|21|22|23|28|29|30
108380,KOSDAQ,stock,True,,,2026-09-17,2026-09-04,18|21|22|23|28|29|30,07|08|09|10|11|14|15|16|17|18|21|22|23|28|29|30
108450,KOSPI,etf,True,,,2026-09-17,2026-06-15,18|21|22|23|28|29|30,01|02|03|04|07|08|09|10|11|14|15|16|17|18|21|22|23|28|29|30
108490,KOSDAQ,stock,True,,,2026-09-17,2026-09-04,18|21|22|23|28|29|30,07|08|09|10|11|14|15|16|17|18|21|22|23|28|29|30
108590,KOSPI,etf,True,,,2026-09-17,2026-06-15,18|21|22|23|28|29|30,01|02|03|04|07|08|09|10|11|14|15|16|17|18|21|22|23|28|29|30
108670,KOSPI,stock,True,,,2026-09-17,2026-09-04,18|21|22|23|28|29|30,07|08|09|10|11|14|15|16|17|18|21|22|23|28|29|30
108675,KOSPI,stock,True,,,2026-09-17,2026-09-04,18|21|22|23|28|29|30,07|08|09|10|11|14|15|16|17|18|21|22|23|28|29|30
108860,KOSDAQ,stock,True,,,2026-09-17,2026-09-04,18|21|22|23|28|29|30,07|08|09|10|11|14|15|16|17|18|21|22|23|28|29|30
109070,KOSPI,stock,True,,,2026-09-04,2026-09-04,07|08|09|10|11|14|15|16|17|18|21|22|23|28|29|30,07|08|09|10|11|14|15|16|17|18|21|22|23|28|29|30
109080,KOSDAQ,stock,True,,,2026-09-17,2026-09-04,18|21|22|23|28|29|30,07|08|09|10|11|14|15|16|17|18|21|22|23|28|29|30
109610,KOSDAQ,stock,True,,,2026-09-17,2026-09-04,18|21|22|23|28|29|30,07|08|09|10|11|14|15|16|17|18|21|22|23|28|29|30
109670,KOSDAQ,stock,True,,,2026-09-17,2026-09-04,18|21|22|23|28|29|30,07|08|09|10|11|14|15|16|17|18|21|22|23|28|29|30
109740,KOSDAQ,stock,True,,,2026-09-17,2026-09-04,18|21|22|23|28|29|30,07|08|09|10|11|14|15|16|17|18|21|22|23|28|29|30
109820,KOSDAQ,stock,True,,,2026-09-17,2026-09-04,18|21|22|23|28|29|30,07|08|09|10|11|14|15|16|17|18|21|22|23|28|29|30
109860,KOSDAQ,stock,True,,,2026-09-17,2026-09-04,18|21|22|23|28|29|30,07|08|09|10|11|14|15|16|17|18|21|22|23|28|29|30
109960,KOSDAQ,stock,True,,,2026-09-17,2026-06-15,18|21|22|23|28|29|30,01|02|03|04|07|08|09|10|11|14|15|16|17|18|21|22|23|28|29|30
110020,KOSDAQ,stock,True,,,2026-09-17,2026-09-04,18|21|22|23|28|29|30,07|08|09|10|11|14|15|16|17|18|21|22|23|28|29|30
110790,KOSDAQ,stock,True,,,2026-09-17,2026-09-04,18|21|22|23|28|29|30,07|08|09|10|11|14|15|16|17|18|21|22|23|28|29|30
110990,KOSDAQ,stock,True,,,2026-09-17,2026-09-04,18|21|22|23|28|29|30,07|08|09|10|11|14|15|16|17|18|21|22|23|28|29|30
111110,KOSPI,stock,True,,,2026-09-17,2026-09-04,18|21|22|23|28|29|30,07|08|09|10|11|14|15|16|17|18|21|22|23|28|29|30
111380,KOSPI,stock,True,,,2026-09-17,2026-09-04,18|21|22|23|28|29|30,07|08|09|10|11|14|15|16|17|18|21|22|23|28|29|30
111710,KOSDAQ,stock,True,,,2026-09-17,2026-09-04,18|21|22|23|28|29|30,07|08|09|10|11|14|15|16|17|18|21|22|23|28|29|30
111770,KOSPI,stock,True,,,2026-09-17,2026-09-04,18|21|22|23|28|29|30,07|08|09|10|11|14|15|16|17|18|21|22|23|28|29|30
112040,KOSDAQ,stock,True,,,2026-09-17,2026-09-04,18|21|22|23|28|29|30,07|08|09|10|11|14|15|16|17|18|21|22|23|28|29|30
112290,KOSDAQ,stock,True,,,2026-09-17,2026-09-04,18|21|22|23|28|29|30,07|08|09|10|11|14|15|16|17|18|21|22|23|28|29|30
112610,KOSPI,stock,True,,,2026-09-17,2026-09-04,18|21|22|23|28|29|30,07|08|09|10|11|14|15|16|17|18|21|22|23|28|29|30
113810,KOSDAQ,stock,True,,,2026-09-17,2026-09-04,18|21|22|23|28|29|30,07|08|09|10|11|14|15|16|17|18|21|22|23|28|29|30
114090,KOSPI,stock,True,,,2026-09-17,2026-09-04,18|21|22|23|28|29|30,07|08|09|10|11|14|15|16|17|18|21|22|23|28|29|30
114100,KOSPI,etf,True,,,2026-09-17,2026-06-15,18|21|22|23|28|29|30,01|02|03|04|07|08|09|10|11|14|15|16|17|18|21|22|23|28|29|30
114190,KOSDAQ,stock,True,,,2026-09-17,2026-09-04,18|21|22|23|28|29|30,07|08|09|10|11|14|15|16|17|18|21|22|23|28|29|30
114260,KOSPI,etf,True,,,2026-09-17,2026-06-15,18|21|22|23|28|29|30,01|02|03|04|07|08|09|10|11|14|15|16|17|18|21|22|23|28|29|30
114450,KOSDAQ,stock,True,,,2026-09-17,2026-09-04,18|21|22|23|28|29|30,07|08|09|10|11|14|15|16|17|18|21|22|23|28|29|30
114460,KOSPI,etf,True,,,2026-09-17,,18|21|22|23|28|29|30,01|02|03|04|07|08|09|10|11|14|15|16|17|18|21|22|23|28|29|30
114470,KOSPI,etf,True,,,2026-09-17,2026-06-15,18|21|22|23|28|29|30,01|02|03|04|07|08|09|10|11|14|15|16|17|18|21|22|23|28|29|30
114630,KOSDAQ,stock,True,,,2026-09-17,2026-09-04,18|21|22|23|28|29|30,07|08|09|10|11|14|15|16|17|18|21|22|23|28|29|30
114800,KOSPI,etf,True,,,2026-09-17,2026-06-15,18|21|22|23|28|29|30,01|02|03|04|07|08|09|10|11|14|15|16|17|18|21|22|23|28|29|30
114810,KOSDAQ,stock,True,,,2026-09-17,2026-09-04,18|21|22|23|28|29|30,07|08|09|10|11|14|15|16|17|18|21|22|23|28|29|30
114820,KOSPI,etf,True,,,2026-09-17,2026-06-15,18|21|22|23|28|29|30,01|02|03|04|07|08|09|10|11|14|15|16|17|18|21|22|23|28|29|30
114840,KOSDAQ,stock,True,,,2026-09-17,2026-09-04,18|21|22|23|28|29|30,07|08|09|10|11|14|15|16|17|18|21|22|23|28|29|30
115160,KOSDAQ,stock,True,,,2026-09-17,2026-09-04,18|21|22|23|28|29|30,07|08|09|10|11|14|15|16|17|18|21|22|23|28|29|30
115180,KOSDAQ,stock,True,,,2026-09-17,2026-09-04,18|21|22|23|28|29|30,07|08|09|10|11|14|15|16|17|18|21|22|23|28|29|30
115310,KOSDAQ,stock,True,,,2026-09-17,2026-09-04,18|21|22|23|28|29|30,07|08|09|10|11|14|15|16|17|18|21|22|23|28|29|30
115440,KOSDAQ,stock,True,,,2026-09-17,2026-09-04,18|21|22|23|28|29|30,07|08|09|10|11|14|15|16|17|18|21|22|23|28|29|30
115450,KOSDAQ,stock,True,,,2026-09-17,2026-09-04,18|21|22|23|28|29|30,07|08|09|10|11|14|15|16|17|18|21|22|23|28|29|30
115480,KOSDAQ,stock,True,,,2026-09-17,2026-09-04,18|21|22|23|28|29|30,07|08|09|10|11|14|15|16|17|18|21|22|23|28|29|30
115500,KOSDAQ,stock,True,,,2026-09-17,2026-09-04,18|21|22|23|28|29|30,07|08|09|10|11|14|15|16|17|18|21|22|23|28|29|30
115530,KOSDAQ,stock,True,,,2026-09-17,2026-09-04,18|21|22|23|28|29|30,07|08|09|10|11|14|15|16|17|18|21|22|23|28|29|30
115570,KOSDAQ,stock,True,,,2026-09-17,2026-09-04,18|21|22|23|28|29|30,07|08|09|10|11|14|15|16|17|18|21|22|23|28|29|30
115610,KOSDAQ,stock,True,,,2026-09-17,2026-09-04,18|21|22|23|28|29|30,07|08|09|10|11|14|15|16|17|18|21|22|23|28|29|30
117460,KOSPI,etf,True,,,2026-09-17,2026-06-15,18|21|22|23|28|29|30,01|02|03|04|07|08|09|10|11|14|15|16|17|18|21|22|23|28|29|30
117580,KOSPI,stock,True,,,2026-09-17,2026-09-04,18|21|22|23|28|29|30,07|08|09|10|11|14|15|16|17|18|21|22|23|28|29|30
117670,KOSDAQ,stock,True,,,2026-09-17,2026-06-15,18|21|22|23|28|29|30,01|02|03|04|07|08|09|10|11|14|15|16|17|18|21|22|23|28|29|30
117680,KOSPI,etf,True,,,2026-09-17,2026-06-15,18|21|22|23|28|29|30,01|02|03|04|07|08|09|10|11|14|15|16|17|18|21|22|23|28|29|30
117690,KOSPI,etf,True,,,2026-09-17,,18|21|22|23|28|29|30,01|02|03|04|07|08|09|10|11|14|15|16|17|18|21|22|23|28|29|30
117700,KOSPI,etf,True,,,2026-09-17,2026-06-15,18|21|22|23|28|29|30,01|02|03|04|07|08|09|10|11|14|15|16|17|18|21|22|23|28|29|30
117730,KOSDAQ,stock,True,,,2026-09-17,2026-09-04,18|21|22|23|28|29|30,07|08|09|10|11|14|15|16|17|18|21|22|23|28|29|30
118000,KOSPI,stock,True,,,2026-09-17,2026-09-04,18|21|22|23|28|29|30,07|08|09|10|11|14|15|16|17|18|21|22|23|28|29|30
118990,KOSDAQ,stock,True,,,2026-09-17,2026-09-04,18|21|22|23|28|29|30,07|08|09|10|11|14|15|16|17|18|21|22|23|28|29|30
119500,KOSDAQ,stock,True,,,2026-09-17,2026-09-04,18|21|22|23|28|29|30,07|08|09|10|11|14|15|16|17|18|21|22|23|28|29|30
119610,KOSDAQ,stock,True,,,2026-09-17,2026-09-04,18|21|22|23|28|29|30,07|08|09|10|11|14|15|16|17|18|21|22|23|28|29|30
119650,KOSPI,stock,True,,,2026-09-04,2026-09-04,07|08|09|10|11|14|15|16|17|18|21|22|23|28|29|30,07|08|09|10|11|14|15|16|17|18|21|22|23|28|29|30
119830,KOSDAQ,stock,True,,,2026-09-17,2026-09-04,18|21|22|23|28|29|30,07|08|09|10|11|14|15|16|17|18|21|22|23|28|29|30
119850,KOSDAQ,stock,True,,,2026-09-17,2026-09-04,18|21|22|23|28|29|30,07|08|09|10|11|14|15|16|17|18|21|22|23|28|29|30
120030,KOSPI,stock,True,,,2026-09-17,2026-09-04,18|21|22|23|28|29|30,07|08|09|10|11|14|15|16|17|18|21|22|23|28|29|30
120110,KOSPI,stock,True,,,2026-09-17,2026-09-04,18|21|22|23|28|29|30,07|08|09|10|11|14|15|16|17|18|21|22|23|28|29|30
120115,KOSPI,stock,True,,,2026-09-17,2026-09-04,18|21|22|23|28|29|30,07|08|09|10|11|14|15|16|17|18|21|22|23|28|29|30
120240,KOSDAQ,stock,True,,,2026-09-17,2026-09-04,18|21|22|23|28|29|30,07|08|09|10|11|14|15|16|17|18|21|22|23|28|29|30
121440,KOSDAQ,stock,True,,,2026-09-17,2026-09-04,18|21|22|23|28|29|30,07|08|09|10|11|14|15|16|17|18|21|22|23|28|29|30
121600,KOSDAQ,stock,True,,,2026-09-17,2026-09-04,18|21|22|23|28|29|30,07|08|09|10|11|14|15|16|17|18|21|22|23|28|29|30
121800,KOSDAQ,stock,True,,,2026-09-04,2026-09-04,07|08|09|10|11|14|15|16|17|18|21|22|23|28|29|30,07|08|09|10|11|14|15|16|17|18|21|22|23|28|29|30
121850,KOSDAQ,stock,True,,,2026-09-11,2026-09-04,14|15|16|17|18|21|22|23|28|29|30,07|08|09|10|11|14|15|16|17|18|21|22|23|28|29|30
121890,KOSDAQ,stock,True,,,2026-09-17,2026-09-04,18|21|22|23|28|29|30,07|08|09|10|11|14|15|16|17|18|21|22|23|28|29|30
122090,KOSPI,etf,True,,,2026-09-17,2026-06-15,18|21|22|23|28|29|30,01|02|03|04|07|08|09|10|11|14|15|16|17|18|21|22|23|28|29|30
122260,KOSPI,etf,True,,,2026-09-17,2026-06-15,18|21|22|23|28|29|30,01|02|03|04|07|08|09|10|11|14|15|16|17|18|21|22|23|28|29|30
122310,KOSDAQ,stock,True,,,2026-09-17,2026-09-04,18|21|22|23|28|29|30,07|08|09|10|11|14|15|16|17|18|21|22|23|28|29|30
122350,KOSDAQ,stock,True,,,2026-09-17,2026-09-04,18|21|22|23|28|29|30,07|08|09|10|11|14|15|16|17|18|21|22|23|28|29|30
122450,KOSDAQ,stock,True,,,2026-09-17,2026-09-04,18|21|22|23|28|29|30,07|08|09|10|11|14|15|16|17|18|21|22|23|28|29|30
122630,KOSPI,etf,True,,,2026-09-17,2026-06-15,18|21|22|23|28|29|30,01|02|03|04|07|08|09|10|11|14|15|16|17|18|21|22|23|28|29|30
122640,KOSDAQ,stock,True,,,2026-09-17,2026-09-04,18|21|22|23|28|29|30,07|08|09|10|11|14|15|16|17|18|21|22|23|28|29|30
122690,KOSDAQ,stock,True,,,2026-09-17,2026-09-04,18|21|22|23|28|29|30,07|08|09|10|11|14|15|16|17|18|21|22|23|28|29|30
122870,KOSDAQ,stock,True,,,2026-09-17,2026-09-04,18|21|22|23|28|29|30,07|08|09|10|11|14|15|16|17|18|21|22|23|28|29|30
122900,KOSPI,stock,True,,,2026-09-17,2026-09-04,18|21|22|23|28|29|30,07|08|09|10|11|14|15|16|17|18|21|22|23|28|29|30
122990,KOSDAQ,stock,True,,,2026-09-17,2026-09-04,18|21|22|23|28|29|30,07|08|09|10|11|14|15|16|17|18|21|22|23|28|29|30
123010,KOSDAQ,stock,True,,,2026-09-17,2026-09-04,18|21|22|23|28|29|30,07|08|09|10|11|14|15|16|17|18|21|22|23|28|29|30
123040,KOSDAQ,stock,True,,,2026-09-17,2026-09-04,18|21|22|23|28|29|30,07|08|09|10|11|14|15|16|17|18|21|22|23|28|29|30
123310,KOSPI,etf,True,,,2026-09-17,2026-06-15,18|21|22|23|28|29|30,01|02|03|04|07|08|09|10|11|14|15|16|17|18|21|22|23|28|29|30
123320,KOSPI,etf,True,,,2026-09-17,2026-06-15,18|21|22|23|28|29|30,01|02|03|04|07|08|09|10|11|14|15|16|17|18|21|22|23|28|29|30
123330,KOSDAQ,stock,True,,,2026-09-17,2026-09-04,18|21|22|23|28|29|30,07|08|09|10|11|14|15|16|17|18|21|22|23|28|29|30
123410,KOSDAQ,stock,True,,,2026-09-17,2026-09-04,18|21|22|23|28|29|30,07|08|09|10|11|14|15|16|17|18|21|22|23|28|29|30
123420,KOSDAQ,stock,True,,,2026-09-17,2026-09-04,18|21|22|23|28|29|30,07|08|09|10|11|14|15|16|17|18|21|22|23|28|29|30
123570,KOSDAQ,stock,True,,,2026-09-17,2026-09-04,18|21|22|23|28|29|30,07|08|09|10|11|14|15|16|17|18|21|22|23|28|29|30
123690,KOSPI,stock,True,,,2026-09-17,2026-09-04,18|21|22|23|28|29|30,07|08|09|10|11|14|15|16|17|18|21|22|23|28|29|30
123700,KOSPI,stock,True,,,2026-09-17,2026-09-04,18|21|22|23|28|29|30,07|08|09|10|11|14|15|16|17|18|21|22|23|28|29|30
123750,KOSDAQ,stock,True,,,2026-09-17,2026-09-04,18|21|22|23|28|29|30,07|08|09|10|11|14|15|16|17|18|21|22|23|28|29|30
123840,KOSDAQ,stock,True,,,2026-09-17,2026-09-04,18|21|22|23|28|29|30,07|08|09|10|11|14|15|16|17|18|21|22|23|28|29|30
123860,KOSDAQ,stock,True,,,2026-09-17,2026-09-04,18|21|22|23|28|29|30,07|08|09|10|11|14|15|16|17|18|21|22|23|28|29|30
123890,KOSPI,stock,True,,,2026-09-17,2026-09-04,18|21|22|23|28|29|30,07|08|09|10|11|14|15|16|17|18|21|22|23|28|29|30
124500,KOSDAQ,stock,True,,,2026-09-17,2026-09-04,18|21|22|23|28|29|30,07|08|09|10|11|14|15|16|17|18|21|22|23|28|29|30
124560,KOSDAQ,stock,True,,,2026-09-17,2026-09-04,18|21|22|23|28|29|30,07|08|09|10|11|14|15|16|17|18|21|22|23|28|29|30
125020,KOSDAQ,stock,True,,,2026-09-17,2026-09-04,18|21|22|23|28|29|30,07|08|09|10|11|14|15|16|17|18|21|22|23|28|29|30
125210,KOSDAQ,stock,True,,,2026-09-17,2026-09-04,18|21|22|23|28|29|30,07|08|09|10|11|14|15|16|17|18|21|22|23|28|29|30
125490,KOSDAQ,stock,True,,,2026-09-17,2026-09-04,18|21|22|23|28|29|30,01|07|08|09|10|11|14|15|16|17|18|21|22|23|28|29|30
126340,KOSDAQ,stock,True,,,2026-09-17,2026-09-04,18|21|22|23|28|29|30,07|08|09|10|11|14|15|16|17|18|21|22|23|28|29|30
126560,KOSPI,stock,True,,,2026-09-17,2026-09-04,18|21|22|23|28|29|30,07|08|09|10|11|14|15|16|17|18|21|22|23|28|29|30
126600,KOSDAQ,stock,True,,,2026-09-17,2026-09-04,18|21|22|23|28|29|30,07|08|09|10|11|14|15|16|17|18|21|22|23|28|29|30
126640,KOSDAQ,stock,True,,,2026-09-17,2026-09-04,18|21|22|23|28|29|30,07|08|09|10|11|14|15|16|17|18|21|22|23|28|29|30
126700,KOSDAQ,stock,True,,,2026-09-17,2026-09-04,18|21|22|23|28|29|30,07|08|09|10|11|14|15|16|17|18|21|22|23|28|29|30
126720,KOSPI,stock,True,,,2026-09-17,2026-09-04,18|21|22|23|28|29|30,07|08|09|10|11|14|15|16|17|18|21|22|23|28|29|30
126730,KOSDAQ,stock,True,,,2026-09-17,2026-09-04,18|21|22|23|28|29|30,07|08|09|10|11|14|15|16|17|18|21|22|23|28|29|30
126880,KOSDAQ,stock,True,,,2026-09-17,2026-09-04,18|21|22|23|28|29|30,07|08|09|10|11|14|15|16|17|18|21|22|23|28|29|30
127120,KOSDAQ,stock,True,,,2026-09-17,2026-09-04,18|21|22|23|28|29|30,07|08|09|10|11|14|15|16|17|18|21|22|23|28|29|30
127710,KOSDAQ,stock,True,,,2026-09-17,2026-09-04,18|21|22|23|28|29|30,07|08|09|10|11|14|15|16|17|18|21|22|23|28|29|30
127980,KOSDAQ,stock,True,,,2026-09-17,2026-09-04,18|21|22|23|28|29|30,07|08|09|10|11|14|15|16|17|18|21|22|23|28|29|30
128540,KOSDAQ,stock,True,,,2026-09-17,2026-09-04,18|21|22|23|28|29|30,07|08|09|10|11|14|15|16|17|18|21|22|23|28|29|30
128660,KOSDAQ,stock,True,,,2026-09-17,2026-09-04,18|21|22|23|28|29|30,07|08|09|10|11|14|15|16|17|18|21|22|23|28|29|30
128820,KOSPI,stock,True,,,2026-09-17,2026-09-04,18|21|22|23|28|29|30,07|08|09|10|11|14|15|16|17|18|21|22|23|28|29|30
128940,KOSPI,stock,True,,,2026-09-17,2026-09-04,18|21|22|23|28|29|30,07|08|09|10|11|14|15|16|17|18|21|22|23|28|29|30
129260,KOSPI,stock,True,,,2026-09-17,2026-09-04,18|21|22|23|28|29|30,07|08|09|10|11|14|15|16|17|18|21|22|23|28|29|30
129890,KOSDAQ,stock,True,,,2026-09-17,2026-06-15,18|21|22|23|28|29|30,01|02|03|04|07|08|09|10|11|14|15|16|17|18|21|22|23|28|29|30
129920,KOSDAQ,stock,True,,,2026-09-17,2026-09-04,18|21|22|23|28|29|30,07|08|09|10|11|14|15|16|17|18|21|22|23|28|29|30
130500,KOSDAQ,stock,True,,,2026-09-17,2026-09-04,18|21|22|23|28|29|30,07|08|09|10|11|14|15|16|17|18|21|22|23|28|29|30
130580,KOSDAQ,stock,True,,,2026-09-17,2026-09-04,18|21|22|23|28|29|30,07|08|09|10|11|14|15|16|17|18|21|22|23|28|29|30
130660,KOSPI,stock,True,,,2026-09-17,2026-09-04,18|21|22|23|28|29|30,07|08|09|10|11|14|15|16|17|18|21|22|23|28|29|30
130680,KOSPI,etf,True,,,2026-09-17,2026-06-15,18|21|22|23|28|29|30,01|02|03|04|07|08|09|10|11|14|15|16|17|18|21|22|23|28|29|30
130730,KOSPI,etf,True,,,2026-09-17,2026-06-15,18|21|22|23|28|29|30,01|02|03|04|07|08|09|10|11|14|15|16|17|18|21|22|23|28|29|30
130740,KOSDAQ,stock,True,,,2026-09-17,2026-09-04,18|21|22|23|28|29|30,07|08|09|10|11|14|15|16|17|18|21|22|23|28|29|30
131030,KOSDAQ,stock,True,,,2026-09-17,2026-09-04,18|21|22|23|28|29|30,07|08|09|10|11|14|15|16|17|18|21|22|23|28|29|30
131090,KOSDAQ,stock,True,,,2026-09-17,2026-09-04,18|21|22|23|28|29|30,07|08|09|10|11|14|15|16|17|18|21|22|23|28|29|30
131100,KOSDAQ,stock,True,,,2026-09-17,2026-09-04,18|21|22|23|28|29|30,07|08|09|10|11|14|15|16|17|18|21|22|23|28|29|30
131180,KOSDAQ,stock,True,,,2026-09-17,2026-09-04,18|21|22|23|28|29|30,07|08|09|10|11|14|15|16|17|18|21|22|23|28|29|30
131220,KOSDAQ,stock,True,,,2026-09-17,2026-09-04,18|21|22|23|28|29|30,07|08|09|10|11|14|15|16|17|18|21|22|23|28|29|30
131290,KOSDAQ,stock,True,,,2026-09-17,2026-09-04,18|21|22|23|28|29|30,07|08|09|10|11|14|15|16|17|18|21|22|23|28|29|30
131370,KOSDAQ,stock,True,,,2026-09-17,2026-09-04,18|21|22|23|28|29|30,07|08|09|10|11|14|15|16|17|18|21|22|23|28|29|30
131400,KOSDAQ,stock,True,,,2026-09-07,2026-09-04,08|09|10|11|14|15|16|17|18|21|22|23|28|29|30,07|08|09|10|11|14|15|16|17|18|21|22|23|28|29|30
131760,KOSDAQ,stock,True,,,2026-09-17,2026-09-04,18|21|22|23|28|29|30,07|08|09|10|11|14|15|16|17|18|21|22|23|28|29|30
131890,KOSPI,etf,True,,,2026-09-17,2026-06-15,18|21|22|23|28|29|30,01|02|03|04|07|08|09|10|11|14|15|16|17|18|21|22|23|28|29|30
131970,KOSDAQ,stock,True,,,2026-09-17,2026-09-04,18|21|22|23|28|29|30,07|08|09|10|11|14|15|16|17|18|21|22|23|28|29|30
132030,KOSPI,etf,True,,,2026-09-17,2026-06-15,18|21|22|23|28|29|30,01|02|03|04|07|08|09|10|11|14|15|16|17|18|21|22|23|28|29|30
133690,KOSPI,etf,True,,,2026-09-17,2026-06-15,18|21|22|23|28|29|30,01|02|03|04|07|08|09|10|11|14|15|16|17|18|21|22|23|28|29|30
133750,KOSDAQ,stock,True,,,2026-09-17,2026-09-04,18|21|22|23|28|29|30,07|08|09|10|11|14|15|16|17|18|21|22|23|28|29|30
133820,KOSPI,stock,True,,,2026-09-17,2026-09-04,18|21|22|23|28|29|30,07|08|09|10|11|14|15|16|17|18|21|22|23|28|29|30
134060,KOSDAQ,stock,True,,,2026-09-17,2026-09-04,18|21|22|23|28|29|30,07|08|09|10|11|14|15|16|17|18|21|22|23|28|29|30
134380,KOSPI,stock,True,,,2026-09-17,2026-09-04,18|21|22|23|28|29|30,07|08|09|10|11|14|15|16|17|18|21|22|23|28|29|30
134580,KOSDAQ,stock,True,,,2026-09-17,2026-09-04,18|21|22|23|28|29|30,07|08|09|10|11|14|15|16|17|18|21|22|23|28|29|30
134790,KOSPI,stock,True,,,2026-09-17,2026-09-04,18|21|22|23|28|29|30,07|08|09|10|11|14|15|16|17|18|21|22|23|28|29|30
136150,KOSDAQ,stock,True,,,2026-09-17,2026-09-04,18|21|22|23|28|29|30,07|08|09|10|11|14|15|16|17|18|21|22|23|28|29|30
136340,KOSPI,etf,True,,,2026-09-17,2026-06-15,18|21|22|23|28|29|30,01|02|03|04|07|08|09|10|11|14|15|16|17|18|21|22|23|28|29|30
136410,KOSDAQ,stock,True,,,2026-09-17,2026-09-04,18|21|22|23|28|29|30,07|08|09|10|11|14|15|16|17|18|21|22|23|28|29|30
136480,KOSDAQ,stock,True,,,2026-09-17,2026-09-04,18|21|22|23|28|29|30,07|08|09|10|11|14|15|16|17|18|21|22|23|28|29|30
136490,KOSPI,stock,True,,,2026-09-17,2026-09-04,18|21|22|23|28|29|30,07|08|09|10|11|14|15|16|17|18|21|22|23|28|29|30
136540,KOSDAQ,stock,True,,,2026-09-17,2026-09-04,18|21|22|23|28|29|30,07|08|09|10|11|14|15|16|17|18|21|22|23|28|29|30
137080,KOSDAQ,stock,True,,,2026-09-17,2026-09-04,18|21|22|23|28|29|30,07|08|09|10|11|14|15|16|17|18|21|22|23|28|29|30
137310,KOSPI,stock,True,,,2026-09-17,2026-09-04,18|21|22|23|28|29|30,07|08|09|10|11|14|15|16|17|18|21|22|23|28|29|30
137400,KOSDAQ,stock,True,,,2026-09-17,2026-09-04,18|21|22|23|28|29|30,07|08|09|10|11|14|15|16|17|18|21|22|23|28|29|30
137610,KOSPI,etf,True,,,2026-09-17,,18|21|22|23|28|29|30,01|02|03|04|07|08|09|10|11|14|15|16|17|18|21|22|23|28|29|30
137940,KOSDAQ,stock,True,,,2026-09-17,2026-09-04,18|21|22|23|28|29|30,07|08|09|10|11|14|15|16|17|18|21|22|23|28|29|30
137950,KOSDAQ,stock,True,,,2026-09-17,2026-09-04,18|21|22|23|28|29|30,07|08|09|10|11|14|15|16|17|18|21|22|23|28|29|30
138040,KOSPI,stock,True,,,2026-09-17,2026-09-04,18|21|22|23|28|29|30,07|08|09|10|11|14|15|16|17|18|21|22|23|28|29|30
138070,KOSDAQ,stock,True,,,2026-09-17,2026-09-04,18|21|22|23|28|29|30,07|08|09|10|11|14|15|16|17|18|21|22|23|28|29|30
138080,KOSDAQ,stock,True,,,2026-09-17,2026-09-04,18|21|22|23|28|29|30,07|08|09|10|11|14|15|16|17|18|21|22|23|28|29|30
138230,KOSPI,etf,True,,,2026-09-17,2026-06-15,18|21|22|23|28|29|30,01|02|03|04|07|08|09|10|11|14|15|16|17|18|21|22|23|28|29|30
138360,KOSDAQ,stock,True,,,2026-09-17,2026-09-04,18|21|22|23|28|29|30,07|08|09|10|11|14|15|16|17|18|21|22|23|28|29|30
138520,KOSPI,etf,True,,,2026-09-17,2026-06-15,18|21|22|23|28|29|30,01|02|03|04|07|08|09|10|11|14|15|16|17|18|21|22|23|28|29|30
138530,KOSPI,etf,True,,,2026-09-17,2026-06-15,18|21|22|23|28|29|30,01|02|03|04|07|08|09|10|11|14|15|16|17|18|21|22|23|28|29|30
138540,KOSPI,etf,True,,,2026-09-17,2026-06-15,18|21|22|23|28|29|30,01|02|03|04|07|08|09|10|11|14|15|16|17|18|21|22|23|28|29|30
138610,KOSDAQ,stock,True,,,2026-09-17,2026-09-04,18|21|22|23|28|29|30,07|08|09|10|11|14|15|16|17|18|21|22|23|28|29|30
138910,KOSPI,etf,True,,,2026-09-17,2026-06-15,18|21|22|23|28|29|30,01|02|03|04|07|08|09|10|11|14|15|16|17|18|21|22|23|28|29|30
138920,KOSPI,etf,True,,,2026-09-17,,18|21|22|23|28|29|30,01|02|03|04|07|08|09|10|11|14|15|16|17|18|21|22|23|28|29|30
138930,KOSPI,stock,True,,,2026-09-17,2026-09-04,18|21|22|23|28|29|30,07|08|09|10|11|14|15|16|17|18|21|22|23|28|29|30
139130,KOSPI,stock,True,,,2026-09-17,2026-09-04,18|21|22|23|28|29|30,07|08|09|10|11|14|15|16|17|18|21|22|23|28|29|30
139220,KOSPI,etf,True,,,2026-09-17,2026-06-15,18|21|22|23|28|29|30,01|02|03|04|07|08|09|10|11|14|15|16|17|18|21|22|23|28|29|30
139230,KOSPI,etf,True,,,2026-09-17,2026-06-15,18|21|22|23|28|29|30,01|02|03|04|07|08|09|10|11|14|15|16|17|18|21|22|23|28|29|30
139240,KOSPI,etf,True,,,2026-09-17,,18|21|22|23|28|29|30,01|02|03|04|07|08|09|10|11|14|15|16|17|18|21|22|23|28|29|30
139250,KOSPI,etf,True,,,2026-09-17,2026-06-15,18|21|22|23|28|29|30,01|02|03|04|07|08|09|10|11|14|15|16|17|18|21|22|23|28|29|30
139260,KOSPI,etf,True,,,2026-09-17,2026-06-15,18|21|22|23|28|29|30,01|02|03|04|07|08|09|10|11|14|15|16|17|18|21|22|23|28|29|30
139270,KOSPI,etf,True,,,2026-09-17,2026-06-15,18|21|22|23|28|29|30,01|02|03|04|07|08|09|10|11|14|15|16|17|18|21|22|23|28|29|30
139280,KOSPI,etf,True,,,2026-09-17,2026-06-15,18|21|22|23|28|29|30,01|02|03|04|07|08|09|10|11|14|15|16|17|18|21|22|23|28|29|30
139290,KOSPI,etf,True,,,2026-09-17,,18|21|22|23|28|29|30,01|02|03|04|07|08|09|10|11|14|15|16|17|18|21|22|23|28|29|30
139320,KOSPI,etf,True,,,2026-09-17,2026-06-15,18|21|22|23|28|29|30,01|02|03|04|07|08|09|10|11|14|15|16|17|18|21|22|23|28|29|30
139480,KOSPI,stock,True,,,2026-09-17,2026-09-04,18|21|22|23|28|29|30,07|08|09|10|11|14|15|16|17|18|21|22|23|28|29|30
139660,KOSPI,etf,True,,,2026-09-17,,18|21|22|23|28|29|30,01|02|03|04|07|08|09|10|11|14|15|16|17|18|21|22|23|28|29|30
139670,KOSDAQ,stock,True,,,2026-09-17,2026-09-04,18|21|22|23|28|29|30,07|08|09|10|11|14|15|16|17|18|21|22|23|28|29|30
139990,KOSPI,stock,True,,,2026-09-17,2026-09-04,18|21|22|23|28|29|30,07|08|09|10|11|14|15|16|17|18|21|22|23|28|29|30
140070,KOSDAQ,stock,True,,,2026-09-17,2026-09-04,18|21|22|23|28|29|30,07|08|09|10|11|14|15|16|17|18|21|22|23|28|29|30
140410,KOSDAQ,stock,True,,,2026-09-17,2026-09-04,18|21|22|23|28|29|30,07|08|09|10|11|14|15|16|17|18|21|22|23|28|29|30
140430,KOSDAQ,stock,True,,,2026-09-17,2026-09-04,18|21|22|23|28|29|30,07|08|09|10|11|14|15|16|17|18|21|22|23|28|29|30
140520,KOSDAQ,stock,True,,,2026-09-17,2026-09-04,18|21|22|23|28|29|30,07|08|09|10|11|14|15|16|17|18|21|22|23|28|29|30
140570,KOSPI,etf,True,,,,,01|02|03|04|07|08|09|10|11|14|15|16|17|18|21|22|23|28|29|30,01|02|03|04|07|08|09|10|11|14|15|16|17|18|21|22|23|28|29|30
140580,KOSPI,etf,True,,,2026-09-17,2026-06-15,18|21|22|23|28|29|30,01|02|03|04|07|08|09|10|11|14|15|16|17|18|21|22|23|28|29|30
140670,KOSDAQ,stock,True,,,2026-09-17,2026-09-04,18|21|22|23|28|29|30,07|08|09|10|11|14|15|16|17|18|21|22|23|28|29|30
140700,KOSPI,etf,True,,,2026-09-17,2026-06-15,18|21|22|23|28|29|30,01|02|03|04|07|08|09|10|11|14|15|16|17|18|21|22|23|28|29|30
140710,KOSPI,etf,True,,,2026-09-17,,18|21|22|23|28|29|30,01|02|03|04|07|08|09|10|11|14|15|16|17|18|21|22|23|28|29|30
140860,KOSDAQ,stock,True,,,2026-09-17,2026-09-04,18|21|22|23|28|29|30,07|08|09|10|11|14|15|16|17|18|21|22|23|28|29|30
140950,KOSPI,etf,True,,,2026-09-17,2026-06-15,18|21|22|23|28|29|30,01|02|03|04|07|08|09|10|11|14|15|16|17|18|21|22|23|28|29|30
141000,KOSDAQ,stock,True,,,2026-09-17,2026-09-04,18|21|22|23|28|29|30,07|08|09|10|11|14|15|16|17|18|21|22|23|28|29|30
141080,KOSDAQ,stock,True,,,2026-09-17,2026-09-04,18|21|22|23|28|29|30,07|08|09|10|11|14|15|16|17|18|21|22|23|28|29|30
142210,KOSDAQ,stock,True,,,2026-09-17,2026-09-04,18|21|22|23|28|29|30,07|08|09|10|11|14|15|16|17|18|21|22|23|28|29|30
142280,KOSDAQ,stock,True,,,2026-09-17,2026-09-04,18|21|22|23|28|29|30,07|08|09|10|11|14|15|16|17|18|21|22|23|28|29|30
142760,KOSDAQ,stock,True,,,2026-09-17,2026-09-04,18|21|22|23|28|29|30,07|08|09|10|11|14|15|16|17|18|21|22|23|28|29|30
143160,KOSDAQ,stock,True,,,2026-09-17,2026-09-04,18|21|22|23|28|29|30,07|08|09|10|11|14|15|16|17|18|21|22|23|28|29|30
143210,KOSPI,stock,True,,,2026-09-04,2026-09-04,07|08|09|10|11|14|15|16|17|18|21|22|23|28|29|30,07|08|09|10|11|14|15|16|17|18|21|22|23|28|29|30
143240,KOSDAQ,stock,True,,,2026-09-17,2026-09-04,18|21|22|23|28|29|30,07|08|09|10|11|14|15|16|17|18|21|22|23|28|29|30
143540,KOSDAQ,stock,True,,,2026-09-17,2026-09-04,18|21|22|23|28|29|30,07|08|09|10|11|14|15|16|17|18|21|22|23|28|29|30
143850,KOSPI,etf,True,,,2026-09-17,2026-06-15,18|21|22|23|28|29|30,01|02|03|04|07|08|09|10|11|14|15|16|17|18|21|22|23|28|29|30
143860,KOSPI,etf,True,,,2026-09-17,2026-06-15,18|21|22|23|28|29|30,01|02|03|04|07|08|09|10|11|14|15|16|17|18|21|22|23|28|29|30
144510,KOSDAQ,stock,True,,,2026-09-17,2026-09-04,18|21|22|23|28|29|30,07|08|09|10|11|14|15|16|17|18|21|22|23|28|29|30
144600,KOSPI,etf,True,,,2026-09-17,2026-06-15,18|21|22|23|28|29|30,01|02|03|04|07|08|09|10|11|14|15|16|17|18|21|22|23|28|29|30
144960,KOSDAQ,stock,True,,,2026-09-17,2026-09-04,18|21|22|23|28|29|30,07|08|09|10|11|14|15|16|17|18|21|22|23|28|29|30
145020,KOSDAQ,stock,True,,,2026-09-17,2026-09-04,18|21|22|23|28|29|30,07|08|09|10|11|14|15|16|17|18|21|22|23|28|29|30
145170,KOSDAQ,stock,True,,,2026-09-17,2026-09-04,18|21|22|23|28|29|30,07|08|09|10|11|14|15|16|17|18|21|22|23|28|29|30
145210,KOSPI,stock,True,,,2026-09-04,,07|08|09|10|11|14|15|16|17|18|21|22|23|28|29|30,01|02|03|04|07|08|09|10|11|14|15|16|17|18|21|22|23|28|29|30
145270,KOSPI,stock,True,,,2026-09-17,2026-09-04,18|21|22|23|28|29|30,07|08|09|10|11|14|15|16|17|18|21|22|23|28|29|30
145670,KOSPI,etf,True,,,2026-09-17,,18|21|22|23|28|29|30,01|02|03|04|07|08|09|10|11|14|15|16|17|18|21|22|23|28|29|30
145720,KOSPI,stock,True,,,2026-09-17,2026-09-04,18|21|22|23|28|29|30,07|08|09|10|11|14|15|16|17|18|21|22|23|28|29|30
145850,KOSPI,etf,True,,,2026-09-17,2026-06-15,18|21|22|23|28|29|30,01|02|03|04|07|08|09|10|11|14|15|16|17|18|21|22|23|28|29|30
145990,KOSPI,stock,True,,,2026-09-17,2026-09-04,18|21|22|23|28|29|30,07|08|09|10|11|14|15|16|17|18|21|22|23|28|29|30
145995,KOSPI,stock,True,,,2026-09-17,2026-09-04,18|21|22|23|28|29|30,07|08|09|10|11|14|15|16|17|18|21|22|23|28|29|30
146060,KOSDAQ,stock,True,,,2026-09-17,2026-09-04,18|21|22|23|28|29|30,07|08|09|10|11|14|15|16|17|18|21|22|23|28|29|30
146320,KOSDAQ,stock,True,,,2026-09-17,2026-09-04,18|21|22|23|28|29|30,07|08|09|10|11|14|15|16|17|18|21|22|23|28|29|30
147760,KOSDAQ,stock,True,,,2026-09-17,2026-09-04,18|21|22|23|28|29|30,07|08|09|10|11|14|15|16|17|18|21|22|23|28|29|30
147830,KOSDAQ,stock,True,,,2026-09-17,2026-09-04,18|21|22|23|28|29|30,07|08|09|10|11|14|15|16|17|18|21|22|23|28|29|30
147970,KOSPI,etf,True,,,2026-09-17,2026-06-15,18|21|22|23|28|29|30,01|02|03|04|07|08|09|10|11|14|15|16|17|18|21|22|23|28|29|30
148020,KOSPI,etf,True,,,2026-09-17,2026-06-15,18|21|22|23|28|29|30,01|02|03|04|07|08|09|10|11|14|15|16|17|18|21|22|23|28|29|30
148070,KOSPI,etf,True,,,2026-09-17,2026-06-15,18|21|22|23|28|29|30,01|02|03|04|07|08|09|10|11|14|15|16|17|18|21|22|23|28|29|30
148150,KOSDAQ,stock,True,,,2026-09-17,2026-09-04,18|21|22|23|28|29|30,07|08|09|10|11|14|15|16|17|18|21|22|23|28|29|30
148250,KOSDAQ,stock,True,,,2026-09-17,2026-09-04,18|21|22|23|28|29|30,07|08|09|10|11|14|15|16|17|18|21|22|23|28|29|30
148780,KOSDAQ,stock,True,,,2026-09-17,2026-09-04,18|21|22|23|28|29|30,07|08|09|10|11|14|15|16|17|18|21|22|23|28|29|30
148930,KOSDAQ,stock,True,,,2026-09-17,2026-09-04,18|21|22|23|28|29|30,07|08|09|10|11|14|15|16|17|18|21|22|23|28|29|30
149950,KOSDAQ,stock,True,,,2026-09-17,2026-09-04,18|21|22|23|28|29|30,07|08|09|10|11|14|15|16|17|18|21|22|23|28|29|30
149980,KOSDAQ,stock,True,,,2026-09-17,2026-09-04,18|21|22|23|28|29|30,07|08|09|10|11|14|15|16|17|18|21|22|23|28|29|30
150460,KOSPI,etf,True,,,2026-09-17,2026-06-15,18|21|22|23|28|29|30,01|02|03|04|07|08|09|10|11|14|15|16|17|18|21|22|23|28|29|30
150900,KOSDAQ,stock,True,,,2026-09-17,2026-09-04,18|21|22|23|28|29|30,07|08|09|10|11|14|15|16|17|18|21|22|23|28|29|30
151860,KOSDAQ,stock,True,,,2026-09-17,2026-09-04,18|21|22|23|28|29|30,07|08|09|10|11|14|15|16|17|18|21|22|23|28|29|30
152100,KOSPI,etf,True,,,2026-09-17,2026-06-15,18|21|22|23|28|29|30,01|02|03|04|07|08|09|10|11|14|15|16|17|18|21|22|23|28|29|30
152380,KOSPI,etf,True,,,2026-09-17,2026-06-15,18|21|22|23|28|29|30,01|02|03|04|07|08|09|10|11|14|15|16|17|18|21|22|23|28|29|30
152500,KOSPI,etf,True,,,2026-09-17,2026-06-15,18|21|22|23|28|29|30,01|02|03|04|07|08|09|10|11|14|15|16|17|18|21|22|23|28|29|30
152870,KOSPI,etf,True,,,2026-09-17,2026-06-15,18|21|22|23|28|29|30,01|02|03|04|07|08|09|10|11|14|15|16|17|18|21|22|23|28|29|30
153130,KOSPI,etf,True,,,2026-09-17,2026-06-15,18|21|22|23|28|29|30,01|02|03|04|07|08|09|10|11|14|15|16|17|18|21|22|23|28|29|30
153270,KOSPI,etf,True,,,2026-09-17,2026-06-15,18|21|22|23|28|29|30,01|02|03|04|07|08|09|10|11|14|15|16|17|18|21|22|23|28|29|30
153460,KOSDAQ,stock,True,,,2026-09-17,2026-09-04,18|21|22|23|28|29|30,07|08|09|10|11|14|15|16|17|18|21|22|23|28|29|30
153490,KOSDAQ,stock,True,,,2026-09-17,2026-09-04,18|21|22|23|28|29|30,07|08|09|10|11|14|15|16|17|18|21|22|23|28|29|30
153710,KOSDAQ,stock,True,,,2026-09-17,2026-09-04,18|21|22|23|28|29|30,07|08|09|10|11|14|15|16|17|18|21|22|23|28|29|30
153890,KOSDAQ,stock,True,,,2026-09-17,,18|21|22|23|28|29|30,01|02|03|04|07|08|09|10|11|14|15|16|17|18|21|22|23|28|29|30
154030,KOSDAQ,stock,True,,,2026-09-17,2026-09-04,18|21|22|23|28|29|30,07|08|09|10|11|14|15|16|17|18|21|22|23|28|29|30
154040,KOSDAQ,stock,True,,,2026-09-04,2026-09-04,07|08|09|10|11|14|15|16|17|18|21|22|23|28|29|30,07|08|09|10|11|14|15|16|17|18|21|22|23|28|29|30
155650,KOSDAQ,stock,True,,,2026-09-17,2026-09-04,18|21|22|23|28|29|30,07|08|09|10|11|14|15|16|17|18|21|22|23|28|29|30
155660,KOSPI,stock,True,,,2026-09-17,2026-09-04,18|21|22|23|28|29|30,07|08|09|10|11|14|15|16|17|18|21|22|23|28|29|30
156080,KOSPI,etf,True,,,2026-09-17,2026-06-15,18|21|22|23|28|29|30,01|02|03|04|07|08|09|10|11|14|15|16|17|18|21|22|23|28|29|30
156100,KOSDAQ,stock,True,,,2026-09-17,2026-09-04,18|21|22|23|28|29|30,07|08|09|10|11|14|15|16|17|18|21|22|23|28|29|30
157450,KOSPI,etf,True,,,2026-09-17,2026-06-15,18|21|22|23|28|29|30,01|02|03|04|07|08|09|10|11|14|15|16|17|18|21|22|23|28|29|30
157490,KOSPI,etf,True,,,2026-09-17,2026-06-15,18|21|22|23|28|29|30,01|02|03|04|07|08|09|10|11|14|15|16|17|18|21|22|23|28|29|30
157500,KOSPI,etf,True,,,2026-09-17,2026-06-15,18|21|22|23|28|29|30,01|02|03|04|07|08|09|10|11|14|15|16|17|18|21|22|23|28|29|30
158430,KOSDAQ,stock,True,,,2026-09-17,2026-06-15,18|21|22|23|28|29|30,01|02|03|04|07|08|09|10|11|14|15|16|17|18|21|22|23|28|29|30
159010,KOSDAQ,stock,True,,,2026-09-17,2026-09-04,18|21|22|23|28|29|30,07|08|09|10|11|14|15|16|17|18|21|22|23|28|29|30
159580,KOSDAQ,stock,True,,,2026-09-17,2026-09-04,18|21|22|23|28|29|30,07|08|09|10|11|14|15|16|17|18|21|22|23|28|29|30
159800,KOSPI,etf,True,,,2026-09-17,2026-06-15,18|21|22|23|28|29|30,01|02|03|04|07|08|09|10|11|14|15|16|17|18|21|22|23|28|29|30
159910,KOSDAQ,stock,True,,,2026-09-17,2026-06-15,18|21|22|23|28|29|30,01|02|03|04|07|08|09|10|11|14|15|16|17|18|21|22|23|28|29|30
160190,KOSDAQ,stock,True,,,2026-09-17,2026-09-04,18|21|22|23|28|29|30,07|08|09|10|11|14|15|16|17|18|21|22|23|28|29|30
160550,KOSDAQ,stock,True,,,2026-09-17,2026-09-04,18|21|22|23|28|29|30,07|08|09|10|11|14|15|16|17|18|21|22|23|28|29|30
160580,KOSPI,etf,True,,,2026-09-17,2026-06-15,18|21|22|23|28|29|30,01|02|03|04|07|08|09|10|11|14|15|16|17|18|21|22|23|28|29|30
160980,KOSDAQ,stock,True,,,2026-09-17,2026-09-04,18|21|22|23|28|29|30,07|08|09|10|11|14|15|16|17|18|21|22|23|28|29|30
161000,KOSPI,stock,True,,,2026-09-17,2026-09-04,18|21|22|23|28|29|30,07|08|09|10|11|14|15|16|17|18|21|22|23|28|29|30
161390,KOSPI,stock,True,,,2026-09-17,2026-09-04,18|21|22|23|28|29|30,07|08|09|10|11|14|15|16|17|18|21|22|23|28|29|30
161510,KOSPI,etf,True,,,2026-09-17,2026-06-15,18|21|22|23|28|29|30,01|02|03|04|07|08|09|10|11|14|15|16|17|18|21|22|23|28|29|30
161580,KOSDAQ,stock,True,,,2026-09-17,2026-09-04,18|21|22|23|28|29|30,07|08|09|10|11|14|15|16|17|18|21|22|23|28|29|30
161890,KOSPI,stock,True,,,2026-09-17,2026-09-04,18|21|22|23|28|29|30,07|08|09|10|11|14|15|16|17|18|21|22|23|28|29|30
162300,KOSDAQ,stock,True,,,2026-09-17,2026-09-04,18|21|22|23|28|29|30,07|08|09|10|11|14|15|16|17|18|21|22|23|28|29|30
163280,KOSDAQ,stock,True,,,2026-09-17,2026-09-04,18|21|22|23|28|29|30,07|08|09|10|11|14|15|16|17|18|21|22|23|28|29|30
163560,KOSPI,stock,True,,,2026-09-17,2026-09-04,18|21|22|23|28|29|30,07|08|09|10|11|14|15|16|17|18|21|22|23|28|29|30
163730,KOSDAQ,stock,True,,,2026-09-17,2026-09-04,18|21|22|23|28|29|30,07|08|09|10|11|14|15|16|17|18|21|22|23|28|29|30
166090,KOSDAQ,stock,True,,,2026-09-17,2026-09-04,18|21|22|23|28|29|30,07|08|09|10|11|14|15|16|17|18|21|22|23|28|29|30
166400,KOSPI,etf,True,,,2026-09-17,,18|21|22|23|28|29|30,01|02|03|04|07|08|09|10|11|14|15|16|17|18|21|22|23|28|29|30
166480,KOSDAQ,stock,True,,,2026-09-17,2026-09-04,18|21|22|23|28|29|30,07|08|09|10|11|14|15|16|17|18|21|22|23|28|29|30
167860,KOSPI,etf,True,,,2026-09-17,2026-06-15,18|21|22|23|28|29|30,01|02|03|04|07|08|09|10|11|14|15|16|17|18|21|22|23|28|29|30
168330,KOSDAQ,stock,True,,,2026-09-17,2026-09-04,18|21|22|23|28|29|30,07|08|09|10|11|14|15|16|17|18|21|22|23|28|29|30
168360,KOSDAQ,stock,True,,,2026-09-17,2026-09-04,18|21|22|23|28|29|30,07|08|09|10|11|14|15|16|17|18|21|22|23|28|29|30
168580,KOSPI,etf,True,,,2026-09-17,2026-06-15,18|21|22|23|28|29|30,01|02|03|04|07|08|09|10|11|14|15|16|17|18|21|22|23|28|29|30
169330,KOSDAQ,stock,True,,,2026-09-17,2026-09-04,18|21|22|23|28|29|30,07|08|09|10|11|14|15|16|17|18|21|22|23|28|29|30
169950,KOSPI,etf,True,,,2026-09-17,2026-06-15,18|21|22|23|28|29|30,01|02|03|04|07|08|09|10|11|14|15|16|17|18|21|22|23|28|29|30
170030,KOSDAQ,stock,True,,,2026-09-17,2026-09-04,18|21|22|23|28|29|30,07|08|09|10|11|14|15|16|17|18|21|22|23|28|29|30
170790,KOSDAQ,stock,True,,,2026-09-17,2026-09-04,18|21|22|23|28|29|30,07|08|09|10|11|14|15|16|17|18|21|22|23|28|29|30
170900,KOSPI,stock,True,,,2026-09-17,2026-09-04,18|21|22|23|28|29|30,07|08|09|10|11|14|15|16|17|18|21|22|23|28|29|30
170920,KOSDAQ,stock,True,,,2026-09-17,2026-09-04,18|21|22|23|28|29|30,07|08|09|10|11|14|15|16|17|18|21|22|23|28|29|30
171010,KOSDAQ,stock,True,,,2026-09-17,2026-09-04,18|21|22|23|28|29|30,07|08|09|10|11|14|15|16|17|18|21|22|23|28|29|30
171090,KOSDAQ,stock,True,,,2026-09-17,2026-09-04,18|21|22|23|28|29|30,07|08|09|10|11|14|15|16|17|18|21|22|23|28|29|30
171120,KOSDAQ,stock,True,,,2026-09-17,2026-09-04,18|21|22|23|28|29|30,07|08|09|10|11|14|15|16|17|18|21|22|23|28|29|30
172670,KOSDAQ,stock,True,,,2026-09-17,2026-09-04,18|21|22|23|28|29|30,07|08|09|10|11|14|15|16|17|18|21|22|23|28|29|30
173130,KOSDAQ,stock,True,,,2026-09-17,2026-09-04,18|21|22|23|28|29|30,07|08|09|10|11|14|15|16|17|18|21|22|23|28|29|30
173940,KOSDAQ,stock,True,,,2026-09-17,2026-09-04,18|21|22|23|28|29|30,07|08|09|10|11|14|15|16|17|18|21|22|23|28|29|30
174350,KOSPI,etf,True,,,2026-09-17,,18|21|22|23|28|29|30,01|02|03|04|07|08|09|10|11|14|15|16|17|18|21|22|23|28|29|30
174360,KOSPI,etf,True,,,2026-09-17,2026-06-15,18|21|22|23|28|29|30,01|02|03|04|07|08|09|10|11|14|15|16|17|18|21|22|23|28|29|30
174900,KOSDAQ,stock,True,,,2026-09-17,2026-09-04,18|21|22|23|28|29|30,07|08|09|10|11|14|15|16|17|18|21|22|23|28|29|30
175140,KOSDAQ,stock,True,,,2026-09-17,2026-09-04,18|21|22|23|28|29|30,07|08|09|10|11|14|15|16|17|18|21|22|23|28|29|30
175250,KOSDAQ,stock,True,,,2026-09-17,2026-09-04,18|21|22|23|28|29|30,07|08|09|10|11|14|15|16|17|18|21|22|23|28|29|30
175330,KOSPI,stock,True,,,2026-09-17,2026-09-04,18|21|22|23|28|29|30,07|08|09|10|11|14|15|16|17|18|21|22|23|28|29|30
176750,KOSDAQ,stock,True,,,2026-09-17,2026-09-04,18|21|22|23|28|29|30,07|08|09|10|11|14|15|16|17|18|21|22|23|28|29|30
176950,KOSPI,etf,True,,,2026-09-17,2026-06-15,18|21|22|23|28|29|30,01|02|03|04|07|08|09|10|11|14|15|16|17|18|21|22|23|28|29|30
177350,KOSDAQ,stock,True,,,2026-09-17,2026-09-04,18|21|22|23|28|29|30,07|08|09|10|11|14|15|16|17|18|21|22|23|28|29|30
177830,KOSDAQ,stock,True,,,2026-09-17,2026-09-04,18|21|22|23|28|29|30,07|08|09|10|11|14|15|16|17|18|21|22|23|28|29|30
177900,KOSDAQ,stock,True,,,2026-09-17,2026-09-04,18|21|22|23|28|29|30,07|08|09|10|11|14|15|16|17|18|21|22|23|28|29|30
178320,KOSDAQ,stock,True,,,2026-09-17,2026-09-04,18|21|22|23|28|29|30,07|08|09|10|11|14|15|16|17|18|21|22|23|28|29|30
178780,KOSDAQ,stock,True,,,2026-09-17,2026-09-04,18|21|22|23|28|29|30,07|08|09|10|11|14|15|16|17|18|21|22|23|28|29|30
178920,KOSPI,stock,True,,,2026-09-17,2026-09-04,18|21|22|23|28|29|30,07|08|09|10|11|14|15|16|17|18|21|22|23|28|29|30
179290,KOSDAQ,stock,True,,,2026-09-17,2026-09-04,18|21|22|23|28|29|30,07|08|09|10|11|14|15|16|17|18|21|22|23|28|29|30
179530,KOSDAQ,stock,True,,,2026-09-17,2026-09-04,18|21|22|23|28|29|30,07|08|09|10|11|14|15|16|17|18|21|22|23|28|29|30
179900,KOSDAQ,stock,True,,,2026-09-17,2026-09-04,18|21|22|23|28|29|30,07|08|09|10|11|14|15|16|17|18|21|22|23|28|29|30
180400,KOSDAQ,stock,True,,,2026-09-17,2026-09-04,18|21|22|23|28|29|30,07|08|09|10|11|14|15|16|17|18|21|22|23|28|29|30
18064,KOSPI,stock,False,,2026-08-20,,,01|02|03|04|07|08|09|10|11|14|15|16|17|18|21|22|23|28|29|30,01|02|03|04|07|08|09|10|11|14|15|16|17|18|21|22|23|28|29|30
180640,KOSPI,stock,True,,,2026-09-17,2026-09-04,18|21|22|23|28|29|30,07|08|09|10|11|14|15|16|17|18|21|22|23|28|29|30
18064K,KOSPI,stock,True,,,2026-09-17,2026-09-04,18|21|22|23|28|29|30,07|08|09|10|11|14|15|16|17|18|21|22|23|28|29|30
181480,KOSPI,etf,True,,,2026-09-17,,18|21|22|23|28|29|30,01|02|03|04|07|08|09|10|11|14|15|16|17|18|21|22|23|28|29|30
181710,KOSPI,stock,True,,,2026-09-17,2026-09-04,18|21|22|23|28|29|30,07|08|09|10|11|14|15|16|17|18|21|22|23|28|29|30
182360,KOSDAQ,stock,True,,,2026-09-17,2026-09-04,18|21|22|23|28|29|30,07|08|09|10|11|14|15|16|17|18|21|22|23|28|29|30
182400,KOSDAQ,stock,True,,,2026-09-04,2026-09-04,07|08|09|10|11|14|15|16|17|18|21|22|23|28|29|30,07|08|09|10|11|14|15|16|17|18|21|22|23|28|29|30
182480,KOSPI,etf,True,,,2026-09-17,2026-06-15,18|21|22|23|28|29|30,01|02|03|04|07|08|09|10|11|14|15|16|17|18|21|22|23|28|29|30
182490,KOSPI,etf,True,,,2026-09-17,,18|21|22|23|28|29|30,01|02|03|04|07|08|09|10|11|14|15|16|17|18|21|22|23|28|29|30
183190,KOSPI,stock,True,,,2026-09-17,2026-09-04,18|21|22|23|28|29|30,07|08|09|10|11|14|15|16|17|18|21|22|23|28|29|30
183300,KOSDAQ,stock,True,,,2026-09-17,2026-09-04,18|21|22|23|28|29|30,07|08|09|10|11|14|15|16|17|18|21|22|23|28|29|30
183490,KOSDAQ,stock,True,,,2026-09-04,2026-09-04,07|08|09|10|11|14|15|16|17|18|21|22|23|28|29|30,07|08|09|10|11|14|15|16|17|18|21|22|23|28|29|30
183700,KOSPI,etf,True,,,2026-09-17,2026-06-15,18|21|22|23|28|29|30,01|02|03|04|07|08|09|10|11|14|15|16|17|18|21|22|23|28|29|30
183710,KOSPI,etf,True,,,2026-09-17,2026-06-15,18|21|22|23|28|29|30,01|02|03|04|07|08|09|10|11|14|15|16|17|18|21|22|23|28|29|30
184230,KOSDAQ,stock,True,,,2026-09-17,2026-09-04,18|21|22|23|28|29|30,07|08|09|10|11|14|15|16|17|18|21|22|23|28|29|30
185490,KOSDAQ,stock,True,,,2026-09-17,2026-09-04,18|21|22|23|28|29|30,07|08|09|10|11|14|15|16|17|18|21|22|23|28|29|30
185680,KOSPI,etf,True,,,2026-09-17,2026-06-15,18|21|22|23|28|29|30,01|02|03|04|07|08|09|10|11|14|15|16|17|18|21|22|23|28|29|30
185750,KOSPI,stock,True,,,2026-09-17,2026-09-04,18|21|22|23|28|29|30,07|08|09|10|11|14|15|16|17|18|21|22|23|28|29|30
186230,KOSDAQ,stock,True,,,2026-09-17,2026-09-04,18|21|22|23|28|29|30,07|08|09|10|11|14|15|16|17|18|21|22|23|28|29|30
187220,KOSDAQ,stock,True,,,2026-09-17,2026-09-04,18|21|22|23|28|29|30,07|08|09|10|11|14|15|16|17|18|21|22|23|28|29|30
187270,KOSDAQ,stock,True,,,2026-09-17,2026-09-04,18|21|22|23|28|29|30,07|08|09|10|11|14|15|16|17|18|21|22|23|28|29|30
187420,KOSDAQ,stock,True,,,2026-09-17,2026-09-04,18|21|22|23|28|29|30,07|08|09|10|11|14|15|16|17|18|21|22|23|28|29|30
187660,KOSDAQ,stock,True,,,2026-09-17,2026-09-04,18|21|22|23|28|29|30,07|08|09|10|11|14|15|16|17|18|21|22|23|28|29|30
187790,KOSDAQ,stock,True,,,2026-09-17,2026-09-04,18|21|22|23|28|29|30,07|08|09|10|11|14|15|16|17|18|21|22|23|28|29|30
187870,KOSDAQ,stock,True,,,2026-09-17,2026-09-04,18|21|22|23|28|29|30,07|08|09|10|11|14|15|16|17|18|21|22|23|28|29|30
188040,KOSDAQ,stock,True,,,2026-09-17,2026-09-04,18|21|22|23|28|29|30,07|08|09|10|11|14|15|16|17|18|21|22|23|28|29|30
188260,KOSDAQ,stock,True,,,2026-09-17,2026-09-04,18|21|22|23|28|29|30,07|08|09|10|11|14|15|16|17|18|21|22|23|28|29|30
189300,KOSDAQ,stock,True,,,2026-09-17,2026-09-04,18|21|22|23|28|29|30,07|08|09|10|11|14|15|16|17|18|21|22|23|28|29|30
189330,KOSDAQ,stock,True,,,2026-09-17,2026-09-04,18|21|22|23|28|29|30,07|08|09|10|11|14|15|16|17|18|21|22|23|28|29|30
189400,KOSPI,etf,True,,,2026-09-17,,18|21|22|23|28|29|30,01|02|03|04|07|08|09|10|11|14|15|16|17|18|21|22|23|28|29|30
189690,KOSDAQ,stock,True,,,2026-09-17,2026-09-04,18|21|22|23|28|29|30,07|08|09|10|11|14|15|16|17|18|21|22|23|28|29|30
189860,KOSDAQ,stock,True,,,2026-09-17,2026-09-04,18|21|22|23|28|29|30,07|08|09|10|11|14|15|16|17|18|21|22|23|28|29|30
189980,KOSDAQ,stock,True,,,2026-09-17,2026-09-04,18|21|22|23|28|29|30,07|08|09|10|11|14|15|16|17|18|21|22|23|28|29|30
190510,KOSDAQ,stock,True,,,2026-09-17,2026-09-04,18|21|22|23|28|29|30,07|08|09|10|11|14|15|16|17|18|21|22|23|28|29|30
190620,KOSPI,etf,True,,,2026-09-17,2026-06-15,18|21|22|23|28|29|30,01|02|03|04|07|08|09|10|11|14|15|16|17|18|21|22|23|28|29|30
190650,KOSDAQ,stock,True,,,2026-09-17,2026-09-04,18|21|22|23|28|29|30,07|08|09|10|11|14|15|16|17|18|21|22|23|28|29|30
191410,KOSDAQ,stock,True,,,2026-09-17,2026-09-04,18|21|22|23|28|29|30,07|08|09|10|11|14|15|16|17|18|21|22|23|28|29|30
191420,KOSDAQ,stock,True,,,2026-09-17,2026-09-04,18|21|22|23|28|29|30,07|08|09|10|11|14|15|16|17|18|21|22|23|28|29|30
192080,KOSPI,stock,True,,,2026-09-17,2026-09-04,18|21|22|23|28|29|30,07|08|09|10|11|14|15|16|17|18|21|22|23|28|29|30
192090,KOSPI,etf,True,,,2026-09-17,2026-06-15,18|21|22|23|28|29|30,01|02|03|04|07|08|09|10|11|14|15|16|17|18|21|22|23|28|29|30
192250,KOSDAQ,stock,True,,,2026-09-17,2026-09-04,18|21|22|23|28|29|30,07|08|09|10|11|14|15|16|17|18|21|22|23|28|29|30
192390,KOSDAQ,stock,True,,,2026-09-17,2026-09-04,18|21|22|23|28|29|30,07|08|09|10|11|14|15|16|17|18|21|22|23|28|29|30
192400,KOSPI,stock,True,,,2026-09-17,2026-09-04,18|21|22|23|28|29|30,07|08|09|10|11|14|15|16|17|18|21|22|23|28|29|30
192410,KOSDAQ,stock,True,,,2026-09-17,2026-06-15,18|21|22|23|28|29|30,01|02|03|04|07|08|09|10|11|14|15|16|17|18|21|22|23|28|29|30
192440,KOSDAQ,stock,True,,,2026-09-17,2026-09-04,18|21|22|23|28|29|30,07|08|09|10|11|14|15|16|17|18|21|22|23|28|29|30
192650,KOSPI,stock,True,,,2026-09-17,2026-09-04,18|21|22|23|28|29|30,07|08|09|10|11|14|15|16|17|18|21|22|23|28|29|30
192720,KOSPI,etf,True,,,2026-09-17,2026-06-15,18|21|22|23|28|29|30,01|02|03|04|07|08|09|10|11|14|15|16|17|18|21|22|23|28|29|30
192820,KOSPI,stock,True,,,2026-09-17,2026-09-04,18|21|22|23|28|29|30,07|08|09|10|11|14|15|16|17|18|21|22|23|28|29|30
193250,KOSDAQ,stock,True,,,2026-09-17,2026-09-04,18|21|22|23|28|29|30,07|08|09|10|11|14|15|16|17|18|21|22|23|28|29|30
194370,KOSPI,stock,True,,,2026-09-17,2026-09-04,18|21|22|23|28|29|30,07|08|09|10|11|14|15|16|17|18|21|22|23|28|29|30
194480,KOSDAQ,stock,True,,,2026-09-17,2026-09-04,18|21|22|23|28|29|30,07|08|09|10|11|14|15|16|17|18|21|22|23|28|29|30
194700,KOSDAQ,stock,True,,,2026-09-17,2026-09-04,18|21|22|23|28|29|30,07|08|09|10|11|14|15|16|17|18|21|22|23|28|29|30
195500,KOSDAQ,stock,True,,,2026-09-17,2026-09-04,18|21|22|23|28|29|30,07|08|09|10|11|14|15|16|17|18|21|22|23|28|29|30
195870,KOSPI,stock,True,,,2026-09-17,2026-09-04,18|21|22|23|28|29|30,07|08|09|10|11|14|15|16|17|18|21|22|23|28|29|30
195920,KOSPI,etf,True,,,2026-09-17,2026-06-15,18|21|22|23|28|29|30,01|02|03|04|07|08|09|10|11|14|15|16|17|18|21|22|23|28|29|30
195930,KOSPI,etf,True,,,2026-09-17,2026-06-15,18|21|22|23|28|29|30,01|02|03|04|07|08|09|10|11|14|15|16|17|18|21|22|23|28|29|30
195940,KOSDAQ,stock,True,,,2026-09-17,2026-09-04,18|21|22|23|28|29|30,07|08|09|10|11|14|15|16|17|18|21|22|23|28|29|30
195970,KOSPI,etf,True,,,2026-09-17,2026-06-15,18|21|22|23|28|29|30,01|02|03|04|07|08|09|10|11|14|15|16|17|18|21|22|23|28|29|30
195980,KOSPI,etf,True,,,2026-09-17,2026-06-15,18|21|22|23|28|29|30,01|02|03|04|07|08|09|10|11|14|15|16|17|18|21|22|23|28|29|30
195990,KOSDAQ,stock,True,,,2026-09-17,2026-09-04,18|21|22|23|28|29|30,07|08|09|10|11|14|15|16|17|18|21|22|23|28|29|30
196030,KOSPI,etf,True,,,2026-09-17,2026-06-15,18|21|22|23|28|29|30,01|02|03|04|07|08|09|10|11|14|15|16|17|18|21|22|23|28|29|30
196170,KOSDAQ,stock,True,,,2026-09-17,2026-09-04,18|21|22|23|28|29|30,07|08|09|10|11|14|15|16|17|18|21|22|23|28|29|30
196230,KOSPI,etf,True,,,2026-09-17,2026-06-15,18|21|22|23|28|29|30,01|02|03|04|07|08|09|10|11|14|15|16|17|18|21|22|23|28|29|30
196300,KOSDAQ,stock,True,,,2026-09-17,2026-09-04,18|21|22|23|28|29|30,07|08|09|10|11|14|15|16|17|18|21|22|23|28|29|30
196450,KOSDAQ,stock,True,,,2026-09-17,2026-09-04,18|21|22|23|28|29|30,07|08|09|10|11|14|15|16|17|18|21|22|23|28|29|30
196490,KOSDAQ,stock,True,,,2026-09-04,2026-06-15,07|08|09|10|11|14|15|16|17|18|21|22|23|28|29|30,01|02|03|04|07|08|09|10|11|14|15|16|17|18|21|22|23|28|29|30
196700,KOSDAQ,stock,True,,,2026-09-17,2026-09-04,18|21|22|23|28|29|30,07|08|09|10|11|14|15|16|17|18|21|22|23|28|29|30
197140,KOSDAQ,stock,True,,,2026-09-17,2026-09-04,18|21|22|23|28|29|30,07|08|09|10|11|14|15|16|17|18|21|22|23|28|29|30
198080,KOSDAQ,stock,True,,,2026-09-17,2026-09-04,18|21|22|23|28|29|30,07|08|09|10|11|14|15|16|17|18|21|22|23|28|29|30
198440,KOSDAQ,stock,True,,,2026-09-17,2026-09-04,18|21|22|23|28|29|30,07|08|09|10|11|14|15|16|17|18|21|22|23|28|29|30
198940,KOSDAQ,stock,True,,,2026-09-17,2026-09-04,18|21|22|23|28|29|30,07|08|09|10|11|14|15|16|17|18|21|22|23|28|29|30
199430,KOSDAQ,stock,True,,,2026-09-17,2026-09-04,18|21|22|23|28|29|30,07|08|09|10|11|14|15|16|17|18|21|22|23|28|29|30
199480,KOSDAQ,stock,True,,,2026-09-17,2026-09-04,18|21|22|23|28|29|30,07|08|09|10|11|14|15|16|17|18|21|22|23|28|29|30
199550,KOSDAQ,stock,True,,,2026-09-17,2026-09-04,18|21|22|23|28|29|30,07|08|09|10|11|14|15|16|17|18|21|22|23|28|29|30
199730,KOSDAQ,stock,True,,,2026-09-17,2026-09-04,18|21|22|23|28|29|30,07|08|09|10|11|14|15|16|17|18|21|22|23|28|29|30
199800,KOSDAQ,stock,True,,,2026-09-17,2026-09-04,18|21|22|23|28|29|30,07|08|09|10|11|14|15|16|17|18|21|22|23|28|29|30
199820,KOSDAQ,stock,True,,,2026-09-17,2026-09-04,18|21|22|23|28|29|30,07|08|09|10|11|14|15|16|17|18|21|22|23|28|29|30
200030,KOSPI,etf,True,,,2026-09-17,2026-06-15,18|21|22|23|28|29|30,01|02|03|04|07|08|09|10|11|14|15|16|17|18|21|22|23|28|29|30
200130,KOSDAQ,stock,True,,,2026-09-17,2026-09-04,18|21|22|23|28|29|30,07|08|09|10|11|14|15|16|17|18|21|22|23|28|29|30
200230,KOSDAQ,stock,True,,,2026-09-17,2026-09-04,18|21|22|23|28|29|30,07|08|09|10|11|14|15|16|17|18|21|22|23|28|29|30
200250,KOSPI,etf,True,,,2026-09-17,2026-06-15,18|21|22|23|28|29|30,01|02|03|04|07|08|09|10|11|14|15|16|17|18|21|22|23|28|29|30
200350,KOSDAQ,stock,True,,,2026-09-17,2026-09-04,18|21|22|23|28|29|30,07|08|09|10|11|14|15|16|17|18|21|22|23|28|29|30
200470,KOSDAQ,stock,True,,,2026-09-17,2026-09-04,18|21|22|23|28|29|30,07|08|09|10|11|14|15|16|17|18|21|22|23|28|29|30
200670,KOSDAQ,stock,True,,,2026-09-17,2026-09-04,18|21|22|23|28|29|30,07|08|09|10|11|14|15|16|17|18|21|22|23|28|29|30
200710,KOSDAQ,stock,True,,,2026-09-17,2026-09-04,18|21|22|23|28|29|30,07|08|09|10|11|14|15|16|17|18|21|22|23|28|29|30
200780,KOSDAQ,stock,True,,,2026-09-17,2026-09-04,18|21|22|23|28|29|30,07|08|09|10|11|14|15|16|17|18|21|22|23|28|29|30
200880,KOSPI,stock,True,,,2026-09-17,2026-09-04,18|21|22|23|28|29|30,07|08|09|10|11|14|15|16|17|18|21|22|23|28|29|30
201490,KOSDAQ,stock,True,,,2026-09-17,2026-09-04,18|21|22|23|28|29|30,07|08|09|10|11|14|15|16|17|18|21|22|23|28|29|30
203400,KOSDAQ,stock,True,,,2026-09-04,2026-09-04,07|08|09|10|11|14|15|16|17|18|21|22|23|28|29|30,07|08|09|10|11|14|15|16|17|18|21|22|23|28|29|30
203450,KOSDAQ,stock,True,,,2026-09-17,2026-09-04,18|21|22|23|28|29|30,07|08|09|10|11|14|15|16|17|18|21|22|23|28|29|30
203650,KOSDAQ,stock,True,,,2026-09-17,2026-09-04,18|21|22|23|28|29|30,07|08|09|10|11|14|15|16|17|18|21|22|23|28|29|30
203690,KOSDAQ,stock,False,,2026-08-20,2026-07-07,2026-06-15,01|02|03|04|07|08|09|10|11|14|15|16|17|18|21|22|23|28|29|30,01|02|03|04|07|08|09|10|11|14|15|16|17|18|21|22|23|28|29|30
203780,KOSPI,etf,True,,,2026-09-17,2026-06-15,18|21|22|23|28|29|30,01|02|03|04|07|08|09|10|11|14|15|16|17|18|21|22|23|28|29|30
204020,KOSDAQ,stock,True,,,2026-09-17,2026-09-04,18|21|22|23|28|29|30,07|08|09|10|11|14|15|16|17|18|21|22|23|28|29|30
204270,KOSDAQ,stock,True,,,2026-09-17,2026-09-04,18|21|22|23|28|29|30,07|08|09|10|11|14|15|16|17|18|21|22|23|28|29|30
204320,KOSPI,stock,True,,,2026-09-17,2026-09-04,18|21|22|23|28|29|30,07|08|09|10|11|14|15|16|17|18|21|22|23|28|29|30
204450,KOSPI,etf,True,,,2026-09-17,2026-06-15,18|21|22|23|28|29|30,01|02|03|04|07|08|09|10|11|14|15|16|17|18|21|22|23|28|29|30
204480,KOSPI,etf,True,,,2026-09-17,2026-06-15,18|21|22|23|28|29|30,01|02|03|04|07|08|09|10|11|14|15|16|17|18|21|22|23|28|29|30
204610,KOSDAQ,stock,True,,,2026-09-17,2026-09-04,18|21|22|23|28|29|30,07|08|09|10|11|14|15|16|17|18|21|22|23|28|29|30
204620,KOSDAQ,stock,True,,,2026-09-17,2026-09-04,18|21|22|23|28|29|30,07|08|09|10|11|14|15|16|17|18|21|22|23|28|29|30
204840,KOSDAQ,stock,True,,,2026-09-17,2026-09-04,18|21|22|23|28|29|30,07|08|09|10|11|14|15|16|17|18|21|22|23|28|29|30
205100,KOSDAQ,stock,True,,,2026-09-17,2026-09-04,18|21|22|23|28|29|30,07|08|09|10|11|14|15|16|17|18|21|22|23|28|29|30
205470,KOSDAQ,stock,True,,,2026-09-17,2026-09-04,18|21|22|23|28|29|30,07|08|09|10|11|14|15|16|17|18|21|22|23|28|29|30
205500,KOSDAQ,stock,True,,,2026-09-17,2026-09-04,18|21|22|23|28|29|30,07|08|09|10|11|14|15|16|17|18|21|22|23|28|29|30
205720,KOSPI,etf,True,,,2026-09-17,,18|21|22|23|28|29|30,01|02|03|04|07|08|09|10|11|14|15|16|17|18|21|22|23|28|29|30
206400,KOSDAQ,stock,True,,,2026-09-17,2026-09-04,18|21|22|23|28|29|30,07|08|09|10|11|14|15|16|17|18|21|22|23|28|29|30
206560,KOSDAQ,stock,True,,,2026-09-17,2026-09-04,18|21|22|23|28|29|30,07|08|09|10|11|14|15|16|17|18|21|22|23|28|29|30
206640,KOSDAQ,stock,True,,,2026-09-17,2026-09-04,18|21|22|23|28|29|30,07|08|09|10|11|14|15|16|17|18|21|22|23|28|29|30
206650,KOSDAQ,stock,True,,,2026-09-17,2026-09-04,18|21|22|23|28|29|30,07|08|09|10|11|14|15|16|17|18|21|22|23|28|29|30
207760,KOSDAQ,stock,True,,,2026-09-17,2026-09-04,18|21|22|23|28|29|30,07|08|09|10|11|14|15|16|17|18|21|22|23|28|29|30
207940,KOSPI,stock,True,,,2026-09-17,2026-09-04,18|21|22|23|28|29|30,07|08|09|10|11|14|15|16|17|18|21|22|23|28|29|30
208140,KOSDAQ,stock,True,,,2026-09-17,2026-09-04,18|21|22|23|28|29|30,07|08|09|10|11|14|15|16|17|18|21|22|23|28|29|30
208350,KOSDAQ,stock,True,,,2026-09-17,2026-09-04,18|21|22|23|28|29|30,07|08|09|10|11|14|15|16|17|18|21|22|23|28|29|30
208370,KOSDAQ,stock,True,,,2026-09-17,2026-09-04,18|21|22|23|28|29|30,07|08|09|10|11|14|15|16|17|18|21|22|23|28|29|30
208640,KOSDAQ,stock,True,,,2026-09-17,2026-09-04,18|21|22|23|28|29|30,07|08|09|10|11|14|15|16|17|18|21|22|23|28|29|30
208710,KOSDAQ,stock,True,,,2026-09-17,2026-09-04,18|21|22|23|28|29|30,07|08|09|10|11|14|15|16|17|18|21|22|23|28|29|30
208860,KOSDAQ,stock,True,,,2026-09-04,2026-09-04,07|08|09|10|11|14|15|16|17|18|21|22|23|28|29|30,07|08|09|10|11|14|15|16|17|18|21|22|23|28|29|30
209640,KOSDAQ,stock,True,,,2026-09-17,2026-09-04,18|21|22|23|28|29|30,07|08|09|10|11|14|15|16|17|18|21|22|23|28|29|30
210120,KOSDAQ,stock,True,,,2026-09-17,2026-09-04,18|21|22|23|28|29|30,07|08|09|10|11|14|15|16|17|18|21|22|23|28|29|30
210540,KOSPI,stock,True,,,2026-09-17,2026-09-04,18|21|22|23|28|29|30,07|08|09|10|11|14|15|16|17|18|21|22|23|28|29|30
210780,KOSPI,etf,True,,,2026-09-17,2026-06-15,18|21|22|23|28|29|30,01|02|03|04|07|08|09|10|11|14|15|16|17|18|21|22|23|28|29|30
210980,KOSPI,stock,True,,,2026-09-17,2026-09-04,18|21|22|23|28|29|30,07|08|09|10|11|14|15|16|17|18|21|22|23|28|29|30
211050,KOSDAQ,stock,True,,,2026-09-17,2026-06-15,18|21|22|23|28|29|30,01|02|03|04|07|08|09|10|11|14|15|16|17|18|21|22|23|28|29|30
211270,KOSDAQ,stock,True,,,2026-09-17,2026-09-04,18|21|22|23|28|29|30,07|08|09|10|11|14|15|16|17|18|21|22|23|28|29|30
211560,KOSPI,etf,True,,,2026-09-17,2026-06-15,18|21|22|23|28|29|30,01|02|03|04|07|08|09|10|11|14|15|16|17|18|21|22|23|28|29|30
211900,KOSPI,etf,True,,,2026-09-17,2026-06-15,18|21|22|23|28|29|30,01|02|03|04|07|08|09|10|11|14|15|16|17|18|21|22|23|28|29|30
212560,KOSDAQ,stock,True,,,2026-09-17,2026-09-04,18|21|22|23|28|29|30,07|08|09|10|11|14|15|16|17|18|21|22|23|28|29|30
212710,KOSDAQ,stock,True,,,2026-09-17,2026-09-04,18|21|22|23|28|29|30,07|08|09|10|11|14|15|16|17|18|21|22|23|28|29|30
213420,KOSDAQ,stock,True,,,2026-09-17,2026-09-04,18|21|22|23|28|29|30,07|08|09|10|11|14|15|16|17|18|21|22|23|28|29|30
213500,KOSPI,stock,True,,,2026-09-17,2026-09-04,18|21|22|23|28|29|30,07|08|09|10|11|14|15|16|17|18|21|22|23|28|29|30
213610,KOSPI,etf,True,,,2026-09-17,2026-06-15,18|21|22|23|28|29|30,01|02|03|04|07|08|09|10|11|14|15|16|17|18|21|22|23|28|29|30
213630,KOSPI,etf,True,,,2026-09-17,2026-06-15,18|21|22|23|28|29|30,01|02|03|04|07|08|09|10|11|14|15|16|17|18|21|22|23|28|29|30
214150,KOSDAQ,stock,True,,,2026-09-17,2026-09-04,18|21|22|23|28|29|30,07|08|09|10|11|14|15|16|17|18|21|22|23|28|29|30
214180,KOSDAQ,stock,True,,,2026-09-17,2026-09-04,18|21|22|23|28|29|30,07|08|09|10|11|14|15|16|17|18|21|22|23|28|29|30
214260,KOSDAQ,stock,True,,,2026-09-17,2026-09-04,18|21|22|23|28|29|30,07|08|09|10|11|14|15|16|17|18|21|22|23|28|29|30
214270,KOSDAQ,stock,True,,,2026-09-17,2026-09-04,18|21|22|23|28|29|30,07|08|09|10|11|14|15|16|17|18|21|22|23|28|29|30
214320,KOSPI,stock,True,,,2026-09-17,2026-09-04,18|21|22|23|28|29|30,07|08|09|10|11|14|15|16|17|18|21|22|23|28|29|30
214330,KOSPI,stock,True,,,2026-09-17,2026-09-04,18|21|22|23|28|29|30,07|08|09|10|11|14|15|16|17|18|21|22|23|28|29|30
214370,KOSDAQ,stock,True,,,2026-09-17,2026-06-15,18|21|22|23|28|29|30,01|02|03|04|07|08|09|10|11|14|15|16|17|18|21|22|23|28|29|30
214390,KOSPI,stock,True,,,2026-09-17,2026-09-04,18|21|22|23|28|29|30,07|08|09|10|11|14|15|16|17|18|21|22|23|28|29|30
214420,KOSPI,stock,True,,,2026-09-17,2026-09-04,18|21|22|23|28|29|30,07|08|09|10|11|14|15|16|17|18|21|22|23|28|29|30
214430,KOSDAQ,stock,True,,,2026-09-17,2026-09-04,18|21|22|23|28|29|30,07|08|09|10|11|14|15|16|17|18|21|22|23|28|29|30
214450,KOSDAQ,stock,True,,,2026-09-17,2026-09-04,18|21|22|23|28|29|30,07|08|09|10|11|14|15|16|17|18|21|22|23|28|29|30
214610,KOSDAQ,stock,True,,,2026-09-04,2026-09-04,07|08|09|10|11|14|15|16|17|18|21|22|23|28|29|30,07|08|09|10|11|14|15|16|17|18|21|22|23|28|29|30
214680,KOSDAQ,stock,True,,,2026-09-17,2026-09-04,18|21|22|23|28|29|30,07|08|09|10|11|14|15|16|17|18|21|22|23|28|29|30
214980,KOSPI,etf,True,,,2026-09-17,2026-06-15,18|21|22|23|28|29|30,01|02|03|04|07|08|09|10|11|14|15|16|17|18|21|22|23|28|29|30
215000,KOSDAQ,stock,True,,,2026-09-17,2026-09-04,18|21|22|23|28|29|30,07|08|09|10|11|14|15|16|17|18|21|22|23|28|29|30
215090,KOSDAQ,stock,True,,,2026-09-17,2026-09-04,18|21|22|23|28|29|30,07|08|09|10|11|14|15|16|17|18|21|22|23|28|29|30
215100,KOSDAQ,stock,True,,,2026-09-17,2026-09-04,18|21|22|23|28|29|30,07|08|09|10|11|14|15|16|17|18|21|22|23|28|29|30
215200,KOSDAQ,stock,True,,,2026-09-17,2026-09-04,18|21|22|23|28|29|30,07|08|09|10|11|14|15|16|17|18|21|22|23|28|29|30
215360,KOSDAQ,stock,True,,,2026-09-17,2026-09-04,18|21|22|23|28|29|30,07|08|09|10|11|14|15|16|17|18|21|22|23|28|29|30
215380,KOSDAQ,stock,True,,,2026-09-17,2026-09-04,18|21|22|23|28|29|30,07|08|09|10|11|14|15|16|17|18|21|22|23|28|29|30
215480,KOSDAQ,stock,True,,,2026-09-17,2026-09-04,18|21|22|23|28|29|30,07|08|09|10|11|14|15|16|17|18|21|22|23|28|29|30
215600,KOSDAQ,stock,True,,,2026-09-17,2026-09-04,18|21|22|23|28|29|30,07|08|09|10|11|14|15|16|17|18|21|22|23|28|29|30
215620,KOSPI,etf,True,,,,,01|02|03|04|07|08|09|10|11|14|15|16|17|18|21|22|23|28|29|30,01|02|03|04|07|08|09|10|11|14|15|16|17|18|21|22|23|28|29|30
215790,KOSDAQ,stock,True,,,2026-09-17,2026-09-04,18|21|22|23|28|29|30,07|08|09|10|11|14|15|16|17|18|21|22|23|28|29|30
216050,KOSDAQ,stock,True,,,2026-09-17,2026-09-04,18|21|22|23|28|29|30,07|08|09|10|11|14|15|16|17|18|21|22|23|28|29|30
216080,KOSDAQ,stock,True,,,2026-09-17,2026-09-04,18|21|22|23|28|29|30,07|08|09|10|11|14|15|16|17|18|21|22|23|28|29|30
217190,KOSDAQ,stock,True,,,2026-09-17,2026-09-04,18|21|22|23|28|29|30,07|08|09|10|11|14|15|16|17|18|21|22|23|28|29|30
217270,KOSDAQ,stock,True,,,2026-09-17,2026-09-04,18|21|22|23|28|29|30,07|08|09|10|11|14|15|16|17|18|21|22|23|28|29|30
217330,KOSDAQ,stock,True,,,2026-09-17,2026-09-04,18|21|22|23|28|29|30,07|08|09|10|11|14|15|16|17|18|21|22|23|28|29|30
217480,KOSDAQ,stock,True,,,2026-09-04,2026-09-04,07|08|09|10|11|14|15|16|17|18|21|22|23|28|29|30,07|08|09|10|11|14|15|16|17|18|21|22|23|28|29|30
217500,KOSDAQ,stock,True,,,2026-09-17,2026-09-04,18|21|22|23|28|29|30,07|08|09|10|11|14|15|16|17|18|21|22|23|28|29|30
217590,KOSPI,stock,True,,,2026-09-17,,18|21|22|23|28|29|30,01|02|03|04|07|08|09|10|11|14|15|16|17|18|21|22|23|28|29|30
217730,KOSDAQ,stock,True,,,2026-09-17,2026-09-04,18|21|22|23|28|29|30,07|08|09|10|11|14|15|16|17|18|21|22|23|28|29|30
217770,KOSPI,etf,True,,,2026-09-17,2026-06-15,18|21|22|23|28|29|30,01|02|03|04|07|08|09|10|11|14|15|16|17|18|21|22|23|28|29|30
217780,KOSPI,etf,True,,,2026-09-17,,18|21|22|23|28|29|30,01|02|03|04|07|08|09|10|11|14|15|16|17|18|21|22|23|28|29|30
217820,KOSDAQ,stock,True,,,2026-09-17,2026-09-04,18|21|22|23|28|29|30,07|08|09|10|11|14|15|16|17|18|21|22|23|28|29|30
218150,KOSDAQ,stock,True,,,2026-09-17,2026-09-04,18|21|22|23|28|29|30,07|08|09|10|11|14|15|16|17|18|21|22|23|28|29|30
218410,KOSDAQ,stock,True,,,2026-09-17,2026-09-04,18|21|22|23|28|29|30,07|08|09|10|11|14|15|16|17|18|21|22|23|28|29|30
218420,KOSPI,etf,True,,,2026-09-17,2026-06-15,18|21|22|23|28|29|30,01|02|03|04|07|08|09|10|11|14|15|16|17|18|21|22|23|28|29|30
219130,KOSDAQ,stock,True,,,2026-09-17,2026-09-04,18|21|22|23|28|29|30,07|08|09|10|11|14|15|16|17|18|21|22|23|28|29|30
219390,KOSPI,etf,True,,,2026-09-17,2026-06-15,18|21|22|23|28|29|30,01|02|03|04|07|08|09|10|11|14|15|16|17|18|21|22|23|28|29|30
219420,KOSDAQ,stock,True,,,2026-09-17,2026-09-04,18|21|22|23|28|29|30,07|08|09|10|11|14|15|16|17|18|21|22|23|28|29|30
219480,KOSPI,etf,True,,,2026-09-17,2026-06-15,18|21|22|23|28|29|30,01|02|03|04|07|08|09|10|11|14|15|16|17|18|21|22|23|28|29|30
219550,KOSDAQ,stock,True,,,2026-09-17,2026-09-04,18|21|22|23|28|29|30,07|08|09|10|11|14|15|16|17|18|21|22|23|28|29|30
219750,KOSDAQ,stock,True,,,2026-09-17,2026-09-04,18|21|22|23|28|29|30,07|08|09|10|11|14|15|16|17|18|21|22|23|28|29|30
219900,KOSPI,etf,True,,,2026-09-17,,18|21|22|23|28|29|30,01|02|03|04|07|08|09|10|11|14|15|16|17|18|21|22|23|28|29|30
220100,KOSDAQ,stock,True,,,2026-09-17,2026-09-04,18|21|22|23|28|29|30,07|08|09|10|11|14|15|16|17|18|21|22|23|28|29|30
220130,KOSPI,etf,True,,,2026-09-17,,18|21|22|23|28|29|30,01|02|03|04|07|08|09|10|11|14|15|16|17|18|21|22|23|28|29|30
220180,KOSDAQ,stock,True,,,2026-09-17,2026-09-04,18|21|22|23|28|29|30,07|08|09|10|11|14|15|16|17|18|21|22|23|28|29|30
220260,KOSDAQ,stock,True,,,2026-09-17,2026-09-04,18|21|22|23|28|29|30,07|08|09|10|11|14|15|16|17|18|21|22|23|28|29|30
221800,KOSDAQ,stock,True,,,2026-09-17,2026-09-04,18|21|22|23|28|29|30,07|08|09|10|11|14|15|16|17|18|21|22|23|28|29|30
221840,KOSDAQ,stock,True,,,2026-09-17,2026-09-04,18|21|22|23|28|29|30,07|08|09|10|11|14|15|16|17|18|21|22|23|28|29|30
221980,KOSDAQ,stock,True,,,2026-09-17,2026-09-04,18|21|22|23|28|29|30,07|08|09|10|11|14|15|16|17|18|21|22|23|28|29|30
222040,KOSDAQ,stock,True,,,2026-09-17,2026-09-04,18|21|22|23|28|29|30,07|08|09|10|11|14|15|16|17|18|21|22|23|28|29|30
222080,KOSDAQ,stock,True,,,2026-09-17,2026-09-04,18|21|22|23|28|29|30,07|08|09|10|11|14|15|16|17|18|21|22|23|28|29|30
222110,KOSDAQ,stock,True,,,2026-09-17,2026-09-04,18|21|22|23|28|29|30,07|08|09|10|11|14|15|16|17|18|21|22|23|28|29|30
222160,KOSDAQ,stock,False,,2026-08-20,2026-07-06,2026-06-25,01|02|03|04|07|08|09|10|11|14|15|16|17|18|21|22|23|28|29|30,01|02|03|04|07|08|09|10|11|14|15|16|17|18|21|22|23|28|29|30
222420,KOSDAQ,stock,True,,,2026-09-17,2026-09-04,18|21|22|23|28|29|30,07|08|09|10|11|14|15|16|17|18|21|22|23|28|29|30
222800,KOSDAQ,stock,True,,,2026-09-17,2026-09-04,18|21|22|23|28|29|30,07|08|09|10|11|14|15|16|17|18|21|22|23|28|29|30
222980,KOSDAQ,stock,True,,,2026-09-17,2026-09-04,18|21|22|23|28|29|30,07|08|09|10|11|14|15|16|17|18|21|22|23|28|29|30
223190,KOSPI,etf,True,,,2026-09-17,2026-06-15,18|21|22|23|28|29|30,01|02|03|04|07|08|09|10|11|14|15|16|17|18|21|22|23|28|29|30
223250,KOSDAQ,stock,True,,,2026-09-17,2026-09-04,18|21|22|23|28|29|30,07|08|09|10|11|14|15|16|17|18|21|22|23|28|29|30
223310,KOSDAQ,stock,True,,,2026-09-17,2026-09-04,18|21|22|23|28|29|30,07|08|09|10|11|14|15|16|17|18|21|22|23|28|29|30
224060,KOSDAQ,stock,True,,,2026-09-17,2026-09-04,18|21|22|23|28|29|30,07|08|09|10|11|14|15|16|17|18|21|22|23|28|29|30
224110,KOSDAQ,stock,True,,,2026-09-17,2026-09-04,18|21|22|23|28|29|30,07|08|09|10|11|14|15|16|17|18|21|22|23|28|29|30
225030,KOSPI,etf,True,,,2026-09-17,,18|21|22|23|28|29|30,01|02|03|04|07|08|09|10|11|14|15|16|17|18|21|22|23|28|29|30
225040,KOSPI,etf,True,,,2026-09-17,2026-06-15,18|21|22|23|28|29|30,01|02|03|04|07|08|09|10|11|14|15|16|17|18|21|22|23|28|29|30
225050,KOSPI,etf,True,,,2026-09-17,,18|21|22|23|28|29|30,01|02|03|04|07|08|09|10|11|14|15|16|17|18|21|22|23|28|29|30
225060,KOSPI,etf,True,,,2026-09-17,2026-06-15,18|21|22|23|28|29|30,01|02|03|04|07|08|09|10|11|14|15|16|17|18|21|22|23|28|29|30
225130,KOSPI,etf,True,,,2026-09-17,2026-06-15,18|21|22|23|28|29|30,01|02|03|04|07|08|09|10|11|14|15|16|17|18|21|22|23|28|29|30
225190,KOSDAQ,stock,True,,,2026-09-04,2026-06-15,07|08|09|10|11|14|15|16|17|18|21|22|23|28|29|30,01|02|03|04|07|08|09|10|11|14|15|16|17|18|21|22|23|28|29|30
225220,KOSDAQ,stock,True,,,2026-09-17,2026-09-04,18|21|22|23|28|29|30,07|08|09|10|11|14|15|16|17|18|21|22|23|28|29|30
225430,KOSDAQ,stock,True,,,2026-09-14,2026-09-04,15|16|17|18|21|22|23|28|29|30,07|08|09|10|11|14|15|16|17|18|21|22|23|28|29|30
225530,KOSDAQ,stock,True,,,2026-09-17,2026-09-04,18|21|22|23|28|29|30,07|08|09|10|11|14|15|16|17|18|21|22|23|28|29|30
225570,KOSDAQ,stock,True,,,2026-09-17,2026-09-04,18|21|22|23|28|29|30,07|08|09|10|11|14|15|16|17|18|21|22|23|28|29|30
225590,KOSDAQ,stock,True,,,2026-09-17,2026-09-04,18|21|22|23|28|29|30,07|08|09|10|11|14|15|16|17|18|21|22|23|28|29|30
225800,KOSPI,etf,True,,,2026-09-17,,18|21|22|23|28|29|30,01|02|03|04|07|08|09|10|11|14|15|16|17|18|21|22|23|28|29|30
226320,KOSPI,stock,True,,,2026-09-17,2026-09-04,18|21|22|23|28|29|30,07|08|09|10|11|14|15|16|17|18|21|22|23|28|29|30
226330,KOSDAQ,stock,True,,,2026-09-17,2026-09-04,18|21|22|23|28|29|30,07|08|09|10|11|14|15|16|17|18|21|22|23|28|29|30
226340,KOSDAQ,stock,True,,,2026-09-17,2026-08-26,18|21|22|23|28|29|30,01|02|03|04|07|08|09|10|11|14|15|16|17|18|21|22|23|28|29|30
226380,KOSPI,etf,True,,,,,01|02|03|04|07|08|09|10|11|14|15|16|17|18|21|22|23|28|29|30,01|02|03|04|07|08|09|10|11|14|15|16|17|18|21|22|23|28|29|30
226400,KOSDAQ,stock,True,,,2026-09-17,2026-09-04,18|21|22|23|28|29|30,07|08|09|10|11|14|15|16|17|18|21|22|23|28|29|30
226490,KOSPI,etf,True,,,2026-09-17,2026-06-15,18|21|22|23|28|29|30,01|02|03|04|07|08|09|10|11|14|15|16|17|18|21|22|23|28|29|30
226590,KOSDAQ,stock,True,,,2026-09-17,2026-09-04,18|21|22|23|28|29|30,07|08|09|10|11|14|15|16|17|18|21|22|23|28|29|30
226950,KOSDAQ,stock,True,,,2026-09-17,2026-09-04,18|21|22|23|28|29|30,07|08|09|10|11|14|15|16|17|18|21|22|23|28|29|30
226980,KOSPI,etf,True,,,2026-09-17,2026-06-15,18|21|22|23|28|29|30,01|02|03|04|07|08|09|10|11|14|15|16|17|18|21|22|23|28|29|30
227100,KOSDAQ,stock,False,,2026-08-20,2026-06-30,2026-06-21,01|02|03|04|07|08|09|10|11|14|15|16|17|18|21|22|23|28|29|30,01|02|03|04|07|08|09|10|11|14|15|16|17|18|21|22|23|28|29|30
227540,KOSPI,etf,True,,,2026-09-17,2026-06-15,18|21|22|23|28|29|30,01|02|03|04|07|08|09|10|11|14|15|16|17|18|21|22|23|28|29|30
227550,KOSPI,etf,True,,,,,01|02|03|04|07|08|09|10|11|14|15|16|17|18|21|22|23|28|29|30,01|02|03|04|07|08|09|10|11|14|15|16|17|18|21|22|23|28|29|30
227560,KOSPI,etf,True,,,2026-09-17,,18|21|22|23|28|29|30,01|02|03|04|07|08|09|10|11|14|15|16|17|18|21|22|23|28|29|30
227570,KOSPI,etf,True,,,2026-09-17,,18|21|22|23|28|29|30,01|02|03|04|07|08|09|10|11|14|15|16|17|18|21|22|23|28|29|30
227610,KOSDAQ,stock,True,,,2026-09-17,2026-09-04,18|21|22|23|28|29|30,07|08|09|10|11|14|15|16|17|18|21|22|23|28|29|30
227830,KOSPI,etf,True,,,2026-09-17,2026-06-15,18|21|22|23|28|29|30,01|02|03|04|07|08|09|10|11|14|15|16|17|18|21|22|23|28|29|30
227840,KOSPI,stock,True,,,2026-09-17,2026-09-04,18|21|22|23|28|29|30,07|08|09|10|11|14|15|16|17|18|21|22|23|28|29|30
227950,KOSDAQ,stock,True,,,2026-09-17,2026-09-04,18|21|22|23|28|29|30,07|08|09|10|11|14|15|16|17|18|21|22|23|28|29|30
228340,KOSDAQ,stock,True,,,2026-09-17,2026-09-04,18|21|22|23|28|29|30,07|08|09|10|11|14|15|16|17|18|21|22|23|28|29|30
228670,KOSDAQ,stock,True,,,2026-09-17,2026-09-04,18|21|22|23|28|29|30,07|08|09|10|11|14|15|16|17|18|21|22|23|28|29|30
228760,KOSDAQ,stock,True,,,2026-09-17,2026-09-04,18|21|22|23|28|29|30,07|08|09|10|11|14|15|16|17|18|21|22|23|28|29|30
228790,KOSPI,etf,True,,,2026-09-17,2026-06-15,18|21|22|23|28|29|30,01|02|03|04|07|08|09|10|11|14|15|16|17|18|21|22|23|28|29|30
228800,KOSPI,etf,True,,,2026-09-17,2026-06-15,18|21|22|23|28|29|30,01|02|03|04|07|08|09|10|11|14|15|16|17|18|21|22|23|28|29|30
228810,KOSPI,etf,True,,,2026-09-17,2026-06-15,18|21|22|23|28|29|30,01|02|03|04|07|08|09|10|11|14|15|16|17|18|21|22|23|28|29|30
228820,KOSPI,etf,True,,,2026-09-17,2026-06-15,18|21|22|23|28|29|30,01|02|03|04|07|08|09|10|11|14|15|16|17|18|21|22|23|28|29|30
228850,KOSDAQ,stock,True,,,2026-09-17,2026-09-04,18|21|22|23|28|29|30,07|08|09|10|11|14|15|16|17|18|21|22|23|28|29|30
229000,KOSDAQ,stock,True,,,2026-09-14,2026-09-04,15|16|17|18|21|22|23|28|29|30,07|08|09|10|11|14|15|16|17|18|21|22|23|28|29|30
229200,KOSPI,etf,True,,,2026-09-17,2026-06-15,18|21|22|23|28|29|30,01|02|03|04|07|08|09|10|11|14|15|16|17|18|21|22|23|28|29|30
229640,KOSPI,stock,True,,,2026-09-17,2026-09-04,18|21|22|23|28|29|30,07|08|09|10|11|14|15|16|17|18|21|22|23|28|29|30
229720,KOSPI,etf,True,,,2026-09-17,2026-06-15,18|21|22|23|28|29|30,01|02|03|04|07|08|09|10|11|14|15|16|17|18|21|22|23|28|29|30
230240,KOSDAQ,stock,True,,,2026-09-17,2026-09-04,18|21|22|23|28|29|30,07|08|09|10|11|14|15|16|17|18|21|22|23|28|29|30
230360,KOSDAQ,stock,False,,2026-08-20,2026-06-29,2026-08-19,01|02|03|04|07|08|09|10|11|14|15|16|17|18|21|22|23|28|29|30,01|02|03|04|07|08|09|10|11|14|15|16|17|18|21|22|23|28|29|30
230480,KOSPI,etf,True,,,2026-09-17,,18|21|22|23|28|29|30,01|02|03|04|07|08|09|10|11|14|15|16|17|18|21|22|23|28|29|30
230980,KOSDAQ,stock,False,,2026-08-20,2026-06-04,2026-06-15,01|02|03|04|07|08|09|10|11|14|15|16|17|18|21|22|23|28|29|30,01|02|03|04|07|08|09|10|11|14|15|16|17|18|21|22|23|28|29|30
232080,KOSPI,etf,True,,,2026-09-17,2026-06-15,18|21|22|23|28|29|30,01|02|03|04|07|08|09|10|11|14|15|16|17|18|21|22|23|28|29|30
232140,KOSDAQ,stock,True,,,2026-09-17,2026-09-04,18|21|22|23|28|29|30,07|08|09|10|11|14|15|16|17|18|21|22|23|28|29|30
232680,KOSDAQ,stock,True,,,2026-09-17,2026-09-04,18|21|22|23|28|29|30,07|08|09|10|11|14|15|16|17|18|21|22|23|28|29|30
232830,KOSDAQ,stock,True,,,2026-09-17,2026-09-04,18|21|22|23|28|29|30,07|08|09|10|11|14|15|16|17|18|21|22|23|28|29|30
233160,KOSPI,etf,True,,,2026-09-17,2026-06-15,18|21|22|23|28|29|30,01|02|03|04|07|08|09|10|11|14|15|16|17|18|21|22|23|28|29|30
233740,KOSPI,etf,True,,,2026-09-17,2026-06-15,18|21|22|23|28|29|30,01|02|03|04|07|08|09|10|11|14|15|16|17|18|21|22|23|28|29|30
234030,KOSDAQ,stock,True,,,2026-09-17,2026-09-04,18|21|22|23|28|29|30,07|08|09|10|11|14|15|16|17|18|21|22|23|28|29|30
234080,KOSPI,stock,True,,,2026-09-17,2026-09-04,18|21|22|23|28|29|30,07|08|09|10|11|14|15|16|17|18|21|22|23|28|29|30
234100,KOSDAQ,stock,True,,,2026-09-17,2026-09-04,18|21|22|23|28|29|30,07|08|09|10|11|14|15|16|17|18|21|22|23|28|29|30
234300,KOSDAQ,stock,True,,,2026-09-17,2026-09-04,18|21|22|23|28|29|30,07|08|09|10|11|14|15|16|17|18|21|22|23|28|29|30
234310,KOSPI,etf,True,,,,,01|02|03|04|07|08|09|10|11|14|15|16|17|18|21|22|23|28|29|30,01|02|03|04|07|08|09|10|11|14|15|16|17|18|21|22|23|28|29|30
234340,KOSDAQ,stock,True,,,2026-09-17,2026-09-04,18|21|22|23|28|29|30,07|08|09|10|11|14|15|16|17|18|21|22|23|28|29|30
234690,KOSDAQ,stock,True,,,2026-09-17,2026-09-04,18|21|22|23|28|29|30,07|08|09|10|11|14|15|16|17|18|21|22|23|28|29|30
234920,KOSDAQ,stock,True,,,2026-09-04,2026-09-04,07|08|09|10|11|14|15|16|17|18|21|22|23|28|29|30,07|08|09|10|11|14|15|16|17|18|21|22|23|28|29|30
235980,KOSDAQ,stock,True,,,2026-09-17,2026-09-04,18|21|22|23|28|29|30,07|08|09|10|11|14|15|16|17|18|21|22|23|28|29|30
236200,KOSDAQ,stock,True,,,2026-09-17,2026-09-04,18|21|22|23|28|29|30,07|08|09|10|11|14|15|16|17|18|21|22|23|28|29|30
236350,KOSPI,etf,True,,,2026-09-17,2026-06-15,18|21|22|23|28|29|30,01|02|03|04|07|08|09|10|11|14|15|16|17|18|21|22|23|28|29|30
236810,KOSDAQ,stock,True,,,2026-09-17,2026-09-04,18|21|22|23|28|29|30,07|08|09|10|11|14|15|16|17|18|21|22|23|28|29|30
237350,KOSPI,etf,True,,,2026-09-17,2026-06-15,18|21|22|23|28|29|30,01|02|03|04|07|08|09|10|11|14|15|16|17|18|21|22|23|28|29|30
237370,KOSPI,etf,True,,,2026-09-17,2026-06-15,18|21|22|23|28|29|30,01|02|03|04|07|08|09|10|11|14|15|16|17|18|21|22|23|28|29|30
237440,KOSPI,etf,True,,,2026-09-17,,18|21|22|23|28|29|30,01|02|03|04|07|08|09|10|11|14|15|16|17|18|21|22|23|28|29|30
237690,KOSDAQ,stock,True,,,2026-09-17,2026-09-04,18|21|22|23|28|29|30,07|08|09|10|11|14|15|16|17|18|21|22|23|28|29|30
237750,KOSDAQ,stock,True,,,2026-09-17,2026-09-04,18|21|22|23|28|29|30,07|08|09|10|11|14|15|16|17|18|21|22|23|28|29|30
237820,KOSDAQ,stock,True,,,2026-09-17,2026-09-04,18|21|22|23|28|29|30,07|08|09|10|11|14|15|16|17|18|21|22|23|28|29|30
237880,KOSDAQ,stock,True,,,2026-09-17,2026-09-04,18|21|22|23|28|29|30,07|08|09|10|11|14|15|16|17|18|21|22|23|28|29|30
238090,KOSDAQ,stock,True,,,2026-09-17,2026-09-04,18|21|22|23|28|29|30,07|08|09|10|11|14|15|16|17|18|21|22|23|28|29|30
238120,KOSDAQ,stock,True,,,2026-09-17,2026-09-04,18|21|22|23|28|29|30,07|08|09|10|11|14|15|16|17|18|21|22|23|28|29|30
238200,KOSDAQ,stock,True,,,2026-09-17,2026-09-04,18|21|22|23|28|29|30,07|08|09|10|11|14|15|16|17|18|21|22|23|28|29|30
238490,KOSDAQ,stock,True,,,2026-09-17,2026-09-04,18|21|22|23|28|29|30,07|08|09|10|11|14|15|16|17|18|21|22|23|28|29|30
238670,KOSPI,etf,True,,,2026-09-17,,18|21|22|23|28|29|30,01|02|03|04|07|08|09|10|11|14|15|16|17|18|21|22|23|28|29|30
238720,KOSPI,etf,True,,,2026-09-17,2026-06-15,18|21|22|23|28|29|30,01|02|03|04|07|08|09|10|11|14|15|16|17|18|21|22|23|28|29|30
239340,KOSDAQ,stock,True,,,2026-09-04,2026-09-04,07|08|09|10|11|14|15|16|17|18|21|22|23|28|29|30,07|08|09|10|11|14|15|16|17|18|21|22|23|28|29|30
239610,KOSDAQ,stock,True,,,2026-09-17,2026-09-04,18|21|22|23|28|29|30,07|08|09|10|11|14|15|16|17|18|21|22|23|28|29|30
239660,KOSPI,etf,True,,,2026-09-17,2026-06-15,18|21|22|23|28|29|30,01|02|03|04|07|08|09|10|11|14|15|16|17|18|21|22|23|28|29|30
239890,KOSDAQ,stock,True,,,2026-09-17,2026-09-04,18|21|22|23|28|29|30,07|08|09|10|11|14|15|16|17|18|21|22|23|28|29|30
240550,KOSDAQ,stock,True,,,2026-09-17,2026-09-04,18|21|22|23|28|29|30,07|08|09|10|11|14|15|16|17|18|21|22|23|28|29|30
240600,KOSDAQ,stock,True,,,2026-09-17,2026-09-04,18|21|22|23|28|29|30,07|08|09|10|11|14|15|16|17|18|21|22|23|28|29|30
240810,KOSDAQ,stock,True,,,2026-09-17,2026-09-04,18|21|22|23|28|29|30,07|08|09|10|11|14|15|16|17|18|21|22|23|28|29|30
241180,KOSPI,etf,True,,,2026-09-17,2026-06-15,18|21|22|23|28|29|30,01|02|03|04|07|08|09|10|11|14|15|16|17|18|21|22|23|28|29|30
241390,KOSPI,etf,True,,,2026-09-17,2026-06-15,18|21|22|23|28|29|30,01|02|03|04|07|08|09|10|11|14|15|16|17|18|21|22|23|28|29|30
241520,KOSDAQ,stock,True,,,2026-09-17,2026-09-04,18|21|22|23|28|29|30,07|08|09|10|11|14|15|16|17|18|21|22|23|28|29|30
241560,KOSPI,stock,True,,,2026-09-17,2026-09-04,18|21|22|23|28|29|30,07|08|09|10|11|14|15|16|17|18|21|22|23|28|29|30
241590,KOSPI,stock,True,,,2026-09-17,2026-09-04,18|21|22|23|28|29|30,07|08|09|10|11|14|15|16|17|18|21|22|23|28|29|30
241690,KOSDAQ,stock,True,,,2026-09-17,2026-09-04,18|21|22|23|28|29|30,07|08|09|10|11|14|15|16|17|18|21|22|23|28|29|30
241710,KOSDAQ,stock,True,,,2026-09-17,2026-09-04,18|21|22|23|28|29|30,07|08|09|10|11|14|15|16|17|18|21|22|23|28|29|30
241770,KOSDAQ,stock,True,,,2026-09-17,2026-09-04,18|21|22|23|28|29|30,07|08|09|10|11|14|15|16|17|18|21|22|23|28|29|30
241790,KOSDAQ,stock,True,,,2026-09-17,2026-09-04,18|21|22|23|28|29|30,07|08|09|10|11|14|15|16|17|18|21|22|23|28|29|30
241820,KOSDAQ,stock,True,,,2026-09-04,2026-09-04,07|08|09|10|11|14|15|16|17|18|21|22|23|28|29|30,07|08|09|10|11|14|15|16|17|18|21|22|23|28|29|30
241840,KOSDAQ,stock,True,,,2026-09-17,2026-09-04,18|21|22|23|28|29|30,07|08|09|10|11|14|15|16|17|18|21|22|23|28|29|30
242040,KOSDAQ,stock,True,,,2026-09-17,2026-09-04,18|21|22|23|28|29|30,07|08|09|10|11|14|15|16|17|18|21|22|23|28|29|30
243070,KOSDAQ,stock,True,,,2026-09-17,2026-09-04,18|21|22|23|28|29|30,07|08|09|10|11|14|15|16|17|18|21|22|23|28|29|30
243840,KOSDAQ,stock,True,,,2026-09-17,2026-06-15,18|21|22|23|28|29|30,01|02|03|04|07|08|09|10|11|14|15|16|17|18|21|22|23|28|29|30
243880,KOSPI,etf,True,,,2026-09-17,2026-06-15,18|21|22|23|28|29|30,01|02|03|04|07|08|09|10|11|14|15|16|17|18|21|22|23|28|29|30
243890,KOSPI,etf,True,,,2026-09-17,,18|21|22|23|28|29|30,01|02|03|04|07|08|09|10|11|14|15|16|17|18|21|22|23|28|29|30
244460,KOSDAQ,stock,True,,,2026-09-04,2026-09-04,07|08|09|10|11|14|15|16|17|18|21|22|23|28|29|30,07|08|09|10|11|14|15|16|17|18|21|22|23|28|29|30
244580,KOSPI,etf,True,,,2026-09-17,2026-06-15,18|21|22|23|28|29|30,01|02|03|04|07|08|09|10|11|14|15|16|17|18|21|22|23|28|29|30
244620,KOSPI,etf,True,,,2026-09-17,2026-06-15,18|21|22|23|28|29|30,01|02|03|04|07|08|09|10|11|14|15|16|17|18|21|22|23|28|29|30
244660,KOSPI,etf,True,,,2026-09-17,,18|21|22|23|28|29|30,01|02|03|04|07|08|09|10|11|14|15|16|17|18|21|22|23|28|29|30
244670,KOSPI,etf,True,,,2026-09-17,,18|21|22|23|28|29|30,01|02|03|04|07|08|09|10|11|14|15|16|17|18|21|22|23|28|29|30
244920,KOSPI,stock,True,,,2026-09-17,2026-09-04,18|21|22|23|28|29|30,07|08|09|10|11|14|15|16|17|18|21|22|23|28|29|30
245340,KOSPI,etf,True,,,2026-09-17,2026-06-15,18|21|22|23|28|29|30,01|02|03|04|07|08|09|10|11|14|15|16|17|18|21|22|23|28|29|30
245350,KOSPI,etf,True,,,2026-09-17,2026-06-15,18|21|22|23|28|29|30,01|02|03|04|07|08|09|10|11|14|15|16|17|18|21|22|23|28|29|30
245360,KOSPI,etf,True,,,2026-09-17,2026-06-15,18|21|22|23|28|29|30,01|02|03|04|07|08|09|10|11|14|15|16|17|18|21|22|23|28|29|30
245620,KOSDAQ,stock,True,,,2026-09-04,2026-09-04,07|08|09|10|11|14|15|16|17|18|21|22|23|28|29|30,07|08|09|10|11|14|15|16|17|18|21|22|23|28|29|30
245710,KOSPI,etf,True,,,2026-09-17,2026-06-15,18|21|22|23|28|29|30,01|02|03|04|07|08|09|10|11|14|15|16|17|18|21|22|23|28|29|30
246250,KOSDAQ,stock,True,,,2026-09-04,2026-09-04,07|08|09|10|11|14|15|16|17|18|21|22|23|28|29|30,07|08|09|10|11|14|15|16|17|18|21|22|23|28|29|30
246690,KOSDAQ,stock,True,,,2026-09-17,2026-09-04,18|21|22|23|28|29|30,07|08|09|10|11|14|15|16|17|18|21|22|23|28|29|30
246710,KOSDAQ,stock,True,,,2026-09-17,2026-09-04,18|21|22|23|28|29|30,07|08|09|10|11|14|15|16|17|18|21|22|23|28|29|30
246720,KOSDAQ,stock,True,,,2026-09-04,2026-09-04,07|08|09|10|11|14|15|16|17|18|21|22|23|28|29|30,07|08|09|10|11|14|15|16|17|18|21|22|23|28|29|30
246960,KOSDAQ,stock,True,,,2026-09-17,2026-09-04,18|21|22|23|28|29|30,07|08|09|10|11|14|15|16|17|18|21|22|23|28|29|30
247540,KOSDAQ,stock,True,,,2026-09-17,2026-09-04,18|21|22|23|28|29|30,07|08|09|10|11|14|15|16|17|18|21|22|23|28|29|30
247660,KOSDAQ,stock,True,,,2026-09-17,2026-09-04,18|21|22|23|28|29|30,07|08|09|10|11|14|15|16|17|18|21|22|23|28|29|30
248070,KOSPI,stock,True,,,2026-09-17,2026-09-04,18|21|22|23|28|29|30,07|08|09|10|11|14|15|16|17|18|21|22|23|28|29|30
248170,KOSPI,stock,True,,,2026-09-17,2026-09-04,18|21|22|23|28|29|30,07|08|09|10|11|14|15|16|17|18|21|22|23|28|29|30
248270,KOSPI,etf,True,,,2026-09-17,2026-06-15,18|21|22|23|28|29|30,01|02|03|04|07|08|09|10|11|14|15|16|17|18|21|22|23|28|29|30
249420,KOSPI,stock,True,,,2026-09-17,2026-09-04,18|21|22|23|28|29|30,07|08|09|10|11|14|15|16|17|18|21|22|23|28|29|30
250000,KOSDAQ,stock,True,,,2026-09-17,2026-09-04,18|21|22|23|28|29|30,07|08|09|10|11|14|15|16|17|18|21|22|23|28|29|30
250060,KOSDAQ,stock,True,,,2026-09-17,2026-09-04,18|21|22|23|28|29|30,07|08|09|10|11|14|15|16|17|18|21|22|23|28|29|30
250730,KOSPI,etf,True,,,2026-09-17,2026-06-15,18|21|22|23|28|29|30,01|02|03|04|07|08|09|10|11|14|15|16|17|18|21|22|23|28|29|30
250780,KOSPI,etf,True,,,2026-09-17,,18|21|22|23|28|29|30,01|02|03|04|07|08|09|10|11|14|15|16|17|18|21|22|23|28|29|30
250930,KOSDAQ,stock,True,,,2026-09-17,2026-09-04,18|21|22|23|28|29|30,07|08|09|10|11|14|15|16|17|18|21|22|23|28|29|30
251120,KOSDAQ,stock,True,,,2026-09-17,2026-09-04,18|21|22|23|28|29|30,07|08|09|10|11|14|15|16|17|18|21|22|23|28|29|30
251270,KOSPI,stock,True,,,2026-09-17,2026-09-04,18|21|22|23|28|29|30,07|08|09|10|11|14|15|16|17|18|21|22|23|28|29|30
251340,KOSPI,etf,True,,,2026-09-17,2026-06-15,18|21|22|23|28|29|30,01|02|03|04|07|08|09|10|11|14|15|16|17|18|21|22|23|28|29|30
251350,KOSPI,etf,True,,,2026-09-17,2026-06-15,18|21|22|23|28|29|30,01|02|03|04|07|08|09|10|11|14|15|16|17|18|21|22|23|28|29|30
251370,KOSDAQ,stock,True,,,2026-09-17,2026-09-04,18|21|22|23|28|29|30,07|08|09|10|11|14|15|16|17|18|21|22|23|28|29|30
251590,KOSPI,etf,True,,,2026-09-17,,18|21|22|23|28|29|30,01|02|03|04|07|08|09|10|11|14|15|16|17|18|21|22|23|28|29|30
251600,KOSPI,etf,True,,,2026-09-17,2026-06-15,18|21|22|23|28|29|30,01|02|03|04|07|08|09|10|11|14|15|16|17|18|21|22|23|28|29|30
251630,KOSDAQ,stock,True,,,2026-09-17,2026-09-04,18|21|22|23|28|29|30,07|08|09|10|11|14|15|16|17|18|21|22|23|28|29|30
251970,KOSDAQ,stock,True,,,2026-09-17,2026-09-04,18|21|22|23|28|29|30,07|08|09|10|11|14|15|16|17|18|21|22|23|28|29|30
252000,KOSPI,etf,True,,,2026-09-17,2026-06-15,18|21|22|23|28|29|30,01|02|03|04|07|08|09|10|11|14|15|16|17|18|21|22|23|28|29|30
252400,KOSPI,etf,True,,,2026-09-17,2026-06-15,18|21|22|23|28|29|30,01|02|03|04|07|08|09|10|11|14|15|16|17|18|21|22|23|28|29|30
252410,KOSPI,etf,True,,,2026-09-17,,18|21|22|23|28|29|30,01|02|03|04|07|08|09|10|11|14|15|16|17|18|21|22|23|28|29|30
252420,KOSPI,etf,True,,,2026-09-17,,18|21|22|23|28|29|30,01|02|03|04|07|08|09|10|11|14|15|16|17|18|21|22|23|28|29|30
252500,KOSDAQ,stock,True,,,2026-09-17,2026-09-04,18|21|22|23|28|29|30,07|08|09|10|11|14|15|16|17|18|21|22|23|28|29|30
252650,KOSPI,etf,True,,,2026-09-17,2026-06-15,18|21|22|23|28|29|30,01|02|03|04|07|08|09|10|11|14|15|16|17|18|21|22|23|28|29|30
252670,KOSPI,etf,True,,,2026-09-17,2026-06-15,18|21|22|23|28|29|30,01|02|03|04|07|08|09|10|11|14|15|16|17|18|21|22|23|28|29|30
252710,KOSPI,etf,True,,,2026-09-17,2026-06-15,18|21|22|23|28|29|30,01|02|03|04|07|08|09|10|11|14|15|16|17|18|21|22|23|28|29|30
252990,KOSDAQ,stock,True,,,2026-09-17,2026-09-04,18|21|22|23|28|29|30,07|08|09|10|11|14|15|16|17|18|21|22|23|28|29|30
253150,KOSPI,etf,True,,,2026-09-17,2026-06-15,18|21|22|23|28|29|30,01|02|03|04|07|08|09|10|11|14|15|16|17|18|21|22|23|28|29|30
253160,KOSPI,etf,True,,,2026-09-17,,18|21|22|23|28|29|30,01|02|03|04|07|08|09|10|11|14|15|16|17|18|21|22|23|28|29|30
253230,KOSPI,etf,True,,,2026-09-17,,18|21|22|23|28|29|30,01|02|03|04|07|08|09|10|11|14|15|16|17|18|21|22|23|28|29|30
253240,KOSPI,etf,True,,,2026-09-17,,18|21|22|23|28|29|30,01|02|03|04|07|08|09|10|11|14|15|16|17|18|21|22|23|28|29|30
253250,KOSPI,etf,True,,,2026-09-17,2026-06-15,18|21|22|23|28|29|30,01|02|03|04|07|08|09|10|11|14|15|16|17|18|21|22|23|28|29|30
253280,KOSPI,etf,True,,,2026-09-17,,18|21|22|23|28|29|30,01|02|03|04|07|08|09|10|11|14|15|16|17|18|21|22|23|28|29|30
253290,KOSPI,etf,True,,,2026-09-17,2026-06-15,18|21|22|23|28|29|30,01|02|03|04|07|08|09|10|11|14|15|16|17|18|21|22|23|28|29|30
253450,KOSDAQ,stock,True,,,2026-09-17,2026-09-04,18|21|22|23|28|29|30,07|08|09|10|11|14|15|16|17|18|21|22|23|28|29|30
253590,KOSDAQ,stock,True,,,2026-09-17,2026-09-04,18|21|22|23|28|29|30,07|08|09|10|11|14|15|16|17|18|21|22|23|28|29|30
253840,KOSDAQ,stock,True,,,2026-09-17,2026-09-04,18|21|22|23|28|29|30,07|08|09|10|11|14|15|16|17|18|21|22|23|28|29|30
254120,KOSDAQ,stock,True,,,2026-09-17,2026-09-04,18|21|22|23|28|29|30,07|08|09|10|11|14|15|16|17|18|21|22|23|28|29|30
254490,KOSDAQ,stock,True,,,2026-09-17,2026-09-04,18|21|22|23|28|29|30,07|08|09|10|11|14|15|16|17|18|21|22|23|28|29|30
255220,KOSDAQ,stock,True,,,2026-09-17,2026-09-04,18|21|22|23|28|29|30,07|08|09|10|11|14|15|16|17|18|21|22|23|28|29|30
255440,KOSDAQ,stock,True,,,2026-09-17,2026-09-04,18|21|22|23|28|29|30,07|08|09|10|11|14|15|16|17|18|21|22|23|28|29|30
256150,KOSDAQ,stock,True,,,2026-09-17,2026-09-04,18|21|22|23|28|29|30,07|08|09|10|11|14|15|16|17|18|21|22|23|28|29|30
256440,KOSPI,etf,True,,,2026-09-17,2026-06-15,18|21|22|23|28|29|30,01|02|03|04|07|08|09|10|11|14|15|16|17|18|21|22|23|28|29|30
256450,KOSPI,etf,True,,,2026-09-17,,18|21|22|23|28|29|30,01|02|03|04|07|08|09|10|11|14|15|16|17|18|21|22|23|28|29|30
256630,KOSDAQ,stock,True,,,2026-09-17,2026-09-04,18|21|22|23|28|29|30,07|08|09|10|11|14|15|16|17|18|21|22|23|28|29|30
256750,KOSPI,etf,True,,,2026-09-17,2026-06-15,18|21|22|23|28|29|30,01|02|03|04|07|08|09|10|11|14|15|16|17|18|21|22|23|28|29|30
256840,KOSDAQ,stock,True,,,2026-09-17,2026-09-04,18|21|22|23|28|29|30,07|08|09|10|11|14|15|16|17|18|21|22|23|28|29|30
256940,KOSDAQ,stock,True,,,2026-09-17,2026-09-04,18|21|22|23|28|29|30,07|08|09|10|11|14|15|16|17|18|21|22|23|28|29|30
257370,KOSDAQ,stock,True,,,2026-09-17,2026-09-04,18|21|22|23|28|29|30,07|08|09|10|11|14|15|16|17|18|21|22|23|28|29|30
257720,KOSDAQ,stock,True,,,2026-09-17,2026-09-04,18|21|22|23|28|29|30,07|08|09|10|11|14|15|16|17|18|21|22|23|28|29|30
258610,KOSDAQ,stock,True,,,2026-09-17,2026-09-04,18|21|22|23|28|29|30,07|08|09|10|11|14|15|16|17|18|21|22|23|28|29|30
258790,KOSDAQ,stock,True,,,2026-09-17,2026-09-04,18|21|22|23|28|29|30,07|08|09|10|11|14|15|16|17|18|21|22|23|28|29|30
258830,KOSDAQ,stock,True,,,2026-09-04,2026-09-04,07|08|09|10|11|14|15|16|17|18|21|22|23|28|29|30,07|08|09|10|11|14|15|16|17|18|21|22|23|28|29|30
259630,KOSDAQ,stock,True,,,2026-09-17,2026-09-04,18|21|22|23|28|29|30,07|08|09|10|11|14|15|16|17|18|21|22|23|28|29|30
259960,KOSPI,stock,True,,,2026-09-17,2026-09-04,18|21|22|23|28|29|30,07|08|09|10|11|14|15|16|17|18|21|22|23|28|29|30
260660,KOSDAQ,stock,True,,,2026-09-17,2026-09-04,18|21|22|23|28|29|30,07|08|09|10|11|14|15|16|17|18|21|22|23|28|29|30
260930,KOSDAQ,stock,True,,,2026-09-17,2026-09-04,18|21|22|23|28|29|30,07|08|09|10|11|14|15|16|17|18|21|22|23|28|29|30
260970,KOSDAQ,stock,True,,,2026-09-17,2026-09-04,18|21|22|23|28|29|30,07|08|09|10|11|14|15|16|17|18|21|22|23|28|29|30
261060,KOSPI,etf,True,,,2026-09-17,2026-06-15,18|21|22|23|28|29|30,01|02|03|04|07|08|09|10|11|14|15|16|17|18|21|22|23|28|29|30
261070,KOSPI,etf,True,,,2026-09-17,2026-06-15,18|21|22|23|28|29|30,01|02|03|04|07|08|09|10|11|14|15|16|17|18|21|22|23|28|29|30
261110,KOSPI,etf,True,,,2026-09-17,,18|21|22|23|28|29|30,01|02|03|04|07|08|09|10|11|14|15|16|17|18|21|22|23|28|29|30
261120,KOSPI,etf,True,,,2026-09-17,2026-06-15,18|21|22|23|28|29|30,01|02|03|04|07|08|09|10|11|14|15|16|17|18|21|22|23|28|29|30
261140,KOSPI,etf,True,,,2026-09-17,2026-06-15,18|21|22|23|28|29|30,01|02|03|04|07|08|09|10|11|14|15|16|17|18|21|22|23|28|29|30
261200,KOSDAQ,stock,True,,,2026-09-17,2026-09-04,18|21|22|23|28|29|30,07|08|09|10|11|14|15|16|17|18|21|22|23|28|29|30
261220,KOSPI,etf,True,,,2026-09-17,2026-06-15,18|21|22|23|28|29|30,01|02|03|04|07|08|09|10|11|14|15|16|17|18|21|22|23|28|29|30
261240,KOSPI,etf,True,,,2026-09-17,2026-06-15,18|21|22|23|28|29|30,01|02|03|04|07|08|09|10|11|14|15|16|17|18|21|22|23|28|29|30
261250,KOSPI,etf,True,,,2026-09-17,2026-06-15,18|21|22|23|28|29|30,01|02|03|04|07|08|09|10|11|14|15|16|17|18|21|22|23|28|29|30
261260,KOSPI,etf,True,,,2026-09-17,2026-06-15,18|21|22|23|28|29|30,01|02|03|04|07|08|09|10|11|14|15|16|17|18|21|22|23|28|29|30
261270,KOSPI,etf,True,,,2026-09-17,2026-06-15,18|21|22|23|28|29|30,01|02|03|04|07|08|09|10|11|14|15|16|17|18|21|22|23|28|29|30
261520,KOSDAQ,stock,True,,,2026-09-17,,18|21|22|23|28|29|30,01|02|03|04|07|08|09|10|11|14|15|16|17|18|21|22|23|28|29|30
261780,KOSDAQ,stock,True,,,2026-09-17,2026-09-04,18|21|22|23|28|29|30,07|08|09|10|11|14|15|16|17|18|21|22|23|28|29|30
261920,KOSPI,etf,True,,,2026-09-17,,18|21|22|23|28|29|30,01|02|03|04|07|08|09|10|11|14|15|16|17|18|21|22|23|28|29|30
262260,KOSDAQ,stock,True,,,2026-09-17,2026-09-04,18|21|22|23|28|29|30,07|08|09|10|11|14|15|16|17|18|21|22|23|28|29|30
262840,KOSDAQ,stock,True,,,2026-09-17,2026-09-04,18|21|22|23|28|29|30,07|08|09|10|11|14|15|16|17|18|21|22|23|28|29|30
263020,KOSDAQ,stock,True,,,2026-09-17,2026-09-04,18|21|22|23|28|29|30,07|08|09|10|11|14|15|16|17|18|21|22|23|28|29|30
263050,KOSDAQ,stock,True,,,2026-09-04,2026-09-04,07|08|09|10|11|14|15|16|17|18|21|22|23|28|29|30,07|08|09|10|11|14|15|16|17|18|21|22|23|28|29|30
263600,KOSDAQ,stock,True,,,2026-09-17,2026-09-04,18|21|22|23|28|29|30,07|08|09|10|11|14|15|16|17|18|21|22|23|28|29|30
263690,KOSDAQ,stock,True,,,2026-09-17,2026-09-04,18|21|22|23|28|29|30,07|08|09|10|11|14|15|16|17|18|21|22|23|28|29|30
263700,KOSDAQ,stock,True,,,2026-09-17,2026-09-04,18|21|22|23|28|29|30,07|08|09|10|11|14|15|16|17|18|21|22|23|28|29|30
263720,KOSDAQ,stock,True,,,2026-09-17,2026-09-04,18|21|22|23|28|29|30,07|08|09|10|11|14|15|16|17|18|21|22|23|28|29|30
263750,KOSDAQ,stock,True,,,2026-09-17,2026-09-04,18|21|22|23|28|29|30,07|08|09|10|11|14|15|16|17|18|21|22|23|28|29|30
263770,KOSDAQ,stock,True,,,2026-09-17,2026-09-04,18|21|22|23|28|29|30,07|08|09|10|11|14|15|16|17|18|21|22|23|28|29|30
263800,KOSDAQ,stock,True,,,2026-09-17,2026-09-04,18|21|22|23|28|29|30,07|08|09|10|11|14|15|16|17|18|21|22|23|28|29|30
263810,KOSDAQ,stock,True,,,2026-09-17,2026-09-04,18|21|22|23|28|29|30,07|08|09|10|11|14|15|16|17|18|21|22|23|28|29|30
263860,KOSDAQ,stock,True,,,2026-09-17,2026-09-04,18|21|22|23|28|29|30,07|08|09|10|11|14|15|16|17|18|21|22|23|28|29|30
263920,KOSDAQ,stock,True,,,2026-09-17,2026-09-04,18|21|22|23|28|29|30,07|08|09|10|11|14|15|16|17|18|21|22|23|28|29|30
264450,KOSDAQ,stock,True,,,2026-09-17,2026-09-04,18|21|22|23|28|29|30,07|08|09|10|11|14|15|16|17|18|21|22|23|28|29|30
264660,KOSDAQ,stock,True,,,2026-09-17,2026-09-04,18|21|22|23|28|29|30,07|08|09|10|11|14|15|16|17|18|21|22|23|28|29|30
264850,KOSDAQ,stock,True,,,2026-09-17,2026-09-04,18|21|22|23|28|29|30,07|08|09|10|11|14|15|16|17|18|21|22|23|28|29|30
264900,KOSPI,stock,True,,,2026-09-17,2026-09-04,18|21|22|23|28|29|30,07|08|09|10|11|14|15|16|17|18|21|22|23|28|29|30
26490K,KOSPI,stock,True,,,2026-09-17,2026-09-04,18|21|22|23|28|29|30,07|08|09|10|11|14|15|16|17|18|21|22|23|28|29|30
265520,KOSDAQ,stock,True,,,2026-09-17,2026-09-04,18|21|22|23|28|29|30,07|08|09|10|11|14|15|16|17|18|21|22|23|28|29|30
265560,KOSDAQ,stock,True,,,2026-09-17,2026-09-04,18|21|22|23|28|29|30,07|08|09|10|11|14|15|16|17|18|21|22|23|28|29|30
265690,KOSPI,etf,True,,,2026-08-10,,01|02|03|04|07|08|09|10|11|14|15|16|17|18|21|22|23|28|29|30,01|02|03|04|07|08|09|10|11|14|15|16|17|18|21|22|23|28|29|30
265740,KOSDAQ,stock,True,,,2026-09-17,2026-09-04,18|21|22|23|28|29|30,07|08|09|10|11|14|15|16|17|18|21|22|23|28|29|30
266160,KOSPI,etf,True,,,2026-09-17,2026-06-15,18|21|22|23|28|29|30,01|02|03|04|07|08|09|10|11|14|15|16|17|18|21|22|23|28|29|30
266360,KOSPI,etf,True,,,2026-09-17,2026-06-15,18|21|22|23|28|29|30,01|02|03|04|07|08|09|10|11|14|15|16|17|18|21|22|23|28|29|30
266370,KOSPI,etf,True,,,2026-09-17,2026-06-15,18|21|22|23|28|29|30,01|02|03|04|07|08|09|10|11|14|15|16|17|18|21|22|23|28|29|30
266390,KOSPI,etf,True,,,2026-09-17,,18|21|22|23|28|29|30,01|02|03|04|07|08|09|10|11|14|15|16|17|18|21|22|23|28|29|30
266410,KOSPI,etf,True,,,2026-09-17,,18|21|22|23|28|29|30,01|02|03|04|07|08|09|10|11|14|15|16|17|18|21|22|23|28|29|30
266420,KOSPI,etf,True,,,2026-09-17,2026-06-15,18|21|22|23|28|29|30,01|02|03|04|07|08|09|10|11|14|15|16|17|18|21|22|23|28|29|30
266550,KOSPI,etf,True,,,,,01|02|03|04|07|08|09|10|11|14|15|16|17|18|21|22|23|28|29|30,01|02|03|04|07|08|09|10|11|14|15|16|17|18|21|22|23|28|29|30
267250,KOSPI,stock,True,,,2026-09-17,2026-09-04,18|21|22|23|28|29|30,07|08|09|10|11|14|15|16|17|18|21|22|23|28|29|30
267260,KOSPI,stock,True,,,2026-09-17,2026-09-04,18|21|22|23|28|29|30,07|08|09|10|11|14|15|16|17|18|21|22|23|28|29|30
267270,KOSPI,stock,True,,,2026-09-17,2026-09-04,18|21|22|23|28|29|30,07|08|09|10|11|14|15|16|17|18|21|22|23|28|29|30
267290,KOSPI,stock,True,,,2026-09-17,2026-09-04,18|21|22|23|28|29|30,07|08|09|10|11|14|15|16|17|18|21|22|23|28|29|30
267320,KOSDAQ,stock,True,,,2026-09-17,2026-09-04,18|21|22|23|28|29|30,07|08|09|10|11|14|15|16|17|18|21|22|23|28|29|30
267440,KOSPI,etf,True,,,2026-09-17,,18|21|22|23|28|29|30,01|02|03|04|07|08|09|10|11|14|15|16|17|18|21|22|23|28|29|30
267450,KOSPI,etf,True,,,2026-09-17,,18|21|22|23|28|29|30,01|02|03|04|07|08|09|10|11|14|15|16|17|18|21|22|23|28|29|30
267490,KOSPI,etf,True,,,2026-09-17,,18|21|22|23|28|29|30,01|02|03|04|07|08|09|10|11|14|15|16|17|18|21|22|23|28|29|30
267770,KOSPI,etf,True,,,2026-09-17,2026-06-15,18|21|22|23|28|29|30,01|02|03|04|07|08|09|10|11|14|15|16|17|18|21|22|23|28|29|30
267790,KOSDAQ,stock,True,,,2026-09-17,2026-09-04,18|21|22|23|28|29|30,07|08|09|10|11|14|15|16|17|18|21|22|23|28|29|30
267850,KOSPI,stock,True,,,2026-09-17,2026-09-04,18|21|22|23|28|29|30,07|08|09|10|11|14|15|16|17|18|21|22|23|28|29|30
267980,KOSDAQ,stock,True,,,2026-09-17,2026-09-04,18|21|22|23|28|29|30,07|08|09|10|11|14|15|16|17|18|21|22|23|28|29|30
268280,KOSPI,stock,True,,,2026-09-17,2026-09-04,18|21|22|23|28|29|30,07|08|09|10|11|14|15|16|17|18|21|22|23|28|29|30
269370,KOSPI,etf,True,,,2026-09-17,,18|21|22|23|28|29|30,01|02|03|04|07|08|09|10|11|14|15|16|17|18|21|22|23|28|29|30
269420,KOSPI,etf,True,,,2026-09-17,2026-06-15,18|21|22|23|28|29|30,01|02|03|04|07|08|09|10|11|14|15|16|17|18|21|22|23|28|29|30
269530,KOSPI,etf,True,,,2026-09-17,,18|21|22|23|28|29|30,01|02|03|04|07|08|09|10|11|14|15|16|17|18|21|22|23|28|29|30
269540,KOSPI,etf,True,,,2026-09-17,2026-06-15,18|21|22|23|28|29|30,01|02|03|04|07|08|09|10|11|14|15|16|17|18|21|22|23|28|29|30
269620,KOSDAQ,stock,True,,,2026-08-10,2026-09-04,01|02|03|04|07|08|09|10|11|14|15|16|17|18|21|22|23|28|29|30,07|08|09|10|11|14|15|16|17|18|21|22|23|28|29|30
270520,KOSDAQ,stock,True,,,2026-09-17,2026-09-04,18|21|22|23|28|29|30,07|08|09|10|11|14|15|16|17|18|21|22|23|28|29|30
270660,KOSDAQ,stock,True,,,2026-09-17,2026-09-04,18|21|22|23|28|29|30,07|08|09|10|11|14|15|16|17|18|21|22|23|28|29|30
270800,KOSPI,etf,True,,,2026-09-17,,18|21|22|23|28|29|30,01|02|03|04|07|08|09|10|11|14|15|16|17|18|21|22|23|28|29|30
270810,KOSPI,etf,True,,,2026-09-17,2026-06-15,18|21|22|23|28|29|30,01|02|03|04|07|08|09|10|11|14|15|16|17|18|21|22|23|28|29|30
270870,KOSDAQ,stock,True,,,2026-09-17,2026-09-04,18|21|22|23|28|29|30,07|08|09|10|11|14|15|16|17|18|21|22|23|28|29|30
271050,KOSPI,etf,True,,,2026-09-17,2026-06-15,18|21|22|23|28|29|30,01|02|03|04|07|08|09|10|11|14|15|16|17|18|21|22|23|28|29|30
271060,KOSPI,etf,True,,,2026-09-17,2026-06-15,18|21|22|23|28|29|30,01|02|03|04|07|08|09|10|11|14|15|16|17|18|21|22|23|28|29|30
271560,KOSPI,stock,True,,,2026-09-17,2026-09-04,18|21|22|23|28|29|30,07|08|09|10|11|14|15|16|17|18|21|22|23|28|29|30
271830,KOSDAQ,stock,True,,,2026-09-17,2026-09-04,18|21|22|23|28|29|30,07|08|09|10|11|14|15|16|17|18|21|22|23|28|29|30
271940,KOSPI,stock,True,,,2026-09-17,2026-09-04,18|21|22|23|28|29|30,07|08|09|10|11|14|15|16|17|18|21|22|23|28|29|30
271980,KOSPI,stock,True,,,2026-09-17,2026-09-04,18|21|22|23|28|29|30,07|08|09|10|11|14|15|16|17|18|21|22|23|28|29|30
272110,KOSDAQ,stock,True,,,2026-09-17,2026-09-04,18|21|22|23|28|29|30,07|08|09|10|11|14|15|16|17|18|21|22|23|28|29|30
272210,KOSPI,stock,True,,,2026-09-17,2026-09-04,18|21|22|23|28|29|30,07|08|09|10|11|14|15|16|17|18|21|22|23|28|29|30
272290,KOSDAQ,stock,True,,,2026-09-17,2026-09-04,18|21|22|23|28|29|30,07|08|09|10|11|14|15|16|17|18|21|22|23|28|29|30
272450,KOSPI,stock,True,,,2026-09-17,2026-09-04,18|21|22|23|28|29|30,07|08|09|10|11|14|15|16|17|18|21|22|23|28|29|30
272550,KOSPI,stock,True,,,2026-09-17,2026-09-04,18|21|22|23|28|29|30,07|08|09|10|11|14|15|16|17|18|21|22|23|28|29|30
272560,KOSPI,etf,True,,,2026-09-17,2026-06-15,18|21|22|23|28|29|30,01|02|03|04|07|08|09|10|11|14|15|16|17|18|21|22|23|28|29|30
272570,KOSPI,etf,True,,,2026-09-17,,18|21|22|23|28|29|30,01|02|03|04|07|08|09|10|11|14|15|16|17|18|21|22|23|28|29|30
272580,KOSPI,etf,True,,,2026-09-17,2026-06-15,18|21|22|23|28|29|30,01|02|03|04|07|08|09|10|11|14|15|16|17|18|21|22|23|28|29|30
272910,KOSPI,etf,True,,,2026-09-17,2026-06-15,18|21|22|23|28|29|30,01|02|03|04|07|08|09|10|11|14|15|16|17|18|21|22|23|28|29|30
273060,KOSDAQ,stock,True,,,2026-09-17,2026-09-04,18|21|22|23|28|29|30,07|08|09|10|11|14|15|16|17|18|21|22|23|28|29|30
273130,KOSPI,etf,True,,,2026-09-17,2026-06-15,18|21|22|23|28|29|30,01|02|03|04|07|08|09|10|11|14|15|16|17|18|21|22|23|28|29|30
273140,KOSPI,etf,True,,,2026-09-17,2026-06-15,18|21|22|23|28|29|30,01|02|03|04|07|08|09|10|11|14|15|16|17|18|21|22|23|28|29|30
273640,KOSDAQ,stock,True,,,2026-09-17,2026-09-04,18|21|22|23|28|29|30,07|08|09|10|11|14|15|16|17|18|21|22|23|28|29|30
274090,KOSDAQ,stock,True,,,2026-09-17,2026-09-04,18|21|22|23|28|29|30,07|08|09|10|11|14|15|16|17|18|21|22|23|28|29|30
274400,KOSDAQ,stock,True,,,2026-09-17,2026-09-04,18|21|22|23|28|29|30,07|08|09|10|11|14|15|16|17|18|21|22|23|28|29|30
275280,KOSPI,etf,True,,,2026-09-17,2026-06-15,18|21|22|23|28|29|30,01|02|03|04|07|08|09|10|11|14|15|16|17|18|21|22|23|28|29|30
275290,KOSPI,etf,True,,,2026-09-17,2026-06-15,18|21|22|23|28|29|30,01|02|03|04|07|08|09|10|11|14|15|16|17|18|21|22|23|28|29|30
275300,KOSPI,etf,True,,,2026-09-17,2026-06-15,18|21|22|23|28|29|30,01|02|03|04|07|08|09|10|11|14|15|16|17|18|21|22|23|28|29|30
275630,KOSDAQ,stock,True,,,2026-09-17,2026-09-04,18|21|22|23|28|29|30,07|08|09|10|11|14|15|16|17|18|21|22|23|28|29|30
275750,KOSPI,etf,True,,,2026-09-17,,18|21|22|23|28|29|30,01|02|03|04|07|08|09|10|11|14|15|16|17|18|21|22|23|28|29|30
275980,KOSPI,etf,True,,,2026-09-17,2026-06-15,18|21|22|23|28|29|30,01|02|03|04|07|08|09|10|11|14|15|16|17|18|21|22|23|28|29|30
276000,KOSPI,etf,True,,,2026-09-17,2026-06-15,18|21|22|23|28|29|30,01|02|03|04|07|08|09|10|11|14|15|16|17|18|21|22|23|28|29|30
276040,KOSDAQ,stock,True,,,2026-09-04,2026-09-04,07|08|09|10|11|14|15|16|17|18|21|22|23|28|29|30,07|08|09|10|11|14|15|16|17|18|21|22|23|28|29|30
276650,KOSPI,etf,True,,,2026-09-17,2026-06-15,18|21|22|23|28|29|30,01|02|03|04|07|08|09|10|11|14|15|16|17|18|21|22|23|28|29|30
276730,KOSDAQ,stock,True,,,2026-09-17,2026-08-20,18|21|22|23|28|29|30,01|02|03|04|07|08|09|10|11|14|15|16|17|18|21|22|23|28|29|30
276970,KOSPI,etf,True,,,2026-09-17,2026-06-15,18|21|22|23|28|29|30,01|02|03|04|07|08|09|10|11|14|15|16|17|18|21|22|23|28|29|30
276990,KOSPI,etf,True,,,2026-09-17,2026-06-15,18|21|22|23|28|29|30,01|02|03|04|07|08|09|10|11|14|15|16|17|18|21|22|23|28|29|30
277070,KOSDAQ,stock,True,,,2026-09-17,2026-09-04,18|21|22|23|28|29|30,07|08|09|10|11|14|15|16|17|18|21|22|23|28|29|30
277410,KOSDAQ,stock,True,,,2026-09-17,2026-09-04,18|21|22|23|28|29|30,07|08|09|10|11|14|15|16|17|18|21|22|23|28|29|30
277540,KOSPI,etf,True,,,2026-09-17,2026-06-15,18|21|22|23|28|29|30,01|02|03|04|07|08|09|10|11|14|15|16|17|18|21|22|23|28|29|30
277630,KOSPI,etf,True,,,2026-09-17,2026-06-15,18|21|22|23|28|29|30,01|02|03|04|07|08|09|10|11|14|15|16|17|18|21|22|23|28|29|30
277640,KOSPI,etf,True,,,2026-09-17,2026-06-15,18|21|22|23|28|29|30,01|02|03|04|07|08|09|10|11|14|15|16|17|18|21|22|23|28|29|30
277650,KOSPI,etf,True,,,,,01|02|03|04|07|08|09|10|11|14|15|16|17|18|21|22|23|28|29|30,01|02|03|04|07|08|09|10|11|14|15|16|17|18|21|22|23|28|29|30
277810,KOSDAQ,stock,True,,,2026-09-17,2026-09-04,18|21|22|23|28|29|30,07|08|09|10|11|14|15|16|17|18|21|22|23|28|29|30
277880,KOSDAQ,stock,True,,,2026-09-17,2026-09-04,18|21|22|23|28|29|30,07|08|09|10|11|14|15|16|17|18|21|22|23|28|29|30
278240,KOSPI,etf,True,,,2026-09-17,2026-06-15,18|21|22|23|28|29|30,01|02|03|04|07|08|09|10|11|14|15|16|17|18|21|22|23|28|29|30
278280,KOSDAQ,stock,True,,,2026-09-17,2026-09-04,18|21|22|23|28|29|30,07|08|09|10|11|14|15|16|17|18|21|22|23|28|29|30
278470,KOSPI,stock,True,,,2026-09-17,2026-09-04,18|21|22|23|28|29|30,07|08|09|10|11|14|15|16|17|18|21|22|23|28|29|30
278530,KOSPI,etf,True,,,2026-09-17,2026-06-15,18|21|22|23|28|29|30,01|02|03|04|07|08|09|10|11|14|15|16|17|18|21|22|23|28|29|30
278540,KOSPI,etf,True,,,2026-09-17,2026-06-15,18|21|22|23|28|29|30,01|02|03|04|07|08|09|10|11|14|15|16|17|18|21|22|23|28|29|30
278620,KOSPI,etf,True,,,2026-09-17,2026-06-15,18|21|22|23|28|29|30,01|02|03|04|07|08|09|10|11|14|15|16|17|18|21|22|23|28|29|30
278650,KOSDAQ,stock,True,,,2026-09-17,2026-09-04,18|21|22|23|28|29|30,07|08|09|10|11|14|15|16|17|18|21|22|23|28|29|30
279530,KOSPI,etf,True,,,2026-09-17,2026-06-15,18|21|22|23|28|29|30,01|02|03|04|07|08|09|10|11|14|15|16|17|18|21|22|23|28|29|30
279540,KOSPI,etf,True,,,2026-09-17,,18|21|22|23|28|29|30,01|02|03|04|07|08|09|10|11|14|15|16|17|18|21|22|23|28|29|30
279570,KOSPI,stock,True,,,2026-09-17,,18|21|22|23|28|29|30,01|02|03|04|07|08|09|10|11|14|15|16|17|18|21|22|23|28|29|30
279600,KOSDAQ,stock,True,,,2026-09-17,2026-09-04,18|21|22|23|28|29|30,07|08|09|10|11|14|15|16|17|18|21|22|23|28|29|30
280320,KOSPI,etf,True,,,2026-09-17,2026-06-15,18|21|22|23|28|29|30,01|02|03|04|07|08|09|10|11|14|15|16|17|18|21|22|23|28|29|30
280360,KOSPI,stock,True,,,2026-09-17,2026-09-04,18|21|22|23|28|29|30,07|08|09|10|11|14|15|16|17|18|21|22|23|28|29|30
280920,KOSPI,etf,True,,,2026-09-17,,18|21|22|23|28|29|30,01|02|03|04|07|08|09|10|11|14|15|16|17|18|21|22|23|28|29|30
280930,KOSPI,etf,True,,,2026-09-17,2026-06-15,18|21|22|23|28|29|30,01|02|03|04|07|08|09|10|11|14|15|16|17|18|21|22|23|28|29|30
280940,KOSPI,etf,True,,,2026-09-17,,18|21|22|23|28|29|30,01|02|03|04|07|08|09|10|11|14|15|16|17|18|21|22|23|28|29|30
281740,KOSDAQ,stock,True,,,2026-09-17,2026-09-04,18|21|22|23|28|29|30,07|08|09|10|11|14|15|16|17|18|21|22|23|28|29|30
281820,KOSPI,stock,True,,,2026-09-17,2026-09-04,18|21|22|23|28|29|30,07|08|09|10|11|14|15|16|17|18|21|22|23|28|29|30
281990,KOSPI,etf,True,,,2026-09-17,,18|21|22|23|28|29|30,01|02|03|04|07|08|09|10|11|14|15|16|17|18|21|22|23|28|29|30
282000,KOSPI,etf,True,,,2026-09-17,2026-06-15,18|21|22|23|28|29|30,01|02|03|04|07|08|09|10|11|14|15|16|17|18|21|22|23|28|29|30
282330,KOSPI,stock,True,,,2026-09-17,2026-09-04,18|21|22|23|28|29|30,07|08|09|10|11|14|15|16|17|18|21|22|23|28|29|30
282620,KOSDAQ,stock,True,,,2026-09-17,,18|21|22|23|28|29|30,01|02|03|04|07|08|09|10|11|14|15|16|17|18|21|22|23|28|29|30
282720,KOSDAQ,stock,True,,,2026-09-17,2026-09-04,18|21|22|23|28|29|30,07|08|09|10|11|14|15|16|17|18|21|22|23|28|29|30
282880,KOSDAQ,stock,True,,,2026-09-17,2026-09-04,18|21|22|23|28|29|30,07|08|09|10|11|14|15|16|17|18|21|22|23|28|29|30
283580,KOSPI,etf,True,,,2026-09-17,2026-06-15,18|21|22|23|28|29|30,01|02|03|04|07|08|09|10|11|14|15|16|17|18|21|22|23|28|29|30
284430,KOSPI,etf,True,,,2026-09-17,2026-06-15,18|21|22|23|28|29|30,01|02|03|04|07|08|09|10|11|14|15|16|17|18|21|22|23|28|29|30
284620,KOSDAQ,stock,True,,,2026-09-04,2026-09-04,07|08|09|10|11|14|15|16|17|18|21|22|23|28|29|30,07|08|09|10|11|14|15|16|17|18|21|22|23|28|29|30
284740,KOSPI,stock,True,,,2026-09-17,2026-09-04,18|21|22|23|28|29|30,07|08|09|10|11|14|15|16|17|18|21|22|23|28|29|30
284980,KOSPI,etf,True,,,2026-09-17,2026-06-15,18|21|22|23|28|29|30,01|02|03|04|07|08|09|10|11|14|15|16|17|18|21|22|23|28|29|30
28513,KOSPI,stock,False,,2026-08-20,,,01|02|03|04|07|08|09|10|11|14|15|16|17|18|21|22|23|28|29|30,01|02|03|04|07|08|09|10|11|14|15|16|17|18|21|22|23|28|29|30
285130,KOSPI,stock,True,,,2026-09-17,2026-09-04,18|21|22|23|28|29|30,07|08|09|10|11|14|15|16|17|18|21|22|23|28|29|30
28513K,KOSPI,stock,True,,,2026-09-17,2026-09-04,18|21|22|23|28|29|30,07|08|09|10|11|14|15|16|17|18|21|22|23|28|29|30
285490,KOSDAQ,stock,True,,,2026-09-17,2026-09-04,18|21|22|23|28|29|30,07|08|09|10|11|14|15|16|17|18|21|22|23|28|29|30
285690,KOSPI,etf,True,,,2026-09-17,,18|21|22|23|28|29|30,01|02|03|04|07|08|09|10|11|14|15|16|17|18|21|22|23|28|29|30
285800,KOSDAQ,stock,True,,,2026-09-17,2026-09-04,18|21|22|23|28|29|30,07|08|09|10|11|14|15|16|17|18|21|22|23|28|29|30
286750,KOSDAQ,stock,True,,,2026-09-17,2026-09-04,18|21|22|23|28|29|30,07|08|09|10|11|14|15|16|17|18|21|22|23|28|29|30
286940,KOSPI,stock,True,,,2026-09-17,2026-09-04,18|21|22|23|28|29|30,07|08|09|10|11|14|15|16|17|18|21|22|23|28|29|30
287180,KOSPI,etf,True,,,2026-09-17,2026-06-15,18|21|22|23|28|29|30,01|02|03|04|07|08|09|10|11|14|15|16|17|18|21|22|23|28|29|30
287840,KOSDAQ,stock,True,,,2026-09-17,2026-09-04,18|21|22|23|28|29|30,07|08|09|10|11|14|15|16|17|18|21|22|23|28|29|30
288180,KOSDAQ,stock,True,,,2026-09-17,,18|21|22|23|28|29|30,01|02|03|04|07|08|09|10|11|14|15|16|17|18|21|22|23|28|29|30
288330,KOSDAQ,stock,True,,,2026-09-04,2026-09-04,07|08|09|10|11|14|15|16|17|18|21|22|23|28|29|30,07|08|09|10|11|14|15|16|17|18|21|22|23|28|29|30
288620,KOSDAQ,stock,True,,,2026-09-17,2026-09-04,18|21|22|23|28|29|30,07|08|09|10|11|14|15|16|17|18|21|22|23|28|29|30
288980,KOSDAQ,stock,True,,,2026-09-17,2026-09-04,18|21|22|23|28|29|30,07|08|09|10|11|14|15|16|17|18|21|22|23|28|29|30
289010,KOSDAQ,stock,True,,,2026-09-17,2026-09-04,18|21|22|23|28|29|30,07|08|09|10|11|14|15|16|17|18|21|22|23|28|29|30
289040,KOSPI,etf,True,,,2026-09-17,2026-06-15,18|21|22|23|28|29|30,01|02|03|04|07|08|09|10|11|14|15|16|17|18|21|22|23|28|29|30
289080,KOSDAQ,stock,True,,,2026-09-17,2026-09-04,18|21|22|23|28|29|30,07|08|09|10|11|14|15|16|17|18|21|22|23|28|29|30
289220,KOSDAQ,stock,True,,,2026-09-17,2026-09-04,18|21|22|23|28|29|30,07|08|09|10|11|14|15|16|17|18|21|22|23|28|29|30
289250,KOSPI,etf,True,,,2026-09-17,2026-06-15,18|21|22|23|28|29|30,01|02|03|04|07|08|09|10|11|14|15|16|17|18|21|22|23|28|29|30
289260,KOSPI,etf,True,,,2026-09-17,2026-06-15,18|21|22|23|28|29|30,01|02|03|04|07|08|09|10|11|14|15|16|17|18|21|22|23|28|29|30
289480,KOSPI,etf,True,,,2026-09-17,2026-06-15,18|21|22|23|28|29|30,01|02|03|04|07|08|09|10|11|14|15|16|17|18|21|22|23|28|29|30
289670,KOSPI,etf,True,,,2026-09-17,,18|21|22|23|28|29|30,01|02|03|04|07|08|09|10|11|14|15|16|17|18|21|22|23|28|29|30
289930,KOSDAQ,stock,True,,,2026-09-17,2026-09-04,18|21|22|23|28|29|30,07|08|09|10|11|14|15|16|17|18|21|22|23|28|29|30
290080,KOSPI,etf,True,,,2026-09-17,,18|21|22|23|28|29|30,01|02|03|04|07|08|09|10|11|14|15|16|17|18|21|22|23|28|29|30
290090,KOSDAQ,stock,True,,,2026-09-17,2026-09-04,18|21|22|23|28|29|30,07|08|09|10|11|14|15|16|17|18|21|22|23|28|29|30
290120,KOSDAQ,stock,True,,,2026-09-17,2026-09-04,18|21|22|23|28|29|30,07|08|09|10|11|14|15|16|17|18|21|22|23|28|29|30
290130,KOSPI,etf,True,,,2026-09-17,2026-06-15,18|21|22|23|28|29|30,01|02|03|04|07|08|09|10|11|14|15|16|17|18|21|22|23|28|29|30
290270,KOSDAQ,stock,True,,,2026-09-17,2026-09-04,18|21|22|23|28|29|30,07|08|09|10|11|14|15|16|17|18|21|22|23|28|29|30
290520,KOSDAQ,stock,True,,,2026-09-17,2026-09-04,18|21|22|23|28|29|30,07|08|09|10|11|14|15|16|17|18|21|22|23|28|29|30
290550,KOSDAQ,stock,True,,,2026-09-17,2026-09-04,18|21|22|23|28|29|30,07|08|09|10|11|14|15|16|17|18|21|22|23|28|29|30
290560,KOSDAQ,stock,True,,,2026-09-17,2026-09-04,18|21|22|23|28|29|30,07|08|09|10|11|14|15|16|17|18|21|22|23|28|29|30
290650,KOSDAQ,stock,True,,,2026-09-17,2026-09-04,18|21|22|23|28|29|30,07|08|09|10|11|14|15|16|17|18|21|22|23|28|29|30
290660,KOSDAQ,stock,True,,,2026-09-17,2026-09-04,18|21|22|23|28|29|30,07|08|09|10|11|14|15|16|17|18|21|22|23|28|29|30
290670,KOSDAQ,stock,True,,,2026-09-17,2026-09-04,18|21|22|23|28|29|30,07|08|09|10|11|14|15|16|17|18|21|22|23|28|29|30
290690,KOSDAQ,stock,True,,,2026-09-17,2026-06-15,18|21|22|23|28|29|30,01|02|03|04|07|08|09|10|11|14|15|16|17|18|21|22|23|28|29|30
290720,KOSDAQ,stock,True,,,2026-09-17,2026-09-04,18|21|22|23|28|29|30,07|08|09|10|11|14|15|16|17|18|21|22|23|28|29|30
290740,KOSDAQ,stock,True,,,2026-09-17,2026-09-04,18|21|22|23|28|29|30,07|08|09|10|11|14|15|16|17|18|21|22|23|28|29|30
291130,KOSPI,etf,True,,,2026-09-17,2026-06-15,18|21|22|23|28|29|30,01|02|03|04|07|08|09|10|11|14|15|16|17|18|21|22|23|28|29|30
291230,KOSDAQ,stock,True,,,2026-09-17,2026-09-04,18|21|22|23|28|29|30,07|08|09|10|11|14|15|16|17|18|21|22|23|28|29|30
291620,KOSPI,etf,True,,,2026-09-17,,18|21|22|23|28|29|30,01|02|03|04|07|08|09|10|11|14|15|16|17|18|21|22|23|28|29|30
291630,KOSPI,etf,True,,,2026-09-17,,18|21|22|23|28|29|30,01|02|03|04|07|08|09|10|11|14|15|16|17|18|21|22|23|28|29|30
291650,KOSDAQ,stock,True,,,2026-09-17,2026-09-04,18|21|22|23|28|29|30,07|08|09|10|11|14|15|16|17|18|21|22|23|28|29|30
291680,KOSPI,etf,True,,,2026-09-17,,18|21|22|23|28|29|30,01|02|03|04|07|08|09|10|11|14|15|16|17|18|21|22|23|28|29|30
291810,KOSDAQ,stock,True,,,2026-09-17,2026-09-04,18|21|22|23|28|29|30,07|08|09|10|11|14|15|16|17|18|21|22|23|28|29|30
291890,KOSPI,etf,True,,,2026-09-17,,18|21|22|23|28|29|30,01|02|03|04|07|08|09|10|11|14|15|16|17|18|21|22|23|28|29|30
292050,KOSPI,etf,True,,,2026-09-17,2026-06-15,18|21|22|23|28|29|30,01|02|03|04|07|08|09|10|11|14|15|16|17|18|21|22|23|28|29|30
292150,KOSPI,etf,True,,,2026-09-17,2026-06-15,18|21|22|23|28|29|30,01|02|03|04|07|08|09|10|11|14|15|16|17|18|21|22|23|28|29|30
292160,KOSPI,etf,True,,,2026-09-17,2026-06-15,18|21|22|23|28|29|30,01|02|03|04|07|08|09|10|11|14|15|16|17|18|21|22|23|28|29|30
292190,KOSPI,etf,True,,,2026-09-17,2026-06-15,18|21|22|23|28|29|30,01|02|03|04|07|08|09|10|11|14|15|16|17|18|21|22|23|28|29|30
292500,KOSPI,etf,True,,,2026-09-17,2026-06-15,18|21|22|23|28|29|30,01|02|03|04|07|08|09|10|11|14|15|16|17|18|21|22|23|28|29|30
292560,KOSPI,etf,True,,,2026-09-17,2026-06-15,18|21|22|23|28|29|30,01|02|03|04|07|08|09|10|11|14|15|16|17|18|21|22|23|28|29|30
292770,KOSPI,etf,True,,,2026-09-17,2026-06-15,18|21|22|23|28|29|30,01|02|03|04|07|08|09|10|11|14|15|16|17|18|21|22|23|28|29|30
293180,KOSPI,etf,True,,,2026-09-17,2026-06-15,18|21|22|23|28|29|30,01|02|03|04|07|08|09|10|11|14|15|16|17|18|21|22|23|28|29|30
293480,KOSPI,stock,True,,,2026-09-17,2026-09-04,18|21|22|23|28|29|30,07|08|09|10|11|14|15|16|17|18|21|22|23|28|29|30
293490,KOSDAQ,stock,True,,,2026-09-17,2026-09-04,18|21|22|23|28|29|30,07|08|09|10|11|14|15|16|17|18|21|22|23|28|29|30
293580,KOSDAQ,stock,True,,,2026-09-17,2026-06-15,18|21|22|23|28|29|30,01|02|03|04|07|08|09|10|11|14|15|16|17|18|21|22|23|28|29|30
293780,KOSDAQ,stock,True,,,2026-09-17,2026-09-04,18|21|22|23|28|29|30,07|08|09|10|11|14|15|16|17|18|21|22|23|28|29|30
293940,KOSPI,stock,True,,,2026-09-17,2026-09-04,18|21|22|23|28|29|30,07|08|09|10|11|14|15|16|17|18|21|22|23|28|29|30
294090,KOSDAQ,stock,True,,,2026-09-04,2026-09-04,07|08|09|10|11|14|15|16|17|18|21|22|23|28|29|30,07|08|09|10|11|14|15|16|17|18|21|22|23|28|29|30
294140,KOSDAQ,stock,True,,,2026-09-17,2026-09-04,18|21|22|23|28|29|30,07|08|09|10|11|14|15|16|17|18|21|22|23|28|29|30
294400,KOSPI,etf,True,,,2026-09-17,2026-06-15,18|21|22|23|28|29|30,01|02|03|04|07|08|09|10|11|14|15|16|17|18|21|22|23|28|29|30
294570,KOSDAQ,stock,True,,,2026-09-17,2026-09-04,18|21|22|23|28|29|30,07|08|09|10|11|14|15|16|17|18|21|22|23|28|29|30
294630,KOSDAQ,stock,True,,,2026-09-17,2026-09-04,18|21|22|23|28|29|30,07|08|09|10|11|14|15|16|17|18|21|22|23|28|29|30
294870,KOSPI,stock,True,,,2026-09-17,2026-09-04,18|21|22|23|28|29|30,07|08|09|10|11|14|15|16|17|18|21|22|23|28|29|30
295000,KOSPI,etf,True,,,2026-09-17,,18|21|22|23|28|29|30,01|02|03|04|07|08|09|10|11|14|15|16|17|18|21|22|23|28|29|30
295020,KOSPI,etf,True,,,2026-09-17,2026-06-15,18|21|22|23|28|29|30,01|02|03|04|07|08|09|10|11|14|15|16|17|18|21|22|23|28|29|30
295040,KOSPI,etf,True,,,2026-09-17,2026-06-15,18|21|22|23|28|29|30,01|02|03|04|07|08|09|10|11|14|15|16|17|18|21|22|23|28|29|30
295310,KOSDAQ,stock,True,,,2026-09-17,2026-09-04,18|21|22|23|28|29|30,07|08|09|10|11|14|15|16|17|18|21|22|23|28|29|30
296640,KOSDAQ,stock,True,,,2026-09-17,2026-09-04,18|21|22|23|28|29|30,07|08|09|10|11|14|15|16|17|18|21|22|23|28|29|30
297090,KOSDAQ,stock,True,,,2026-09-17,2026-09-04,18|21|22|23|28|29|30,07|08|09|10|11|14|15|16|17|18|21|22|23|28|29|30
297570,KOSDAQ,stock,True,,,2026-09-17,2026-09-04,18|21|22|23|28|29|30,07|08|09|10|11|14|15|16|17|18|21|22|23|28|29|30
297890,KOSDAQ,stock,True,,,2026-09-17,2026-09-04,18|21|22|23|28|29|30,07|08|09|10|11|14|15|16|17|18|21|22|23|28|29|30
298000,KOSPI,stock,True,,,2026-09-17,2026-09-04,18|21|22|23|28|29|30,07|08|09|10|11|14|15|16|17|18|21|22|23|28|29|30
298020,KOSPI,stock,True,,,2026-09-17,2026-09-04,18|21|22|23|28|29|30,07|08|09|10|11|14|15|16|17|18|21|22|23|28|29|30
298040,KOSPI,stock,True,,,2026-09-17,2026-09-04,18|21|22|23|28|29|30,07|08|09|10|11|14|15|16|17|18|21|22|23|28|29|30
298050,KOSPI,stock,True,,,2026-09-17,2026-09-04,18|21|22|23|28|29|30,07|08|09|10|11|14|15|16|17|18|21|22|23|28|29|30
298060,KOSDAQ,stock,True,,,2026-09-17,2026-09-04,18|21|22|23|28|29|30,07|08|09|10|11|14|15|16|17|18|21|22|23|28|29|30
298340,KOSPI,etf,True,,,2026-09-17,2026-06-15,18|21|22|23|28|29|30,01|02|03|04|07|08|09|10|11|14|15|16|17|18|21|22|23|28|29|30
298380,KOSDAQ,stock,True,,,2026-09-17,2026-09-04,18|21|22|23|28|29|30,07|08|09|10|11|14|15|16|17|18|21|22|23|28|29|30
298540,KOSDAQ,stock,True,,,2026-09-17,2026-09-04,18|21|22|23|28|29|30,07|08|09|10|11|14|15|16|17|18|21|22|23|28|29|30
298690,KOSPI,stock,True,,,2026-09-17,2026-09-04,18|21|22|23|28|29|30,07|08|09|10|11|14|15|16|17|18|21|22|23|28|29|30
298770,KOSPI,etf,True,,,2026-09-17,2026-06-15,18|21|22|23|28|29|30,01|02|03|04|07|08|09|10|11|14|15|16|17|18|21|22|23|28|29|30
298830,KOSDAQ,stock,True,,,2026-09-17,2026-09-04,18|21|22|23|28|29|30,07|08|09|10|11|14|15|16|17|18|21|22|23|28|29|30
299030,KOSDAQ,stock,True,,,2026-09-17,2026-09-04,18|21|22|23|28|29|30,07|08|09|10|11|14|15|16|17|18|21|22|23|28|29|30
299170,KOSDAQ,stock,True,,,2026-09-17,2026-09-04,18|21|22|23|28|29|30,07|08|09|10|11|14|15|16|17|18|21|22|23|28|29|30
299660,KOSDAQ,stock,True,,,2026-09-17,2026-09-04,18|21|22|23|28|29|30,07|08|09|10|11|14|15|16|17|18|21|22|23|28|29|30
299900,KOSDAQ,stock,False,,2026-08-20,2026-08-10,2026-08-19,01|02|03|04|07|08|09|10|11|14|15|16|17|18|21|22|23|28|29|30,01|02|03|04|07|08|09|10|11|14|15|16|17|18|21|22|23|28|29|30
300080,KOSDAQ,stock,True,,,2026-09-17,2026-09-04,18|21|22|23|28|29|30,07|08|09|10|11|14|15|16|17|18|21|22|23|28|29|30
300120,KOSDAQ,stock,True,,,2026-09-17,2026-09-04,18|21|22|23|28|29|30,07|08|09|10|11|14|15|16|17|18|21|22|23|28|29|30
300610,KOSPI,etf,True,,,,,01|02|03|04|07|08|09|10|11|14|15|16|17|18|21|22|23|28|29|30,01|02|03|04|07|08|09|10|11|14|15|16|17|18|21|22|23|28|29|30
300640,KOSPI,etf,True,,,2026-09-17,2026-06-15,18|21|22|23|28|29|30,01|02|03|04|07|08|09|10|11|14|15|16|17|18|21|22|23|28|29|30
300720,KOSPI,stock,True,,,2026-09-17,2026-09-04,18|21|22|23|28|29|30,07|08|09|10|11|14|15|16|17|18|21|22|23|28|29|30
300950,KOSPI,etf,True,,,2026-09-17,2026-06-15,18|21|22|23|28|29|30,01|02|03|04|07|08|09|10|11|14|15|16|17|18|21|22|23|28|29|30
301300,KOSDAQ,stock,True,,,2026-09-17,2026-09-04,18|21|22|23|28|29|30,07|08|09|10|11|14|15|16|17|18|21|22|23|28|29|30
301400,KOSPI,etf,True,,,,,01|02|03|04|07|08|09|10|11|14|15|16|17|18|21|22|23|28|29|30,01|02|03|04|07|08|09|10|11|14|15|16|17|18|21|22|23|28|29|30
302190,KOSPI,etf,True,,,2026-09-17,2026-06-15,18|21|22|23|28|29|30,01|02|03|04|07|08|09|10|11|14|15|16|17|18|21|22|23|28|29|30
302430,KOSDAQ,stock,True,,,2026-09-17,2026-09-04,18|21|22|23|28|29|30,07|08|09|10|11|14|15|16|17|18|21|22|23|28|29|30
302440,KOSPI,stock,True,,,2026-09-17,2026-09-04,18|21|22|23|28|29|30,07|08|09|10|11|14|15|16|17|18|21|22|23|28|29|30
302450,KOSPI,etf,True,,,2026-09-17,2026-06-15,18|21|22|23|28|29|30,01|02|03|04|07|08|09|10|11|14|15|16|17|18|21|22|23|28|29|30
302550,KOSDAQ,stock,True,,,2026-09-17,2026-06-15,18|21|22|23|28|29|30,01|02|03|04|07|08|09|10|11|14|15|16|17|18|21|22|23|28|29|30
303030,KOSDAQ,stock,True,,,2026-09-17,2026-09-04,18|21|22|23|28|29|30,07|08|09|10|11|14|15|16|17|18|21|22|23|28|29|30
303360,KOSDAQ,stock,True,,,2026-09-17,2026-09-04,18|21|22|23|28|29|30,07|08|09|10|11|14|15|16|17|18|21|22|23|28|29|30
303530,KOSDAQ,stock,True,,,2026-09-17,2026-09-04,18|21|22|23|28|29|30,07|08|09|10|11|14|15|16|17|18|21|22|23|28|29|30
303810,KOSDAQ,stock,True,,,2026-09-17,2026-09-04,18|21|22|23|28|29|30,07|08|09|10|11|14|15|16|17|18|21|22|23|28|29|30
304100,KOSDAQ,stock,True,,,2026-09-17,2026-09-04,18|21|22|23|28|29|30,07|08|09|10|11|14|15|16|17|18|21|22|23|28|29|30
304360,KOSDAQ,stock,True,,,2026-09-17,2026-09-04,18|21|22|23|28|29|30,07|08|09|10|11|14|15|16|17|18|21|22|23|28|29|30
304660,KOSPI,etf,True,,,2026-09-17,2026-06-15,18|21|22|23|28|29|30,01|02|03|04|07|08|09|10|11|14|15|16|17|18|21|22|23|28|29|30
304670,KOSPI,etf,True,,,2026-09-17,,18|21|22|23|28|29|30,01|02|03|04|07|08|09|10|11|14|15|16|17|18|21|22|23|28|29|30
304760,KOSPI,etf,True,,,2026-09-17,2026-06-15,18|21|22|23|28|29|30,01|02|03|04|07|08|09|10|11|14|15|16|17|18|21|22|23|28|29|30
304770,KOSPI,etf,True,,,2026-09-17,2026-06-15,18|21|22|23|28|29|30,01|02|03|04|07|08|09|10|11|14|15|16|17|18|21|22|23|28|29|30
304780,KOSPI,etf,True,,,2026-09-17,2026-06-15,18|21|22|23|28|29|30,01|02|03|04|07|08|09|10|11|14|15|16|17|18|21|22|23|28|29|30
304840,KOSDAQ,stock,True,,,2026-09-04,2026-09-04,07|08|09|10|11|14|15|16|17|18|21|22|23|28|29|30,07|08|09|10|11|14|15|16|17|18|21|22|23|28|29|30
304940,KOSPI,etf,True,,,2026-09-17,2026-06-15,18|21|22|23|28|29|30,01|02|03|04|07|08|09|10|11|14|15|16|17|18|21|22|23|28|29|30
305050,KOSPI,etf,True,,,2026-09-17,2026-06-15,18|21|22|23|28|29|30,01|02|03|04|07|08|09|10|11|14|15|16|17|18|21|22|23|28|29|30
305080,KOSPI,etf,True,,,2026-09-17,2026-06-15,18|21|22|23|28|29|30,01|02|03|04|07|08|09|10|11|14|15|16|17|18|21|22|23|28|29|30
305090,KOSDAQ,stock,True,,,2026-09-04,2026-09-04,07|08|09|10|11|14|15|16|17|18|21|22|23|28|29|30,07|08|09|10|11|14|15|16|17|18|21|22|23|28|29|30
305540,KOSPI,etf,True,,,2026-09-17,2026-06-15,18|21|22|23|28|29|30,01|02|03|04|07|08|09|10|11|14|15|16|17|18|21|22|23|28|29|30
305720,KOSPI,etf,True,,,2026-09-17,2026-06-15,18|21|22|23|28|29|30,01|02|03|04|07|08|09|10|11|14|15|16|17|18|21|22|23|28|29|30
306040,KOSDAQ,stock,True,,,2026-09-17,2026-09-04,18|21|22|23|28|29|30,07|08|09|10|11|14|15|16|17|18|21|22|23|28|29|30
306200,KOSPI,stock,True,,,2026-09-17,2026-09-04,18|21|22|23|28|29|30,07|08|09|10|11|14|15|16|17|18|21|22|23|28|29|30
306520,KOSPI,etf,True,,,2026-09-17,,18|21|22|23|28|29|30,01|02|03|04|07|08|09|10|11|14|15|16|17|18|21|22|23|28|29|30
306530,KOSPI,etf,True,,,2026-09-17,,18|21|22|23|28|29|30,01|02|03|04|07|08|09|10|11|14|15|16|17|18|21|22|23|28|29|30
306620,KOSDAQ,stock,True,,,2026-09-17,2026-09-04,18|21|22|23|28|29|30,07|08|09|10|11|14|15|16|17|18|21|22|23|28|29|30
306950,KOSPI,etf,True,,,2026-09-17,2026-06-15,18|21|22|23|28|29|30,01|02|03|04|07|08|09|10|11|14|15|16|17|18|21|22|23|28|29|30
307180,KOSDAQ,stock,True,,,2026-09-17,2026-09-04,18|21|22|23|28|29|30,07|08|09|10|11|14|15|16|17|18|21|22|23|28|29|30
307280,KOSDAQ,stock,True,,,2026-09-17,2026-09-04,18|21|22|23|28|29|30,07|08|09|10|11|14|15|16|17|18|21|22|23|28|29|30
307510,KOSPI,etf,True,,,2026-09-17,,18|21|22|23|28|29|30,01|02|03|04|07|08|09|10|11|14|15|16|17|18|21|22|23|28|29|30
307520,KOSPI,etf,True,,,2026-09-17,2026-06-15,18|21|22|23|28|29|30,01|02|03|04|07|08|09|10|11|14|15|16|17|18|21|22|23|28|29|30
307750,KOSDAQ,stock,True,,,2026-09-17,2026-09-04,18|21|22|23|28|29|30,07|08|09|10|11|14|15|16|17|18|21|22|23|28|29|30
307870,KOSDAQ,stock,True,,,2026-09-17,2026-09-04,18|21|22|23|28|29|30,07|08|09|10|11|14|15|16|17|18|21|22|23|28|29|30
307930,KOSDAQ,stock,True,,,2026-09-17,2026-09-04,18|21|22|23|28|29|30,07|08|09|10|11|14|15|16|17|18|21|22|23|28|29|30
307950,KOSPI,stock,True,,,2026-09-17,2026-09-04,18|21|22|23|28|29|30,07|08|09|10|11|14|15|16|17|18|21|22|23|28|29|30
308080,KOSDAQ,stock,True,,,2026-09-17,2026-08-31,18|21|22|23|28|29|30,01|02|03|04|07|08|09|10|11|14|15|16|17|18|21|22|23|28|29|30
308100,KOSDAQ,stock,True,,,2026-09-17,2026-09-04,18|21|22|23|28|29|30,07|08|09|10|11|14|15|16|17|18|21|22|23|28|29|30
308170,KOSPI,stock,True,,,2026-09-17,2026-09-04,18|21|22|23|28|29|30,07|08|09|10|11|14|15|16|17|18|21|22|23|28|29|30
308430,KOSDAQ,stock,True,,,2026-09-17,2026-09-04,18|21|22|23|28|29|30,07|08|09|10|11|14|15|16|17|18|21|22|23|28|29|30
308620,KOSPI,etf,True,,,2026-09-17,2026-06-15,18|21|22|23|28|29|30,01|02|03|04|07|08|09|10|11|14|15|16|17|18|21|22|23|28|29|30
309230,KOSPI,etf,True,,,2026-09-17,2026-06-15,18|21|22|23|28|29|30,01|02|03|04|07|08|09|10|11|14|15|16|17|18|21|22|23|28|29|30
309710,KOSDAQ,stock,True,,,2026-09-04,,07|08|09|10|11|14|15|16|17|18|21|22|23|28|29|30,01|02|03|04|07|08|09|10|11|14|15|16|17|18|21|22|23|28|29|30
309930,KOSDAQ,stock,True,,,2026-09-17,2026-09-04,18|21|22|23|28|29|30,07|08|09|10|11|14|15|16|17|18|21|22|23|28|29|30
309960,KOSDAQ,stock,True,,,2026-09-17,2026-09-04,18|21|22|23|28|29|30,07|08|09|10|11|14|15|16|17|18|21|22|23|28|29|30
310080,KOSPI,etf,True,,,2026-09-17,,18|21|22|23|28|29|30,01|02|03|04|07|08|09|10|11|14|15|16|17|18|21|22|23|28|29|30
310200,KOSDAQ,stock,True,,,2026-09-17,2026-09-04,18|21|22|23|28|29|30,07|08|09|10|11|14|15|16|17|18|21|22|23|28|29|30
310210,KOSDAQ,stock,True,,,2026-09-17,2026-09-04,18|21|22|23|28|29|30,07|08|09|10|11|14|15|16|17|18|21|22|23|28|29|30
310870,KOSDAQ,stock,True,,,2026-09-17,2026-09-04,18|21|22|23|28|29|30,07|08|09|10|11|14|15|16|17|18|21|22|23|28|29|30
310960,KOSPI,etf,True,,,2026-09-17,2026-06-15,18|21|22|23|28|29|30,01|02|03|04|07|08|09|10|11|14|15|16|17|18|21|22|23|28|29|30
310970,KOSPI,etf,True,,,2026-09-17,2026-06-15,18|21|22|23|28|29|30,01|02|03|04|07|08|09|10|11|14|15|16|17|18|21|22|23|28|29|30
311320,KOSDAQ,stock,True,,,2026-09-17,2026-09-04,18|21|22|23|28|29|30,07|08|09|10|11|14|15|16|17|18|21|22|23|28|29|30
311390,KOSDAQ,stock,True,,,2026-09-17,2026-09-04,18|21|22|23|28|29|30,07|08|09|10|11|14|15|16|17|18|21|22|23|28|29|30
311690,KOSDAQ,stock,True,,,2026-09-17,2026-09-04,18|21|22|23|28|29|30,07|08|09|10|11|14|15|16|17|18|21|22|23|28|29|30
312610,KOSDAQ,stock,True,,,2026-09-17,2026-09-04,18|21|22|23|28|29|30,07|08|09|10|11|14|15|16|17|18|21|22|23|28|29|30
313760,KOSDAQ,stock,True,,,2026-09-04,2026-09-04,07|08|09|10|11|14|15|16|17|18|21|22|23|28|29|30,07|08|09|10|11|14|15|16|17|18|21|22|23|28|29|30
314130,KOSDAQ,stock,True,,,2026-09-17,2026-09-04,18|21|22|23|28|29|30,07|08|09|10|11|14|15|16|17|18|21|22|23|28|29|30
314140,KOSDAQ,stock,True,,,2026-09-17,2026-09-04,18|21|22|23|28|29|30,07|08|09|10|11|14|15|16|17|18|21|22|23|28|29|30
314250,KOSPI,etf,True,,,2026-09-17,2026-06-15,18|21|22|23|28|29|30,01|02|03|04|07|08|09|10|11|14|15|16|17|18|21|22|23|28|29|30
314700,KOSPI,etf,True,,,2026-09-17,,18|21|22|23|28|29|30,01|02|03|04|07|08|09|10|11|14|15|16|17|18|21|22|23|28|29|30
314930,KOSDAQ,stock,True,,,2026-09-17,2026-09-04,18|21|22|23|28|29|30,07|08|09|10|11|14|15|16|17|18|21|22|23|28|29|30
315270,KOSPI,etf,True,,,2026-09-17,,18|21|22|23|28|29|30,01|02|03|04|07|08|09|10|11|14|15|16|17|18|21|22|23|28|29|30
315640,KOSDAQ,stock,True,,,2026-09-17,2026-09-04,18|21|22|23|28|29|30,07|08|09|10|11|14|15|16|17|18|21|22|23|28|29|30
315930,KOSPI,etf,True,,,2026-09-17,2026-06-15,18|21|22|23|28|29|30,01|02|03|04|07|08|09|10|11|14|15|16|17|18|21|22|23|28|29|30
315960,KOSPI,etf,True,,,2026-09-17,2026-06-15,18|21|22|23|28|29|30,01|02|03|04|07|08|09|10|11|14|15|16|17|18|21|22|23|28|29|30
316140,KOSPI,stock,True,,,2026-09-17,2026-09-04,18|21|22|23|28|29|30,07|08|09|10|11|14|15|16|17|18|21|22|23|28|29|30
316300,KOSPI,etf,True,,,2026-09-17,,18|21|22|23|28|29|30,01|02|03|04|07|08|09|10|11|14|15|16|17|18|21|22|23|28|29|30
316670,KOSPI,etf,True,,,2026-09-17,2026-06-15,18|21|22|23|28|29|30,01|02|03|04|07|08|09|10|11|14|15|16|17|18|21|22|23|28|29|30
317120,KOSDAQ,stock,True,,,2026-09-17,2026-09-04,18|21|22|23|28|29|30,07|08|09|10|11|14|15|16|17|18|21|22|23|28|29|30
317240,KOSDAQ,stock,True,,,2026-09-17,2026-09-04,18|21|22|23|28|29|30,07|08|09|10|11|14|15|16|17|18|21|22|23|28|29|30
317330,KOSDAQ,stock,True,,,2026-09-17,2026-09-04,18|21|22|23|28|29|30,07|08|09|10|11|14|15|16|17|18|21|22|23|28|29|30
317400,KOSPI,stock,True,,,2026-09-17,2026-09-04,18|21|22|23|28|29|30,07|08|09|10|11|14|15|16|17|18|21|22|23|28|29|30
317450,KOSPI,stock,True,,,2026-09-17,,18|21|22|23|28|29|30,01|02|03|04|07|08|09|10|11|14|15|16|17|18|21|22|23|28|29|30
317530,KOSDAQ,stock,True,,,2026-09-17,2026-09-04,18|21|22|23|28|29|30,07|08|09|10|11|14|15|16|17|18|21|22|23|28|29|30
317690,KOSDAQ,stock,True,,,2026-09-17,2026-09-04,18|21|22|23|28|29|30,07|08|09|10|11|14|15|16|17|18|21|22|23|28|29|30
317770,KOSDAQ,stock,True,,,2026-09-17,2026-09-04,18|21|22|23|28|29|30,07|08|09|10|11|14|15|16|17|18|21|22|23|28|29|30
317830,KOSDAQ,stock,True,,,2026-09-17,2026-09-04,18|21|22|23|28|29|30,07|08|09|10|11|14|15|16|17|18|21|22|23|28|29|30
317850,KOSDAQ,stock,True,,,2026-09-17,2026-09-04,18|21|22|23|28|29|30,07|08|09|10|11|14|15|16|17|18|21|22|23|28|29|30
317870,KOSDAQ,stock,True,,,2026-09-17,2026-09-04,18|21|22|23|28|29|30,07|08|09|10|11|14|15|16|17|18|21|22|23|28|29|30
318000,KOSDAQ,stock,True,,,2026-09-17,2026-09-04,18|21|22|23|28|29|30,07|08|09|10|11|14|15|16|17|18|21|22|23|28|29|30
318010,KOSDAQ,stock,True,,,2026-09-17,2026-09-04,18|21|22|23|28|29|30,07|08|09|10|11|14|15|16|17|18|21|22|23|28|29|30
318020,KOSDAQ,stock,True,,,2026-09-17,2026-09-04,18|21|22|23|28|29|30,07|08|09|10|11|14|15|16|17|18|21|22|23|28|29|30
318060,KOSDAQ,stock,True,,,2026-09-17,,18|21|22|23|28|29|30,01|02|03|04|07|08|09|10|11|14|15|16|17|18|21|22|23|28|29|30
318160,KOSDAQ,stock,True,,,2026-09-17,2026-09-04,18|21|22|23|28|29|30,07|08|09|10|11|14|15|16|17|18|21|22|23|28|29|30
318410,KOSDAQ,stock,True,,,2026-09-17,2026-09-04,18|21|22|23|28|29|30,07|08|09|10|11|14|15|16|17|18|21|22|23|28|29|30
319400,KOSDAQ,stock,True,,,2026-09-17,2026-09-04,18|21|22|23|28|29|30,07|08|09|10|11|14|15|16|17|18|21|22|23|28|29|30
319640,KOSPI,etf,True,,,2026-09-17,2026-06-15,18|21|22|23|28|29|30,01|02|03|04|07|08|09|10|11|14|15|16|17|18|21|22|23|28|29|30
319660,KOSDAQ,stock,True,,,2026-09-17,2026-09-04,18|21|22|23|28|29|30,07|08|09|10|11|14|15|16|17|18|21|22|23|28|29|30
320000,KOSDAQ,stock,True,,,2026-09-17,2026-09-04,18|21|22|23|28|29|30,07|08|09|10|11|14|15|16|17|18|21|22|23|28|29|30
321260,KOSDAQ,stock,True,,,2026-09-17,2026-09-04,18|21|22|23|28|29|30,07|08|09|10|11|14|15|16|17|18|21|22|23|28|29|30
321370,KOSDAQ,stock,True,,,2026-09-17,2026-09-04,18|21|22|23|28|29|30,07|08|09|10|11|14|15|16|17|18|21|22|23|28|29|30
321410,KOSPI,etf,True,,,2026-09-17,,18|21|22|23|28|29|30,01|02|03|04|07|08|09|10|11|14|15|16|17|18|21|22|23|28|29|30
321550,KOSDAQ,stock,True,,,2026-09-17,2026-09-04,18|21|22|23|28|29|30,07|08|09|10|11|14|15|16|17|18|21|22|23|28|29|30
321820,KOSDAQ,stock,True,,,2026-09-17,2026-09-04,18|21|22|23|28|29|30,07|08|09|10|11|14|15|16|17|18|21|22|23|28|29|30
322000,KOSPI,stock,True,,,2026-09-17,2026-09-04,18|21|22|23|28|29|30,07|08|09|10|11|14|15|16|17|18|21|22|23|28|29|30
322180,KOSDAQ,stock,True,,,2026-09-17,2026-09-04,18|21|22|23|28|29|30,07|08|09|10|11|14|15|16|17|18|21|22|23|28|29|30
322310,KOSDAQ,stock,True,,,2026-09-17,2026-09-04,18|21|22|23|28|29|30,07|08|09|10|11|14|15|16|17|18|21|22|23|28|29|30
322400,KOSPI,etf,True,,,2026-09-17,2026-06-15,18|21|22|23|28|29|30,01|02|03|04|07|08|09|10|11|14|15|16|17|18|21|22|23|28|29|30
322410,KOSPI,etf,True,,,2026-09-17,2026-06-15,18|21|22|23|28|29|30,01|02|03|04|07|08|09|10|11|14|15|16|17|18|21|22|23|28|29|30
322510,KOSDAQ,stock,True,,,2026-09-17,2026-09-04,18|21|22|23|28|29|30,07|08|09|10|11|14|15|16|17|18|21|22|23|28|29|30
322780,KOSDAQ,stock,True,,,2026-09-17,2026-09-04,18|21|22|23|28|29|30,07|08|09|10|11|14|15|16|17|18|21|22|23|28|29|30
323280,KOSDAQ,stock,True,,,2026-09-17,2026-09-04,18|21|22|23|28|29|30,07|08|09|10|11|14|15|16|17|18|21|22|23|28|29|30
323350,KOSDAQ,stock,True,,,2026-09-17,2026-06-15,18|21|22|23|28|29|30,01|02|03|04|07|08|09|10|11|14|15|16|17|18|21|22|23|28|29|30
323410,KOSPI,stock,True,,,2026-09-17,2026-09-04,18|21|22|23|28|29|30,07|08|09|10|11|14|15|16|17|18|21|22|23|28|29|30
323990,KOSDAQ,stock,True,,,2026-09-17,2026-09-04,18|21|22|23|28|29|30,07|08|09|10|11|14|15|16|17|18|21|22|23|28|29|30
325010,KOSPI,etf,True,,,2026-09-17,2026-06-15,18|21|22|23|28|29|30,01|02|03|04|07|08|09|10|11|14|15|16|17|18|21|22|23|28|29|30
325020,KOSPI,etf,True,,,2026-09-17,2026-06-15,18|21|22|23|28|29|30,01|02|03|04|07|08|09|10|11|14|15|16|17|18|21|22|23|28|29|30
326030,KOSPI,stock,True,,,2026-09-17,2026-09-04,18|21|22|23|28|29|30,07|08|09|10|11|14|15|16|17|18|21|22|23|28|29|30
326230,KOSPI,etf,True,,,,,01|02|03|04|07|08|09|10|11|14|15|16|17|18|21|22|23|28|29|30,01|02|03|04|07|08|09|10|11|14|15|16|17|18|21|22|23|28|29|30
326240,KOSPI,etf,True,,,2026-09-17,2026-06-15,18|21|22|23|28|29|30,01|02|03|04|07|08|09|10|11|14|15|16|17|18|21|22|23|28|29|30
327260,KOSDAQ,stock,True,,,2026-09-17,2026-09-04,18|21|22|23|28|29|30,07|08|09|10|11|14|15|16|17|18|21|22|23|28|29|30
328130,KOSDAQ,stock,True,,,2026-09-17,2026-09-04,18|21|22|23|28|29|30,07|08|09|10|11|14|15|16|17|18|21|22|23|28|29|30
328370,KOSPI,etf,True,,,2026-09-17,2026-06-15,18|21|22|23|28|29|30,01|02|03|04|07|08|09|10|11|14|15|16|17|18|21|22|23|28|29|30
328380,KOSDAQ,stock,True,,,2026-09-17,2026-09-04,18|21|22|23|28|29|30,07|08|09|10|11|14|15|16|17|18|21|22|23|28|29|30
329180,KOSPI,stock,True,,,2026-09-17,2026-09-04,18|21|22|23|28|29|30,07|08|09|10|11|14|15|16|17|18|21|22|23|28|29|30
329200,KOSPI,etf,True,,,2026-09-17,2026-06-15,18|21|22|23|28|29|30,01|02|03|04|07|08|09|10|11|14|15|16|17|18|21|22|23|28|29|30
329650,KOSPI,etf,True,,,2026-09-17,2026-06-15,18|21|22|23|28|29|30,01|02|03|04|07|08|09|10|11|14|15|16|17|18|21|22|23|28|29|30
329660,KOSPI,etf,True,,,2026-09-17,2026-06-15,18|21|22|23|28|29|30,01|02|03|04|07|08|09|10|11|14|15|16|17|18|21|22|23|28|29|30
329670,KOSPI,etf,True,,,2026-09-17,2026-06-15,18|21|22|23|28|29|30,01|02|03|04|07|08|09|10|11|14|15|16|17|18|21|22|23|28|29|30
329750,KOSPI,etf,True,,,2026-09-17,2026-06-15,18|21|22|23|28|29|30,01|02|03|04|07|08|09|10|11|14|15|16|17|18|21|22|23|28|29|30
330350,KOSDAQ,stock,True,,,2026-09-17,2026-09-04,18|21|22|23|28|29|30,07|08|09|10|11|14|15|16|17|18|21|22|23|28|29|30
330590,KOSPI,stock,True,,,2026-09-17,2026-09-04,18|21|22|23|28|29|30,07|08|09|10|11|14|15|16|17|18|21|22|23|28|29|30
330730,KOSDAQ,stock,True,,,2026-09-17,2026-09-04,18|21|22|23|28|29|30,07|08|09|10|11|14|15|16|17|18|21|22|23|28|29|30
330860,KOSDAQ,stock,True,,,2026-09-17,2026-09-04,18|21|22|23|28|29|30,07|08|09|10|11|14|15|16|17|18|21|22|23|28|29|30
331380,KOSDAQ,stock,True,,,2026-09-17,2026-09-04,18|21|22|23|28|29|30,07|08|09|10|11|14|15|16|17|18|21|22|23|28|29|30
331520,KOSDAQ,stock,True,,,2026-09-17,2026-09-04,18|21|22|23|28|29|30,07|08|09|10|11|14|15|16|17|18|21|22|23|28|29|30
331740,KOSDAQ,stock,True,,,2026-09-17,2026-09-04,18|21|22|23|28|29|30,07|08|09|10|11|14|15|16|17|18|21|22|23|28|29|30
331920,KOSDAQ,stock,True,,,2026-09-17,2026-09-04,18|21|22|23|28|29|30,07|08|09|10|11|14|15|16|17|18|21|22|23|28|29|30
332290,KOSDAQ,stock,True,,,2026-09-17,2026-09-04,18|21|22|23|28|29|30,07|08|09|10|11|14|15|16|17|18|21|22|23|28|29|30
332370,KOSDAQ,stock,True,,,2026-09-17,2026-09-04,18|21|22|23|28|29|30,07|08|09|10|11|14|15|16|17|18|21|22|23|28|29|30
332500,KOSPI,etf,True,,,2026-09-17,2026-06-15,18|21|22|23|28|29|30,01|02|03|04|07|08|09|10|11|14|15|16|17|18|21|22|23|28|29|30
332570,KOSDAQ,stock,True,,,2026-09-17,2026-09-04,18|21|22|23|28|29|30,07|08|09|10|11|14|15|16|17|18|21|22|23|28|29|30
332610,KOSPI,etf,True,,,2026-09-17,,18|21|22|23|28|29|30,01|02|03|04|07|08|09|10|11|14|15|16|17|18|21|22|23|28|29|30
332620,KOSPI,etf,True,,,2026-09-17,2026-06-15,18|21|22|23|28|29|30,01|02|03|04|07|08|09|10|11|14|15|16|17|18|21|22|23|28|29|30
332930,KOSPI,etf,True,,,2026-09-17,2026-06-15,18|21|22|23|28|29|30,01|02|03|04|07|08|09|10|11|14|15|16|17|18|21|22|23|28|29|30
332940,KOSPI,etf,True,,,2026-09-17,2026-06-15,18|21|22|23|28|29|30,01|02|03|04|07|08|09|10|11|14|15|16|17|18|21|22|23|28|29|30
333050,KOSDAQ,stock,True,,,2026-09-17,2026-09-04,18|21|22|23|28|29|30,07|08|09|10|11|14|15|16|17|18|21|22|23|28|29|30
333430,KOSDAQ,stock,True,,,2026-09-17,2026-09-04,18|21|22|23|28|29|30,07|08|09|10|11|14|15|16|17|18|21|22|23|28|29|30
333620,KOSDAQ,stock,True,,,2026-09-17,2026-09-04,18|21|22|23|28|29|30,07|08|09|10|11|14|15|16|17|18|21|22|23|28|29|30
334690,KOSPI,etf,True,,,2026-09-17,,18|21|22|23|28|29|30,01|02|03|04|07|08|09|10|11|14|15|16|17|18|21|22|23|28|29|30
334700,KOSPI,etf,True,,,2026-09-17,,18|21|22|23|28|29|30,01|02|03|04|07|08|09|10|11|14|15|16|17|18|21|22|23|28|29|30
334890,KOSPI,stock,True,,,2026-09-17,2026-09-04,18|21|22|23|28|29|30,07|08|09|10|11|14|15|16|17|18|21|22|23|28|29|30
334970,KOSDAQ,stock,True,,,2026-09-17,2026-09-04,18|21|22|23|28|29|30,07|08|09|10|11|14|15|16|17|18|21|22|23|28|29|30
335810,KOSDAQ,stock,True,,,2026-09-17,2026-09-04,18|21|22|23|28|29|30,07|08|09|10|11|14|15|16|17|18|21|22|23|28|29|30
335870,KOSDAQ,stock,True,,,2026-09-17,2026-09-04,18|21|22|23|28|29|30,07|08|09|10|11|14|15|16|17|18|21|22|23|28|29|30
336060,KOSDAQ,stock,True,,,2026-09-17,2026-09-04,18|21|22|23|28|29|30,07|08|09|10|11|14|15|16|17|18|21|22|23|28|29|30
336160,KOSPI,etf,True,,,2026-09-17,2026-06-15,18|21|22|23|28|29|30,01|02|03|04|07|08|09|10|11|14|15|16|17|18|21|22|23|28|29|30
33626,KOSPI,stock,False,,2026-08-20,,,01|02|03|04|07|08|09|10|11|14|15|16|17|18|21|22|23|28|29|30,01|02|03|04|07|08|09|10|11|14|15|16|17|18|21|22|23|28|29|30
336260,KOSPI,stock,True,,,2026-09-17,2026-09-04,18|21|22|23|28|29|30,07|08|09|10|11|14|15|16|17|18|21|22|23|28|29|30
33626K,KOSPI,stock,True,,,2026-09-17,2026-09-04,18|21|22|23|28|29|30,07|08|09|10|11|14|15|16|17|18|21|22|23|28|29|30
33626L,KOSPI,stock,True,,,2026-09-17,2026-09-04,18|21|22|23|28|29|30,07|08|09|10|11|14|15|16|17|18|21|22|23|28|29|30
33637,KOSPI,stock,False,,2026-08-20,,,01|02|03|04|07|08|09|10|11|14|15|16|17|18|21|22|23|28|29|30,01|02|03|04|07|08|09|10|11|14|15|16|17|18|21|22|23|28|29|30
336370,KOSPI,stock,True,,,2026-09-17,2026-09-04,18|21|22|23|28|29|30,07|08|09|10|11|14|15|16|17|18|21|22|23|28|29|30
33637K,KOSPI,stock,True,,,2026-09-17,2026-09-04,18|21|22|23|28|29|30,07|08|09|10|11|14|15|16|17|18|21|22|23|28|29|30
33637L,KOSPI,stock,True,,,2026-09-17,2026-09-04,18|21|22|23|28|29|30,07|08|09|10|11|14|15|16|17|18|21|22|23|28|29|30
336570,KOSDAQ,stock,True,,,2026-09-17,2026-09-04,18|21|22|23|28|29|30,07|08|09|10|11|14|15|16|17|18|21|22|23|28|29|30
336680,KOSDAQ,stock,True,,,2026-09-17,2026-09-04,18|21|22|23|28|29|30,07|08|09|10|11|14|15|16|17|18|21|22|23|28|29|30
337120,KOSPI,etf,True,,,2026-09-17,2026-06-15,18|21|22|23|28|29|30,01|02|03|04|07|08|09|10|11|14|15|16|17|18|21|22|23|28|29|30
337140,KOSPI,etf,True,,,2026-09-17,2026-06-15,18|21|22|23|28|29|30,01|02|03|04|07|08|09|10|11|14|15|16|17|18|21|22|23|28|29|30
337150,KOSPI,etf,True,,,2026-09-17,2026-06-15,18|21|22|23|28|29|30,01|02|03|04|07|08|09|10|11|14|15|16|17|18|21|22|23|28|29|30
337160,KOSPI,etf,True,,,2026-09-17,2026-06-15,18|21|22|23|28|29|30,01|02|03|04|07|08|09|10|11|14|15|16|17|18|21|22|23|28|29|30
337930,KOSDAQ,stock,True,,,2026-09-17,2026-09-04,18|21|22|23|28|29|30,07|08|09|10|11|14|15|16|17|18|21|22|23|28|29|30
338100,KOSPI,stock,True,,,2026-09-17,2026-09-04,18|21|22|23|28|29|30,07|08|09|10|11|14|15|16|17|18|21|22|23|28|29|30
338220,KOSDAQ,stock,True,,,2026-09-17,2026-09-04,18|21|22|23|28|29|30,07|08|09|10|11|14|15|16|17|18|21|22|23|28|29|30
338840,KOSDAQ,stock,True,,,2026-09-17,2026-09-04,18|21|22|23|28|29|30,07|08|09|10|11|14|15|16|17|18|21|22|23|28|29|30
339770,KOSPI,stock,True,,,2026-09-17,2026-09-04,18|21|22|23|28|29|30,07|08|09|10|11|14|15|16|17|18|21|22|23|28|29|30
339950,KOSDAQ,stock,True,,,2026-09-17,2026-09-04,18|21|22|23|28|29|30,07|08|09|10|11|14|15|16|17|18|21|22|23|28|29|30
340360,KOSDAQ,stock,True,,,2026-09-17,2026-09-04,18|21|22|23|28|29|30,07|08|09|10|11|14|15|16|17|18|21|22|23|28|29|30
340440,KOSDAQ,stock,True,,,2026-09-07,2026-09-04,08|09|10|11|14|15|16|17|18|21|22|23|28|29|30,07|08|09|10|11|14|15|16|17|18|21|22|23|28|29|30
340450,KOSDAQ,stock,True,,,2026-09-17,2026-09-04,18|21|22|23|28|29|30,07|08|09|10|11|14|15|16|17|18|21|22|23|28|29|30
340570,KOSDAQ,stock,True,,,2026-09-17,2026-09-04,18|21|22|23|28|29|30,07|08|09|10|11|14|15|16|17|18|21|22|23|28|29|30
340810,KOSDAQ,stock,True,,,2026-09-17,2026-09-04,18|21|22|23|28|29|30,07|08|09|10|11|14|15|16|17|18|21|22|23|28|29|30
340930,KOSDAQ,stock,True,,,2026-09-04,2026-09-04,07|08|09|10|11|14|15|16|17|18|21|22|23|28|29|30,07|08|09|10|11|14|15|16|17|18|21|22|23|28|29|30
341850,KOSPI,etf,True,,,2026-09-17,,18|21|22|23|28|29|30,01|02|03|04|07|08|09|10|11|14|15|16|17|18|21|22|23|28|29|30
342870,KOSDAQ,stock,True,,,2026-09-17,,18|21|22|23|28|29|30,01|02|03|04|07|08|09|10|11|14|15|16|17|18|21|22|23|28|29|30
344820,KOSPI,stock,True,,,2026-09-17,2026-09-04,18|21|22|23|28|29|30,07|08|09|10|11|14|15|16|17|18|21|22|23|28|29|30
344860,KOSDAQ,stock,True,,,2026-09-17,2026-09-04,18|21|22|23|28|29|30,07|08|09|10|11|14|15|16|17|18|21|22|23|28|29|30
347000,KOSDAQ,stock,True,,,2026-09-17,2026-09-04,18|21|22|23|28|29|30,07|08|09|10|11|14|15|16|17|18|21|22|23|28|29|30
347700,KOSDAQ,stock,True,,,2026-09-17,2026-09-04,18|21|22|23|28|29|30,07|08|09|10|11|14|15|16|17|18|21|22|23|28|29|30
347740,KOSDAQ,stock,True,,,2026-09-17,2026-09-04,18|21|22|23|28|29|30,07|08|09|10|11|14|15|16|17|18|21|22|23|28|29|30
347770,KOSDAQ,stock,True,,,2026-09-17,2026-09-04,18|21|22|23|28|29|30,07|08|09|10|11|14|15|16|17|18|21|22|23|28|29|30
347850,KOSDAQ,stock,True,,,2026-09-17,2026-09-04,18|21|22|23|28|29|30,07|08|09|10|11|14|15|16|17|18|21|22|23|28|29|30
347860,KOSDAQ,stock,True,,,2026-09-17,2026-09-04,18|21|22|23|28|29|30,07|08|09|10|11|14|15|16|17|18|21|22|23|28|29|30
347890,KOSDAQ,stock,True,,,2026-09-17,2026-09-04,18|21|22|23|28|29|30,07|08|09|10|11|14|15|16|17|18|21|22|23|28|29|30
348030,KOSDAQ,stock,True,,,2026-09-17,2026-09-04,18|21|22|23|28|29|30,07|08|09|10|11|14|15|16|17|18|21|22|23|28|29|30
348080,KOSDAQ,stock,True,,,2026-09-17,2026-09-04,18|21|22|23|28|29|30,07|08|09|10|11|14|15|16|17|18|21|22|23|28|29|30
348150,KOSDAQ,stock,True,,,2026-09-17,2026-09-04,18|21|22|23|28|29|30,07|08|09|10|11|14|15|16|17|18|21|22|23|28|29|30
348210,KOSDAQ,stock,True,,,2026-09-17,2026-09-04,18|21|22|23|28|29|30,07|08|09|10|11|14|15|16|17|18|21|22|23|28|29|30
348340,KOSDAQ,stock,True,,,2026-09-17,2026-09-04,18|21|22|23|28|29|30,07|08|09|10|11|14|15|16|17|18|21|22|23|28|29|30
348350,KOSDAQ,stock,True,,,2026-09-17,2026-09-04,18|21|22|23|28|29|30,07|08|09|10|11|14|15|16|17|18|21|22|23|28|29|30
348370,KOSDAQ,stock,True,,,2026-09-17,2026-09-04,18|21|22|23|28|29|30,07|08|09|10|11|14|15|16|17|18|21|22|23|28|29|30
348950,KOSPI,stock,True,,,2026-08-10,2026-09-04,01|02|03|04|07|08|09|10|11|14|15|16|17|18|21|22|23|28|29|30,07|08|09|10|11|14|15|16|17|18|21|22|23|28|29|30
350520,KOSPI,stock,True,,,2026-09-17,2026-09-04,18|21|22|23|28|29|30,07|08|09|10|11|14|15|16|17|18|21|22|23|28|29|30
351320,KOSDAQ,stock,True,,,2026-09-07,2026-09-04,08|09|10|11|14|15|16|17|18|21|22|23|28|29|30,07|08|09|10|11|14|15|16|17|18|21|22|23|28|29|30
351330,KOSDAQ,stock,True,,,2026-09-17,2026-09-04,18|21|22|23|28|29|30,07|08|09|10|11|14|15|16|17|18|21|22|23|28|29|30
351870,KOSDAQ,stock,True,,,2026-09-17,2026-09-04,18|21|22|23|28|29|30,07|08|09|10|11|14|15|16|17|18|21|22|23|28|29|30
352090,KOSDAQ,stock,True,,,2026-09-17,2026-09-04,18|21|22|23|28|29|30,07|08|09|10|11|14|15|16|17|18|21|22|23|28|29|30
352480,KOSDAQ,stock,True,,,2026-09-17,2026-09-04,18|21|22|23|28|29|30,07|08|09|10|11|14|15|16|17|18|21|22|23|28|29|30
352540,KOSPI,etf,True,,,2026-09-17,2026-06-15,18|21|22|23|28|29|30,01|02|03|04|07|08|09|10|11|14|15|16|17|18|21|22|23|28|29|30
352560,KOSPI,etf,True,,,2026-09-17,2026-06-15,18|21|22|23|28|29|30,01|02|03|04|07|08|09|10|11|14|15|16|17|18|21|22|23|28|29|30
352700,KOSDAQ,stock,True,,,2026-09-17,2026-09-04,18|21|22|23|28|29|30,07|08|09|10|11|14|15|16|17|18|21|22|23|28|29|30
352770,KOSDAQ,stock,True,,,2026-09-04,2026-09-04,07|08|09|10|11|14|15|16|17|18|21|22|23|28|29|30,07|08|09|10|11|14|15|16|17|18|21|22|23|28|29|30
352820,KOSPI,stock,True,,,2026-09-17,2026-09-04,18|21|22|23|28|29|30,07|08|09|10|11|14|15|16|17|18|21|22|23|28|29|30
352910,KOSDAQ,stock,True,,,2026-09-17,2026-09-04,18|21|22|23|28|29|30,07|08|09|10|11|14|15|16|17|18|21|22|23|28|29|30
352940,KOSDAQ,stock,True,,,2026-09-17,2026-09-04,18|21|22|23|28|29|30,07|08|09|10|11|14|15|16|17|18|21|22|23|28|29|30
353190,KOSDAQ,stock,True,,,2026-09-17,2026-09-04,18|21|22|23|28|29|30,07|08|09|10|11|14|15|16|17|18|21|22|23|28|29|30
35320,KOSPI,stock,False,,2026-08-20,,,01|02|03|04|07|08|09|10|11|14|15|16|17|18|21|22|23|28|29|30,01|02|03|04|07|08|09|10|11|14|15|16|17|18|21|22|23|28|29|30
353200,KOSPI,stock,True,,,2026-09-17,2026-09-04,18|21|22|23|28|29|30,07|08|09|10|11|14|15|16|17|18|21|22|23|28|29|30
35320K,KOSPI,stock,True,,,2026-09-17,2026-09-04,18|21|22|23|28|29|30,07|08|09|10|11|14|15|16|17|18|21|22|23|28|29|30
353590,KOSDAQ,stock,True,,,2026-09-17,2026-09-04,18|21|22|23|28|29|30,07|08|09|10|11|14|15|16|17|18|21|22|23|28|29|30
353810,KOSDAQ,stock,True,,,2026-09-17,2026-09-04,18|21|22|23|28|29|30,07|08|09|10|11|14|15|16|17|18|21|22|23|28|29|30
354200,KOSDAQ,stock,True,,,2026-09-17,2026-09-04,18|21|22|23|28|29|30,07|08|09|10|11|14|15|16|17|18|21|22|23|28|29|30
354240,KOSPI,etf,True,,,2026-09-17,,18|21|22|23|28|29|30,01|02|03|04|07|08|09|10|11|14|15|16|17|18|21|22|23|28|29|30
354320,KOSDAQ,stock,True,,,2026-09-17,2026-09-04,18|21|22|23|28|29|30,07|08|09|10|11|14|15|16|17|18|21|22|23|28|29|30
354350,KOSPI,etf,True,,,2026-09-17,,18|21|22|23|28|29|30,01|02|03|04|07|08|09|10|11|14|15|16|17|18|21|22|23|28|29|30
354500,KOSPI,etf,True,,,2026-09-17,2026-06-15,18|21|22|23|28|29|30,01|02|03|04|07|08|09|10|11|14|15|16|17|18|21|22|23|28|29|30
355150,KOSDAQ,stock,True,,,2026-09-17,2026-06-15,18|21|22|23|28|29|30,01|02|03|04|07|08|09|10|11|14|15|16|17|18|21|22|23|28|29|30
355390,KOSDAQ,stock,True,,,2026-09-17,2026-09-04,18|21|22|23|28|29|30,07|08|09|10|11|14|15|16|17|18|21|22|23|28|29|30
355690,KOSDAQ,stock,True,,,2026-09-17,2026-09-04,18|21|22|23|28|29|30,07|08|09|10|11|14|15|16|17|18|21|22|23|28|29|30
356540,KOSPI,etf,True,,,2026-09-17,2026-06-15,18|21|22|23|28|29|30,01|02|03|04|07|08|09|10|11|14|15|16|17|18|21|22|23|28|29|30
356680,KOSDAQ,stock,True,,,2026-09-17,2026-09-04,18|21|22|23|28|29|30,07|08|09|10|11|14|15|16|17|18|21|22|23|28|29|30
356860,KOSDAQ,stock,True,,,2026-09-17,2026-09-04,18|21|22|23|28|29|30,07|08|09|10|11|14|15|16|17|18|21|22|23|28|29|30
356890,KOSDAQ,stock,True,,,2026-09-17,2026-09-04,18|21|22|23|28|29|30,07|08|09|10|11|14|15|16|17|18|21|22|23|28|29|30
357120,KOSPI,stock,True,,,2026-09-17,2026-09-04,18|21|22|23|28|29|30,07|08|09|10|11|14|15|16|17|18|21|22|23|28|29|30
357230,KOSDAQ,stock,True,,,2026-09-17,2026-09-04,18|21|22|23|28|29|30,07|08|09|10|11|14|15|16|17|18|21|22|23|28|29|30
357250,KOSPI,stock,True,,,2026-09-17,2026-09-04,18|21|22|23|28|29|30,07|08|09|10|11|14|15|16|17|18|21|22|23|28|29|30
357430,KOSPI,stock,True,,,2026-09-17,2026-09-04,18|21|22|23|28|29|30,07|08|09|10|11|14|15|16|17|18|21|22|23|28|29|30
357550,KOSDAQ,stock,True,,,2026-09-17,2026-09-04,18|21|22|23|28|29|30,07|08|09|10|11|14|15|16|17|18|21|22|23|28|29|30
357580,KOSDAQ,stock,True,,,2026-09-17,2026-09-04,18|21|22|23|28|29|30,07|08|09|10|11|14|15|16|17|18|21|22|23|28|29|30
357780,KOSDAQ,stock,True,,,2026-09-17,2026-09-04,18|21|22|23|28|29|30,07|08|09|10|11|14|15|16|17|18|21|22|23|28|29|30
357870,KOSPI,etf,True,,,2026-09-17,2026-06-15,18|21|22|23|28|29|30,01|02|03|04|07|08|09|10|11|14|15|16|17|18|21|22|23|28|29|30
357880,KOSDAQ,stock,True,,,2026-09-17,2026-09-04,18|21|22|23|28|29|30,07|08|09|10|11|14|15|16|17|18|21|22|23|28|29|30
358570,KOSDAQ,stock,True,,,2026-09-17,2026-09-04,18|21|22|23|28|29|30,07|08|09|10|11|14|15|16|17|18|21|22|23|28|29|30
359090,KOSDAQ,stock,True,,,2026-09-17,2026-09-04,18|21|22|23|28|29|30,07|08|09|10|11|14|15|16|17|18|21|22|23|28|29|30
359210,KOSPI,etf,True,,,2026-09-17,2026-06-15,18|21|22|23|28|29|30,01|02|03|04|07|08|09|10|11|14|15|16|17|18|21|22|23|28|29|30
360070,KOSDAQ,stock,True,,,2026-09-17,2026-09-04,18|21|22|23|28|29|30,07|08|09|10|11|14|15|16|17|18|21|22|23|28|29|30
360140,KOSPI,etf,True,,,2026-09-17,2026-06-15,18|21|22|23|28|29|30,01|02|03|04|07|08|09|10|11|14|15|16|17|18|21|22|23|28|29|30
360150,KOSPI,etf,True,,,2026-09-17,2026-06-15,18|21|22|23|28|29|30,01|02|03|04|07|08|09|10|11|14|15|16|17|18|21|22|23|28|29|30
360200,KOSPI,etf,True,,,2026-09-17,2026-06-15,18|21|22|23|28|29|30,01|02|03|04|07|08|09|10|11|14|15|16|17|18|21|22|23|28|29|30
360350,KOSDAQ,stock,True,,,2026-09-17,2026-09-04,18|21|22|23|28|29|30,07|08|09|10|11|14|15|16|17|18|21|22|23|28|29|30
360750,KOSPI,etf,True,,,2026-09-17,2026-06-15,18|21|22|23|28|29|30,01|02|03|04|07|08|09|10|11|14|15|16|17|18|21|22|23|28|29|30
361390,KOSDAQ,stock,True,,,2026-09-17,2026-09-04,18|21|22|23|28|29|30,07|08|09|10|11|14|15|16|17|18|21|22|23|28|29|30
361570,KOSDAQ,stock,True,,,2026-09-17,2026-09-04,18|21|22|23|28|29|30,07|08|09|10|11|14|15|16|17|18|21|22|23|28|29|30
361580,KOSPI,etf,True,,,2026-09-17,2026-06-15,18|21|22|23|28|29|30,01|02|03|04|07|08|09|10|11|14|15|16|17|18|21|22|23|28|29|30
361610,KOSPI,stock,True,,,2026-09-17,2026-09-04,18|21|22|23|28|29|30,07|08|09|10|11|14|15|16|17|18|21|22|23|28|29|30
361670,KOSDAQ,stock,True,,,2026-09-17,2026-09-04,18|21|22|23|28|29|30,07|08|09|10|11|14|15|16|17|18|21|22|23|28|29|30
362320,KOSDAQ,stock,True,,,2026-09-17,2026-09-04,18|21|22|23|28|29|30,07|08|09|10|11|14|15|16|17|18|21|22|23|28|29|30
362990,KOSDAQ,stock,True,,,2026-09-17,2026-09-04,18|21|22|23|28|29|30,07|08|09|10|11|14|15|16|17|18|21|22|23|28|29|30
363250,KOSDAQ,stock,True,,,2026-09-17,2026-09-04,18|21|22|23|28|29|30,07|08|09|10|11|14|15|16|17|18|21|22|23|28|29|30
363260,KOSDAQ,stock,True,,,2026-09-17,2026-06-15,18|21|22|23|28|29|30,01|02|03|04|07|08|09|10|11|14|15|16|17|18|21|22|23|28|29|30
363280,KOSPI,stock,True,,,2026-09-17,2026-09-04,18|21|22|23|28|29|30,07|08|09|10|11|14|15|16|17|18|21|22|23|28|29|30
36328K,KOSPI,stock,True,,,2026-09-17,2026-09-04,18|21|22|23|28|29|30,07|08|09|10|11|14|15|16|17|18|21|22|23|28|29|30
363510,KOSPI,etf,True,,,2026-09-17,2026-06-15,18|21|22|23|28|29|30,01|02|03|04|07|08|09|10|11|14|15|16|17|18|21|22|23|28|29|30
363570,KOSPI,etf,True,,,2026-09-17,2026-06-15,18|21|22|23|28|29|30,01|02|03|04|07|08|09|10|11|14|15|16|17|18|21|22|23|28|29|30
363580,KOSPI,etf,True,,,2026-09-17,2026-06-15,18|21|22|23|28|29|30,01|02|03|04|07|08|09|10|11|14|15|16|17|18|21|22|23|28|29|30
364690,KOSPI,etf,True,,,2026-09-17,2026-06-15,18|21|22|23|28|29|30,01|02|03|04|07|08|09|10|11|14|15|16|17|18|21|22|23|28|29|30
364950,KOSDAQ,stock,True,,,2026-09-17,2026-09-04,18|21|22|23|28|29|30,07|08|09|10|11|14|15|16|17|18|21|22|23|28|29|30
364960,KOSPI,etf,True,,,2026-09-17,2026-06-15,18|21|22|23|28|29|30,01|02|03|04|07|08|09|10|11|14|15|16|17|18|21|22|23|28|29|30
364970,KOSPI,etf,True,,,2026-09-17,2026-06-15,18|21|22|23|28|29|30,01|02|03|04|07|08|09|10|11|14|15|16|17|18|21|22|23|28|29|30
364980,KOSPI,etf,True,,,2026-09-17,2026-06-15,18|21|22|23|28|29|30,01|02|03|04|07|08|09|10|11|14|15|16|17|18|21|22|23|28|29|30
364990,KOSPI,etf,True,,,2026-09-17,2026-06-15,18|21|22|23|28|29|30,01|02|03|04|07|08|09|10|11|14|15|16|17|18|21|22|23|28|29|30
365000,KOSPI,etf,True,,,2026-09-17,2026-06-15,18|21|22|23|28|29|30,01|02|03|04|07|08|09|10|11|14|15|16|17|18|21|22|23|28|29|30
365040,KOSPI,etf,True,,,2026-09-17,2026-06-15,18|21|22|23|28|29|30,01|02|03|04|07|08|09|10|11|14|15|16|17|18|21|22|23|28|29|30
365270,KOSDAQ,stock,True,,,2026-09-17,2026-09-04,18|21|22|23|28|29|30,07|08|09|10|11|14|15|16|17|18|21|22|23|28|29|30
365330,KOSDAQ,stock,True,,,2026-09-17,2026-09-04,18|21|22|23|28|29|30,07|08|09|10|11|14|15|16|17|18|21|22|23|28|29|30
365340,KOSDAQ,stock,True,,,2026-09-17,2026-09-04,18|21|22|23|28|29|30,07|08|09|10|11|14|15|16|17|18|21|22|23|28|29|30
365550,KOSPI,stock,True,,,2026-09-17,2026-09-04,18|21|22|23|28|29|30,07|08|09|10|11|14|15|16|17|18|21|22|23|28|29|30
365590,KOSDAQ,stock,True,,,2026-09-04,2026-09-04,07|08|09|10|11|14|15|16|17|18|21|22|23|28|29|30,07|08|09|10|11|14|15|16|17|18|21|22|23|28|29|30
365660,KOSDAQ,stock,True,,,2026-09-17,,18|21|22|23|28|29|30,01|02|03|04|07|08|09|10|11|14|15|16|17|18|21|22|23|28|29|30
365780,KOSPI,etf,True,,,2026-09-17,2026-06-15,18|21|22|23|28|29|30,01|02|03|04|07|08|09|10|11|14|15|16|17|18|21|22|23|28|29|30
365900,KOSDAQ,stock,True,,,2026-09-17,2026-09-04,18|21|22|23|28|29|30,07|08|09|10|11|14|15|16|17|18|21|22|23|28|29|30
366030,KOSDAQ,stock,True,,,2026-09-17,2026-09-04,18|21|22|23|28|29|30,07|08|09|10|11|14|15|16|17|18|21|22|23|28|29|30
367000,KOSDAQ,stock,True,,,2026-09-17,2026-09-04,18|21|22|23|28|29|30,07|08|09|10|11|14|15|16|17|18|21|22|23|28|29|30
367380,KOSPI,etf,True,,,2026-09-17,2026-06-15,18|21|22|23|28|29|30,01|02|03|04|07|08|09|10|11|14|15|16|17|18|21|22|23|28|29|30
367740,KOSPI,etf,True,,,2026-09-17,2026-06-15,18|21|22|23|28|29|30,01|02|03|04|07|08|09|10|11|14|15|16|17|18|21|22|23|28|29|30
367760,KOSPI,etf,True,,,2026-09-17,2026-06-15,18|21|22|23|28|29|30,01|02|03|04|07|08|09|10|11|14|15|16|17|18|21|22|23|28|29|30
367770,KOSPI,etf,True,,,2026-09-17,2026-06-15,18|21|22|23|28|29|30,01|02|03|04|07|08|09|10|11|14|15|16|17|18|21|22|23|28|29|30
368190,KOSPI,etf,True,,,2026-09-17,2026-06-15,18|21|22|23|28|29|30,01|02|03|04|07|08|09|10|11|14|15|16|17|18|21|22|23|28|29|30
368590,KOSPI,etf,True,,,2026-09-17,2026-06-15,18|21|22|23|28|29|30,01|02|03|04|07|08|09|10|11|14|15|16|17|18|21|22|23|28|29|30
368600,KOSDAQ,stock,True,,,2026-09-09,2026-09-04,10|11|14|15|16|17|18|21|22|23|28|29|30,07|08|09|10|11|14|15|16|17|18|21|22|23|28|29|30
368680,KOSPI,etf,True,,,2026-09-17,,18|21|22|23|28|29|30,01|02|03|04|07|08|09|10|11|14|15|16|17|18|21|22|23|28|29|30
368770,KOSDAQ,stock,True,,,2026-09-17,2026-09-04,18|21|22|23|28|29|30,07|08|09|10|11|14|15|16|17|18|21|22|23|28|29|30
368970,KOSDAQ,stock,True,,,2026-09-17,2026-09-04,18|21|22|23|28|29|30,07|08|09|10|11|14|15|16|17|18|21|22|23|28|29|30
369370,KOSDAQ,stock,True,,,2026-09-17,2026-09-04,18|21|22|23|28|29|30,07|08|09|10|11|14|15|16|17|18|21|22|23|28|29|30
370090,KOSDAQ,stock,True,,,2026-09-17,2026-09-04,18|21|22|23|28|29|30,07|08|09|10|11|14|15|16|17|18|21|22|23|28|29|30
371150,KOSPI,etf,True,,,2026-09-17,,18|21|22|23|28|29|30,01|02|03|04|07|08|09|10|11|14|15|16|17|18|21|22|23|28|29|30
371160,KOSPI,etf,True,,,2026-09-17,2026-06-15,18|21|22|23|28|29|30,01|02|03|04|07|08|09|10|11|14|15|16|17|18|21|22|23|28|29|30
371450,KOSPI,etf,True,,,2026-09-17,2026-06-15,18|21|22|23|28|29|30,01|02|03|04|07|08|09|10|11|14|15|16|17|18|21|22|23|28|29|30
371460,KOSPI,etf,True,,,2026-09-17,2026-06-15,18|21|22|23|28|29|30,01|02|03|04|07|08|09|10|11|14|15|16|17|18|21|22|23|28|29|30
371470,KOSPI,etf,True,,,2026-09-17,2026-06-15,18|21|22|23|28|29|30,01|02|03|04|07|08|09|10|11|14|15|16|17|18|21|22|23|28|29|30
371870,KOSPI,etf,True,,,2026-09-17,,18|21|22|23|28|29|30,01|02|03|04|07|08|09|10|11|14|15|16|17|18|21|22|23|28|29|30
371950,KOSDAQ,stock,True,,,2026-09-17,2026-09-04,18|21|22|23|28|29|30,07|08|09|10|11|14|15|16|17|18|21|22|23|28|29|30
372170,KOSDAQ,stock,True,,,2026-09-17,2026-09-04,18|21|22|23|28|29|30,07|08|09|10|11|14|15|16|17|18|21|22|23|28|29|30
372320,KOSDAQ,stock,True,,,2026-09-17,2026-09-04,18|21|22|23|28|29|30,07|08|09|10|11|14|15|16|17|18|21|22|23|28|29|30
372330,KOSPI,etf,True,,,2026-09-17,2026-06-15,18|21|22|23|28|29|30,01|02|03|04|07|08|09|10|11|14|15|16|17|18|21|22|23|28|29|30
372800,KOSDAQ,stock,True,,,2026-09-17,2026-09-04,18|21|22|23|28|29|30,07|08|09|10|11|14|15|16|17|18|21|22|23|28|29|30
372910,KOSPI,stock,True,,,2026-09-17,2026-09-04,18|21|22|23|28|29|30,07|08|09|10|11|14|15|16|17|18|21|22|23|28|29|30
373110,KOSDAQ,stock,True,,,2026-09-17,2026-09-04,18|21|22|23|28|29|30,07|08|09|10|11|14|15|16|17|18|21|22|23|28|29|30
373160,KOSDAQ,stock,True,,,2026-09-17,2026-09-04,18|21|22|23|28|29|30,07|08|09|10|11|14|15|16|17|18|21|22|23|28|29|30
373170,KOSDAQ,stock,True,,,2026-09-17,2026-09-04,18|21|22|23|28|29|30,07|08|09|10|11|14|15|16|17|18|21|22|23|28|29|30
373200,KOSDAQ,stock,True,,,2026-09-17,2026-09-04,18|21|22|23|28|29|30,07|08|09|10|11|14|15|16|17|18|21|22|23|28|29|30
373220,KOSPI,stock,True,,,2026-09-17,2026-09-04,18|21|22|23|28|29|30,07|08|09|10|11|14|15|16|17|18|21|22|23|28|29|30
373490,KOSPI,etf,True,,,2026-09-17,2026-06-15,18|21|22|23|28|29|30,01|02|03|04|07|08|09|10|11|14|15|16|17|18|21|22|23|28|29|30
373790,KOSPI,etf,True,,,2026-09-17,,18|21|22|23|28|29|30,01|02|03|04|07|08|09|10|11|14|15|16|17|18|21|22|23|28|29|30
375270,KOSPI,etf,True,,,2026-09-17,,18|21|22|23|28|29|30,01|02|03|04|07|08|09|10|11|14|15|16|17|18|21|22|23|28|29|30
37550,KOSPI,stock,False,,2026-08-20,,,01|02|03|04|07|08|09|10|11|14|15|16|17|18|21|22|23|28|29|30,01|02|03|04|07|08|09|10|11|14|15|16|17|18|21|22|23|28|29|30
375500,KOSPI,stock,True,,,2026-09-17,2026-09-04,18|21|22|23|28|29|30,07|08|09|10|11|14|15|16|17|18|21|22|23|28|29|30
37550K,KOSPI,stock,True,,,2026-09-17,2026-09-04,18|21|22|23|28|29|30,07|08|09|10|11|14|15|16|17|18|21|22|23|28|29|30
37550L,KOSPI,stock,True,,,,,01|02|03|04|07|08|09|10|11|14|15|16|17|18|21|22|23|28|29|30,01|02|03|04|07|08|09|10|11|14|15|16|17|18|21|22|23|28|29|30
375760,KOSPI,etf,True,,,2026-09-17,2026-06-15,18|21|22|23|28|29|30,01|02|03|04|07|08|09|10|11|14|15|16|17|18|21|22|23|28|29|30
375770,KOSPI,etf,True,,,2026-09-17,2026-06-15,18|21|22|23|28|29|30,01|02|03|04|07|08|09|10|11|14|15|16|17|18|21|22|23|28|29|30
376180,KOSDAQ,stock,True,,,2026-09-17,2026-09-04,18|21|22|23|28|29|30,07|08|09|10|11|14|15|16|17|18|21|22|23|28|29|30
376270,KOSDAQ,stock,True,,,2026-09-17,2026-09-04,18|21|22|23|28|29|30,07|08|09|10|11|14|15|16|17|18|21|22|23|28|29|30
376290,KOSDAQ,stock,True,,,2026-09-17,2026-09-04,18|21|22|23|28|29|30,07|08|09|10|11|14|15|16|17|18|21|22|23|28|29|30
376300,KOSDAQ,stock,True,,,2026-09-17,2026-09-04,18|21|22|23|28|29|30,07|08|09|10|11|14|15|16|17|18|21|22|23|28|29|30
376410,KOSPI,etf,True,,,2026-09-17,2026-06-15,18|21|22|23|28|29|30,01|02|03|04|07|08|09|10|11|14|15|16|17|18|21|22|23|28|29|30
376900,KOSDAQ,stock,True,,,2026-09-17,2026-09-04,18|21|22|23|28|29|30,07|08|09|10|11|14|15|16|17|18|21|22|23|28|29|30
376930,KOSDAQ,stock,True,,,2026-09-17,2026-09-04,18|21|22|23|28|29|30,07|08|09|10|11|14|15|16|17|18|21|22|23|28|29|30
376980,KOSDAQ,stock,True,,,2026-09-17,2026-09-04,18|21|22|23|28|29|30,07|08|09|10|11|14|15|16|17|18|21|22|23|28|29|30
377030,KOSDAQ,stock,True,,,2026-09-17,2026-09-04,18|21|22|23|28|29|30,07|08|09|10|11|14|15|16|17|18|21|22|23|28|29|30
377190,KOSPI,stock,True,,,2026-09-17,2026-09-04,18|21|22|23|28|29|30,07|08|09|10|11|14|15|16|17|18|21|22|23|28|29|30
377220,KOSDAQ,stock,True,,,2026-09-17,2026-09-04,18|21|22|23|28|29|30,07|08|09|10|11|14|15|16|17|18|21|22|23|28|29|30
377300,KOSPI,stock,True,,,2026-09-17,2026-09-04,18|21|22|23|28|29|30,07|08|09|10|11|14|15|16|17|18|21|22|23|28|29|30
377330,KOSDAQ,stock,True,,,2026-09-17,2026-09-04,18|21|22|23|28|29|30,07|08|09|10|11|14|15|16|17|18|21|22|23|28|29|30
377450,KOSDAQ,stock,True,,,2026-09-17,2026-09-04,18|21|22|23|28|29|30,07|08|09|10|11|14|15|16|17|18|21|22|23|28|29|30
377460,KOSDAQ,stock,True,,,2026-09-04,2026-09-04,07|08|09|10|11|14|15|16|17|18|21|22|23|28|29|30,07|08|09|10|11|14|15|16|17|18|21|22|23|28|29|30
377480,KOSDAQ,stock,True,,,2026-09-17,2026-09-04,18|21|22|23|28|29|30,07|08|09|10|11|14|15|16|17|18|21|22|23|28|29|30
377740,KOSPI,stock,True,,,2026-09-17,2026-09-04,18|21|22|23|28|29|30,07|08|09|10|11|14|15|16|17|18|21|22|23|28|29|30
377990,KOSPI,etf,True,,,2026-09-17,2026-06-15,18|21|22|23|28|29|30,01|02|03|04|07|08|09|10|11|14|15|16|17|18|21|22|23|28|29|30
378340,KOSDAQ,stock,True,,,2026-09-17,2026-09-04,18|21|22|23|28|29|30,07|08|09|10|11|14|15|16|17|18|21|22|23|28|29|30
378800,KOSDAQ,stock,True,,,2026-09-04,2026-09-04,07|08|09|10|11|14|15|16|17|18|21|22|23|28|29|30,07|08|09|10|11|14|15|16|17|18|21|22|23|28|29|30
378850,KOSPI,stock,True,,,2026-09-17,2026-09-04,18|21|22|23|28|29|30,07|08|09|10|11|14|15|16|17|18|21|22|23|28|29|30
379780,KOSPI,etf,True,,,2026-09-17,2026-06-15,18|21|22|23|28|29|30,01|02|03|04|07|08|09|10|11|14|15|16|17|18|21|22|23|28|29|30
379790,KOSPI,etf,True,,,2026-09-17,,18|21|22|23|28|29|30,01|02|03|04|07|08|09|10|11|14|15|16|17|18|21|22|23|28|29|30
379800,KOSPI,etf,True,,,2026-09-17,2026-06-15,18|21|22|23|28|29|30,01|02|03|04|07|08|09|10|11|14|15|16|17|18|21|22|23|28|29|30
379810,KOSPI,etf,True,,,2026-09-17,2026-06-15,18|21|22|23|28|29|30,01|02|03|04|07|08|09|10|11|14|15|16|17|18|21|22|23|28|29|30
380340,KOSPI,etf,True,,,2026-09-17,2026-06-15,18|21|22|23|28|29|30,01|02|03|04|07|08|09|10|11|14|15|16|17|18|21|22|23|28|29|30
380540,KOSDAQ,stock,True,,,2026-09-04,2026-09-04,07|08|09|10|11|14|15|16|17|18|21|22|23|28|29|30,07|08|09|10|11|14|15|16|17|18|21|22|23|28|29|30
380550,KOSDAQ,stock,True,,,2026-09-17,2026-09-04,18|21|22|23|28|29|30,07|08|09|10|11|14|15|16|17|18|21|22|23|28|29|30
381170,KOSPI,etf,True,,,2026-09-17,2026-06-15,18|21|22|23|28|29|30,01|02|03|04|07|08|09|10|11|14|15|16|17|18|21|22|23|28|29|30
381180,KOSPI,etf,True,,,2026-09-17,2026-06-15,18|21|22|23|28|29|30,01|02|03|04|07|08|09|10|11|14|15|16|17|18|21|22|23|28|29|30
381560,KOSPI,etf,True,,,2026-09-17,2026-06-15,18|21|22|23|28|29|30,01|02|03|04|07|08|09|10|11|14|15|16|17|18|21|22|23|28|29|30
381570,KOSPI,etf,True,,,,,01|02|03|04|07|08|09|10|11|14|15|16|17|18|21|22|23|28|29|30,01|02|03|04|07|08|09|10|11|14|15|16|17|18|21|22|23|28|29|30
381620,KOSDAQ,stock,True,,,2026-09-17,2026-09-04,18|21|22|23|28|29|30,07|08|09|10|11|14|15|16|17|18|21|22|23|28|29|30
381970,KOSPI,stock,True,,,2026-09-17,2026-09-04,18|21|22|23|28|29|30,07|08|09|10|11|14|15|16|17|18|21|22|23|28|29|30
382150,KOSDAQ,stock,True,,,2026-09-17,2026-09-04,18|21|22|23|28|29|30,07|08|09|10|11|14|15|16|17|18|21|22|23|28|29|30
382480,KOSDAQ,stock,True,,,2026-09-17,2026-09-04,18|21|22|23|28|29|30,07|08|09|10|11|14|15|16|17|18|21|22|23|28|29|30
382800,KOSDAQ,stock,True,,,2026-09-17,2026-09-04,18|21|22|23|28|29|30,07|08|09|10|11|14|15|16|17|18|21|22|23|28|29|30
382840,KOSDAQ,stock,True,,,2026-09-17,2026-09-04,18|21|22|23|28|29|30,07|08|09|10|11|14|15|16|17|18|21|22|23|28|29|30
382900,KOSDAQ,stock,True,,,2026-09-17,2026-09-04,18|21|22|23|28|29|30,07|08|09|10|11|14|15|16|17|18|21|22|23|28|29|30
383220,KOSPI,stock,True,,,2026-09-17,2026-09-04,18|21|22|23|28|29|30,07|08|09|10|11|14|15|16|17|18|21|22|23|28|29|30
383310,KOSDAQ,stock,True,,,2026-09-17,2026-09-04,18|21|22|23|28|29|30,07|08|09|10|11|14|15|16|17|18|21|22|23|28|29|30
383800,KOSPI,stock,True,,,2026-09-17,2026-09-04,18|21|22|23|28|29|30,07|08|09|10|11|14|15|16|17|18|21|22|23|28|29|30
38380K,KOSPI,stock,True,,,,,01|02|03|04|07|08|09|10|11|14|15|16|17|18|21|22|23|28|29|30,01|02|03|04|07|08|09|10|11|14|15|16|17|18|21|22|23|28|29|30
383930,KOSDAQ,stock,True,,,2026-09-17,2026-09-04,18|21|22|23|28|29|30,07|08|09|10|11|14|15|16|17|18|21|22|23|28|29|30
384470,KOSDAQ,stock,True,,,2026-09-17,2026-09-04,18|21|22|23|28|29|30,07|08|09|10|11|14|15|16|17|18|21|22|23|28|29|30
385510,KOSPI,etf,True,,,2026-09-17,2026-06-15,18|21|22|23|28|29|30,01|02|03|04|07|08|09|10|11|14|15|16|17|18|21|22|23|28|29|30
385520,KOSPI,etf,True,,,2026-09-17,2026-06-15,18|21|22|23|28|29|30,01|02|03|04|07|08|09|10|11|14|15|16|17|18|21|22|23|28|29|30
385540,KOSPI,etf,True,,,2026-09-17,2026-06-15,18|21|22|23|28|29|30,01|02|03|04|07|08|09|10|11|14|15|16|17|18|21|22|23|28|29|30
385550,KOSPI,etf,True,,,2026-09-17,2026-06-15,18|21|22|23|28|29|30,01|02|03|04|07|08|09|10|11|14|15|16|17|18|21|22|23|28|29|30
385560,KOSPI,etf,True,,,2026-09-17,2026-06-15,18|21|22|23|28|29|30,01|02|03|04|07|08|09|10|11|14|15|16|17|18|21|22|23|28|29|30
385590,KOSPI,etf,True,,,2026-09-17,2026-06-15,18|21|22|23|28|29|30,01|02|03|04|07|08|09|10|11|14|15|16|17|18|21|22|23|28|29|30
385600,KOSPI,etf,True,,,2026-09-17,2026-06-15,18|21|22|23|28|29|30,01|02|03|04|07|08|09|10|11|14|15|16|17|18|21|22|23|28|29|30
385710,KOSPI,etf,True,,,2026-09-17,,18|21|22|23|28|29|30,01|02|03|04|07|08|09|10|11|14|15|16|17|18|21|22|23|28|29|30
385720,KOSPI,etf,True,,,2026-09-17,2026-06-15,18|21|22|23|28|29|30,01|02|03|04|07|08|09|10|11|14|15|16|17|18|21|22|23|28|29|30
386380,KOSDAQ,stock,True,,,2026-09-17,,01|02|03|18|21|22|23|28|29|30,01|02|03|04|07|08|09|10|11|14|15|16|17|18|21|22|23|28|29|30
387270,KOSPI,etf,True,,,2026-09-17,2026-06-15,18|21|22|23|28|29|30,01|02|03|04|07|08|09|10|11|14|15|16|17|18|21|22|23|28|29|30
387280,KOSPI,etf,True,,,2026-09-17,2026-06-15,18|21|22|23|28|29|30,01|02|03|04|07|08|09|10|11|14|15|16|17|18|21|22|23|28|29|30
387570,KOSDAQ,stock,True,,,2026-09-17,2026-09-04,18|21|22|23|28|29|30,07|08|09|10|11|14|15|16|17|18|21|22|23|28|29|30
387690,KOSDAQ,stock,True,,,2026-09-17,,18|21|22|23|28|29|30,01|02|03|04|07|08|09|10|11|14|15|16|17|18|21|22|23|28|29|30
388050,KOSDAQ,stock,True,,,2026-09-17,2026-09-04,18|21|22|23|28|29|30,07|08|09|10|11|14|15|16|17|18|21|22|23|28|29|30
388210,KOSDAQ,stock,True,,,2026-09-17,,18|21|22|23|28|29|30,01|02|03|04|07|08|09|10|11|14|15|16|17|18|21|22|23|28|29|30
388280,KOSPI,etf,True,,,2026-09-17,2026-06-15,18|21|22|23|28|29|30,01|02|03|04|07|08|09|10|11|14|15|16|17|18|21|22|23|28|29|30
388420,KOSPI,etf,True,,,2026-09-17,2026-06-15,18|21|22|23|28|29|30,01|02|03|04|07|08|09|10|11|14|15|16|17|18|21|22|23|28|29|30
388610,KOSDAQ,stock,True,,,2026-09-17,2026-09-04,18|21|22|23|28|29|30,07|08|09|10|11|14|15|16|17|18|21|22|23|28|29|30
388720,KOSDAQ,stock,True,,,2026-09-17,2026-09-04,18|21|22|23|28|29|30,07|08|09|10|11|14|15|16|17|18|21|22|23|28|29|30
388790,KOSDAQ,stock,True,,,2026-09-17,2026-09-04,18|21|22|23|28|29|30,07|08|09|10|11|14|15|16|17|18|21|22|23|28|29|30
388870,KOSDAQ,stock,True,,,2026-09-17,2026-09-04,18|21|22|23|28|29|30,07|08|09|10|11|14|15|16|17|18|21|22|23|28|29|30
389020,KOSDAQ,stock,True,,,2026-09-17,2026-09-04,18|21|22|23|28|29|30,07|08|09|10|11|14|15|16|17|18|21|22|23|28|29|30
389030,KOSDAQ,stock,True,,,2026-09-17,2026-09-04,18|21|22|23|28|29|30,07|08|09|10|11|14|15|16|17|18|21|22|23|28|29|30
389140,KOSDAQ,stock,True,,,2026-09-17,2026-09-04,18|21|22|23|28|29|30,07|08|09|10|11|14|15|16|17|18|21|22|23|28|29|30
389260,KOSDAQ,stock,True,,,2026-09-17,2026-09-04,18|21|22|23|28|29|30,07|08|09|10|11|14|15|16|17|18|21|22|23|28|29|30
389470,KOSDAQ,stock,True,,,2026-09-17,2026-09-04,18|21|22|23|28|29|30,07|08|09|10|11|14|15|16|17|18|21|22|23|28|29|30
389500,KOSDAQ,stock,True,,,2026-09-17,2026-09-04,18|21|22|23|28|29|30,07|08|09|10|11|14|15|16|17|18|21|22|23|28|29|30
389650,KOSDAQ,stock,True,,,2026-09-17,2026-09-04,18|21|22|23|28|29|30,07|08|09|10|11|14|15|16|17|18|21|22|23|28|29|30
389680,KOSDAQ,stock,True,,,2026-09-17,2026-09-04,18|21|22|23|28|29|30,07|08|09|10|11|14|15|16|17|18|21|22|23|28|29|30
390390,KOSPI,etf,True,,,2026-09-17,2026-06-15,18|21|22|23|28|29|30,01|02|03|04|07|08|09|10|11|14|15|16|17|18|21|22|23|28|29|30
390400,KOSPI,etf,True,,,2026-09-17,,18|21|22|23|28|29|30,01|02|03|04|07|08|09|10|11|14|15|16|17|18|21|22|23|28|29|30
391600,KOSPI,etf,True,,,2026-09-17,,18|21|22|23|28|29|30,01|02|03|04|07|08|09|10|11|14|15|16|17|18|21|22|23|28|29|30
391670,KOSPI,etf,True,,,2026-09-17,2026-06-15,18|21|22|23|28|29|30,01|02|03|04|07|08|09|10|11|14|15|16|17|18|21|22|23|28|29|30
391710,KOSDAQ,stock,True,,,2026-09-17,2026-09-04,18|21|22|23|28|29|30,07|08|09|10|11|14|15|16|17|18|21|22|23|28|29|30
393210,KOSDAQ,stock,True,,,2026-09-17,2026-09-04,18|21|22|23|28|29|30,07|08|09|10|11|14|15|16|17|18|21|22|23|28|29|30
393890,KOSDAQ,stock,True,,,2026-09-17,2026-09-04,18|21|22|23|28|29|30,07|08|09|10|11|14|15|16|17|18|21|22|23|28|29|30
393970,KOSDAQ,stock,True,,,2026-09-04,2026-09-04,07|08|09|10|11|14|15|16|17|18|21|22|23|28|29|30,07|08|09|10|11|14|15|16|17|18|21|22|23|28|29|30
394280,KOSDAQ,stock,True,,,2026-09-17,2026-09-04,18|21|22|23|28|29|30,07|08|09|10|11|14|15|16|17|18|21|22|23|28|29|30
394420,KOSDAQ,stock,True,,,2026-09-17,,18|21|22|23|28|29|30,01|02|03|04|07|08|09|10|11|14|15|16|17|18|21|22|23|28|29|30
394660,KOSPI,etf,True,,,2026-09-17,2026-06-15,18|21|22|23|28|29|30,01|02|03|04|07|08|09|10|11|14|15|16|17|18|21|22|23|28|29|30
394670,KOSPI,etf,True,,,2026-09-17,2026-06-15,18|21|22|23|28|29|30,01|02|03|04|07|08|09|10|11|14|15|16|17|18|21|22|23|28|29|30
394800,KOSDAQ,stock,True,,,2026-09-17,2026-09-04,18|21|22|23|28|29|30,07|08|09|10|11|14|15|16|17|18|21|22|23|28|29|30
395150,KOSPI,etf,True,,,2026-09-17,,18|21|22|23|28|29|30,01|02|03|04|07|08|09|10|11|14|15|16|17|18|21|22|23|28|29|30
395160,KOSPI,etf,True,,,2026-09-17,2026-06-15,18|21|22|23|28|29|30,01|02|03|04|07|08|09|10|11|14|15|16|17|18|21|22|23|28|29|30
395170,KOSPI,etf,True,,,2026-09-17,2026-06-15,18|21|22|23|28|29|30,01|02|03|04|07|08|09|10|11|14|15|16|17|18|21|22|23|28|29|30
395270,KOSPI,etf,True,,,2026-09-17,2026-06-15,18|21|22|23|28|29|30,01|02|03|04|07|08|09|10|11|14|15|16|17|18|21|22|23|28|29|30
395280,KOSPI,etf,True,,,2026-09-17,,18|21|22|23|28|29|30,01|02|03|04|07|08|09|10|11|14|15|16|17|18|21|22|23|28|29|30
395290,KOSPI,etf,True,,,2026-09-17,2026-06-15,18|21|22|23|28|29|30,01|02|03|04|07|08|09|10|11|14|15|16|17|18|21|22|23|28|29|30
395400,KOSPI,stock,True,,,2026-09-17,2026-09-04,18|21|22|23|28|29|30,07|08|09|10|11|14|15|16|17|18|21|22|23|28|29|30
395750,KOSPI,etf,True,,,,,01|02|03|04|07|08|09|10|11|14|15|16|17|18|21|22|23|28|29|30,01|02|03|04|07|08|09|10|11|14|15|16|17|18|21|22|23|28|29|30
395760,KOSPI,etf,True,,,2026-09-17,,18|21|22|23|28|29|30,01|02|03|04|07|08|09|10|11|14|15|16|17|18|21|22|23|28|29|30
396270,KOSDAQ,stock,True,,,2026-09-17,2026-09-04,18|21|22|23|28|29|30,07|08|09|10|11|14|15|16|17|18|21|22|23|28|29|30
396300,KOSDAQ,stock,True,,,2026-09-17,2026-09-04,18|21|22|23|28|29|30,07|08|09|10|11|14|15|16|17|18|21|22|23|28|29|30
396470,KOSDAQ,stock,True,,,2026-09-17,2026-09-04,18|21|22|23|28|29|30,07|08|09|10|11|14|15|16|17|18|21|22|23|28|29|30
396500,KOSPI,etf,True,,,2026-09-17,2026-06-15,18|21|22|23|28|29|30,01|02|03|04|07|08|09|10|11|14|15|16|17|18|21|22|23|28|29|30
396510,KOSPI,etf,True,,,2026-09-17,2026-06-15,18|21|22|23|28|29|30,01|02|03|04|07|08|09|10|11|14|15|16|17|18|21|22|23|28|29|30
396520,KOSPI,etf,True,,,2026-09-17,2026-06-15,18|21|22|23|28|29|30,01|02|03|04|07|08|09|10|11|14|15|16|17|18|21|22|23|28|29|30
396690,KOSPI,stock,True,,,2026-09-17,2026-09-04,18|21|22|23|28|29|30,07|08|09|10|11|14|15|16|17|18|21|22|23|28|29|30
397030,KOSDAQ,stock,True,,,2026-09-17,2026-09-04,18|21|22|23|28|29|30,07|08|09|10|11|14|15|16|17|18|21|22|23|28|29|30
397810,KOSDAQ,stock,True,,,2026-09-17,2026-09-04,18|21|22|23|28|29|30,01|02|03|07|08|09|10|11|14|15|16|17|18|21|22|23|28|29|30
398120,KOSDAQ,stock,True,,,2026-09-17,2026-09-04,18|21|22|23|28|29|30,07|08|09|10|11|14|15|16|17|18|21|22|23|28|29|30
399110,KOSPI,etf,True,,,2026-09-17,2026-06-15,18|21|22|23|28|29|30,01|02|03|04|07|08|09|10|11|14|15|16|17|18|21|22|23|28|29|30
399580,KOSPI,etf,True,,,2026-09-17,,18|21|22|23|28|29|30,01|02|03|04|07|08|09|10|11|14|15|16|17|18|21|22|23|28|29|30
399720,KOSDAQ,stock,True,,,2026-09-17,2026-09-04,18|21|22|23|28|29|30,07|08|09|10|11|14|15|16|17|18|21|22|23|28|29|30
400570,KOSPI,etf,True,,,2026-09-17,2026-06-15,18|21|22|23|28|29|30,01|02|03|04|07|08|09|10|11|14|15|16|17|18|21|22|23|28|29|30
400580,KOSPI,etf,True,,,2026-09-17,,18|21|22|23|28|29|30,01|02|03|04|07|08|09|10|11|14|15|16|17|18|21|22|23|28|29|30
400590,KOSPI,etf,True,,,2026-09-17,,18|21|22|23|28|29|30,01|02|03|04|07|08|09|10|11|14|15|16|17|18|21|22|23|28|29|30
400760,KOSPI,stock,True,,,2026-09-17,2026-09-04,18|21|22|23|28|29|30,07|08|09|10|11|14|15|16|17|18|21|22|23|28|29|30
400970,KOSPI,etf,True,,,2026-09-17,2026-06-15,18|21|22|23|28|29|30,01|02|03|04|07|08|09|10|11|14|15|16|17|18|21|22|23|28|29|30
401170,KOSPI,etf,True,,,2026-09-17,2026-06-15,18|21|22|23|28|29|30,01|02|03|04|07|08|09|10|11|14|15|16|17|18|21|22|23|28|29|30
401470,KOSPI,etf,True,,,2026-09-17,2026-06-15,18|21|22|23|28|29|30,01|02|03|04|07|08|09|10|11|14|15|16|17|18|21|22|23|28|29|30
401590,KOSPI,etf,True,,,2026-09-17,,18|21|22|23|28|29|30,01|02|03|04|07|08|09|10|11|14|15|16|17|18|21|22|23|28|29|30
402030,KOSDAQ,stock,True,,,2026-09-17,2026-09-04,18|21|22|23|28|29|30,07|08|09|10|11|14|15|16|17|18|21|22|23|28|29|30
402340,KOSPI,stock,True,,,2026-09-17,2026-09-04,18|21|22|23|28|29|30,07|08|09|10|11|14|15|16|17|18|21|22|23|28|29|30
402460,KOSPI,etf,True,,,2026-09-17,,18|21|22|23|28|29|30,01|02|03|04|07|08|09|10|11|14|15|16|17|18|21|22|23|28|29|30
402490,KOSDAQ,stock,True,,,2026-09-17,2026-09-04,18|21|22|23|28|29|30,07|08|09|10|11|14|15|16|17|18|21|22|23|28|29|30
402970,KOSPI,etf,True,,,2026-09-17,2026-06-15,18|21|22|23|28|29|30,01|02|03|04|07|08|09|10|11|14|15|16|17|18|21|22|23|28|29|30
403490,KOSDAQ,stock,True,,,2026-09-17,2026-09-04,18|21|22|23|28|29|30,07|08|09|10|11|14|15|16|17|18|21|22|23|28|29|30
403550,KOSPI,stock,True,,,2026-09-17,2026-09-04,18|21|22|23|28|29|30,07|08|09|10|11|14|15|16|17|18|21|22|23|28|29|30
403790,KOSPI,etf,True,,,2026-09-17,2026-06-15,18|21|22|23|28|29|30,01|02|03|04|07|08|09|10|11|14|15|16|17|18|21|22|23|28|29|30
403850,KOSDAQ,stock,True,,,2026-09-17,,18|21|22|23|28|29|30,01|02|03|04|07|08|09|10|11|14|15|16|17|18|21|22|23|28|29|30
403870,KOSDAQ,stock,True,,,2026-09-17,2026-09-04,18|21|22|23|28|29|30,07|08|09|10|11|14|15|16|17|18|21|22|23|28|29|30
404120,KOSPI,etf,True,,,2026-09-17,2026-06-15,18|21|22|23|28|29|30,01|02|03|04|07|08|09|10|11|14|15|16|17|18|21|22|23|28|29|30
404260,KOSPI,etf,True,,,2026-09-17,2026-06-15,18|21|22|23|28|29|30,01|02|03|04|07|08|09|10|11|14|15|16|17|18|21|22|23|28|29|30
404540,KOSPI,etf,True,,,2026-09-17,,18|21|22|23|28|29|30,01|02|03|04|07|08|09|10|11|14|15|16|17|18|21|22|23|28|29|30
404650,KOSPI,etf,True,,,2026-09-17,2026-06-15,18|21|22|23|28|29|30,01|02|03|04|07|08|09|10|11|14|15|16|17|18|21|22|23|28|29|30
404990,KOSPI,stock,True,,,2026-09-17,2026-09-04,18|21|22|23|28|29|30,07|08|09|10|11|14|15|16|17|18|21|22|23|28|29|30
405000,KOSDAQ,stock,True,,,2026-09-17,2026-09-04,18|21|22|23|28|29|30,07|08|09|10|11|14|15|16|17|18|21|22|23|28|29|30
405100,KOSDAQ,stock,True,,,2026-09-17,2026-09-04,18|21|22|23|28|29|30,07|08|09|10|11|14|15|16|17|18|21|22|23|28|29|30
405920,KOSDAQ,stock,True,,,2026-09-17,2026-09-04,18|21|22|23|28|29|30,07|08|09|10|11|14|15|16|17|18|21|22|23|28|29|30
406820,KOSDAQ,stock,True,,,2026-09-17,2026-09-04,18|21|22|23|28|29|30,07|08|09|10|11|14|15|16|17|18|21|22|23|28|29|30
407300,KOSPI,etf,True,,,2026-09-17,,18|21|22|23|28|29|30,01|02|03|04|07|08|09|10|11|14|15|16|17|18|21|22|23|28|29|30
407310,KOSPI,etf,True,,,2026-09-17,2026-06-15,18|21|22|23|28|29|30,01|02|03|04|07|08|09|10|11|14|15|16|17|18|21|22|23|28|29|30
407400,KOSDAQ,stock,True,,,2026-09-17,2026-09-04,18|21|22|23|28|29|30,07|08|09|10|11|14|15|16|17|18|21|22|23|28|29|30
407820,KOSPI,etf,True,,,2026-09-17,,18|21|22|23|28|29|30,01|02|03|04|07|08|09|10|11|14|15|16|17|18|21|22|23|28|29|30
407830,KOSPI,etf,True,,,2026-09-17,2026-06-15,18|21|22|23|28|29|30,01|02|03|04|07|08|09|10|11|14|15|16|17|18|21|22|23|28|29|30
408470,KOSDAQ,stock,True,,,2026-09-17,,18|21|22|23|28|29|30,01|02|03|04|07|08|09|10|11|14|15|16|17|18|21|22|23|28|29|30
408900,KOSDAQ,stock,True,,,2026-09-17,2026-09-04,18|21|22|23|28|29|30,07|08|09|10|11|14|15|16|17|18|21|22|23|28|29|30
408920,KOSDAQ,stock,True,,,2026-09-17,2026-09-04,18|21|22|23|28|29|30,07|08|09|10|11|14|15|16|17|18|21|22|23|28|29|30
409810,KOSPI,etf,True,,,2026-09-17,,18|21|22|23|28|29|30,01|02|03|04|07|08|09|10|11|14|15|16|17|18|21|22|23|28|29|30
409820,KOSPI,etf,True,,,2026-09-17,2026-06-15,18|21|22|23|28|29|30,01|02|03|04|07|08|09|10|11|14|15|16|17|18|21|22|23|28|29|30
410870,KOSPI,etf,True,,,2026-09-17,2026-06-15,18|21|22|23|28|29|30,01|02|03|04|07|08|09|10|11|14|15|16|17|18|21|22|23|28|29|30
411060,KOSPI,etf,True,,,2026-09-17,2026-06-15,18|21|22|23|28|29|30,01|02|03|04|07|08|09|10|11|14|15|16|17|18|21|22|23|28|29|30
411080,KOSDAQ,stock,True,,,2026-09-17,2026-09-04,18|21|22|23|28|29|30,07|08|09|10|11|14|15|16|17|18|21|22|23|28|29|30
411420,KOSPI,etf,True,,,2026-09-17,2026-06-15,18|21|22|23|28|29|30,01|02|03|04|07|08|09|10|11|14|15|16|17|18|21|22|23|28|29|30
411540,KOSPI,etf,True,,,2026-09-17,2026-06-15,18|21|22|23|28|29|30,01|02|03|04|07|08|09|10|11|14|15|16|17|18|21|22|23|28|29|30
411860,KOSPI,etf,True,,,2026-09-17,,18|21|22|23|28|29|30,01|02|03|04|07|08|09|10|11|14|15|16|17|18|21|22|23|28|29|30
412350,KOSDAQ,stock,True,,,2026-09-17,2026-09-04,18|21|22|23|28|29|30,07|08|09|10|11|14|15|16|17|18|21|22|23|28|29|30
412540,KOSDAQ,stock,True,,,2026-09-04,2026-09-04,07|08|09|10|11|14|15|16|17|18|21|22|23|28|29|30,07|08|09|10|11|14|15|16|17|18|21|22|23|28|29|30
412560,KOSPI,etf,True,,,2026-09-17,,18|21|22|23|28|29|30,01|02|03|04|07|08|09|10|11|14|15|16|17|18|21|22|23|28|29|30
412570,KOSPI,etf,True,,,2026-09-17,2026-06-15,18|21|22|23|28|29|30,01|02|03|04|07|08|09|10|11|14|15|16|17|18|21|22|23|28|29|30
412770,KOSPI,etf,True,,,2026-09-17,2026-06-15,18|21|22|23|28|29|30,01|02|03|04|07|08|09|10|11|14|15|16|17|18|21|22|23|28|29|30
413220,KOSPI,etf,True,,,2026-09-17,,18|21|22|23|28|29|30,01|02|03|04|07|08|09|10|11|14|15|16|17|18|21|22|23|28|29|30
413390,KOSDAQ,stock,True,,,2026-09-17,2026-09-04,18|21|22|23|28|29|30,07|08|09|10|11|14|15|16|17|18|21|22|23|28|29|30
413630,KOSDAQ,stock,True,,,2026-09-17,2026-09-04,18|21|22|23|28|29|30,07|08|09|10|11|14|15|16|17|18|21|22|23|28|29|30
413640,KOSDAQ,stock,True,,,2026-09-17,2026-09-04,18|21|22|23|28|29|30,07|08|09|10|11|14|15|16|17|18|21|22|23|28|29|30
413930,KOSPI,etf,True,,,2026-09-17,2026-06-15,18|21|22|23|28|29|30,01|02|03|04|07|08|09|10|11|14|15|16|17|18|21|22|23|28|29|30
414270,KOSPI,etf,True,,,2026-09-17,2026-06-15,18|21|22|23|28|29|30,01|02|03|04|07|08|09|10|11|14|15|16|17|18|21|22|23|28|29|30
414780,KOSPI,etf,True,,,2026-09-17,2026-06-15,18|21|22|23|28|29|30,01|02|03|04|07|08|09|10|11|14|15|16|17|18|21|22|23|28|29|30
415340,KOSPI,etf,True,,,2026-09-17,2026-06-15,18|21|22|23|28|29|30,01|02|03|04|07|08|09|10|11|14|15|16|17|18|21|22|23|28|29|30
415380,KOSDAQ,stock,True,,,2026-09-17,2026-09-04,18|21|22|23|28|29|30,07|08|09|10|11|14|15|16|17|18|21|22|23|28|29|30
415640,KOSPI,stock,True,,,2026-09-17,2026-09-04,18|21|22|23|28|29|30,07|08|09|10|11|14|15|16|17|18|21|22|23|28|29|30
415760,KOSPI,etf,True,,,2026-09-17,2026-06-15,18|21|22|23|28|29|30,01|02|03|04|07|08|09|10|11|14|15|16|17|18|21|22|23|28|29|30
415920,KOSPI,etf,True,,,2026-09-17,2026-06-15,18|21|22|23|28|29|30,01|02|03|04|07|08|09|10|11|14|15|16|17|18|21|22|23|28|29|30
416090,KOSPI,etf,True,,,2026-09-17,2026-06-15,18|21|22|23|28|29|30,01|02|03|04|07|08|09|10|11|14|15|16|17|18|21|22|23|28|29|30
416180,KOSDAQ,stock,True,,,2026-09-17,2026-09-04,18|21|22|23|28|29|30,07|08|09|10|11|14|15|16|17|18|21|22|23|28|29|30
417010,KOSDAQ,stock,True,,,2026-09-17,2026-09-04,18|21|22|23|28|29|30,07|08|09|10|11|14|15|16|17|18|21|22|23|28|29|30
417030,KOSDAQ,stock,True,,,2026-09-17,,18|21|22|23|28|29|30,01|02|03|04|07|08|09|10|11|14|15|16|17|18|21|22|23|28|29|30
417180,KOSDAQ,stock,True,,,2026-09-17,2026-09-04,18|21|22|23|28|29|30,07|08|09|10|11|14|15|16|17|18|21|22|23|28|29|30
417200,KOSDAQ,stock,True,,,2026-09-17,2026-09-04,18|21|22|23|28|29|30,07|08|09|10|11|14|15|16|17|18|21|22|23|28|29|30
417310,KOSPI,stock,True,,,2026-09-17,2026-09-04,18|21|22|23|28|29|30,07|08|09|10|11|14|15|16|17|18|21|22|23|28|29|30
417450,KOSPI,etf,True,,,2026-09-17,2026-06-15,18|21|22|23|28|29|30,01|02|03|04|07|08|09|10|11|14|15|16|17|18|21|22|23|28|29|30
417500,KOSDAQ,stock,True,,,2026-09-17,2026-09-04,18|21|22|23|28|29|30,07|08|09|10|11|14|15|16|17|18|21|22|23|28|29|30
417630,KOSPI,etf,True,,,2026-09-17,2026-06-15,18|21|22|23|28|29|30,01|02|03|04|07|08|09|10|11|14|15|16|17|18|21|22|23|28|29|30
417790,KOSDAQ,stock,True,,,2026-09-17,2026-09-04,18|21|22|23|28|29|30,07|08|09|10|11|14|15|16|17|18|21|22|23|28|29|30
417840,KOSDAQ,stock,True,,,2026-09-17,2026-09-04,18|21|22|23|28|29|30,07|08|09|10|11|14|15|16|17|18|21|22|23|28|29|30
417860,KOSDAQ,stock,True,,,2026-09-17,2026-09-04,18|21|22|23|28|29|30,07|08|09|10|11|14|15|16|17|18|21|22|23|28|29|30
417970,KOSDAQ,stock,True,,,2026-09-17,2026-09-04,18|21|22|23|28|29|30,07|08|09|10|11|14|15|16|17|18|21|22|23|28|29|30
418250,KOSDAQ,stock,True,,,2026-09-04,2026-09-04,07|08|09|10|11|14|15|16|17|18|21|22|23|28|29|30,07|08|09|10|11|14|15|16|17|18|21|22|23|28|29|30
418420,KOSDAQ,stock,True,,,2026-09-17,2026-09-04,18|21|22|23|28|29|30,07|08|09|10|11|14|15|16|17|18|21|22|23|28|29|30
418470,KOSDAQ,stock,True,,,2026-09-17,2026-09-04,18|21|22|23|28|29|30,07|08|09|10|11|14|15|16|17|18|21|22|23|28|29|30
418550,KOSDAQ,stock,True,,,2026-09-17,2026-09-04,18|21|22|23|28|29|30,07|08|09|10|11|14|15|16|17|18|21|22|23|28|29|30
418620,KOSDAQ,stock,True,,,2026-09-17,2026-09-04,18|21|22|23|28|29|30,07|08|09|10|11|14|15|16|17|18|21|22|23|28|29|30
418660,KOSPI,etf,True,,,2026-09-17,2026-06-15,18|21|22|23|28|29|30,01|02|03|04|07|08|09|10|11|14|15|16|17|18|21|22|23|28|29|30
418670,KOSPI,etf,True,,,2026-09-17,2026-06-15,18|21|22|23|28|29|30,01|02|03|04|07|08|09|10|11|14|15|16|17|18|21|22|23|28|29|30
419050,KOSDAQ,stock,True,,,2026-09-17,2026-09-04,18|21|22|23|28|29|30,07|08|09|10|11|14|15|16|17|18|21|22|23|28|29|30
419080,KOSDAQ,stock,True,,,2026-09-17,2026-09-04,18|21|22|23|28|29|30,07|08|09|10|11|14|15|16|17|18|21|22|23|28|29|30
419120,KOSDAQ,stock,True,,,2026-09-17,2026-09-04,18|21|22|23|28|29|30,07|08|09|10|11|14|15|16|17|18|21|22|23|28|29|30
419420,KOSPI,etf,True,,,2026-09-17,2026-06-15,18|21|22|23|28|29|30,01|02|03|04|07|08|09|10|11|14|15|16|17|18|21|22|23|28|29|30
419430,KOSPI,etf,True,,,2026-09-17,2026-06-15,18|21|22|23|28|29|30,01|02|03|04|07|08|09|10|11|14|15|16|17|18|21|22|23|28|29|30
419530,KOSDAQ,stock,True,,,2026-09-17,2026-09-04,18|21|22|23|28|29|30,07|08|09|10|11|14|15|16|17|18|21|22|23|28|29|30
419540,KOSDAQ,stock,True,,,2026-09-17,2026-09-04,18|21|22|23|28|29|30,07|08|09|10|11|14|15|16|17|18|21|22|23|28|29|30
419650,KOSPI,etf,True,,,2026-09-17,2026-06-15,18|21|22|23|28|29|30,01|02|03|04|07|08|09|10|11|14|15|16|17|18|21|22|23|28|29|30
419890,KOSPI,etf,True,,,2026-09-17,2026-06-15,18|21|22|23|28|29|30,01|02|03|04|07|08|09|10|11|14|15|16|17|18|21|22|23|28|29|30
420570,KOSDAQ,stock,True,,,2026-09-17,2026-09-04,18|21|22|23|28|29|30,07|08|09|10|11|14|15|16|17|18|21|22|23|28|29|30
420770,KOSDAQ,stock,True,,,2026-09-17,2026-09-04,18|21|22|23|28|29|30,07|08|09|10|11|14|15|16|17|18|21|22|23|28|29|30
421320,KOSPI,etf,True,,,2026-09-17,2026-06-15,18|21|22|23|28|29|30,01|02|03|04|07|08|09|10|11|14|15|16|17|18|21|22|23|28|29|30
422420,KOSPI,etf,True,,,2026-09-17,2026-06-15,18|21|22|23|28|29|30,01|02|03|04|07|08|09|10|11|14|15|16|17|18|21|22|23|28|29|30
423160,KOSPI,etf,True,,,2026-09-17,2026-06-15,18|21|22|23|28|29|30,01|02|03|04|07|08|09|10|11|14|15|16|17|18|21|22|23|28|29|30
423170,KOSPI,etf,True,,,2026-09-17,2026-06-15,18|21|22|23|28|29|30,01|02|03|04|07|08|09|10|11|14|15|16|17|18|21|22|23|28|29|30
423920,KOSPI,etf,True,,,2026-09-17,2026-06-15,18|21|22|23|28|29|30,01|02|03|04|07|08|09|10|11|14|15|16|17|18|21|22|23|28|29|30
424760,KOSDAQ,stock,True,,,2026-09-17,2026-09-04,18|21|22|23|28|29|30,07|08|09|10|11|14|15|16|17|18|21|22|23|28|29|30
424870,KOSDAQ,stock,True,,,2026-09-17,2026-09-04,18|21|22|23|28|29|30,07|08|09|10|11|14|15|16|17|18|21|22|23|28|29|30
424960,KOSDAQ,stock,True,,,2026-09-17,2026-09-04,18|21|22|23|28|29|30,07|08|09|10|11|14|15|16|17|18|21|22|23|28|29|30
424980,KOSDAQ,stock,True,,,2026-09-17,2026-09-04,18|21|22|23|28|29|30,07|08|09|10|11|14|15|16|17|18|21|22|23|28|29|30
425040,KOSDAQ,stock,True,,,2026-09-17,2026-09-04,18|21|22|23|28|29|30,07|08|09|10|11|14|15|16|17|18|21|22|23|28|29|30
425420,KOSDAQ,stock,True,,,2026-09-17,2026-09-04,18|21|22|23|28|29|30,07|08|09|10|11|14|15|16|17|18|21|22|23|28|29|30
426020,KOSPI,etf,True,,,2026-09-17,2026-06-15,18|21|22|23|28|29|30,01|02|03|04|07|08|09|10|11|14|15|16|17|18|21|22|23|28|29|30
426030,KOSPI,etf,True,,,2026-09-17,2026-06-15,18|21|22|23|28|29|30,01|02|03|04|07|08|09|10|11|14|15|16|17|18|21|22|23|28|29|30
426150,KOSPI,etf,True,,,2026-09-17,2026-06-15,18|21|22|23|28|29|30,01|02|03|04|07|08|09|10|11|14|15|16|17|18|21|22|23|28|29|30
427120,KOSPI,etf,True,,,2026-09-17,,18|21|22|23|28|29|30,01|02|03|04|07|08|09|10|11|14|15|16|17|18|21|22|23|28|29|30
428510,KOSPI,etf,True,,,2026-09-17,2026-06-15,18|21|22|23|28|29|30,01|02|03|04|07|08|09|10|11|14|15|16|17|18|21|22|23|28|29|30
428560,KOSPI,etf,True,,,2026-09-17,,18|21|22|23|28|29|30,01|02|03|04|07|08|09|10|11|14|15|16|17|18|21|22|23|28|29|30
429000,KOSPI,etf,True,,,2026-09-17,2026-06-15,18|21|22|23|28|29|30,01|02|03|04|07|08|09|10|11|14|15|16|17|18|21|22|23|28|29|30
429010,KOSPI,etf,True,,,2026-09-17,,18|21|22|23|28|29|30,01|02|03|04|07|08|09|10|11|14|15|16|17|18|21|22|23|28|29|30
429270,KOSDAQ,stock,True,,,2026-09-17,2026-09-04,18|21|22|23|28|29|30,07|08|09|10|11|14|15|16|17|18|21|22|23|28|29|30
429740,KOSPI,etf,True,,,2026-09-17,,18|21|22|23|28|29|30,01|02|03|04|07|08|09|10|11|14|15|16|17|18|21|22|23|28|29|30
429760,KOSPI,etf,True,,,2026-09-17,2026-06-15,18|21|22|23|28|29|30,01|02|03|04|07|08|09|10|11|14|15|16|17|18|21|22|23|28|29|30
429980,KOSPI,etf,True,,,,,01|02|03|04|07|08|09|10|11|14|15|16|17|18|21|22|23|28|29|30,01|02|03|04|07|08|09|10|11|14|15|16|17|18|21|22|23|28|29|30
430500,KOSPI,etf,True,,,2026-09-17,,18|21|22|23|28|29|30,01|02|03|04|07|08|09|10|11|14|15|16|17|18|21|22|23|28|29|30
430690,KOSDAQ,stock,True,,,2026-09-17,2026-09-04,18|21|22|23|28|29|30,07|08|09|10|11|14|15|16|17|18|21|22|23|28|29|30
431190,KOSDAQ,stock,True,,,2026-09-17,2026-09-04,18|21|22|23|28|29|30,07|08|09|10|11|14|15|16|17|18|21|22|23|28|29|30
432320,KOSPI,stock,True,,,2026-09-17,2026-09-04,18|21|22|23|28|29|30,07|08|09|10|11|14|15|16|17|18|21|22|23|28|29|30
432430,KOSDAQ,stock,True,,,2026-09-17,2026-09-04,18|21|22|23|28|29|30,07|08|09|10|11|14|15|16|17|18|21|22|23|28|29|30
432470,KOSDAQ,stock,True,,,2026-09-17,2026-09-04,18|21|22|23|28|29|30,07|08|09|10|11|14|15|16|17|18|21|22|23|28|29|30
432600,KOSPI,etf,True,,,2026-09-17,,18|21|22|23|28|29|30,01|02|03|04|07|08|09|10|11|14|15|16|17|18|21|22|23|28|29|30
432720,KOSDAQ,stock,True,,,2026-09-17,2026-09-04,18|21|22|23|28|29|30,07|08|09|10|11|14|15|16|17|18|21|22|23|28|29|30
432840,KOSPI,etf,True,,,2026-09-17,2026-06-15,18|21|22|23|28|29|30,01|02|03|04|07|08|09|10|11|14|15|16|17|18|21|22|23|28|29|30
432980,KOSDAQ,stock,True,,,2026-09-17,2026-09-04,18|21|22|23|28|29|30,07|08|09|10|11|14|15|16|17|18|21|22|23|28|29|30
433220,KOSPI,etf,True,,,2026-09-17,2026-06-15,18|21|22|23|28|29|30,01|02|03|04|07|08|09|10|11|14|15|16|17|18|21|22|23|28|29|30
433250,KOSPI,etf,True,,,2026-09-17,,18|21|22|23|28|29|30,01|02|03|04|07|08|09|10|11|14|15|16|17|18|21|22|23|28|29|30
433330,KOSPI,etf,True,,,2026-09-17,2026-06-15,18|21|22|23|28|29|30,01|02|03|04|07|08|09|10|11|14|15|16|17|18|21|22|23|28|29|30
433500,KOSPI,etf,True,,,2026-09-17,2026-06-15,18|21|22|23|28|29|30,01|02|03|04|07|08|09|10|11|14|15|16|17|18|21|22|23|28|29|30
433880,KOSPI,etf,True,,,2026-09-17,2026-06-15,18|21|22|23|28|29|30,01|02|03|04|07|08|09|10|11|14|15|16|17|18|21|22|23|28|29|30
433970,KOSPI,etf,True,,,2026-09-17,2026-06-15,18|21|22|23|28|29|30,01|02|03|04|07|08|09|10|11|14|15|16|17|18|21|22|23|28|29|30
433980,KOSPI,etf,True,,,2026-09-17,2026-06-15,18|21|22|23|28|29|30,01|02|03|04|07|08|09|10|11|14|15|16|17|18|21|22|23|28|29|30
434060,KOSPI,etf,True,,,2026-09-17,2026-06-15,18|21|22|23|28|29|30,01|02|03|04|07|08|09|10|11|14|15|16|17|18|21|22|23|28|29|30
434480,KOSDAQ,stock,True,,,2026-09-17,2026-09-04,18|21|22|23|28|29|30,07|08|09|10|11|14|15|16|17|18|21|22|23|28|29|30
434730,KOSPI,etf,True,,,2026-09-17,2026-06-15,18|21|22|23|28|29|30,01|02|03|04|07|08|09|10|11|14|15|16|17|18|21|22|23|28|29|30
434960,KOSPI,etf,True,,,2026-09-17,2026-06-15,18|21|22|23|28|29|30,01|02|03|04|07|08|09|10|11|14|15|16|17|18|21|22|23|28|29|30
435040,KOSPI,etf,True,,,2026-09-17,,18|21|22|23|28|29|30,01|02|03|04|07|08|09|10|11|14|15|16|17|18|21|22|23|28|29|30
435420,KOSPI,etf,True,,,2026-09-17,2026-06-15,18|21|22|23|28|29|30,01|02|03|04|07|08|09|10|11|14|15|16|17|18|21|22|23|28|29|30
435530,KOSPI,etf,True,,,2026-09-17,,18|21|22|23|28|29|30,01|02|03|04|07|08|09|10|11|14|15|16|17|18|21|22|23|28|29|30
435540,KOSPI,etf,True,,,2026-09-17,,18|21|22|23|28|29|30,01|02|03|04|07|08|09|10|11|14|15|16|17|18|21|22|23|28|29|30
435550,KOSPI,etf,True,,,2026-09-17,,18|21|22|23|28|29|30,01|02|03|04|07|08|09|10|11|14|15|16|17|18|21|22|23|28|29|30
435570,KOSDAQ,stock,True,,,2026-09-17,2026-09-04,18|21|22|23|28|29|30,07|08|09|10|11|14|15|16|17|18|21|22|23|28|29|30
436140,KOSPI,etf,True,,,2026-09-17,2026-06-15,18|21|22|23|28|29|30,01|02|03|04|07|08|09|10|11|14|15|16|17|18|21|22|23|28|29|30
437070,KOSPI,etf,True,,,2026-09-17,2026-06-15,18|21|22|23|28|29|30,01|02|03|04|07|08|09|10|11|14|15|16|17|18|21|22|23|28|29|30
437080,KOSPI,etf,True,,,2026-09-17,2026-06-15,18|21|22|23|28|29|30,01|02|03|04|07|08|09|10|11|14|15|16|17|18|21|22|23|28|29|30
437350,KOSPI,etf,True,,,2026-09-17,2026-06-15,18|21|22|23|28|29|30,01|02|03|04|07|08|09|10|11|14|15|16|17|18|21|22|23|28|29|30
437370,KOSPI,etf,True,,,2026-09-17,,18|21|22|23|28|29|30,01|02|03|04|07|08|09|10|11|14|15|16|17|18|21|22|23|28|29|30
437730,KOSDAQ,stock,True,,,2026-09-17,2026-09-04,18|21|22|23|28|29|30,07|08|09|10|11|14|15|16|17|18|21|22|23|28|29|30
438080,KOSPI,etf,True,,,2026-09-17,2026-06-15,18|21|22|23|28|29|30,01|02|03|04|07|08|09|10|11|14|15|16|17|18|21|22|23|28|29|30
438100,KOSPI,etf,True,,,2026-09-17,2026-06-15,18|21|22|23|28|29|30,01|02|03|04|07|08|09|10|11|14|15|16|17|18|21|22|23|28|29|30
438320,KOSPI,etf,True,,,2026-09-17,2026-06-15,18|21|22|23|28|29|30,01|02|03|04|07|08|09|10|11|14|15|16|17|18|21|22|23|28|29|30
438330,KOSPI,etf,True,,,2026-09-17,2026-06-15,18|21|22|23|28|29|30,01|02|03|04|07|08|09|10|11|14|15|16|17|18|21|22|23|28|29|30
438560,KOSPI,etf,True,,,2026-09-17,2026-06-15,18|21|22|23|28|29|30,01|02|03|04|07|08|09|10|11|14|15|16|17|18|21|22|23|28|29|30
438570,KOSPI,etf,True,,,2026-09-17,2026-06-15,18|21|22|23|28|29|30,01|02|03|04|07|08|09|10|11|14|15|16|17|18|21|22|23|28|29|30
438700,KOSDAQ,stock,True,,,2026-09-17,2026-09-04,18|21|22|23|28|29|30,07|08|09|10|11|14|15|16|17|18|21|22|23|28|29|30
438740,KOSPI,etf,True,,,2026-09-17,,18|21|22|23|28|29|30,01|02|03|04|07|08|09|10|11|14|15|16|17|18|21|22|23|28|29|30
438900,KOSPI,etf,True,,,2026-09-17,,18|21|22|23|28|29|30,01|02|03|04|07|08|09|10|11|14|15|16|17|18|21|22|23|28|29|30
439090,KOSDAQ,stock,True,,,2026-09-17,2026-09-04,18|21|22|23|28|29|30,07|08|09|10|11|14|15|16|17|18|21|22|23|28|29|30
439260,KOSPI,stock,True,,,2026-09-17,2026-09-04,18|21|22|23|28|29|30,07|08|09|10|11|14|15|16|17|18|21|22|23|28|29|30
439580,KOSDAQ,stock,True,,,2026-09-17,2026-09-04,18|21|22|23|28|29|30,07|08|09|10|11|14|15|16|17|18|21|22|23|28|29|30
439860,KOSPI,etf,True,,,2026-09-17,2026-06-15,18|21|22|23|28|29|30,01|02|03|04|07|08|09|10|11|14|15|16|17|18|21|22|23|28|29|30
439870,KOSPI,etf,True,,,2026-09-17,2026-06-15,18|21|22|23|28|29|30,01|02|03|04|07|08|09|10|11|14|15|16|17|18|21|22|23|28|29|30
439960,KOSDAQ,stock,True,,,2026-09-17,,18|21|22|23|28|29|30,01|02|03|04|07|08|09|10|11|14|15|16|17|18|21|22|23|28|29|30
440110,KOSDAQ,stock,True,,,2026-09-17,2026-09-04,18|21|22|23|28|29|30,07|08|09|10|11|14|15|16|17|18|21|22|23|28|29|30
440290,KOSDAQ,stock,True,,,2026-09-17,2026-09-04,18|21|22|23|28|29|30,07|08|09|10|11|14|15|16|17|18|21|22|23|28|29|30
440320,KOSDAQ,stock,True,,,2026-09-17,2026-09-04,18|21|22|23|28|29|30,07|08|09|10|11|14|15|16|17|18|21|22|23|28|29|30
440340,KOSPI,etf,True,,,2026-09-17,2026-06-15,18|21|22|23|28|29|30,01|02|03|04|07|08|09|10|11|14|15|16|17|18|21|22|23|28|29|30
440640,KOSPI,etf,True,,,2026-09-17,2026-06-15,18|21|22|23|28|29|30,01|02|03|04|07|08|09|10|11|14|15|16|17|18|21|22|23|28|29|30
440650,KOSPI,etf,True,,,2026-09-17,2026-06-15,18|21|22|23|28|29|30,01|02|03|04|07|08|09|10|11|14|15|16|17|18|21|22|23|28|29|30
440910,KOSPI,etf,True,,,2026-09-17,2026-06-15,18|21|22|23|28|29|30,01|02|03|04|07|08|09|10|11|14|15|16|17|18|21|22|23|28|29|30
441270,KOSDAQ,stock,True,,,2026-09-17,2026-09-04,18|21|22|23|28|29|30,07|08|09|10|11|14|15|16|17|18|21|22|23|28|29|30
441540,KOSPI,etf,True,,,2026-09-17,2026-06-15,18|21|22|23|28|29|30,01|02|03|04|07|08|09|10|11|14|15|16|17|18|21|22|23|28|29|30
441640,KOSPI,etf,True,,,2026-09-17,2026-06-15,18|21|22|23|28|29|30,01|02|03|04|07|08|09|10|11|14|15|16|17|18|21|22|23|28|29|30
441680,KOSPI,etf,True,,,2026-09-17,2026-06-15,18|21|22|23|28|29|30,01|02|03|04|07|08|09|10|11|14|15|16|17|18|21|22|23|28|29|30
441800,KOSPI,etf,True,,,2026-09-17,2026-06-15,18|21|22|23|28|29|30,01|02|03|04|07|08|09|10|11|14|15|16|17|18|21|22|23|28|29|30
442090,KOSPI,etf,True,,,2026-09-17,2026-06-15,18|21|22|23|28|29|30,01|02|03|04|07|08|09|10|11|14|15|16|17|18|21|22|23|28|29|30
442260,KOSPI,etf,True,,,2026-09-17,2026-06-15,18|21|22|23|28|29|30,01|02|03|04|07|08|09|10|11|14|15|16|17|18|21|22|23|28|29|30
442320,KOSPI,etf,True,,,2026-09-17,2026-06-15,18|21|22|23|28|29|30,01|02|03|04|07|08|09|10|11|14|15|16|17|18|21|22|23|28|29|30
442550,KOSPI,etf,True,,,2026-09-17,2026-06-15,18|21|22|23|28|29|30,01|02|03|04|07|08|09|10|11|14|15|16|17|18|21|22|23|28|29|30
442560,KOSPI,etf,True,,,2026-09-17,2026-06-15,18|21|22|23|28|29|30,01|02|03|04|07|08|09|10|11|14|15|16|17|18|21|22|23|28|29|30
442570,KOSPI,etf,True,,,2026-09-17,2026-06-15,18|21|22|23|28|29|30,01|02|03|04|07|08|09|10|11|14|15|16|17|18|21|22|23|28|29|30
442580,KOSPI,etf,True,,,2026-09-17,2026-06-15,18|21|22|23|28|29|30,01|02|03|04|07|08|09|10|11|14|15|16|17|18|21|22|23|28|29|30
443060,KOSPI,stock,True,,,2026-09-17,2026-09-04,18|21|22|23|28|29|30,07|08|09|10|11|14|15|16|17|18|21|22|23|28|29|30
443250,KOSDAQ,stock,True,,,2026-09-17,2026-09-04,18|21|22|23|28|29|30,07|08|09|10|11|14|15|16|17|18|21|22|23|28|29|30
443670,KOSDAQ,stock,True,,,2026-09-17,2026-09-04,18|21|22|23|28|29|30,07|08|09|10|11|14|15|16|17|18|21|22|23|28|29|30
444200,KOSPI,etf,True,,,2026-09-17,2026-06-15,18|21|22|23|28|29|30,01|02|03|04|07|08|09|10|11|14|15|16|17|18|21|22|23|28|29|30
444490,KOSPI,etf,True,,,2026-09-17,2026-06-15,18|21|22|23|28|29|30,01|02|03|04|07|08|09|10|11|14|15|16|17|18|21|22|23|28|29|30
444530,KOSDAQ,stock,True,,,2026-09-17,2026-09-04,18|21|22|23|28|29|30,07|08|09|10|11|14|15|16|17|18|21|22|23|28|29|30
445090,KOSDAQ,stock,True,,,2026-09-17,2026-09-04,18|21|22|23|28|29|30,07|08|09|10|11|14|15|16|17|18|21|22|23|28|29|30
445150,KOSPI,etf,True,,,2026-09-17,2026-06-15,18|21|22|23|28|29|30,01|02|03|04|07|08|09|10|11|14|15|16|17|18|21|22|23|28|29|30
445180,KOSDAQ,stock,True,,,2026-09-17,2026-09-04,18|21|22|23|28|29|30,07|08|09|10|11|14|15|16|17|18|21|22|23|28|29|30
445290,KOSPI,etf,True,,,2026-09-17,2026-06-15,18|21|22|23|28|29|30,01|02|03|04|07|08|09|10|11|14|15|16|17|18|21|22|23|28|29|30
445680,KOSDAQ,stock,True,,,2026-09-17,2026-09-04,18|21|22|23|28|29|30,07|08|09|10|11|14|15|16|17|18|21|22|23|28|29|30
445690,KOSPI,etf,True,,,2026-09-17,2026-06-15,18|21|22|23|28|29|30,01|02|03|04|07|08|09|10|11|14|15|16|17|18|21|22|23|28|29|30
445910,KOSPI,etf,True,,,2026-09-17,2026-06-15,18|21|22|23|28|29|30,01|02|03|04|07|08|09|10|11|14|15|16|17|18|21|22|23|28|29|30
446070,KOSPI,stock,True,,,2026-09-17,2026-09-04,18|21|22|23|28|29|30,07|08|09|10|11|14|15|16|17|18|21|22|23|28|29|30
446540,KOSDAQ,stock,True,,,2026-09-17,2026-09-04,18|21|22|23|28|29|30,07|08|09|10|11|14|15|16|17|18|21|22|23|28|29|30
446690,KOSPI,etf,True,,,2026-09-17,2026-06-15,18|21|22|23|28|29|30,01|02|03|04|07|08|09|10|11|14|15|16|17|18|21|22|23|28|29|30
446700,KOSPI,etf,True,,,2026-09-17,,18|21|22|23|28|29|30,01|02|03|04|07|08|09|10|11|14|15|16|17|18|21|22|23|28|29|30
446720,KOSPI,etf,True,,,2026-09-17,2026-06-15,18|21|22|23|28|29|30,01|02|03|04|07|08|09|10|11|14|15|16|17|18|21|22|23|28|29|30
446770,KOSPI,etf,True,,,2026-09-17,2026-06-15,18|21|22|23|28|29|30,01|02|03|04|07|08|09|10|11|14|15|16|17|18|21|22|23|28|29|30
446840,KOSDAQ,stock,True,,,2026-09-17,2026-09-04,18|21|22|23|28|29|30,07|08|09|10|11|14|15|16|17|18|21|22|23|28|29|30
447430,KOSPI,etf,True,,,2026-09-17,2026-06-15,18|21|22|23|28|29|30,01|02|03|04|07|08|09|10|11|14|15|16|17|18|21|22|23|28|29|30
447620,KOSPI,etf,True,,,2026-09-17,2026-06-15,18|21|22|23|28|29|30,01|02|03|04|07|08|09|10|11|14|15|16|17|18|21|22|23|28|29|30
447660,KOSPI,etf,True,,,2026-09-17,2026-06-15,18|21|22|23|28|29|30,01|02|03|04|07|08|09|10|11|14|15|16|17|18|21|22|23|28|29|30
447770,KOSPI,etf,True,,,2026-09-17,2026-06-15,18|21|22|23|28|29|30,01|02|03|04|07|08|09|10|11|14|15|16|17|18|21|22|23|28|29|30
448100,KOSPI,etf,True,,,2026-09-17,2026-06-15,18|21|22|23|28|29|30,01|02|03|04|07|08|09|10|11|14|15|16|17|18|21|22|23|28|29|30
448280,KOSDAQ,stock,True,,,2026-09-17,2026-09-04,18|21|22|23|28|29|30,07|08|09|10|11|14|15|16|17|18|21|22|23|28|29|30
448290,KOSPI,etf,True,,,2026-09-17,2026-06-15,18|21|22|23|28|29|30,01|02|03|04|07|08|09|10|11|14|15|16|17|18|21|22|23|28|29|30
448300,KOSPI,etf,True,,,2026-09-17,2026-06-15,18|21|22|23|28|29|30,01|02|03|04|07|08|09|10|11|14|15|16|17|18|21|22|23|28|29|30
448330,KOSPI,etf,True,,,2026-09-17,2026-06-15,18|21|22|23|28|29|30,01|02|03|04|07|08|09|10|11|14|15|16|17|18|21|22|23|28|29|30
448490,KOSPI,etf,True,,,2026-09-17,,18|21|22|23|28|29|30,01|02|03|04|07|08|09|10|11|14|15|16|17|18|21|22|23|28|29|30
448540,KOSPI,etf,True,,,2026-09-17,2026-06-15,18|21|22|23|28|29|30,01|02|03|04|07|08|09|10|11|14|15|16|17|18|21|22|23|28|29|30
448570,KOSPI,etf,True,,,2026-09-17,2026-06-15,18|21|22|23|28|29|30,01|02|03|04|07|08|09|10|11|14|15|16|17|18|21|22|23|28|29|30
448630,KOSPI,etf,True,,,2026-09-17,2026-06-15,18|21|22|23|28|29|30,01|02|03|04|07|08|09|10|11|14|15|16|17|18|21|22|23|28|29|30
448710,KOSDAQ,stock,True,,,2026-09-17,2026-09-04,18|21|22|23|28|29|30,07|08|09|10|11|14|15|16|17|18|21|22|23|28|29|30
448730,KOSPI,stock,True,,,2026-09-17,2026-09-04,18|21|22|23|28|29|30,07|08|09|10|11|14|15|16|17|18|21|22|23|28|29|30
448900,KOSDAQ,stock,True,,,2026-09-17,2026-09-04,18|21|22|23|28|29|30,07|08|09|10|11|14|15|16|17|18|21|22|23|28|29|30
449170,KOSPI,etf,True,,,2026-09-17,2026-06-15,18|21|22|23|28|29|30,01|02|03|04|07|08|09|10|11|14|15|16|17|18|21|22|23|28|29|30
449180,KOSPI,etf,True,,,2026-09-17,2026-06-15,18|21|22|23|28|29|30,01|02|03|04|07|08|09|10|11|14|15|16|17|18|21|22|23|28|29|30
449190,KOSPI,etf,True,,,2026-09-17,2026-06-15,18|21|22|23|28|29|30,01|02|03|04|07|08|09|10|11|14|15|16|17|18|21|22|23|28|29|30
449450,KOSPI,etf,True,,,2026-09-17,2026-06-15,18|21|22|23|28|29|30,01|02|03|04|07|08|09|10|11|14|15|16|17|18|21|22|23|28|29|30
449580,KOSPI,etf,True,,,2026-09-17,2026-06-15,18|21|22|23|28|29|30,01|02|03|04|07|08|09|10|11|14|15|16|17|18|21|22|23|28|29|30
449680,KOSPI,etf,True,,,2026-09-17,,18|21|22|23|28|29|30,01|02|03|04|07|08|09|10|11|14|15|16|17|18|21|22|23|28|29|30
449690,KOSPI,etf,True,,,2026-09-17,2026-06-15,18|21|22|23|28|29|30,01|02|03|04|07|08|09|10|11|14|15|16|17|18|21|22|23|28|29|30
449770,KOSPI,etf,True,,,2026-09-17,2026-06-15,18|21|22|23|28|29|30,01|02|03|04|07|08|09|10|11|14|15|16|17|18|21|22|23|28|29|30
449780,KOSPI,etf,True,,,2026-09-17,2026-06-15,18|21|22|23|28|29|30,01|02|03|04|07|08|09|10|11|14|15|16|17|18|21|22|23|28|29|30
450080,KOSPI,stock,True,,,2026-09-17,2026-09-04,18|21|22|23|28|29|30,07|08|09|10|11|14|15|16|17|18|21|22|23|28|29|30
450180,KOSPI,etf,True,,,2026-09-17,,18|21|22|23|28|29|30,01|02|03|04|07|08|09|10|11|14|15|16|17|18|21|22|23|28|29|30
450190,KOSPI,etf,True,,,2026-09-17,2026-06-15,18|21|22|23|28|29|30,01|02|03|04|07|08|09|10|11|14|15|16|17|18|21|22|23|28|29|30
450330,KOSDAQ,stock,True,,,2026-09-17,2026-09-04,18|21|22|23|28|29|30,07|08|09|10|11|14|15|16|17|18|21|22|23|28|29|30
450520,KOSDAQ,stock,True,,,2026-09-17,2026-09-04,18|21|22|23|28|29|30,07|08|09|10|11|14|15|16|17|18|21|22|23|28|29|30
450910,KOSPI,etf,True,,,2026-09-17,2026-06-15,18|21|22|23|28|29|30,01|02|03|04|07|08|09|10|11|14|15|16|17|18|21|22|23|28|29|30
450950,KOSDAQ,stock,True,,,2026-09-17,2026-09-04,18|21|22|23|28|29|30,07|08|09|10|11|14|15|16|17|18|21|22|23|28|29|30
451000,KOSPI,etf,True,,,2026-09-17,2026-06-15,18|21|22|23|28|29|30,01|02|03|04|07|08|09|10|11|14|15|16|17|18|21|22|23|28|29|30
451060,KOSPI,etf,True,,,2026-09-17,2026-06-15,18|21|22|23|28|29|30,01|02|03|04|07|08|09|10|11|14|15|16|17|18|21|22|23|28|29|30
451150,KOSPI,etf,True,,,2026-09-17,,18|21|22|23|28|29|30,01|02|03|04|07|08|09|10|11|14|15|16|17|18|21|22|23|28|29|30
451220,KOSDAQ,stock,True,,,2026-09-17,2026-09-04,18|21|22|23|28|29|30,07|08|09|10|11|14|15|16|17|18|21|22|23|28|29|30
451250,KOSDAQ,stock,True,,,2026-09-17,2026-09-04,18|21|22|23|28|29|30,07|08|09|10|11|14|15|16|17|18|21|22|23|28|29|30
451530,KOSPI,etf,True,,,2026-09-17,2026-06-15,18|21|22|23|28|29|30,01|02|03|04|07|08|09|10|11|14|15|16|17|18|21|22|23|28|29|30
451540,KOSPI,etf,True,,,2026-09-17,2026-06-15,18|21|22|23|28|29|30,01|02|03|04|07|08|09|10|11|14|15|16|17|18|21|22|23|28|29|30
451600,KOSPI,etf,True,,,2026-09-17,2026-06-15,18|21|22|23|28|29|30,01|02|03|04|07|08|09|10|11|14|15|16|17|18|21|22|23|28|29|30
451670,KOSPI,etf,True,,,2026-09-17,,18|21|22|23|28|29|30,01|02|03|04|07|08|09|10|11|14|15|16|17|18|21|22|23|28|29|30
451700,KOSDAQ,stock,False,,2026-08-20,2026-06-09,2026-08-19,01|02|03|04|07|08|09|10|11|14|15|16|17|18|21|22|23|28|29|30,01|02|03|04|07|08|09|10|11|14|15|16|17|18|21|22|23|28|29|30
451760,KOSDAQ,stock,True,,,2026-09-17,2026-09-04,18|21|22|23|28|29|30,07|08|09|10|11|14|15|16|17|18|21|22|23|28|29|30
451800,KOSPI,stock,True,,,2026-09-17,2026-09-04,18|21|22|23|28|29|30,07|08|09|10|11|14|15|16|17|18|21|22|23|28|29|30
452160,KOSDAQ,stock,True,,,2026-09-17,2026-09-04,18|21|22|23|28|29|30,07|08|09|10|11|14|15|16|17|18|21|22|23|28|29|30
452190,KOSDAQ,stock,True,,,2026-09-17,2026-09-04,18|21|22|23|28|29|30,07|08|09|10|11|14|15|16|17|18|21|22|23|28|29|30
452200,KOSDAQ,stock,True,,,2026-09-17,2026-09-04,18|21|22|23|28|29|30,07|08|09|10|11|14|15|16|17|18|21|22|23|28|29|30
452250,KOSPI,etf,True,,,2026-09-17,2026-06-15,18|21|22|23|28|29|30,01|02|03|04|07|08|09|10|11|14|15|16|17|18|21|22|23|28|29|30
45226,KOSPI,stock,False,,2026-08-20,,,01|02|03|04|07|08|09|10|11|14|15|16|17|18|21|22|23|28|29|30,01|02|03|04|07|08|09|10|11|14|15|16|17|18|21|22|23|28|29|30
452260,KOSPI,stock,True,,,2026-09-17,2026-09-04,18|21|22|23|28|29|30,07|08|09|10|11|14|15|16|17|18|21|22|23|28|29|30
45226K,KOSPI,stock,True,,,,,01|02|03|04|07|08|09|10|11|14|15|16|17|18|21|22|23|28|29|30,01|02|03|04|07|08|09|10|11|14|15|16|17|18|21|22|23|28|29|30
452280,KOSDAQ,stock,True,,,2026-09-17,2026-09-04,18|21|22|23|28|29|30,07|08|09|10|11|14|15|16|17|18|21|22|23|28|29|30
452300,KOSDAQ,stock,True,,,2026-09-17,2026-09-04,18|21|22|23|28|29|30,07|08|09|10|11|14|15|16|17|18|21|22|23|28|29|30
452360,KOSPI,etf,True,,,2026-09-17,2026-06-15,18|21|22|23|28|29|30,01|02|03|04|07|08|09|10|11|14|15|16|17|18|21|22|23|28|29|30
452400,KOSDAQ,stock,True,,,2026-09-17,2026-09-04,18|21|22|23|28|29|30,07|08|09|10|11|14|15|16|17|18|21|22|23|28|29|30
452430,KOSDAQ,stock,True,,,2026-09-17,2026-09-04,18|21|22|23|28|29|30,07|08|09|10|11|14|15|16|17|18|21|22|23|28|29|30
452450,KOSDAQ,stock,True,,,2026-09-17,2026-09-04,18|21|22|23|28|29|30,07|08|09|10|11|14|15|16|17|18|21|22|23|28|29|30
453010,KOSPI,etf,True,,,2026-09-17,2026-06-15,18|21|22|23|28|29|30,01|02|03|04|07|08|09|10|11|14|15|16|17|18|21|22|23|28|29|30
453060,KOSPI,etf,True,,,2026-09-17,,18|21|22|23|28|29|30,01|02|03|04|07|08|09|10|11|14|15|16|17|18|21|22|23|28|29|30
453080,KOSPI,etf,True,,,2026-09-17,2026-06-15,18|21|22|23|28|29|30,01|02|03|04|07|08|09|10|11|14|15|16|17|18|21|22|23|28|29|30
453330,KOSPI,etf,True,,,2026-09-17,2026-06-15,18|21|22|23|28|29|30,01|02|03|04|07|08|09|10|11|14|15|16|17|18|21|22|23|28|29|30
453340,KOSPI,stock,True,,,2026-09-17,2026-09-04,18|21|22|23|28|29|30,07|08|09|10|11|14|15|16|17|18|21|22|23|28|29|30
453450,KOSDAQ,stock,True,,,2026-09-17,2026-09-04,18|21|22|23|28|29|30,07|08|09|10|11|14|15|16|17|18|21|22|23|28|29|30
453630,KOSPI,etf,True,,,2026-09-17,2026-06-15,18|21|22|23|28|29|30,01|02|03|04|07|08|09|10|11|14|15|16|17|18|21|22|23|28|29|30
453640,KOSPI,etf,True,,,2026-09-17,2026-06-15,18|21|22|23|28|29|30,01|02|03|04|07|08|09|10|11|14|15|16|17|18|21|22|23|28|29|30
453650,KOSPI,etf,True,,,2026-09-17,2026-06-15,18|21|22|23|28|29|30,01|02|03|04|07|08|09|10|11|14|15|16|17|18|21|22|23|28|29|30
453660,KOSPI,etf,True,,,2026-09-17,,18|21|22|23|28|29|30,01|02|03|04|07|08|09|10|11|14|15|16|17|18|21|22|23|28|29|30
453810,KOSPI,etf,True,,,2026-09-17,2026-06-15,18|21|22|23|28|29|30,01|02|03|04|07|08|09|10|11|14|15|16|17|18|21|22|23|28|29|30
453820,KOSPI,etf,True,,,2026-09-17,2026-06-15,18|21|22|23|28|29|30,01|02|03|04|07|08|09|10|11|14|15|16|17|18|21|22|23|28|29|30
453850,KOSPI,etf,True,,,2026-09-17,2026-06-15,18|21|22|23|28|29|30,01|02|03|04|07|08|09|10|11|14|15|16|17|18|21|22|23|28|29|30
453860,KOSDAQ,stock,True,,,2026-09-17,2026-09-04,18|21|22|23|28|29|30,07|08|09|10|11|14|15|16|17|18|21|22|23|28|29|30
453870,KOSPI,etf,True,,,2026-09-17,2026-06-15,18|21|22|23|28|29|30,01|02|03|04|07|08|09|10|11|14|15|16|17|18|21|22|23|28|29|30
453950,KOSPI,etf,True,,,2026-09-17,2026-06-15,18|21|22|23|28|29|30,01|02|03|04|07|08|09|10|11|14|15|16|17|18|21|22|23|28|29|30
454180,KOSPI,etf,True,,,2026-09-17,,18|21|22|23|28|29|30,01|02|03|04|07|08|09|10|11|14|15|16|17|18|21|22|23|28|29|30
454320,KOSPI,etf,True,,,2026-09-17,2026-06-15,18|21|22|23|28|29|30,01|02|03|04|07|08|09|10|11|14|15|16|17|18|21|22|23|28|29|30
454780,KOSPI,etf,True,,,2026-09-17,2026-06-15,18|21|22|23|28|29|30,01|02|03|04|07|08|09|10|11|14|15|16|17|18|21|22|23|28|29|30
454910,KOSPI,stock,True,,,2026-09-17,2026-09-04,18|21|22|23|28|29|30,07|08|09|10|11|14|15|16|17|18|21|22|23|28|29|30
455030,KOSPI,etf,True,,,2026-09-17,2026-06-15,18|21|22|23|28|29|30,01|02|03|04|07|08|09|10|11|14|15|16|17|18|21|22|23|28|29|30
455180,KOSDAQ,stock,True,,,2026-09-17,2026-09-04,18|21|22|23|28|29|30,07|08|09|10|11|14|15|16|17|18|21|22|23|28|29|30
455660,KOSPI,etf,True,,,2026-09-17,2026-06-15,18|21|22|23|28|29|30,01|02|03|04|07|08|09|10|11|14|15|16|17|18|21|22|23|28|29|30
455850,KOSPI,etf,True,,,2026-09-17,2026-06-15,18|21|22|23|28|29|30,01|02|03|04|07|08|09|10|11|14|15|16|17|18|21|22|23|28|29|30
455860,KOSPI,etf,True,,,2026-09-17,2026-06-15,18|21|22|23|28|29|30,01|02|03|04|07|08|09|10|11|14|15|16|17|18|21|22|23|28|29|30
455890,KOSPI,etf,True,,,2026-09-17,2026-06-15,18|21|22|23|28|29|30,01|02|03|04|07|08|09|10|11|14|15|16|17|18|21|22|23|28|29|30
455900,KOSDAQ,stock,True,,,2026-09-17,2026-09-04,18|21|22|23|28|29|30,07|08|09|10|11|14|15|16|17|18|21|22|23|28|29|30
455960,KOSPI,etf,True,,,2026-09-17,2026-06-15,18|21|22|23|28|29|30,01|02|03|04|07|08|09|10|11|14|15|16|17|18|21|22|23|28|29|30
456010,KOSDAQ,stock,True,,,2026-09-17,2026-09-04,18|21|22|23|28|29|30,07|08|09|10|11|14|15|16|17|18|21|22|23|28|29|30
456040,KOSPI,stock,True,,,2026-09-17,2026-09-04,18|21|22|23|28|29|30,07|08|09|10|11|14|15|16|17|18|21|22|23|28|29|30
456070,KOSDAQ,stock,True,,,2026-09-17,2026-09-04,18|21|22|23|28|29|30,07|08|09|10|11|14|15|16|17|18|21|22|23|28|29|30
456160,KOSDAQ,stock,True,,,2026-09-17,2026-09-04,18|21|22|23|28|29|30,07|08|09|10|11|14|15|16|17|18|21|22|23|28|29|30
456200,KOSPI,etf,True,,,2026-09-17,,18|21|22|23|28|29|30,01|02|03|04|07|08|09|10|11|14|15|16|17|18|21|22|23|28|29|30
456250,KOSPI,etf,True,,,2026-09-17,,18|21|22|23|28|29|30,01|02|03|04|07|08|09|10|11|14|15|16|17|18|21|22|23|28|29|30
456600,KOSPI,etf,True,,,2026-09-17,2026-06-15,18|21|22|23|28|29|30,01|02|03|04|07|08|09|10|11|14|15|16|17|18|21|22|23|28|29|30
456610,KOSPI,etf,True,,,2026-09-17,2026-06-15,18|21|22|23|28|29|30,01|02|03|04|07|08|09|10|11|14|15|16|17|18|21|22|23|28|29|30
456680,KOSPI,etf,True,,,2026-09-17,2026-06-15,18|21|22|23|28|29|30,01|02|03|04|07|08|09|10|11|14|15|16|17|18|21|22|23|28|29|30
456880,KOSPI,etf,True,,,2026-09-17,2026-06-15,18|21|22|23|28|29|30,01|02|03|04|07|08|09|10|11|14|15|16|17|18|21|22|23|28|29|30
457190,KOSPI,stock,True,,,2026-09-17,2026-06-15,18|21|22|23|28|29|30,01|02|03|04|07|08|09|10|11|14|15|16|17|18|21|22|23|28|29|30
457370,KOSDAQ,stock,True,,,2026-09-17,2026-09-04,18|21|22|23|28|29|30,07|08|09|10|11|14|15|16|17|18|21|22|23|28|29|30
457480,KOSPI,etf,True,,,2026-09-17,2026-06-15,18|21|22|23|28|29|30,01|02|03|04|07|08|09|10|11|14|15|16|17|18|21|22|23|28|29|30
457550,KOSDAQ,stock,True,,,2026-09-17,2026-09-04,18|21|22|23|28|29|30,07|08|09|10|11|14|15|16|17|18|21|22|23|28|29|30
457600,KOSDAQ,stock,True,,,2026-09-17,2026-09-04,18|21|22|23|28|29|30,07|08|09|10|11|14|15|16|17|18|21|22|23|28|29|30
457690,KOSPI,etf,True,,,2026-09-17,2026-06-15,18|21|22|23|28|29|30,01|02|03|04|07|08|09|10|11|14|15|16|17|18|21|22|23|28|29|30
457700,KOSPI,etf,True,,,2026-09-17,,18|21|22|23|28|29|30,01|02|03|04|07|08|09|10|11|14|15|16|17|18|21|22|23|28|29|30
457930,KOSPI,etf,True,,,2026-09-17,,18|21|22|23|28|29|30,01|02|03|04|07|08|09|10|11|14|15|16|17|18|21|22|23|28|29|30
457990,KOSPI,etf,True,,,2026-09-17,2026-06-15,18|21|22|23|28|29|30,01|02|03|04|07|08|09|10|11|14|15|16|17|18|21|22|23|28|29|30
458030,KOSPI,etf,True,,,2026-09-17,2026-06-15,18|21|22|23|28|29|30,01|02|03|04|07|08|09|10|11|14|15|16|17|18|21|22|23|28|29|30
458210,KOSPI,etf,True,,,2026-09-17,2026-06-15,18|21|22|23|28|29|30,01|02|03|04|07|08|09|10|11|14|15|16|17|18|21|22|23|28|29|30
458250,KOSPI,etf,True,,,2026-09-17,2026-06-15,18|21|22|23|28|29|30,01|02|03|04|07|08|09|10|11|14|15|16|17|18|21|22|23|28|29|30
458260,KOSPI,etf,True,,,2026-09-17,2026-06-15,18|21|22|23|28|29|30,01|02|03|04|07|08|09|10|11|14|15|16|17|18|21|22|23|28|29|30
458350,KOSDAQ,stock,True,,,2026-09-17,,18|21|22|23|28|29|30,01|02|03|04|07|08|09|10|11|14|15|16|17|18|21|22|23|28|29|30
458650,KOSDAQ,stock,True,,,2026-09-17,2026-09-04,18|21|22|23|28|29|30,07|08|09|10|11|14|15|16|17|18|21|22|23|28|29|30
458730,KOSPI,etf,True,,,2026-09-17,2026-06-15,18|21|22|23|28|29|30,01|02|03|04|07|08|09|10|11|14|15|16|17|18|21|22|23|28|29|30
458750,KOSPI,etf,True,,,2026-09-17,2026-06-15,18|21|22|23|28|29|30,01|02|03|04|07|08|09|10|11|14|15|16|17|18|21|22|23|28|29|30
458760,KOSPI,etf,True,,,2026-09-17,2026-06-15,18|21|22|23|28|29|30,01|02|03|04|07|08|09|10|11|14|15|16|17|18|21|22|23|28|29|30
458870,KOSDAQ,stock,True,,,2026-09-17,2026-09-04,18|21|22|23|28|29|30,07|08|09|10|11|14|15|16|17|18|21|22|23|28|29|30
459100,KOSDAQ,stock,True,,,2026-09-17,2026-09-04,18|21|22|23|28|29|30,07|08|09|10|11|14|15|16|17|18|21|22|23|28|29|30
459510,KOSDAQ,stock,True,,,2026-09-17,2026-09-04,18|21|22|23|28|29|30,07|08|09|10|11|14|15|16|17|18|21|22|23|28|29|30
459550,KOSDAQ,stock,True,,,2026-09-17,,18|21|22|23|28|29|30,01|02|03|04|07|08|09|10|11|14|15|16|17|18|21|22|23|28|29|30
459560,KOSPI,etf,True,,,2026-09-17,2026-06-15,18|21|22|23|28|29|30,01|02|03|04|07|08|09|10|11|14|15|16|17|18|21|22|23|28|29|30
459580,KOSPI,etf,True,,,2026-09-17,2026-06-15,18|21|22|23|28|29|30,01|02|03|04|07|08|09|10|11|14|15|16|17|18|21|22|23|28|29|30
459750,KOSPI,etf,True,,,2026-09-17,2026-06-15,18|21|22|23|28|29|30,01|02|03|04|07|08|09|10|11|14|15|16|17|18|21|22|23|28|29|30
459790,KOSPI,etf,True,,,2026-09-17,2026-06-15,18|21|22|23|28|29|30,01|02|03|04|07|08|09|10|11|14|15|16|17|18|21|22|23|28|29|30
460270,KOSPI,etf,True,,,2026-09-17,,18|21|22|23|28|29|30,01|02|03|04|07|08|09|10|11|14|15|16|17|18|21|22|23|28|29|30
460470,KOSDAQ,stock,True,,,2026-09-17,2026-09-04,18|21|22|23|28|29|30,07|08|09|10|11|14|15|16|17|18|21|22|23|28|29|30
460660,KOSPI,etf,True,,,2026-09-17,2026-06-15,18|21|22|23|28|29|30,01|02|03|04|07|08|09|10|11|14|15|16|17|18|21|22|23|28|29|30
460850,KOSPI,stock,True,,,2026-09-17,2026-09-04,18|21|22|23|28|29|30,07|08|09|10|11|14|15|16|17|18|21|22|23|28|29|30
460860,KOSPI,stock,True,,,2026-09-17,2026-09-04,18|21|22|23|28|29|30,07|08|09|10|11|14|15|16|17|18|21|22|23|28|29|30
460870,KOSDAQ,stock,True,,,2026-09-17,2026-09-04,18|21|22|23|28|29|30,07|08|09|10|11|14|15|16|17|18|21|22|23|28|29|30
460930,KOSDAQ,stock,True,,,2026-09-17,2026-09-04,18|21|22|23|28|29|30,07|08|09|10|11|14|15|16|17|18|21|22|23|28|29|30
460940,KOSDAQ,stock,True,,,2026-09-17,2026-09-04,18|21|22|23|28|29|30,07|08|09|10|11|14|15|16|17|18|21|22|23|28|29|30
460960,KOSPI,etf,True,,,2026-09-17,2026-06-15,18|21|22|23|28|29|30,01|02|03|04|07|08|09|10|11|14|15|16|17|18|21|22|23|28|29|30
461030,KOSDAQ,stock,True,,,2026-09-17,2026-09-04,18|21|22|23|28|29|30,07|08|09|10|11|14|15|16|17|18|21|22|23|28|29|30
461270,KOSPI,etf,False,,2026-08-20,2026-06-24,2026-06-15,01|02|03|04|07|08|09|10|11|14|15|16|17|18|21|22|23|28|29|30,01|02|03|04|07|08|09|10|11|14|15|16|17|18|21|22|23|28|29|30
461300,KOSDAQ,stock,True,,,2026-09-17,2026-09-04,18|21|22|23|28|29|30,07|08|09|10|11|14|15|16|17|18|21|22|23|28|29|30
461340,KOSPI,etf,True,,,2026-09-17,2026-06-15,18|21|22|23|28|29|30,01|02|03|04|07|08|09|10|11|14|15|16|17|18|21|22|23|28|29|30
461450,KOSPI,etf,True,,,2026-09-17,2026-06-15,18|21|22|23|28|29|30,01|02|03|04|07|08|09|10|11|14|15|16|17|18|21|22|23|28|29|30
461460,KOSPI,etf,True,,,2026-09-17,2026-06-15,18|21|22|23|28|29|30,01|02|03|04|07|08|09|10|11|14|15|16|17|18|21|22|23|28|29|30
461490,KOSPI,etf,True,,,2026-09-17,2026-06-15,18|21|22|23|28|29|30,01|02|03|04|07|08|09|10|11|14|15|16|17|18|21|22|23|28|29|30
461500,KOSPI,etf,True,,,2026-09-17,2026-06-15,18|21|22|23|28|29|30,01|02|03|04|07|08|09|10|11|14|15|16|17|18|21|22|23|28|29|30
461580,KOSPI,etf,True,,,,,01|02|03|04|07|08|09|10|11|14|15|16|17|18|21|22|23|28|29|30,01|02|03|04|07|08|09|10|11|14|15|16|17|18|21|22|23|28|29|30
461600,KOSPI,etf,True,,,2026-09-17,2026-06-15,18|21|22|23|28|29|30,01|02|03|04|07|08|09|10|11|14|15|16|17|18|21|22|23|28|29|30
461900,KOSPI,etf,True,,,2026-09-17,2026-06-15,18|21|22|23|28|29|30,01|02|03|04|07|08|09|10|11|14|15|16|17|18|21|22|23|28|29|30
461910,KOSPI,etf,True,,,2026-09-17,2026-06-15,18|21|22|23|28|29|30,01|02|03|04|07|08|09|10|11|14|15|16|17|18|21|22|23|28|29|30
461950,KOSPI,etf,True,,,2026-09-17,2026-06-15,18|21|22|23|28|29|30,01|02|03|04|07|08|09|10|11|14|15|16|17|18|21|22|23|28|29|30
462010,KOSPI,etf,True,,,2026-09-17,2026-06-15,18|21|22|23|28|29|30,01|02|03|04|07|08|09|10|11|14|15|16|17|18|21|22|23|28|29|30
462310,KOSDAQ,stock,True,,,2026-09-17,2026-09-04,18|21|22|23|28|29|30,07|08|09|10|11|14|15|16|17|18|21|22|23|28|29|30
462330,KOSPI,etf,True,,,2026-09-17,2026-06-15,18|21|22|23|28|29|30,01|02|03|04|07|08|09|10|11|14|15|16|17|18|21|22|23|28|29|30
462340,KOSPI,etf,True,,,2026-09-17,,18|21|22|23|28|29|30,01|02|03|04|07|08|09|10|11|14|15|16|17|18|21|22|23|28|29|30
462350,KOSDAQ,stock,True,,,2026-09-17,2026-09-04,18|21|22|23|28|29|30,07|08|09|10|11|14|15|16|17|18|21|22|23|28|29|30
462510,KOSDAQ,stock,True,,,2026-09-17,2026-09-04,18|21|22|23|28|29|30,07|08|09|10|11|14|15|16|17|18|21|22|23|28|29|30
462520,KOSPI,stock,True,,,2026-09-17,2026-09-04,18|21|22|23|28|29|30,07|08|09|10|11|14|15|16|17|18|21|22|23|28|29|30
462860,KOSDAQ,stock,True,,,2026-09-17,2026-09-04,18|21|22|23|28|29|30,07|08|09|10|11|14|15|16|17|18|21|22|23|28|29|30
462870,KOSPI,stock,True,,,2026-09-17,2026-09-04,18|21|22|23|28|29|30,07|08|09|10|11|14|15|16|17|18|21|22|23|28|29|30
462900,KOSPI,etf,True,,,2026-09-17,2026-06-15,18|21|22|23|28|29|30,01|02|03|04|07|08|09|10|11|14|15|16|17|18|21|22|23|28|29|30
462980,KOSDAQ,stock,True,,,2026-09-17,2026-09-04,18|21|22|23|28|29|30,07|08|09|10|11|14|15|16|17|18|21|22|23|28|29|30
463020,KOSDAQ,stock,True,,,2026-09-17,2026-09-04,18|21|22|23|28|29|30,07|08|09|10|11|14|15|16|17|18|21|22|23|28|29|30
463050,KOSPI,etf,True,,,2026-09-17,2026-06-15,18|21|22|23|28|29|30,01|02|03|04|07|08|09|10|11|14|15|16|17|18|21|22|23|28|29|30
463250,KOSPI,etf,True,,,2026-09-17,2026-06-15,18|21|22|23|28|29|30,01|02|03|04|07|08|09|10|11|14|15|16|17|18|21|22|23|28|29|30
463290,KOSPI,etf,True,,,2026-09-17,2026-06-15,18|21|22|23|28|29|30,01|02|03|04|07|08|09|10|11|14|15|16|17|18|21|22|23|28|29|30
463300,KOSPI,etf,True,,,2026-09-17,2026-06-15,18|21|22|23|28|29|30,01|02|03|04|07|08|09|10|11|14|15|16|17|18|21|22|23|28|29|30
463480,KOSDAQ,stock,True,,,2026-09-17,2026-09-04,18|21|22|23|28|29|30,07|08|09|10|11|14|15|16|17|18|21|22|23|28|29|30
463640,KOSPI,etf,True,,,2026-09-17,,18|21|22|23|28|29|30,01|02|03|04|07|08|09|10|11|14|15|16|17|18|21|22|23|28|29|30
463680,KOSPI,etf,True,,,2026-09-17,2026-06-15,18|21|22|23|28|29|30,01|02|03|04|07|08|09|10|11|14|15|16|17|18|21|22|23|28|29|30
463690,KOSPI,etf,True,,,2026-09-17,,18|21|22|23|28|29|30,01|02|03|04|07|08|09|10|11|14|15|16|17|18|21|22|23|28|29|30
464080,KOSDAQ,stock,True,,,2026-09-17,2026-09-04,18|21|22|23|28|29|30,07|08|09|10|11|14|15|16|17|18|21|22|23|28|29|30
464240,KOSPI,etf,True,,,2026-09-17,2026-06-15,18|21|22|23|28|29|30,01|02|03|04|07|08|09|10|11|14|15|16|17|18|21|22|23|28|29|30
464280,KOSDAQ,stock,True,,,2026-09-17,2026-09-04,18|21|22|23|28|29|30,07|08|09|10|11|14|15|16|17|18|21|22|23|28|29|30
464310,KOSPI,etf,True,,,2026-09-17,2026-06-15,18|21|22|23|28|29|30,01|02|03|04|07|08|09|10|11|14|15|16|17|18|21|22|23|28|29|30
464440,KOSDAQ,stock,False,,2026-08-20,2026-06-17,2026-08-19,01|02|03|04|07|08|09|10|11|14|15|16|17|18|21|22|23|28|29|30,01|02|03|04|07|08|09|10|11|14|15|16|17|18|21|22|23|28|29|30
464470,KOSPI,etf,True,,,2026-09-17,2026-06-15,18|21|22|23|28|29|30,01|02|03|04|07|08|09|10|11|14|15|16|17|18|21|22|23|28|29|30
464490,KOSDAQ,stock,True,,,2026-09-17,,18|21|22|23|28|29|30,01|02|03|04|07|08|09|10|11|14|15|16|17|18|21|22|23|28|29|30
464500,KOSDAQ,stock,True,,,2026-09-17,2026-09-04,18|21|22|23|28|29|30,07|08|09|10|11|14|15|16|17|18|21|22|23|28|29|30
464580,KOSDAQ,stock,True,,,2026-09-17,2026-09-04,18|21|22|23|28|29|30,07|08|09|10|11|14|15|16|17|18|21|22|23|28|29|30
464600,KOSPI,etf,True,,,2026-09-17,2026-06-15,18|21|22|23|28|29|30,01|02|03|04|07|08|09|10|11|14|15|16|17|18|21|22|23|28|29|30
464610,KOSPI,etf,True,,,2026-09-17,,18|21|22|23|28|29|30,01|02|03|04|07|08|09|10|11|14|15|16|17|18|21|22|23|28|29|30
464680,KOSDAQ,stock,False,,2026-08-20,2026-06-08,2026-08-19,01|02|03|04|07|08|09|10|11|14|15|16|17|18|21|22|23|28|29|30,01|02|03|04|07|08|09|10|11|14|15|16|17|18|21|22|23|28|29|30
464920,KOSPI,etf,True,,,2026-09-17,2026-06-15,18|21|22|23|28|29|30,01|02|03|04|07|08|09|10|11|14|15|16|17|18|21|22|23|28|29|30
464930,KOSPI,etf,True,,,2026-09-17,2026-06-15,18|21|22|23|28|29|30,01|02|03|04|07|08|09|10|11|14|15|16|17|18|21|22|23|28|29|30
465320,KOSDAQ,stock,True,,,2026-09-14,2026-09-04,15|16|17|18|21|22|23|28|29|30,07|08|09|10|11|14|15|16|17|18|21|22|23|28|29|30
465330,KOSPI,etf,True,,,2026-09-17,2026-06-15,18|21|22|23|28|29|30,01|02|03|04|07|08|09|10|11|14|15|16|17|18|21|22|23|28|29|30
465350,KOSPI,etf,True,,,2026-09-17,2026-06-15,18|21|22|23|28|29|30,01|02|03|04|07|08|09|10|11|14|15|16|17|18|21|22|23|28|29|30
465480,KOSDAQ,stock,True,,,2026-09-17,2026-09-04,18|21|22|23|28|29|30,07|08|09|10|11|14|15|16|17|18|21|22|23|28|29|30
465580,KOSPI,etf,True,,,2026-09-17,2026-06-15,18|21|22|23|28|29|30,01|02|03|04|07|08|09|10|11|14|15|16|17|18|21|22|23|28|29|30
465610,KOSPI,etf,True,,,2026-09-17,2026-06-15,18|21|22|23|28|29|30,01|02|03|04|07|08|09|10|11|14|15|16|17|18|21|22|23|28|29|30
465620,KOSPI,etf,True,,,2026-09-17,,18|21|22|23|28|29|30,01|02|03|04|07|08|09|10|11|14|15|16|17|18|21|22|23|28|29|30
465660,KOSPI,etf,True,,,2026-09-17,2026-06-15,18|21|22|23|28|29|30,01|02|03|04|07|08|09|10|11|14|15|16|17|18|21|22|23|28|29|30
465670,KOSPI,etf,True,,,2026-09-17,,18|21|22|23|28|29|30,01|02|03|04|07|08|09|10|11|14|15|16|17|18|21|22|23|28|29|30
465770,KOSPI,stock,True,,,2026-09-07,2026-08-18,08|09|10|11|14|15|16|17|18|21|22|23|28|29|30,01|02|03|04|07|08|09|10|11|14|15|16|17|18|21|22|23|28|29|30
465780,KOSPI,etf,True,,,2026-09-09,2026-06-15,10|11|14|15|16|17|18|21|22|23|28|29|30,01|02|03|04|07|08|09|10|11|14|15|16|17|18|21|22|23|28|29|30
466100,KOSDAQ,stock,True,,,2026-09-17,2026-09-04,18|21|22|23|28|29|30,07|08|09|10|11|14|15|16|17|18|21|22|23|28|29|30
466410,KOSDAQ,stock,True,,,2026-09-17,2026-09-04,18|21|22|23|28|29|30,07|08|09|10|11|14|15|16|17|18|21|22|23|28|29|30
466690,KOSDAQ,stock,True,,,2026-09-17,,18|21|22|23|28|29|30,01|02|03|04|07|08|09|10|11|14|15|16|17|18|21|22|23|28|29|30
466810,KOSPI,etf,True,,,2026-09-17,,18|21|22|23|28|29|30,01|02|03|04|07|08|09|10|11|14|15|16|17|18|21|22|23|28|29|30
466920,KOSPI,etf,True,,,2026-09-17,2026-06-15,18|21|22|23|28|29|30,01|02|03|04|07|08|09|10|11|14|15|16|17|18|21|22|23|28|29|30
466930,KOSPI,etf,True,,,2026-09-17,2026-06-15,18|21|22|23|28|29|30,01|02|03|04|07|08|09|10|11|14|15|16|17|18|21|22|23|28|29|30
466940,KOSPI,etf,True,,,2026-09-17,2026-06-15,18|21|22|23|28|29|30,01|02|03|04|07|08|09|10|11|14|15|16|17|18|21|22|23|28|29|30
466950,KOSPI,etf,True,,,2026-09-17,2026-06-15,18|21|22|23|28|29|30,01|02|03|04|07|08|09|10|11|14|15|16|17|18|21|22|23|28|29|30
467930,KOSDAQ,stock,False,,2026-08-20,2026-07-27,2026-08-19,01|02|03|04|07|08|09|10|11|14|15|16|17|18|21|22|23|28|29|30,01|02|03|04|07|08|09|10|11|14|15|16|17|18|21|22|23|28|29|30
468370,KOSPI,etf,True,,,2026-09-17,2026-06-15,18|21|22|23|28|29|30,01|02|03|04|07|08|09|10|11|14|15|16|17|18|21|22|23|28|29|30
468380,KOSPI,etf,True,,,2026-09-17,2026-06-15,18|21|22|23|28|29|30,01|02|03|04|07|08|09|10|11|14|15|16|17|18|21|22|23|28|29|30
468530,KOSDAQ,stock,True,,,2026-09-17,2026-09-04,18|21|22|23|28|29|30,07|08|09|10|11|14|15|16|17|18|21|22|23|28|29|30
468630,KOSPI,etf,True,,,2026-09-17,2026-06-15,18|21|22|23|28|29|30,01|02|03|04|07|08|09|10|11|14|15|16|17|18|21|22|23|28|29|30
468760,KOSDAQ,stock,True,,,2026-09-04,2026-09-04,07|08|09|10|11|14|15|16|17|18|21|22|23|28|29|30,07|08|09|10|11|14|15|16|17|18|21|22|23|28|29|30
469050,KOSPI,etf,True,,,2026-09-17,2026-06-15,18|21|22|23|28|29|30,01|02|03|04|07|08|09|10|11|14|15|16|17|18|21|22|23|28|29|30
469060,KOSPI,etf,True,,,2026-09-17,2026-06-15,18|21|22|23|28|29|30,01|02|03|04|07|08|09|10|11|14|15|16|17|18|21|22|23|28|29|30
469070,KOSPI,etf,True,,,2026-09-17,2026-06-15,18|21|22|23|28|29|30,01|02|03|04|07|08|09|10|11|14|15|16|17|18|21|22|23|28|29|30
469150,KOSPI,etf,True,,,2026-09-17,2026-06-15,18|21|22|23|28|29|30,01|02|03|04|07|08|09|10|11|14|15|16|17|18|21|22|23|28|29|30
469160,KOSPI,etf,True,,,2026-09-17,2026-06-15,18|21|22|23|28|29|30,01|02|03|04|07|08|09|10|11|14|15|16|17|18|21|22|23|28|29|30
469170,KOSPI,etf,True,,,2026-09-17,2026-06-15,18|21|22|23|28|29|30,01|02|03|04|07|08|09|10|11|14|15|16|17|18|21|22|23|28|29|30
469480,KOSDAQ,stock,True,,,2026-09-04,2026-09-04,07|08|09|10|11|14|15|16|17|18|21|22|23|28|29|30,07|08|09|10|11|14|15|16|17|18|21|22|23|28|29|30
469530,KOSPI,etf,True,,,2026-09-17,,18|21|22|23|28|29|30,01|02|03|04|07|08|09|10|11|14|15|16|17|18|21|22|23|28|29|30
469610,KOSDAQ,stock,True,,,2026-09-17,,18|21|22|23|28|29|30,01|02|03|04|07|08|09|10|11|14|15|16|17|18|21|22|23|28|29|30
469750,KOSDAQ,stock,True,,,2026-09-07,2026-09-04,08|09|10|11|14|15|16|17|18|21|22|23|28|29|30,07|08|09|10|11|14|15|16|17|18|21|22|23|28|29|30
469790,KOSPI,etf,True,,,2026-09-17,2026-06-15,18|21|22|23|28|29|30,01|02|03|04|07|08|09|10|11|14|15|16|17|18|21|22|23|28|29|30
469830,KOSPI,etf,True,,,2026-09-17,2026-06-15,18|21|22|23|28|29|30,01|02|03|04|07|08|09|10|11|14|15|16|17|18|21|22|23|28|29|30
469880,KOSDAQ,stock,False,,2026-08-20,2026-07-30,2026-08-19,01|02|03|04|07|08|09|10|11|14|15|16|17|18|21|22|23|28|29|30,01|02|03|04|07|08|09|10|11|14|15|16|17|18|21|22|23|28|29|30
469900,KOSDAQ,stock,True,,,2026-09-17,2026-09-04,18|21|22|23|28|29|30,07|08|09|10|11|14|15|16|17|18|21|22|23|28|29|30
470310,KOSPI,etf,True,,,2026-09-17,,18|21|22|23|28|29|30,01|02|03|04|07|08|09|10|11|14|15|16|17|18|21|22|23|28|29|30
471040,KOSPI,etf,True,,,2026-09-17,2026-06-15,18|21|22|23|28|29|30,01|02|03|04|07|08|09|10|11|14|15|16|17|18|21|22|23|28|29|30
471050,KOSDAQ,stock,True,,,2026-08-19,2026-09-04,01|02|03|04|07|08|09|10|11|14|15|16|17|18|21|22|23|28|29|30,07|08|09|10|11|14|15|16|17|18|21|22|23|28|29|30
471230,KOSPI,etf,True,,,2026-09-17,2026-06-15,18|21|22|23|28|29|30,01|02|03|04|07|08|09|10|11|14|15|16|17|18|21|22|23|28|29|30
471460,KOSPI,etf,True,,,2026-09-17,2026-06-15,18|21|22|23|28|29|30,01|02|03|04|07|08|09|10|11|14|15|16|17|18|21|22|23|28|29|30
471760,KOSPI,etf,True,,,2026-09-17,2026-06-15,18|21|22|23|28|29|30,01|02|03|04|07|08|09|10|11|14|15|16|17|18|21|22|23|28|29|30
471780,KOSPI,etf,True,,,2026-09-17,2026-06-15,18|21|22|23|28|29|30,01|02|03|04|07|08|09|10|11|14|15|16|17|18|21|22|23|28|29|30
471820,KOSDAQ,stock,True,,,2026-09-17,2026-09-04,18|21|22|23|28|29|30,07|08|09|10|11|14|15|16|17|18|21|22|23|28|29|30
471990,KOSPI,etf,True,,,2026-09-17,2026-06-15,18|21|22|23|28|29|30,01|02|03|04|07|08|09|10|11|14|15|16|17|18|21|22|23|28|29|30
472150,KOSPI,etf,True,,,2026-09-17,2026-06-15,18|21|22|23|28|29|30,01|02|03|04|07|08|09|10|11|14|15|16|17|18|21|22|23|28|29|30
472160,KOSPI,etf,True,,,2026-09-17,2026-06-15,18|21|22|23|28|29|30,01|02|03|04|07|08|09|10|11|14|15|16|17|18|21|22|23|28|29|30
472170,KOSPI,etf,True,,,2026-09-17,2026-06-15,18|21|22|23|28|29|30,01|02|03|04|07|08|09|10|11|14|15|16|17|18|21|22|23|28|29|30
472220,KOSDAQ,stock,True,,,2026-09-10,2026-09-04,11|14|15|16|17|18|21|22|23|28|29|30,07|08|09|10|11|14|15|16|17|18|21|22|23|28|29|30
472230,KOSDAQ,stock,True,,,2026-09-17,2026-09-04,18|21|22|23|28|29|30,07|08|09|10|11|14|15|16|17|18|21|22|23|28|29|30
472720,KOSPI,etf,True,,,2026-09-17,2026-06-15,18|21|22|23|28|29|30,01|02|03|04|07|08|09|10|11|14|15|16|17|18|21|22|23|28|29|30
472830,KOSPI,etf,True,,,2026-09-17,2026-06-15,18|21|22|23|28|29|30,01|02|03|04|07|08|09|10|11|14|15|16|17|18|21|22|23|28|29|30
472840,KOSPI,etf,True,,,2026-09-17,2026-06-15,18|21|22|23|28|29|30,01|02|03|04|07|08|09|10|11|14|15|16|17|18|21|22|23|28|29|30
472850,KOSDAQ,stock,True,,,2026-09-17,2026-06-24,18|21|22|23|28|29|30,01|02|03|04|07|08|09|10|11|14|15|16|17|18|21|22|23|28|29|30
472870,KOSPI,etf,True,,,2026-09-17,2026-06-15,18|21|22|23|28|29|30,01|02|03|04|07|08|09|10|11|14|15|16|17|18|21|22|23|28|29|30
472920,KOSPI,etf,True,,,2026-09-17,2026-06-15,18|21|22|23|28|29|30,01|02|03|04|07|08|09|10|11|14|15|16|17|18|21|22|23|28|29|30
473000,KOSDAQ,stock,True,,,2026-09-17,2026-09-04,18|21|22|23|28|29|30,07|08|09|10|11|14|15|16|17|18|21|22|23|28|29|30
473050,KOSDAQ,stock,True,,,2026-09-17,2026-09-04,18|21|22|23|28|29|30,07|08|09|10|11|14|15|16|17|18|21|22|23|28|29|30
473290,KOSPI,etf,True,,,2026-09-17,2026-06-15,18|21|22|23|28|29|30,01|02|03|04|07|08|09|10|11|14|15|16|17|18|21|22|23|28|29|30
473330,KOSPI,etf,True,,,2026-09-17,2026-06-15,18|21|22|23|28|29|30,01|02|03|04|07|08|09|10|11|14|15|16|17|18|21|22|23|28|29|30
473440,KOSPI,etf,True,,,2026-09-17,2026-06-15,18|21|22|23|28|29|30,01|02|03|04|07|08|09|10|11|14|15|16|17|18|21|22|23|28|29|30
473460,KOSPI,etf,True,,,2026-09-17,2026-06-15,18|21|22|23|28|29|30,01|02|03|04|07|08|09|10|11|14|15|16|17|18|21|22|23|28|29|30
473490,KOSPI,etf,True,,,2026-09-17,2026-06-15,18|21|22|23|28|29|30,01|02|03|04|07|08|09|10|11|14|15|16|17|18|21|22|23|28|29|30
473590,KOSPI,etf,True,,,2026-09-17,2026-06-15,18|21|22|23|28|29|30,01|02|03|04|07|08|09|10|11|14|15|16|17|18|21|22|23|28|29|30
473640,KOSPI,etf,True,,,2026-09-17,2026-06-15,18|21|22|23|28|29|30,01|02|03|04|07|08|09|10|11|14|15|16|17|18|21|22|23|28|29|30
473950,KOSDAQ,stock,True,,,2026-09-17,2026-09-04,18|21|22|23|28|29|30,07|08|09|10|11|14|15|16|17|18|21|22|23|28|29|30
473980,KOSDAQ,stock,True,,,2026-09-17,2026-09-04,18|21|22|23|28|29|30,07|08|09|10|11|14|15|16|17|18|21|22|23|28|29|30
474170,KOSDAQ,stock,True,,,2026-09-17,2026-09-04,18|21|22|23|28|29|30,07|08|09|10|11|14|15|16|17|18|21|22|23|28|29|30
474220,KOSPI,etf,True,,,2026-09-17,2026-06-15,18|21|22|23|28|29|30,01|02|03|04|07|08|09|10|11|14|15|16|17|18|21|22|23|28|29|30
474390,KOSPI,etf,True,,,2026-09-17,,18|21|22|23|28|29|30,01|02|03|04|07|08|09|10|11|14|15|16|17|18|21|22|23|28|29|30
474490,KOSDAQ,stock,True,,,2026-09-17,2026-09-04,18|21|22|23|28|29|30,07|08|09|10|11|14|15|16|17|18|21|22|23|28|29|30
474590,KOSPI,etf,True,,,2026-09-17,2026-06-15,18|21|22|23|28|29|30,01|02|03|04|07|08|09|10|11|14|15|16|17|18|21|22|23|28|29|30
474610,KOSDAQ,stock,True,,,2026-09-17,2026-09-04,18|21|22|23|28|29|30,07|08|09|10|11|14|15|16|17|18|21|22|23|28|29|30
474650,KOSDAQ,stock,True,,,2026-09-17,2026-09-04,18|21|22|23|28|29|30,07|08|09|10|11|14|15|16|17|18|21|22|23|28|29|30
474660,KOSDAQ,stock,True,,,2026-09-17,2026-09-04,18|21|22|23|28|29|30,07|08|09|10|11|14|15|16|17|18|21|22|23|28|29|30
474800,KOSPI,etf,True,,,2026-09-17,2026-06-15,18|21|22|23|28|29|30,01|02|03|04|07|08|09|10|11|14|15|16|17|18|21|22|23|28|29|30
474920,KOSPI,etf,True,,,2026-09-17,2026-06-15,18|21|22|23|28|29|30,01|02|03|04|07|08|09|10|11|14|15|16|17|18|21|22|23|28|29|30
474930,KOSDAQ,stock,True,,,2026-09-17,2026-09-04,18|21|22|23|28|29|30,07|08|09|10|11|14|15|16|17|18|21|22|23|28|29|30
475040,KOSDAQ,stock,True,,,2026-09-17,,18|21|22|23|28|29|30,01|02|03|04|07|08|09|10|11|14|15|16|17|18|21|22|23|28|29|30
475050,KOSPI,etf,True,,,2026-09-17,2026-06-15,18|21|22|23|28|29|30,01|02|03|04|07|08|09|10|11|14|15|16|17|18|21|22|23|28|29|30
475070,KOSPI,etf,True,,,2026-09-17,2026-06-15,18|21|22|23|28|29|30,01|02|03|04|07|08|09|10|11|14|15|16|17|18|21|22|23|28|29|30
475080,KOSPI,etf,True,,,2026-09-17,2026-06-15,18|21|22|23|28|29|30,01|02|03|04|07|08|09|10|11|14|15|16|17|18|21|22|23|28|29|30
475150,KOSPI,stock,True,,,2026-09-17,2026-09-04,18|21|22|23|28|29|30,07|08|09|10|11|14|15|16|17|18|21|22|23|28|29|30
475230,KOSDAQ,stock,True,,,2026-09-17,2026-09-04,18|21|22|23|28|29|30,07|08|09|10|11|14|15|16|17|18|21|22|23|28|29|30
475240,KOSDAQ,stock,True,,,2026-09-17,2026-09-04,18|21|22|23|28|29|30,07|08|09|10|11|14|15|16|17|18|21|22|23|28|29|30
475250,KOSDAQ,stock,True,,,2026-09-17,2026-09-04,18|21|22|23|28|29|30,07|08|09|10|11|14|15|16|17|18|21|22|23|28|29|30
475260,KOSPI,etf,True,,,2026-09-17,2026-06-15,18|21|22|23|28|29|30,01|02|03|04|07|08|09|10|11|14|15|16|17|18|21|22|23|28|29|30
475270,KOSPI,etf,True,,,2026-09-17,2026-06-15,18|21|22|23|28|29|30,01|02|03|04|07|08|09|10|11|14|15|16|17|18|21|22|23|28|29|30
475280,KOSPI,etf,True,,,2026-09-17,2026-06-15,18|21|22|23|28|29|30,01|02|03|04|07|08|09|10|11|14|15|16|17|18|21|22|23|28|29|30
475300,KOSPI,etf,True,,,2026-09-17,2026-06-15,18|21|22|23|28|29|30,01|02|03|04|07|08|09|10|11|14|15|16|17|18|21|22|23|28|29|30
475310,KOSPI,etf,True,,,2026-09-17,2026-06-15,18|21|22|23|28|29|30,01|02|03|04|07|08|09|10|11|14|15|16|17|18|21|22|23|28|29|30
475350,KOSPI,etf,True,,,2026-09-17,2026-06-15,18|21|22|23|28|29|30,01|02|03|04|07|08|09|10|11|14|15|16|17|18|21|22|23|28|29|30
475380,KOSPI,etf,True,,,2026-09-17,2026-06-15,18|21|22|23|28|29|30,01|02|03|04|07|08|09|10|11|14|15|16|17|18|21|22|23|28|29|30
475400,KOSDAQ,stock,True,,,2026-09-17,2026-09-04,18|21|22|23|28|29|30,07|08|09|10|11|14|15|16|17|18|21|22|23|28|29|30
475430,KOSDAQ,stock,True,,,2026-09-17,2026-09-04,18|21|22|23|28|29|30,07|08|09|10|11|14|15|16|17|18|21|22|23|28|29|30
475460,KOSDAQ,stock,True,,,2026-09-17,2026-09-04,18|21|22|23|28|29|30,07|08|09|10|11|14|15|16|17|18|21|22|23|28|29|30
475560,KOSPI,stock,True,,,2026-09-17,2026-09-04,18|21|22|23|28|29|30,07|08|09|10|11|14|15|16|17|18|21|22|23|28|29|30
475580,KOSDAQ,stock,True,,,2026-09-17,2026-09-04,18|21|22|23|28|29|30,07|08|09|10|11|14|15|16|17|18|21|22|23|28|29|30
475630,KOSPI,etf,True,,,2026-09-17,2026-06-15,18|21|22|23|28|29|30,01|02|03|04|07|08|09|10|11|14|15|16|17|18|21|22|23|28|29|30
475660,KOSDAQ,stock,True,,,2026-09-17,2026-09-04,18|21|22|23|28|29|30,07|08|09|10|11|14|15|16|17|18|21|22|23|28|29|30
475720,KOSPI,etf,True,,,2026-09-17,2026-06-15,18|21|22|23|28|29|30,01|02|03|04|07|08|09|10|11|14|15|16|17|18|21|22|23|28|29|30
475830,KOSDAQ,stock,True,,,2026-09-17,2026-09-04,18|21|22|23|28|29|30,07|08|09|10|11|14|15|16|17|18|21|22|23|28|29|30
475960,KOSDAQ,stock,True,,,2026-09-17,2026-09-04,18|21|22|23|28|29|30,07|08|09|10|11|14|15|16|17|18|21|22|23|28|29|30
476000,KOSPI,etf,True,,,2026-09-17,,18|21|22|23|28|29|30,01|02|03|04|07|08|09|10|11|14|15|16|17|18|21|22|23|28|29|30
476030,KOSPI,etf,True,,,2026-09-17,2026-06-15,18|21|22|23|28|29|30,01|02|03|04|07|08|09|10|11|14|15|16|17|18|21|22|23|28|29|30
476040,KOSDAQ,stock,True,,,2026-09-17,2026-09-04,18|21|22|23|28|29|30,07|08|09|10|11|14|15|16|17|18|21|22|23|28|29|30
476060,KOSDAQ,stock,True,,,2026-09-17,2026-09-04,18|21|22|23|28|29|30,07|08|09|10|11|14|15|16|17|18|21|22|23|28|29|30
476070,KOSPI,etf,True,,,2026-09-17,2026-06-15,18|21|22|23|28|29|30,01|02|03|04|07|08|09|10|11|14|15|16|17|18|21|22|23|28|29|30
476080,KOSDAQ,stock,True,,,2026-09-17,2026-09-04,18|21|22|23|28|29|30,07|08|09|10|11|14|15|16|17|18|21|22|23|28|29|30
476260,KOSPI,etf,True,,,2026-09-17,2026-06-15,18|21|22|23|28|29|30,01|02|03|04|07|08|09|10|11|14|15|16|17|18|21|22|23|28|29|30
476310,KOSPI,etf,True,,,2026-09-17,,18|21|22|23|28|29|30,01|02|03|04|07|08|09|10|11|14|15|16|17|18|21|22|23|28|29|30
476450,KOSPI,etf,True,,,2026-09-17,2026-06-15,18|21|22|23|28|29|30,01|02|03|04|07|08|09|10|11|14|15|16|17|18|21|22|23|28|29|30
476550,KOSPI,etf,True,,,2026-09-17,2026-06-15,18|21|22|23|28|29|30,01|02|03|04|07|08|09|10|11|14|15|16|17|18|21|22|23|28|29|30
476690,KOSPI,etf,True,,,2026-09-17,2026-06-15,18|21|22|23|28|29|30,01|02|03|04|07|08|09|10|11|14|15|16|17|18|21|22|23|28|29|30
476750,KOSPI,etf,True,,,2026-09-17,2026-06-15,18|21|22|23|28|29|30,01|02|03|04|07|08|09|10|11|14|15|16|17|18|21|22|23|28|29|30
476760,KOSPI,etf,True,,,2026-09-17,2026-06-15,18|21|22|23|28|29|30,01|02|03|04|07|08|09|10|11|14|15|16|17|18|21|22|23|28|29|30
476800,KOSPI,etf,True,,,2026-09-17,2026-06-15,18|21|22|23|28|29|30,01|02|03|04|07|08|09|10|11|14|15|16|17|18|21|22|23|28|29|30
476830,KOSDAQ,stock,True,,,2026-09-17,,18|21|22|23|28|29|30,01|02|03|04|07|08|09|10|11|14|15|16|17|18|21|22|23|28|29|30
476850,KOSPI,etf,True,,,2026-09-17,2026-06-15,18|21|22|23|28|29|30,01|02|03|04|07|08|09|10|11|14|15|16|17|18|21|22|23|28|29|30
477050,KOSPI,etf,True,,,2026-09-17,2026-06-15,18|21|22|23|28|29|30,01|02|03|04|07|08|09|10|11|14|15|16|17|18|21|22|23|28|29|30
477080,KOSPI,etf,True,,,2026-09-17,2026-06-15,18|21|22|23|28|29|30,01|02|03|04|07|08|09|10|11|14|15|16|17|18|21|22|23|28|29|30
477340,KOSDAQ,stock,True,,,2026-09-17,2026-09-04,18|21|22|23|28|29|30,07|08|09|10|11|14|15|16|17|18|21|22|23|28|29|30
477380,KOSDAQ,stock,True,,,2026-09-17,2026-09-04,18|21|22|23|28|29|30,07|08|09|10|11|14|15|16|17|18|21|22|23|28|29|30
477470,KOSDAQ,stock,True,,,2026-09-17,2026-09-04,18|21|22|23|28|29|30,07|08|09|10|11|14|15|16|17|18|21|22|23|28|29|30
477490,KOSPI,etf,True,,,2026-09-17,2026-06-15,18|21|22|23|28|29|30,01|02|03|04|07|08|09|10|11|14|15|16|17|18|21|22|23|28|29|30
477730,KOSPI,etf,True,,,2026-09-17,2026-06-15,18|21|22|23|28|29|30,01|02|03|04|07|08|09|10|11|14|15|16|17|18|21|22|23|28|29|30
477760,KOSDAQ,stock,True,,,2026-09-17,2026-09-04,18|21|22|23|28|29|30,07|08|09|10|11|14|15|16|17|18|21|22|23|28|29|30
477850,KOSDAQ,stock,True,,,2026-09-17,,18|21|22|23|28|29|30,01|02|03|04|07|08|09|10|11|14|15|16|17|18|21|22|23|28|29|30
478110,KOSDAQ,stock,True,,,2026-09-17,2026-09-04,18|21|22|23|28|29|30,07|08|09|10|11|14|15|16|17|18|21|22|23|28|29|30
478150,KOSPI,etf,True,,,2026-09-17,2026-06-15,18|21|22|23|28|29|30,01|02|03|04|07|08|09|10|11|14|15|16|17|18|21|22|23|28|29|30
478340,KOSDAQ,stock,True,,,2026-09-17,,18|21|22|23|28|29|30,01|02|03|04|07|08|09|10|11|14|15|16|17|18|21|22|23|28|29|30
478390,KOSDAQ,stock,True,,,2026-09-17,2026-09-04,18|21|22|23|28|29|30,07|08|09|10|11|14|15|16|17|18|21|22|23|28|29|30
478440,KOSDAQ,stock,True,,,2026-09-17,2026-09-04,18|21|22|23|28|29|30,07|08|09|10|11|14|15|16|17|18|21|22|23|28|29|30
478560,KOSDAQ,stock,True,,,2026-09-17,2026-09-04,18|21|22|23|28|29|30,07|08|09|10|11|14|15|16|17|18|21|22|23|28|29|30
479080,KOSPI,etf,True,,,2026-09-17,2026-06-15,18|21|22|23|28|29|30,01|02|03|04|07|08|09|10|11|14|15|16|17|18|21|22|23|28|29|30
479520,KOSPI,etf,True,,,2026-09-17,2026-06-15,18|21|22|23|28|29|30,01|02|03|04|07|08|09|10|11|14|15|16|17|18|21|22|23|28|29|30
479620,KOSPI,etf,True,,,2026-09-17,2026-06-15,18|21|22|23|28|29|30,01|02|03|04|07|08|09|10|11|14|15|16|17|18|21|22|23|28|29|30
479730,KOSPI,etf,True,,,2026-09-17,2026-06-15,18|21|22|23|28|29|30,01|02|03|04|07|08|09|10|11|14|15|16|17|18|21|22|23|28|29|30
479850,KOSPI,etf,True,,,2026-09-17,2026-06-15,18|21|22|23|28|29|30,01|02|03|04|07|08|09|10|11|14|15|16|17|18|21|22|23|28|29|30
479880,KOSDAQ,stock,True,,,2026-09-17,2026-09-04,18|21|22|23|28|29|30,07|08|09|10|11|14|15|16|17|18|21|22|23|28|29|30
479960,KOSDAQ,stock,True,,,2026-09-17,2026-09-04,18|21|22|23|28|29|30,07|08|09|10|11|14|15|16|17|18|21|22|23|28|29|30
480020,KOSPI,etf,True,,,2026-09-17,2026-06-15,18|21|22|23|28|29|30,01|02|03|04|07|08|09|10|11|14|15|16|17|18|21|22|23|28|29|30
480030,KOSPI,etf,True,,,2026-09-17,2026-06-15,18|21|22|23|28|29|30,01|02|03|04|07|08|09|10|11|14|15|16|17|18|21|22|23|28|29|30
480040,KOSPI,etf,True,,,2026-09-17,2026-06-15,18|21|22|23|28|29|30,01|02|03|04|07|08|09|10|11|14|15|16|17|18|21|22|23|28|29|30
480260,KOSPI,etf,True,,,2026-09-17,2026-06-15,18|21|22|23|28|29|30,01|02|03|04|07|08|09|10|11|14|15|16|17|18|21|22|23|28|29|30
480310,KOSPI,etf,True,,,2026-09-17,2026-06-15,18|21|22|23|28|29|30,01|02|03|04|07|08|09|10|11|14|15|16|17|18|21|22|23|28|29|30
480370,KOSPI,stock,True,,,2026-09-17,2026-09-04,18|21|22|23|28|29|30,07|08|09|10|11|14|15|16|17|18|21|22|23|28|29|30
480460,KOSPI,etf,True,,,2026-09-17,,18|21|22|23|28|29|30,01|02|03|04|07|08|09|10|11|14|15|16|17|18|21|22|23|28|29|30
481050,KOSPI,etf,True,,,2026-09-17,2026-06-15,18|21|22|23|28|29|30,01|02|03|04|07|08|09|10|11|14|15|16|17|18|21|22|23|28|29|30
481060,KOSPI,etf,True,,,2026-09-17,2026-06-15,18|21|22|23|28|29|30,01|02|03|04|07|08|09|10|11|14|15|16|17|18|21|22|23|28|29|30
481070,KOSDAQ,stock,True,,,2026-09-17,2026-09-04,18|21|22|23|28|29|30,07|08|09|10|11|14|15|16|17|18|21|22|23|28|29|30
481180,KOSPI,etf,True,,,2026-09-17,2026-06-15,18|21|22|23|28|29|30,01|02|03|04|07|08|09|10|11|14|15|16|17|18|21|22|23|28|29|30
481190,KOSPI,etf,True,,,2026-09-17,2026-06-15,18|21|22|23|28|29|30,01|02|03|04|07|08|09|10|11|14|15|16|17|18|21|22|23|28|29|30
481340,KOSPI,etf,True,,,2026-09-17,2026-06-15,18|21|22|23|28|29|30,01|02|03|04|07|08|09|10|11|14|15|16|17|18|21|22|23|28|29|30
481430,KOSPI,etf,True,,,2026-09-17,2026-06-15,18|21|22|23|28|29|30,01|02|03|04|07|08|09|10|11|14|15|16|17|18|21|22|23|28|29|30
481850,KOSPI,stock,True,,,2026-09-17,2026-09-04,18|21|22|23|28|29|30,07|08|09|10|11|14|15|16|17|18|21|22|23|28|29|30
481890,KOSDAQ,stock,True,,,2026-09-17,2026-09-04,18|21|22|23|28|29|30,07|08|09|10|11|14|15|16|17|18|21|22|23|28|29|30
482030,KOSPI,etf,True,,,2026-09-17,,18|21|22|23|28|29|30,01|02|03|04|07|08|09|10|11|14|15|16|17|18|21|22|23|28|29|30
482520,KOSDAQ,stock,True,,,2026-09-17,2026-09-04,18|21|22|23|28|29|30,07|08|09|10|11|14|15|16|17|18|21|22|23|28|29|30
482630,KOSDAQ,stock,True,,,2026-09-17,2026-09-04,18|21|22|23|28|29|30,07|08|09|10|11|14|15|16|17|18|21|22|23|28|29|30
482680,KOSDAQ,stock,True,,,2026-09-04,2026-09-04,07|08|09|10|11|14|15|16|17|18|21|22|23|28|29|30,07|08|09|10|11|14|15|16|17|18|21|22|23|28|29|30
482690,KOSDAQ,stock,True,,,2026-09-17,2026-09-04,18|21|22|23|28|29|30,07|08|09|10|11|14|15|16|17|18|21|22|23|28|29|30
482730,KOSPI,etf,True,,,2026-09-17,2026-06-15,18|21|22|23|28|29|30,01|02|03|04|07|08|09|10|11|14|15|16|17|18|21|22|23|28|29|30
483020,KOSPI,etf,True,,,2026-09-17,,18|21|22|23|28|29|30,01|02|03|04|07|08|09|10|11|14|15|16|17|18|21|22|23|28|29|30
483030,KOSPI,etf,True,,,2026-09-17,,18|21|22|23|28|29|30,01|02|03|04|07|08|09|10|11|14|15|16|17|18|21|22|23|28|29|30
483280,KOSPI,etf,True,,,2026-09-17,2026-06-15,18|21|22|23|28|29|30,01|02|03|04|07|08|09|10|11|14|15|16|17|18|21|22|23|28|29|30
483290,KOSPI,etf,True,,,2026-09-17,2026-06-15,18|21|22|23|28|29|30,01|02|03|04|07|08|09|10|11|14|15|16|17|18|21|22|23|28|29|30
483320,KOSPI,etf,True,,,2026-09-17,2026-06-15,18|21|22|23|28|29|30,01|02|03|04|07|08|09|10|11|14|15|16|17|18|21|22|23|28|29|30
483330,KOSPI,etf,True,,,2026-09-17,2026-06-15,18|21|22|23|28|29|30,01|02|03|04|07|08|09|10|11|14|15|16|17|18|21|22|23|28|29|30
483340,KOSPI,etf,True,,,2026-09-17,2026-06-15,18|21|22|23|28|29|30,01|02|03|04|07|08|09|10|11|14|15|16|17|18|21|22|23|28|29|30
483350,KOSDAQ,stock,True,,,2026-09-17,,18|21|22|23|28|29|30,01|02|03|04|07|08|09|10|11|14|15|16|17|18|21|22|23|28|29|30
483420,KOSPI,etf,False,,2026-08-20,2026-07-08,2026-06-15,01|02|03|04|07|08|09|10|11|14|15|16|17|18|21|22|23|28|29|30,01|02|03|04|07|08|09|10|11|14|15|16|17|18|21|22|23|28|29|30
483570,KOSPI,etf,True,,,2026-09-17,2026-06-15,18|21|22|23|28|29|30,01|02|03|04|07|08|09|10|11|14|15|16|17|18|21|22|23|28|29|30
483650,KOSPI,stock,True,,,2026-09-17,2026-09-04,18|21|22|23|28|29|30,07|08|09|10|11|14|15|16|17|18|21|22|23|28|29|30
484120,KOSDAQ,stock,True,,,2026-09-17,2026-09-04,18|21|22|23|28|29|30,07|08|09|10|11|14|15|16|17|18|21|22|23|28|29|30
484130,KOSDAQ,stock,True,,,2026-09-17,2026-09-04,18|21|22|23|28|29|30,07|08|09|10|11|14|15|16|17|18|21|22|23|28|29|30
484590,KOSDAQ,stock,True,,,2026-09-17,2026-09-04,18|21|22|23|28|29|30,07|08|09|10|11|14|15|16|17|18|21|22|23|28|29|30
484790,KOSPI,etf,True,,,2026-09-17,2026-06-15,18|21|22|23|28|29|30,01|02|03|04|07|08|09|10|11|14|15|16|17|18|21|22|23|28|29|30
484810,KOSDAQ,stock,True,,,2026-09-17,2026-09-04,18|21|22|23|28|29|30,07|08|09|10|11|14|15|16|17|18|21|22|23|28|29|30
484870,KOSPI,stock,True,,,2026-09-17,2026-09-04,18|21|22|23|28|29|30,07|08|09|10|11|14|15|16|17|18|21|22|23|28|29|30
484880,KOSPI,etf,True,,,2026-09-17,2026-06-15,18|21|22|23|28|29|30,01|02|03|04|07|08|09|10|11|14|15|16|17|18|21|22|23|28|29|30
484890,KOSPI,etf,True,,,2026-09-17,,18|21|22|23|28|29|30,01|02|03|04|07|08|09|10|11|14|15|16|17|18|21|22|23|28|29|30
485540,KOSPI,etf,True,,,2026-09-17,2026-06-15,18|21|22|23|28|29|30,01|02|03|04|07|08|09|10|11|14|15|16|17|18|21|22|23|28|29|30
485690,KOSPI,etf,True,,,2026-09-17,2026-06-15,18|21|22|23|28|29|30,01|02|03|04|07|08|09|10|11|14|15|16|17|18|21|22|23|28|29|30
485810,KOSPI,etf,True,,,2026-09-17,,18|21|22|23|28|29|30,01|02|03|04|07|08|09|10|11|14|15|16|17|18|21|22|23|28|29|30
486240,KOSPI,etf,True,,,2026-09-17,2026-06-15,18|21|22|23|28|29|30,01|02|03|04|07|08|09|10|11|14|15|16|17|18|21|22|23|28|29|30
486290,KOSPI,etf,True,,,2026-09-17,2026-06-15,18|21|22|23|28|29|30,01|02|03|04|07|08|09|10|11|14|15|16|17|18|21|22|23|28|29|30
486450,KOSPI,etf,True,,,2026-09-17,2026-06-15,18|21|22|23|28|29|30,01|02|03|04|07|08|09|10|11|14|15|16|17|18|21|22|23|28|29|30
486630,KOSDAQ,stock,True,,,2026-09-17,2026-09-04,18|21|22|23|28|29|30,07|08|09|10|11|14|15|16|17|18|21|22|23|28|29|30
486830,KOSPI,etf,True,,,2026-09-17,2026-06-15,18|21|22|23|28|29|30,01|02|03|04|07|08|09|10|11|14|15|16|17|18|21|22|23|28|29|30
486990,KOSDAQ,stock,True,,,2026-09-17,,18|21|22|23|28|29|30,01|02|03|04|07|08|09|10|11|14|15|16|17|18|21|22|23|28|29|30
487130,KOSPI,etf,True,,,2026-09-17,2026-06-15,18|21|22|23|28|29|30,01|02|03|04|07|08|09|10|11|14|15|16|17|18|21|22|23|28|29|30
487230,KOSPI,etf,True,,,2026-09-17,2026-06-15,18|21|22|23|28|29|30,01|02|03|04|07|08|09|10|11|14|15|16|17|18|21|22|23|28|29|30
487240,KOSPI,etf,True,,,2026-09-17,2026-06-15,18|21|22|23|28|29|30,01|02|03|04|07|08|09|10|11|14|15|16|17|18|21|22|23|28|29|30
487340,KOSPI,etf,True,,,2026-09-17,2026-06-15,18|21|22|23|28|29|30,01|02|03|04|07|08|09|10|11|14|15|16|17|18|21|22|23|28|29|30
487360,KOSDAQ,stock,True,,,2026-09-17,2026-09-04,18|21|22|23|28|29|30,07|08|09|10|11|14|15|16|17|18|21|22|23|28|29|30
487400,KOSDAQ,stock,True,,,2026-09-17,,18|21|22|23|28|29|30,01|02|03|04|07|08|09|10|11|14|15|16|17|18|21|22|23|28|29|30
487570,KOSPI,stock,True,,,2026-09-17,2026-09-04,18|21|22|23|28|29|30,07|08|09|10|11|14|15|16|17|18|21|22|23|28|29|30
487580,KOSDAQ,stock,True,,,2026-09-17,,18|21|22|23|28|29|30,01|02|03|04|07|08|09|10|11|14|15|16|17|18|21|22|23|28|29|30
487720,KOSDAQ,stock,True,,,2026-09-17,2026-09-04,18|21|22|23|28|29|30,07|08|09|10|11|14|15|16|17|18|21|22|23|28|29|30
487750,KOSPI,etf,True,,,2026-09-17,2026-06-15,18|21|22|23|28|29|30,01|02|03|04|07|08|09|10|11|14|15|16|17|18|21|22|23|28|29|30
487830,KOSDAQ,stock,True,,,2026-09-17,2026-09-04,18|21|22|23|28|29|30,07|08|09|10|11|14|15|16|17|18|21|22|23|28|29|30
487910,KOSPI,etf,True,,,2026-09-17,,18|21|22|23|28|29|30,01|02|03|04|07|08|09|10|11|14|15|16|17|18|21|22|23|28|29|30
487920,KOSPI,etf,True,,,2026-09-17,,18|21|22|23|28|29|30,01|02|03|04|07|08|09|10|11|14|15|16|17|18|21|22|23|28|29|30
487950,KOSPI,etf,True,,,2026-09-17,2026-06-15,18|21|22|23|28|29|30,01|02|03|04|07|08|09|10|11|14|15|16|17|18|21|22|23|28|29|30
488060,KOSDAQ,stock,True,,,2026-09-17,2026-09-04,18|21|22|23|28|29|30,07|08|09|10|11|14|15|16|17|18|21|22|23|28|29|30
488080,KOSPI,etf,True,,,2026-09-17,2026-06-15,18|21|22|23|28|29|30,01|02|03|04|07|08|09|10|11|14|15|16|17|18|21|22|23|28|29|30
488200,KOSPI,etf,True,,,2026-09-17,2026-06-15,18|21|22|23|28|29|30,01|02|03|04|07|08|09|10|11|14|15|16|17|18|21|22|23|28|29|30
488210,KOSPI,etf,True,,,2026-09-17,,18|21|22|23|28|29|30,01|02|03|04|07|08|09|10|11|14|15|16|17|18|21|22|23|28|29|30
488280,KOSDAQ,stock,True,,,2026-09-17,,18|21|22|23|28|29|30,01|02|03|04|07|08|09|10|11|14|15|16|17|18|21|22|23|28|29|30
488290,KOSPI,etf,True,,,2026-09-17,2026-06-15,18|21|22|23|28|29|30,01|02|03|04|07|08|09|10|11|14|15|16|17|18|21|22|23|28|29|30
488480,KOSPI,etf,True,,,2026-09-17,,18|21|22|23|28|29|30,01|02|03|04|07|08|09|10|11|14|15|16|17|18|21|22|23|28|29|30
488500,KOSPI,etf,True,,,2026-09-17,2026-06-15,18|21|22|23|28|29|30,01|02|03|04|07|08|09|10|11|14|15|16|17|18|21|22|23|28|29|30
488720,KOSPI,etf,True,,,2026-09-17,2026-06-15,18|21|22|23|28|29|30,01|02|03|04|07|08|09|10|11|14|15|16|17|18|21|22|23|28|29|30
488770,KOSPI,etf,True,,,2026-09-17,2026-06-15,18|21|22|23|28|29|30,01|02|03|04|07|08|09|10|11|14|15|16|17|18|21|22|23|28|29|30
488900,KOSDAQ,stock,True,,,2026-09-17,,18|21|22|23|28|29|30,01|02|03|04|07|08|09|10|11|14|15|16|17|18|21|22|23|28|29|30
488980,KOSPI,etf,True,,,2026-09-17,2026-06-15,18|21|22|23|28|29|30,01|02|03|04|07|08|09|10|11|14|15|16|17|18|21|22|23|28|29|30
489000,KOSPI,etf,True,,,2026-09-17,2026-06-15,18|21|22|23|28|29|30,01|02|03|04|07|08|09|10|11|14|15|16|17|18|21|22|23|28|29|30
489010,KOSPI,etf,True,,,,,01|02|03|04|07|08|09|10|11|14|15|16|17|18|21|22|23|28|29|30,01|02|03|04|07|08|09|10|11|14|15|16|17|18|21|22|23|28|29|30
489030,KOSPI,etf,True,,,2026-09-17,2026-06-15,18|21|22|23|28|29|30,01|02|03|04|07|08|09|10|11|14|15|16|17|18|21|22|23|28|29|30
489210,KOSDAQ,stock,True,,,2026-09-17,2026-09-04,18|21|22|23|28|29|30,07|08|09|10|11|14|15|16|17|18|21|22|23|28|29|30
489250,KOSPI,etf,True,,,2026-09-17,2026-06-15,18|21|22|23|28|29|30,01|02|03|04|07|08|09|10|11|14|15|16|17|18|21|22|23|28|29|30
489290,KOSPI,etf,True,,,2026-09-17,2026-06-15,18|21|22|23|28|29|30,01|02|03|04|07|08|09|10|11|14|15|16|17|18|21|22|23|28|29|30
489460,KOSDAQ,stock,True,,,2026-09-17,2026-09-04,18|21|22|23|28|29|30,07|08|09|10|11|14|15|16|17|18|21|22|23|28|29|30
489480,KOSDAQ,stock,True,,,2026-09-09,2026-09-04,10|11|14|15|16|17|18|21|22|23|28|29|30,07|08|09|10|11|14|15|16|17|18|21|22|23|28|29|30
489500,KOSDAQ,stock,True,,,2026-09-17,2026-09-04,18|21|22|23|28|29|30,07|08|09|10|11|14|15|16|17|18|21|22|23|28|29|30
489730,KOSDAQ,stock,True,,,2026-09-17,2026-09-04,18|21|22|23|28|29|30,07|08|09|10|11|14|15|16|17|18|21|22|23|28|29|30
489790,KOSPI,stock,True,,,2026-09-17,2026-09-04,18|21|22|23|28|29|30,07|08|09|10|11|14|15|16|17|18|21|22|23|28|29|30
489860,KOSPI,etf,True,,,2026-09-17,,18|21|22|23|28|29|30,01|02|03|04|07|08|09|10|11|14|15|16|17|18|21|22|23|28|29|30
490090,KOSPI,etf,True,,,2026-09-17,2026-06-15,18|21|22|23|28|29|30,01|02|03|04|07|08|09|10|11|14|15|16|17|18|21|22|23|28|29|30
490330,KOSPI,etf,True,,,2026-09-17,,18|21|22|23|28|29|30,01|02|03|04|07|08|09|10|11|14|15|16|17|18|21|22|23|28|29|30
490470,KOSDAQ,stock,True,,,2026-09-17,,18|21|22|23|28|29|30,01|02|03|04|07|08|09|10|11|14|15|16|17|18|21|22|23|28|29|30
490480,KOSPI,etf,True,,,2026-09-17,2026-06-15,18|21|22|23|28|29|30,01|02|03|04|07|08|09|10|11|14|15|16|17|18|21|22|23|28|29|30
490490,KOSPI,etf,True,,,2026-09-17,2026-06-15,18|21|22|23|28|29|30,01|02|03|04|07|08|09|10|11|14|15|16|17|18|21|22|23|28|29|30
490590,KOSPI,etf,True,,,2026-09-17,2026-06-15,18|21|22|23|28|29|30,01|02|03|04|07|08|09|10|11|14|15|16|17|18|21|22|23|28|29|30
490600,KOSPI,etf,True,,,2026-09-17,2026-06-15,18|21|22|23|28|29|30,01|02|03|04|07|08|09|10|11|14|15|16|17|18|21|22|23|28|29|30
491000,KOSDAQ,stock,True,,,2026-09-17,,18|21|22|23|28|29|30,01|02|03|04|07|08|09|10|11|14|15|16|17|18|21|22|23|28|29|30
491010,KOSPI,etf,True,,,2026-09-17,2026-06-15,18|21|22|23|28|29|30,01|02|03|04|07|08|09|10|11|14|15|16|17|18|21|22|23|28|29|30
491090,KOSPI,etf,True,,,2026-09-17,2026-06-15,18|21|22|23|28|29|30,01|02|03|04|07|08|09|10|11|14|15|16|17|18|21|22|23|28|29|30
491220,KOSPI,etf,True,,,2026-09-17,2026-06-15,18|21|22|23|28|29|30,01|02|03|04|07|08|09|10|11|14|15|16|17|18|21|22|23|28|29|30
491230,KOSPI,etf,True,,,2026-09-17,2026-06-15,18|21|22|23|28|29|30,01|02|03|04|07|08|09|10|11|14|15|16|17|18|21|22|23|28|29|30
491510,KOSPI,etf,True,,,2026-09-17,2026-06-15,18|21|22|23|28|29|30,01|02|03|04|07|08|09|10|11|14|15|16|17|18|21|22|23|28|29|30
491610,KOSPI,etf,True,,,2026-09-17,2026-06-15,18|21|22|23|28|29|30,01|02|03|04|07|08|09|10|11|14|15|16|17|18|21|22|23|28|29|30
491620,KOSPI,etf,True,,,2026-09-17,2026-06-15,18|21|22|23|28|29|30,01|02|03|04|07|08|09|10|11|14|15|16|17|18|21|22|23|28|29|30
491630,KOSPI,etf,True,,,2026-09-17,,18|21|22|23|28|29|30,01|02|03|04|07|08|09|10|11|14|15|16|17|18|21|22|23|28|29|30
491700,KOSPI,etf,True,,,2026-09-17,2026-06-15,18|21|22|23|28|29|30,01|02|03|04|07|08|09|10|11|14|15|16|17|18|21|22|23|28|29|30
491820,KOSPI,etf,True,,,2026-09-17,2026-06-15,18|21|22|23|28|29|30,01|02|03|04|07|08|09|10|11|14|15|16|17|18|21|22|23|28|29|30
491830,KOSPI,etf,True,,,2026-09-17,2026-06-15,18|21|22|23|28|29|30,01|02|03|04|07|08|09|10|11|14|15|16|17|18|21|22|23|28|29|30
492220,KOSDAQ,stock,True,,,2026-09-17,2026-09-04,18|21|22|23|28|29|30,07|08|09|10|11|14|15|16|17|18|21|22|23|28|29|30
492500,KOSPI,etf,True,,,2026-09-17,2026-06-15,18|21|22|23|28|29|30,01|02|03|04|07|08|09|10|11|14|15|16|17|18|21|22|23|28|29|30
493280,KOSDAQ,stock,True,,,2026-09-17,,18|21|22|23|28|29|30,01|02|03|04|07|08|09|10|11|14|15|16|17|18|21|22|23|28|29|30
493330,KOSDAQ,stock,True,,,2026-09-17,,18|21|22|23|28|29|30,01|02|03|04|07|08|09|10|11|14|15|16|17|18|21|22|23|28|29|30
493420,KOSPI,etf,True,,,2026-09-17,2026-06-15,18|21|22|23|28|29|30,01|02|03|04|07|08|09|10|11|14|15|16|17|18|21|22|23|28|29|30
493790,KOSDAQ,stock,True,,,2026-09-17,2026-09-04,18|21|22|23|28|29|30,07|08|09|10|11|14|15|16|17|18|21|22|23|28|29|30
493810,KOSPI,etf,True,,,2026-09-17,2026-06-15,18|21|22|23|28|29|30,01|02|03|04|07|08|09|10|11|14|15|16|17|18|21|22|23|28|29|30
494120,KOSDAQ,stock,True,,,2026-09-17,,18|21|22|23|28|29|30,01|02|03|04|07|08|09|10|11|14|15|16|17|18|21|22|23|28|29|30
494180,KOSPI,etf,True,,,2026-09-17,,18|21|22|23|28|29|30,01|02|03|04|07|08|09|10|11|14|15|16|17|18|21|22|23|28|29|30
494210,KOSPI,etf,True,,,2026-09-17,,18|21|22|23|28|29|30,01|02|03|04|07|08|09|10|11|14|15|16|17|18|21|22|23|28|29|30
494220,KOSPI,etf,True,,,2026-09-17,2026-06-15,18|21|22|23|28|29|30,01|02|03|04|07|08|09|10|11|14|15|16|17|18|21|22|23|28|29|30
494300,KOSPI,etf,True,,,2026-09-17,2026-06-15,18|21|22|23|28|29|30,01|02|03|04|07|08|09|10|11|14|15|16|17|18|21|22|23|28|29|30
494310,KOSPI,etf,True,,,2026-09-17,2026-06-15,18|21|22|23|28|29|30,01|02|03|04|07|08|09|10|11|14|15|16|17|18|21|22|23|28|29|30
494330,KOSPI,etf,True,,,2026-09-17,2026-06-15,18|21|22|23|28|29|30,01|02|03|04|07|08|09|10|11|14|15|16|17|18|21|22|23|28|29|30
494340,KOSPI,etf,True,,,2026-09-17,2026-06-15,18|21|22|23|28|29|30,01|02|03|04|07|08|09|10|11|14|15|16|17|18|21|22|23|28|29|30
494410,KOSPI,etf,True,,,2026-09-17,2026-06-15,18|21|22|23|28|29|30,01|02|03|04|07|08|09|10|11|14|15|16|17|18|21|22|23|28|29|30
494420,KOSPI,etf,True,,,2026-09-17,2026-06-15,18|21|22|23|28|29|30,01|02|03|04|07|08|09|10|11|14|15|16|17|18|21|22|23|28|29|30
494670,KOSPI,etf,True,,,2026-09-17,2026-06-15,18|21|22|23|28|29|30,01|02|03|04|07|08|09|10|11|14|15|16|17|18|21|22|23|28|29|30
494840,KOSPI,etf,True,,,2026-09-17,2026-06-15,18|21|22|23|28|29|30,01|02|03|04|07|08|09|10|11|14|15|16|17|18|21|22|23|28|29|30
494890,KOSPI,etf,True,,,2026-09-17,2026-06-15,18|21|22|23|28|29|30,01|02|03|04|07|08|09|10|11|14|15|16|17|18|21|22|23|28|29|30
495040,KOSPI,etf,True,,,2026-09-17,2026-06-15,18|21|22|23|28|29|30,01|02|03|04|07|08|09|10|11|14|15|16|17|18|21|22|23|28|29|30
495050,KOSPI,etf,True,,,2026-09-17,2026-06-15,18|21|22|23|28|29|30,01|02|03|04|07|08|09|10|11|14|15|16|17|18|21|22|23|28|29|30
495060,KOSPI,etf,True,,,2026-09-17,2026-06-15,18|21|22|23|28|29|30,01|02|03|04|07|08|09|10|11|14|15|16|17|18|21|22|23|28|29|30
495230,KOSPI,etf,True,,,2026-09-17,2026-06-15,18|21|22|23|28|29|30,01|02|03|04|07|08|09|10|11|14|15|16|17|18|21|22|23|28|29|30
495330,KOSPI,etf,True,,,2026-09-17,2026-06-15,18|21|22|23|28|29|30,01|02|03|04|07|08|09|10|11|14|15|16|17|18|21|22|23|28|29|30
495550,KOSPI,etf,True,,,2026-09-17,2026-06-15,18|21|22|23|28|29|30,01|02|03|04|07|08|09|10|11|14|15|16|17|18|21|22|23|28|29|30
495710,KOSPI,stock,False,,2026-08-20,2026-06-08,2026-08-19,01|02|03|04|07|08|09|10|11|14|15|16|17|18|21|22|23|28|29|30,01|02|03|04|07|08|09|10|11|14|15|16|17|18|21|22|23|28|29|30
495750,KOSPI,etf,True,,,2026-09-17,2026-06-15,18|21|22|23|28|29|30,01|02|03|04|07|08|09|10|11|14|15|16|17|18|21|22|23|28|29|30
495850,KOSPI,etf,True,,,2026-09-17,2026-06-15,18|21|22|23|28|29|30,01|02|03|04|07|08|09|10|11|14|15|16|17|18|21|22|23|28|29|30
495940,KOSPI,etf,True,,,2026-09-17,2026-06-15,18|21|22|23|28|29|30,01|02|03|04|07|08|09|10|11|14|15|16|17|18|21|22|23|28|29|30
496020,KOSPI,etf,True,,,2026-09-17,2026-06-15,18|21|22|23|28|29|30,01|02|03|04|07|08|09|10|11|14|15|16|17|18|21|22|23|28|29|30
496070,KOSDAQ,stock,True,,,2026-09-17,2026-09-04,18|21|22|23|28|29|30,07|08|09|10|11|14|15|16|17|18|21|22|23|28|29|30
496080,KOSPI,etf,True,,,2026-09-17,2026-06-15,18|21|22|23|28|29|30,01|02|03|04|07|08|09|10|11|14|15|16|17|18|21|22|23|28|29|30
496090,KOSPI,etf,True,,,2026-09-17,2026-06-15,18|21|22|23|28|29|30,01|02|03|04|07|08|09|10|11|14|15|16|17|18|21|22|23|28|29|30
496120,KOSPI,etf,True,,,2026-09-17,2026-06-15,18|21|22|23|28|29|30,01|02|03|04|07|08|09|10|11|14|15|16|17|18|21|22|23|28|29|30
496130,KOSPI,etf,True,,,2026-09-17,,18|21|22|23|28|29|30,01|02|03|04|07|08|09|10|11|14|15|16|17|18|21|22|23|28|29|30
496770,KOSPI,etf,True,,,2026-09-17,2026-06-15,18|21|22|23|28|29|30,01|02|03|04|07|08|09|10|11|14|15|16|17|18|21|22|23|28|29|30
497510,KOSPI,etf,True,,,2026-09-17,,18|21|22|23|28|29|30,01|02|03|04|07|08|09|10|11|14|15|16|17|18|21|22|23|28|29|30
497520,KOSPI,etf,True,,,2026-09-17,,18|21|22|23|28|29|30,01|02|03|04|07|08|09|10|11|14|15|16|17|18|21|22|23|28|29|30
497570,KOSPI,etf,True,,,2026-09-17,2026-06-15,18|21|22|23|28|29|30,01|02|03|04|07|08|09|10|11|14|15|16|17|18|21|22|23|28|29|30
497780,KOSPI,etf,True,,,2026-09-17,2026-06-15,18|21|22|23|28|29|30,01|02|03|04|07|08|09|10|11|14|15|16|17|18|21|22|23|28|29|30
497880,KOSPI,etf,True,,,2026-09-17,2026-06-15,18|21|22|23|28|29|30,01|02|03|04|07|08|09|10|11|14|15|16|17|18|21|22|23|28|29|30
498050,KOSPI,etf,True,,,2026-09-17,,18|21|22|23|28|29|30,01|02|03|04|07|08|09|10|11|14|15|16|17|18|21|22|23|28|29|30
498180,KOSPI,etf,True,,,2026-09-17,2026-06-15,18|21|22|23|28|29|30,01|02|03|04|07|08|09|10|11|14|15|16|17|18|21|22|23|28|29|30
498270,KOSPI,etf,True,,,2026-09-17,2026-06-15,18|21|22|23|28|29|30,01|02|03|04|07|08|09|10|11|14|15|16|17|18|21|22|23|28|29|30
498390,KOSDAQ,stock,True,,,2026-09-04,2026-09-04,07|08|09|10|11|14|15|16|17|18|21|22|23|28|29|30,07|08|09|10|11|14|15|16|17|18|21|22|23|28|29|30
498400,KOSPI,etf,True,,,2026-09-17,2026-06-15,18|21|22|23|28|29|30,01|02|03|04|07|08|09|10|11|14|15|16|17|18|21|22|23|28|29|30
498410,KOSPI,etf,True,,,2026-09-17,2026-06-15,18|21|22|23|28|29|30,01|02|03|04|07|08|09|10|11|14|15|16|17|18|21|22|23|28|29|30
498610,KOSPI,etf,True,,,2026-09-17,,18|21|22|23|28|29|30,01|02|03|04|07|08|09|10|11|14|15|16|17|18|21|22|23|28|29|30
498860,KOSPI,etf,True,,,2026-09-17,2026-06-15,18|21|22|23|28|29|30,01|02|03|04|07|08|09|10|11|14|15|16|17|18|21|22|23|28|29|30
499150,KOSPI,etf,True,,,2026-09-17,,18|21|22|23|28|29|30,01|02|03|04|07|08|09|10|11|14|15|16|17|18|21|22|23|28|29|30
499660,KOSPI,etf,True,,,2026-09-17,2026-06-15,18|21|22|23|28|29|30,01|02|03|04|07|08|09|10|11|14|15|16|17|18|21|22|23|28|29|30
499790,KOSPI,stock,True,,,2026-09-17,2026-09-04,18|21|22|23|28|29|30,07|08|09|10|11|14|15|16|17|18|21|22|23|28|29|30
500020,KOSPI,etn,False,,2026-08-20,2026-07-29,2026-06-15,01|02|03|04|07|08|09|10|11|14|15|16|17|18|21|22|23|28|29|30,01|02|03|04|07|08|09|10|11|14|15|16|17|18|21|22|23|28|29|30
500023,KOSPI,etn,True,,,2026-09-17,2026-06-15,18|21|22|23|28|29|30,01|02|03|04|07|08|09|10|11|14|15|16|17|18|21|22|23|28|29|30
500024,KOSPI,etn,True,,,2026-09-17,,18|21|22|23|28|29|30,01|02|03|04|07|08|09|10|11|14|15|16|17|18|21|22|23|28|29|30
500029,KOSPI,etn,True,,,2026-09-17,2026-06-15,18|21|22|23|28|29|30,01|02|03|04|07|08|09|10|11|14|15|16|17|18|21|22|23|28|29|30
500030,KOSPI,etn,True,,,2026-09-17,,18|21|22|23|28|29|30,01|02|03|04|07|08|09|10|11|14|15|16|17|18|21|22|23|28|29|30
500035,KOSPI,etn,True,,,2026-09-17,2026-06-15,18|21|22|23|28|29|30,01|02|03|04|07|08|09|10|11|14|15|16|17|18|21|22|23|28|29|30
500036,KOSPI,etn,True,,,2026-09-17,,18|21|22|23|28|29|30,01|02|03|04|07|08|09|10|11|14|15|16|17|18|21|22|23|28|29|30
500037,KOSPI,etn,True,,,2026-09-17,2026-06-15,18|21|22|23|28|29|30,01|02|03|04|07|08|09|10|11|14|15|16|17|18|21|22|23|28|29|30
500038,KOSPI,etn,True,,,2026-09-17,,18|21|22|23|28|29|30,01|02|03|04|07|08|09|10|11|14|15|16|17|18|21|22|23|28|29|30
500040,KOSPI,etn,True,,,2026-09-17,2026-06-15,18|21|22|23|28|29|30,01|02|03|04|07|08|09|10|11|14|15|16|17|18|21|22|23|28|29|30
500041,KOSPI,etn,True,,,2026-09-17,,18|21|22|23|28|29|30,01|02|03|04|07|08|09|10|11|14|15|16|17|18|21|22|23|28|29|30
500050,KOSPI,etn,True,,,2026-09-17,2026-06-15,18|21|22|23|28|29|30,01|02|03|04|07|08|09|10|11|14|15|16|17|18|21|22|23|28|29|30
500051,KOSPI,etn,True,,,2026-09-17,,18|21|22|23|28|29|30,01|02|03|04|07|08|09|10|11|14|15|16|17|18|21|22|23|28|29|30
500061,KOSPI,etn,True,,,2026-09-10,,11|14|15|16|17|18|21|22|23|28|29|30,01|02|03|04|07|08|09|10|11|14|15|16|17|18|21|22|23|28|29|30
500063,KOSPI,etn,True,,,2026-09-10,,11|14|15|16|17|18|21|22|23|28|29|30,01|02|03|04|07|08|09|10|11|14|15|16|17|18|21|22|23|28|29|30
500067,KOSPI,etn,True,,,2026-09-17,,18|21|22|23|28|29|30,01|02|03|04|07|08|09|10|11|14|15|16|17|18|21|22|23|28|29|30
500068,KOSPI,etn,True,,,2026-09-17,,18|21|22|23|28|29|30,01|02|03|04|07|08|09|10|11|14|15|16|17|18|21|22|23|28|29|30
500069,KOSPI,etn,True,,,2026-09-17,2026-06-15,18|21|22|23|28|29|30,01|02|03|04|07|08|09|10|11|14|15|16|17|18|21|22|23|28|29|30
500071,KOSPI,etn,True,,,2026-09-17,2026-06-15,18|21|22|23|28|29|30,01|02|03|04|07|08|09|10|11|14|15|16|17|18|21|22|23|28|29|30
500072,KOSPI,etn,True,,,2026-09-17,2026-06-15,18|21|22|23|28|29|30,01|02|03|04|07|08|09|10|11|14|15|16|17|18|21|22|23|28|29|30
500082,KOSPI,etn,False,,2026-08-20,2026-06-01,2026-06-15,01|02|03|04|07|08|09|10|11|14|15|16|17|18|21|22|23|28|29|30,01|02|03|04|07|08|09|10|11|14|15|16|17|18|21|22|23|28|29|30
500085,KOSPI,etn,True,,,2026-09-17,2026-06-15,18|21|22|23|28|29|30,01|02|03|04|07|08|09|10|11|14|15|16|17|18|21|22|23|28|29|30
500086,KOSPI,etn,True,,,2026-09-17,,18|21|22|23|28|29|30,01|02|03|04|07|08|09|10|11|14|15|16|17|18|21|22|23|28|29|30
500091,KOSPI,etn,True,,,2026-09-17,2026-06-15,18|21|22|23|28|29|30,01|02|03|04|07|08|09|10|11|14|15|16|17|18|21|22|23|28|29|30
500093,KOSPI,etn,True,,,2026-09-17,2026-06-15,18|21|22|23|28|29|30,01|02|03|04|07|08|09|10|11|14|15|16|17|18|21|22|23|28|29|30
500094,KOSPI,etn,True,,,2026-09-17,2026-06-15,18|21|22|23|28|29|30,01|02|03|04|07|08|09|10|11|14|15|16|17|18|21|22|23|28|29|30
500095,KOSPI,etn,True,,,2026-09-17,,18|21|22|23|28|29|30,01|02|03|04|07|08|09|10|11|14|15|16|17|18|21|22|23|28|29|30
500096,KOSPI,etn,True,,,2026-09-17,,18|21|22|23|28|29|30,01|02|03|04|07|08|09|10|11|14|15|16|17|18|21|22|23|28|29|30
500097,KOSPI,etn,True,,,2026-09-17,,18|21|22|23|28|29|30,01|02|03|04|07|08|09|10|11|14|15|16|17|18|21|22|23|28|29|30
500098,KOSPI,etn,True,,,2026-09-17,,18|21|22|23|28|29|30,01|02|03|04|07|08|09|10|11|14|15|16|17|18|21|22|23|28|29|30
500099,KOSPI,etn,True,,,2026-09-17,,18|21|22|23|28|29|30,01|02|03|04|07|08|09|10|11|14|15|16|17|18|21|22|23|28|29|30
500100,KOSPI,etn,True,,,2026-09-17,,18|21|22|23|28|29|30,01|02|03|04|07|08|09|10|11|14|15|16|17|18|21|22|23|28|29|30
500101,KOSPI,etn,True,,,2026-09-17,,18|21|22|23|28|29|30,01|02|03|04|07|08|09|10|11|14|15|16|17|18|21|22|23|28|29|30
500102,KOSPI,etn,True,,,2026-09-17,,18|21|22|23|28|29|30,01|02|03|04|07|08|09|10|11|14|15|16|17|18|21|22|23|28|29|30
510027,KOSPI,etn,True,,,2026-09-17,,18|21|22|23|28|29|30,01|02|03|04|07|08|09|10|11|14|15|16|17|18|21|22|23|28|29|30
510043,KOSPI,etn,True,,,2026-09-17,,18|21|22|23|28|29|30,01|02|03|04|07|08|09|10|11|14|15|16|17|18|21|22|23|28|29|30
510044,KOSPI,etn,True,,,2026-09-17,,18|21|22|23|28|29|30,01|02|03|04|07|08|09|10|11|14|15|16|17|18|21|22|23|28|29|30
510045,KOSPI,etn,True,,,2026-09-17,,18|21|22|23|28|29|30,01|02|03|04|07|08|09|10|11|14|15|16|17|18|21|22|23|28|29|30
520037,KOSPI,etn,True,,,2026-09-10,2026-06-15,11|14|15|16|17|18|21|22|23|28|29|30,01|02|03|04|07|08|09|10|11|14|15|16|17|18|21|22|23|28|29|30
520038,KOSPI,etn,True,,,2026-09-10,,11|14|15|16|17|18|21|22|23|28|29|30,01|02|03|04|07|08|09|10|11|14|15|16|17|18|21|22|23|28|29|30
520039,KOSPI,etn,True,,,2026-09-10,2026-06-15,11|14|15|16|17|18|21|22|23|28|29|30,01|02|03|04|07|08|09|10|11|14|15|16|17|18|21|22|23|28|29|30
520040,KOSPI,etn,True,,,2026-09-10,,11|14|15|16|17|18|21|22|23|28|29|30,01|02|03|04|07|08|09|10|11|14|15|16|17|18|21|22|23|28|29|30
520046,KOSPI,etn,True,,,2026-09-17,,18|21|22|23|28|29|30,01|02|03|04|07|08|09|10|11|14|15|16|17|18|21|22|23|28|29|30
520047,KOSPI,etn,True,,,2026-09-17,2026-06-15,18|21|22|23|28|29|30,01|02|03|04|07|08|09|10|11|14|15|16|17|18|21|22|23|28|29|30
520054,KOSPI,etn,True,,,2026-09-17,2026-06-15,18|21|22|23|28|29|30,01|02|03|04|07|08|09|10|11|14|15|16|17|18|21|22|23|28|29|30
520056,KOSPI,etn,True,,,2026-09-17,2026-06-15,18|21|22|23|28|29|30,01|02|03|04|07|08|09|10|11|14|15|16|17|18|21|22|23|28|29|30
520057,KOSPI,etn,True,,,2026-09-17,2026-06-15,18|21|22|23|28|29|30,01|02|03|04|07|08|09|10|11|14|15|16|17|18|21|22|23|28|29|30
520064,KOSPI,etn,True,,,2026-09-17,,18|21|22|23|28|29|30,01|02|03|04|07|08|09|10|11|14|15|16|17|18|21|22|23|28|29|30
520065,KOSPI,etn,True,,,2026-09-17,2026-06-15,18|21|22|23|28|29|30,01|02|03|04|07|08|09|10|11|14|15|16|17|18|21|22|23|28|29|30
520066,KOSPI,etn,True,,,2026-09-17,2026-06-15,18|21|22|23|28|29|30,01|02|03|04|07|08|09|10|11|14|15|16|17|18|21|22|23|28|29|30
520068,KOSPI,etn,False,,2026-08-20,2026-06-26,2026-06-15,01|02|03|04|07|08|09|10|11|14|15|16|17|18|21|22|23|28|29|30,01|02|03|04|07|08|09|10|11|14|15|16|17|18|21|22|23|28|29|30
520072,KOSPI,etn,True,,,2026-09-17,2026-06-15,18|21|22|23|28|29|30,01|02|03|04|07|08|09|10|11|14|15|16|17|18|21|22|23|28|29|30
520073,KOSPI,etn,True,,,2026-09-17,2026-06-15,18|21|22|23|28|29|30,01|02|03|04|07|08|09|10|11|14|15|16|17|18|21|22|23|28|29|30
520074,KOSPI,etn,True,,,2026-09-17,2026-06-15,18|21|22|23|28|29|30,01|02|03|04|07|08|09|10|11|14|15|16|17|18|21|22|23|28|29|30
520075,KOSPI,etn,True,,,2026-09-17,2026-06-15,18|21|22|23|28|29|30,01|02|03|04|07|08|09|10|11|14|15|16|17|18|21|22|23|28|29|30
520076,KOSPI,etn,True,,,2026-09-17,2026-06-15,18|21|22|23|28|29|30,01|02|03|04|07|08|09|10|11|14|15|16|17|18|21|22|23|28|29|30
520077,KOSPI,etn,True,,,2026-09-17,2026-06-15,18|21|22|23|28|29|30,01|02|03|04|07|08|09|10|11|14|15|16|17|18|21|22|23|28|29|30
520078,KOSPI,etn,True,,,2026-09-17,2026-06-15,18|21|22|23|28|29|30,01|02|03|04|07|08|09|10|11|14|15|16|17|18|21|22|23|28|29|30
520079,KOSPI,etn,True,,,2026-09-17,2026-06-15,18|21|22|23|28|29|30,01|02|03|04|07|08|09|10|11|14|15|16|17|18|21|22|23|28|29|30
520080,KOSPI,etn,True,,,2026-09-17,2026-06-15,18|21|22|23|28|29|30,01|02|03|04|07|08|09|10|11|14|15|16|17|18|21|22|23|28|29|30
520081,KOSPI,etn,True,,,2026-09-17,2026-06-15,18|21|22|23|28|29|30,01|02|03|04|07|08|09|10|11|14|15|16|17|18|21|22|23|28|29|30
520082,KOSPI,etn,True,,,2026-09-17,2026-06-15,18|21|22|23|28|29|30,01|02|03|04|07|08|09|10|11|14|15|16|17|18|21|22|23|28|29|30
520083,KOSPI,etn,True,,,2026-09-17,2026-06-15,18|21|22|23|28|29|30,01|02|03|04|07|08|09|10|11|14|15|16|17|18|21|22|23|28|29|30
520084,KOSPI,etn,True,,,2026-09-17,,18|21|22|23|28|29|30,01|02|03|04|07|08|09|10|11|14|15|16|17|18|21|22|23|28|29|30
520085,KOSPI,etn,True,,,2026-09-17,,18|21|22|23|28|29|30,01|02|03|04|07|08|09|10|11|14|15|16|17|18|21|22|23|28|29|30
520086,KOSPI,etn,True,,,2026-09-17,2026-06-15,18|21|22|23|28|29|30,01|02|03|04|07|08|09|10|11|14|15|16|17|18|21|22|23|28|29|30
520087,KOSPI,etn,True,,,2026-09-17,2026-06-15,18|21|22|23|28|29|30,01|02|03|04|07|08|09|10|11|14|15|16|17|18|21|22|23|28|29|30
520088,KOSPI,etn,True,,,2026-09-17,2026-06-15,18|21|22|23|28|29|30,01|02|03|04|07|08|09|10|11|14|15|16|17|18|21|22|23|28|29|30
520089,KOSPI,etn,True,,,2026-09-17,,18|21|22|23|28|29|30,01|02|03|04|07|08|09|10|11|14|15|16|17|18|21|22|23|28|29|30
520090,KOSPI,etn,True,,,2026-09-17,,18|21|22|23|28|29|30,01|02|03|04|07|08|09|10|11|14|15|16|17|18|21|22|23|28|29|30
520091,KOSPI,etn,True,,,2026-09-17,,18|21|22|23|28|29|30,01|02|03|04|07|08|09|10|11|14|15|16|17|18|21|22|23|28|29|30
520092,KOSPI,etn,True,,,2026-09-17,,18|21|22|23|28|29|30,01|02|03|04|07|08|09|10|11|14|15|16|17|18|21|22|23|28|29|30
520093,KOSPI,etn,True,,,2026-09-17,,18|21|22|23|28|29|30,01|02|03|04|07|08|09|10|11|14|15|16|17|18|21|22|23|28|29|30
520094,KOSPI,etn,True,,,2026-09-17,,18|21|22|23|28|29|30,01|02|03|04|07|08|09|10|11|14|15|16|17|18|21|22|23|28|29|30
520095,KOSPI,etn,True,,,2026-09-17,,18|21|22|23|28|29|30,01|02|03|04|07|08|09|10|11|14|15|16|17|18|21|22|23|28|29|30
520096,KOSPI,etn,True,,,2026-09-17,,18|21|22|23|28|29|30,01|02|03|04|07|08|09|10|11|14|15|16|17|18|21|22|23|28|29|30
520097,KOSPI,etn,True,,,2026-09-17,,18|21|22|23|28|29|30,01|02|03|04|07|08|09|10|11|14|15|16|17|18|21|22|23|28|29|30
520098,KOSPI,etn,True,,,2026-09-17,,18|21|22|23|28|29|30,01|02|03|04|07|08|09|10|11|14|15|16|17|18|21|22|23|28|29|30
520099,KOSPI,etn,True,,,2026-09-17,,18|21|22|23|28|29|30,01|02|03|04|07|08|09|10|11|14|15|16|17|18|21|22|23|28|29|30
520100,KOSPI,etn,True,,,2026-09-17,,18|21|22|23|28|29|30,01|02|03|04|07|08|09|10|11|14|15|16|17|18|21|22|23|28|29|30
520101,KOSPI,etn,True,,,2026-09-17,,18|21|22|23|28|29|30,01|02|03|04|07|08|09|10|11|14|15|16|17|18|21|22|23|28|29|30
520102,KOSPI,etn,True,,,2026-09-17,,18|21|22|23|28|29|30,01|02|03|04|07|08|09|10|11|14|15|16|17|18|21|22|23|28|29|30
530031,KOSPI,etn,True,,,2026-09-17,2026-06-15,18|21|22|23|28|29|30,01|02|03|04|07|08|09|10|11|14|15|16|17|18|21|22|23|28|29|30
530036,KOSPI,etn,False,,2026-08-20,2026-07-06,2026-06-15,01|02|03|04|07|08|09|10|11|14|15|16|17|18|21|22|23|28|29|30,01|02|03|04|07|08|09|10|11|14|15|16|17|18|21|22|23|28|29|30
530055,KOSPI,etn,True,,,2026-09-17,2026-06-15,18|21|22|23|28|29|30,01|02|03|04|07|08|09|10|11|14|15|16|17|18|21|22|23|28|29|30
530056,KOSPI,etn,True,,,2026-09-17,,18|21|22|23|28|29|30,01|02|03|04|07|08|09|10|11|14|15|16|17|18|21|22|23|28|29|30
530060,KOSPI,etn,True,,,2026-09-17,,18|21|22|23|28|29|30,01|02|03|04|07|08|09|10|11|14|15|16|17|18|21|22|23|28|29|30
530061,KOSPI,etn,True,,,2026-09-17,2026-06-15,18|21|22|23|28|29|30,01|02|03|04|07|08|09|10|11|14|15|16|17|18|21|22|23|28|29|30
530062,KOSPI,etn,True,,,2026-09-17,,18|21|22|23|28|29|30,01|02|03|04|07|08|09|10|11|14|15|16|17|18|21|22|23|28|29|30
530063,KOSPI,etn,True,,,2026-09-17,2026-06-15,18|21|22|23|28|29|30,01|02|03|04|07|08|09|10|11|14|15|16|17|18|21|22|23|28|29|30
530064,KOSPI,etn,True,,,2026-09-17,,18|21|22|23|28|29|30,01|02|03|04|07|08|09|10|11|14|15|16|17|18|21|22|23|28|29|30
530067,KOSPI,etn,True,,,2026-09-17,2026-06-15,18|21|22|23|28|29|30,01|02|03|04|07|08|09|10|11|14|15|16|17|18|21|22|23|28|29|30
530083,KOSPI,etn,False,,2026-08-20,2026-07-22,2026-06-15,01|02|03|04|07|08|09|10|11|14|15|16|17|18|21|22|23|28|29|30,01|02|03|04|07|08|09|10|11|14|15|16|17|18|21|22|23|28|29|30
530089,KOSPI,etn,True,,,2026-09-04,2026-06-15,07|08|09|10|11|14|15|16|17|18|21|22|23|28|29|30,01|02|03|04|07|08|09|10|11|14|15|16|17|18|21|22|23|28|29|30
530090,KOSPI,etn,True,,,2026-09-04,,07|08|09|10|11|14|15|16|17|18|21|22|23|28|29|30,01|02|03|04|07|08|09|10|11|14|15|16|17|18|21|22|23|28|29|30
530092,KOSPI,etn,True,,,2026-09-17,,18|21|22|23|28|29|30,01|02|03|04|07|08|09|10|11|14|15|16|17|18|21|22|23|28|29|30
530094,KOSPI,etn,True,,,2026-09-17,,18|21|22|23|28|29|30,01|02|03|04|07|08|09|10|11|14|15|16|17|18|21|22|23|28|29|30
530095,KOSPI,etn,True,,,2026-09-17,,18|21|22|23|28|29|30,01|02|03|04|07|08|09|10|11|14|15|16|17|18|21|22|23|28|29|30
530096,KOSPI,etn,True,,,2026-09-17,,18|21|22|23|28|29|30,01|02|03|04|07|08|09|10|11|14|15|16|17|18|21|22|23|28|29|30
530104,KOSPI,etn,True,,,2026-09-17,2026-06-15,18|21|22|23|28|29|30,01|02|03|04|07|08|09|10|11|14|15|16|17|18|21|22|23|28|29|30
530106,KOSPI,etn,True,,,2026-09-17,2026-06-15,18|21|22|23|28|29|30,01|02|03|04|07|08|09|10|11|14|15|16|17|18|21|22|23|28|29|30
530107,KOSPI,etn,True,,,2026-09-17,2026-06-15,18|21|22|23|28|29|30,01|02|03|04|07|08|09|10|11|14|15|16|17|18|21|22|23|28|29|30
530112,KOSPI,etn,True,,,2026-09-17,2026-06-15,18|21|22|23|28|29|30,01|02|03|04|07|08|09|10|11|14|15|16|17|18|21|22|23|28|29|30
530113,KOSPI,etn,True,,,2026-09-17,2026-06-15,18|21|22|23|28|29|30,01|02|03|04|07|08|09|10|11|14|15|16|17|18|21|22|23|28|29|30
530114,KOSPI,etn,True,,,2026-09-17,,18|21|22|23|28|29|30,01|02|03|04|07|08|09|10|11|14|15|16|17|18|21|22|23|28|29|30
530115,KOSPI,etn,True,,,2026-09-17,2026-06-15,18|21|22|23|28|29|30,01|02|03|04|07|08|09|10|11|14|15|16|17|18|21|22|23|28|29|30
530116,KOSPI,etn,True,,,2026-09-17,2026-06-15,18|21|22|23|28|29|30,01|02|03|04|07|08|09|10|11|14|15|16|17|18|21|22|23|28|29|30
530117,KOSPI,etn,True,,,2026-09-17,2026-06-15,18|21|22|23|28|29|30,01|02|03|04|07|08|09|10|11|14|15|16|17|18|21|22|23|28|29|30
530118,KOSPI,etn,True,,,2026-09-17,2026-06-15,18|21|22|23|28|29|30,01|02|03|04|07|08|09|10|11|14|15|16|17|18|21|22|23|28|29|30
530119,KOSPI,etn,True,,,2026-09-17,2026-06-15,18|21|22|23|28|29|30,01|02|03|04|07|08|09|10|11|14|15|16|17|18|21|22|23|28|29|30
530120,KOSPI,etn,True,,,2026-09-17,2026-06-15,18|21|22|23|28|29|30,01|02|03|04|07|08|09|10|11|14|15|16|17|18|21|22|23|28|29|30
530121,KOSPI,etn,True,,,2026-09-17,,18|21|22|23|28|29|30,01|02|03|04|07|08|09|10|11|14|15|16|17|18|21|22|23|28|29|30
530122,KOSPI,etn,True,,,2026-09-17,,18|21|22|23|28|29|30,01|02|03|04|07|08|09|10|11|14|15|16|17|18|21|22|23|28|29|30
530123,KOSPI,etn,True,,,2026-09-17,2026-06-15,18|21|22|23|28|29|30,01|02|03|04|07|08|09|10|11|14|15|16|17|18|21|22|23|28|29|30
530124,KOSPI,etn,True,,,2026-09-17,2026-06-15,18|21|22|23|28|29|30,01|02|03|04|07|08|09|10|11|14|15|16|17|18|21|22|23|28|29|30
530125,KOSPI,etn,True,,,2026-09-17,,18|21|22|23|28|29|30,01|02|03|04|07|08|09|10|11|14|15|16|17|18|21|22|23|28|29|30
530126,KOSPI,etn,True,,,2026-09-17,2026-06-15,18|21|22|23|28|29|30,01|02|03|04|07|08|09|10|11|14|15|16|17|18|21|22|23|28|29|30
530127,KOSPI,etn,True,,,2026-09-17,,18|21|22|23|28|29|30,01|02|03|04|07|08|09|10|11|14|15|16|17|18|21|22|23|28|29|30
530128,KOSPI,etn,True,,,2026-09-17,2026-06-15,18|21|22|23|28|29|30,01|02|03|04|07|08|09|10|11|14|15|16|17|18|21|22|23|28|29|30
530129,KOSPI,etn,True,,,2026-09-17,2026-06-15,18|21|22|23|28|29|30,01|02|03|04|07|08|09|10|11|14|15|16|17|18|21|22|23|28|29|30
530130,KOSPI,etn,True,,,2026-09-17,2026-06-15,18|21|22|23|28|29|30,01|02|03|04|07|08|09|10|11|14|15|16|17|18|21|22|23|28|29|30
530131,KOSPI,etn,True,,,2026-09-17,2026-06-15,18|21|22|23|28|29|30,01|02|03|04|07|08|09|10|11|14|15|16|17|18|21|22|23|28|29|30
530132,KOSPI,etn,True,,,2026-09-17,2026-06-15,18|21|22|23|28|29|30,01|02|03|04|07|08|09|10|11|14|15|16|17|18|21|22|23|28|29|30
530133,KOSPI,etn,True,,,2026-09-17,2026-06-15,18|21|22|23|28|29|30,01|02|03|04|07|08|09|10|11|14|15|16|17|18|21|22|23|28|29|30
530134,KOSPI,etn,True,,,2026-09-17,2026-06-15,18|21|22|23|28|29|30,01|02|03|04|07|08|09|10|11|14|15|16|17|18|21|22|23|28|29|30
530135,KOSPI,etn,True,,,2026-09-17,,18|21|22|23|28|29|30,01|02|03|04|07|08|09|10|11|14|15|16|17|18|21|22|23|28|29|30
530136,KOSPI,etn,True,,,2026-09-17,2026-06-15,18|21|22|23|28|29|30,01|02|03|04|07|08|09|10|11|14|15|16|17|18|21|22|23|28|29|30
530137,KOSPI,etn,True,,,2026-09-17,,18|21|22|23|28|29|30,01|02|03|04|07|08|09|10|11|14|15|16|17|18|21|22|23|28|29|30
530138,KOSPI,etn,True,,,2026-09-17,,18|21|22|23|28|29|30,01|02|03|04|07|08|09|10|11|14|15|16|17|18|21|22|23|28|29|30
530139,KOSPI,etn,True,,,2026-09-17,,18|21|22|23|28|29|30,01|02|03|04|07|08|09|10|11|14|15|16|17|18|21|22|23|28|29|30
530140,KOSPI,etn,True,,,2026-09-17,,18|21|22|23|28|29|30,01|02|03|04|07|08|09|10|11|14|15|16|17|18|21|22|23|28|29|30
530141,KOSPI,etn,True,,,2026-09-17,,18|21|22|23|28|29|30,01|02|03|04|07|08|09|10|11|14|15|16|17|18|21|22|23|28|29|30
530142,KOSPI,etn,True,,,2026-09-17,,18|21|22|23|28|29|30,01|02|03|04|07|08|09|10|11|14|15|16|17|18|21|22|23|28|29|30
530143,KOSPI,etn,True,,,2026-09-17,,18|21|22|23|28|29|30,01|02|03|04|07|08|09|10|11|14|15|16|17|18|21|22|23|28|29|30
530145,KOSPI,etn,True,,,2026-09-17,,18|21|22|23|28|29|30,01|02|03|04|07|08|09|10|11|14|15|16|17|18|21|22|23|28|29|30
550041,KOSPI,etn,True,,,2026-09-17,2026-06-15,18|21|22|23|28|29|30,01|02|03|04|07|08|09|10|11|14|15|16|17|18|21|22|23|28|29|30
550062,KOSPI,etn,False,,2026-08-20,2026-07-22,2026-06-15,01|02|03|04|07|08|09|10|11|14|15|16|17|18|21|22|23|28|29|30,01|02|03|04|07|08|09|10|11|14|15|16|17|18|21|22|23|28|29|30
550064,KOSPI,etn,True,,,2026-09-04,2026-06-15,07|08|09|10|11|14|15|16|17|18|21|22|23|28|29|30,01|02|03|04|07|08|09|10|11|14|15|16|17|18|21|22|23|28|29|30
550069,KOSPI,etn,True,,,2026-09-17,2026-06-15,18|21|22|23|28|29|30,01|02|03|04|07|08|09|10|11|14|15|16|17|18|21|22|23|28|29|30
550070,KOSPI,etn,True,,,2026-09-17,,18|21|22|23|28|29|30,01|02|03|04|07|08|09|10|11|14|15|16|17|18|21|22|23|28|29|30
550082,KOSPI,etn,True,,,2026-09-17,2026-06-15,18|21|22|23|28|29|30,01|02|03|04|07|08|09|10|11|14|15|16|17|18|21|22|23|28|29|30
550084,KOSPI,etn,True,,,2026-09-17,2026-06-15,18|21|22|23|28|29|30,01|02|03|04|07|08|09|10|11|14|15|16|17|18|21|22|23|28|29|30
550085,KOSPI,etn,True,,,2026-09-17,2026-06-15,18|21|22|23|28|29|30,01|02|03|04|07|08|09|10|11|14|15|16|17|18|21|22|23|28|29|30
550087,KOSPI,etn,True,,,2026-09-17,2026-06-15,18|21|22|23|28|29|30,01|02|03|04|07|08|09|10|11|14|15|16|17|18|21|22|23|28|29|30
550088,KOSPI,etn,True,,,2026-09-17,2026-06-15,18|21|22|23|28|29|30,01|02|03|04|07|08|09|10|11|14|15|16|17|18|21|22|23|28|29|30
550089,KOSPI,etn,True,,,2026-09-17,2026-06-15,18|21|22|23|28|29|30,01|02|03|04|07|08|09|10|11|14|15|16|17|18|21|22|23|28|29|30
550091,KOSPI,etn,True,,,2026-09-17,2026-06-15,18|21|22|23|28|29|30,01|02|03|04|07|08|09|10|11|14|15|16|17|18|21|22|23|28|29|30
550092,KOSPI,etn,True,,,2026-09-17,2026-06-15,18|21|22|23|28|29|30,01|02|03|04|07|08|09|10|11|14|15|16|17|18|21|22|23|28|29|30
550093,KOSPI,etn,True,,,2026-09-17,2026-06-15,18|21|22|23|28|29|30,01|02|03|04|07|08|09|10|11|14|15|16|17|18|21|22|23|28|29|30
550095,KOSPI,etn,True,,,2026-09-17,,18|21|22|23|28|29|30,01|02|03|04|07|08|09|10|11|14|15|16|17|18|21|22|23|28|29|30
550096,KOSPI,etn,True,,,2026-09-17,,18|21|22|23|28|29|30,01|02|03|04|07|08|09|10|11|14|15|16|17|18|21|22|23|28|29|30
550097,KOSPI,etn,True,,,2026-09-17,,18|21|22|23|28|29|30,01|02|03|04|07|08|09|10|11|14|15|16|17|18|21|22|23|28|29|30
550098,KOSPI,etn,True,,,2026-09-17,,18|21|22|23|28|29|30,01|02|03|04|07|08|09|10|11|14|15|16|17|18|21|22|23|28|29|30
550099,KOSPI,etn,True,,,2026-09-17,,18|21|22|23|28|29|30,01|02|03|04|07|08|09|10|11|14|15|16|17|18|21|22|23|28|29|30
550100,KOSPI,etn,True,,,2026-09-17,,18|21|22|23|28|29|30,01|02|03|04|07|08|09|10|11|14|15|16|17|18|21|22|23|28|29|30
570019,KOSPI,etn,True,,,2026-09-17,2026-06-15,18|21|22|23|28|29|30,01|02|03|04|07|08|09|10|11|14|15|16|17|18|21|22|23|28|29|30
570022,KOSPI,etn,True,,,2026-09-17,2026-06-15,18|21|22|23|28|29|30,01|02|03|04|07|08|09|10|11|14|15|16|17|18|21|22|23|28|29|30
570023,KOSPI,etn,True,,,2026-09-17,,18|21|22|23|28|29|30,01|02|03|04|07|08|09|10|11|14|15|16|17|18|21|22|23|28|29|30
570029,KOSPI,etn,True,,,2026-09-17,2026-06-15,18|21|22|23|28|29|30,01|02|03|04|07|08|09|10|11|14|15|16|17|18|21|22|23|28|29|30
570047,KOSPI,etn,True,,,2026-09-17,2026-06-15,18|21|22|23|28|29|30,01|02|03|04|07|08|09|10|11|14|15|16|17|18|21|22|23|28|29|30
570050,KOSPI,etn,True,,,2026-09-17,2026-06-15,18|21|22|23|28|29|30,01|02|03|04|07|08|09|10|11|14|15|16|17|18|21|22|23|28|29|30
570051,KOSPI,etn,True,,,2026-09-17,2026-06-15,18|21|22|23|28|29|30,01|02|03|04|07|08|09|10|11|14|15|16|17|18|21|22|23|28|29|30
570059,KOSPI,etn,False,,2026-08-20,2026-07-22,2026-06-15,01|02|03|04|07|08|09|10|11|14|15|16|17|18|21|22|23|28|29|30,01|02|03|04|07|08|09|10|11|14|15|16|17|18|21|22|23|28|29|30
570061,KOSPI,etn,True,,,2026-09-04,2026-06-15,07|08|09|10|11|14|15|16|17|18|21|22|23|28|29|30,01|02|03|04|07|08|09|10|11|14|15|16|17|18|21|22|23|28|29|30
570063,KOSPI,etn,True,,,2026-09-17,,18|21|22|23|28|29|30,01|02|03|04|07|08|09|10|11|14|15|16|17|18|21|22|23|28|29|30
570064,KOSPI,etn,True,,,2026-09-17,,18|21|22|23|28|29|30,01|02|03|04|07|08|09|10|11|14|15|16|17|18|21|22|23|28|29|30
570065,KOSPI,etn,True,,,2026-09-17,2026-06-15,18|21|22|23|28|29|30,01|02|03|04|07|08|09|10|11|14|15|16|17|18|21|22|23|28|29|30
570066,KOSPI,etn,True,,,2026-09-17,,18|21|22|23|28|29|30,01|02|03|04|07|08|09|10|11|14|15|16|17|18|21|22|23|28|29|30
570069,KOSPI,etn,True,,,2026-09-17,2026-06-15,18|21|22|23|28|29|30,01|02|03|04|07|08|09|10|11|14|15|16|17|18|21|22|23|28|29|30
570070,KOSPI,etn,True,,,2026-09-17,,18|21|22|23|28|29|30,01|02|03|04|07|08|09|10|11|14|15|16|17|18|21|22|23|28|29|30
570071,KOSPI,etn,True,,,2026-09-17,2026-06-15,18|21|22|23|28|29|30,01|02|03|04|07|08|09|10|11|14|15|16|17|18|21|22|23|28|29|30
570072,KOSPI,etn,True,,,2026-09-17,2026-06-15,18|21|22|23|28|29|30,01|02|03|04|07|08|09|10|11|14|15|16|17|18|21|22|23|28|29|30
570073,KOSPI,etn,True,,,2026-09-17,,18|21|22|23|28|29|30,01|02|03|04|07|08|09|10|11|14|15|16|17|18|21|22|23|28|29|30
570074,KOSPI,etn,True,,,2026-09-17,,18|21|22|23|28|29|30,01|02|03|04|07|08|09|10|11|14|15|16|17|18|21|22|23|28|29|30
570081,KOSPI,etn,True,,,2026-09-17,2026-06-15,18|21|22|23|28|29|30,01|02|03|04|07|08|09|10|11|14|15|16|17|18|21|22|23|28|29|30
570082,KOSPI,etn,True,,,2026-09-17,2026-06-15,18|21|22|23|28|29|30,01|02|03|04|07|08|09|10|11|14|15|16|17|18|21|22|23|28|29|30
570085,KOSPI,etn,True,,,2026-09-17,,18|21|22|23|28|29|30,01|02|03|04|07|08|09|10|11|14|15|16|17|18|21|22|23|28|29|30
570090,KOSPI,etn,True,,,2026-09-17,2026-06-15,18|21|22|23|28|29|30,01|02|03|04|07|08|09|10|11|14|15|16|17|18|21|22|23|28|29|30
570091,KOSPI,etn,True,,,2026-09-17,,18|21|22|23|28|29|30,01|02|03|04|07|08|09|10|11|14|15|16|17|18|21|22|23|28|29|30
570092,KOSPI,etn,True,,,2026-09-17,,18|21|22|23|28|29|30,01|02|03|04|07|08|09|10|11|14|15|16|17|18|21|22|23|28|29|30
570093,KOSPI,etn,False,,2026-08-20,2026-06-01,2026-06-15,01|02|03|04|07|08|09|10|11|14|15|16|17|18|21|22|23|28|29|30,01|02|03|04|07|08|09|10|11|14|15|16|17|18|21|22|23|28|29|30
570094,KOSPI,etn,True,,,2026-09-17,,18|21|22|23|28|29|30,01|02|03|04|07|08|09|10|11|14|15|16|17|18|21|22|23|28|29|30
570095,KOSPI,etn,True,,,2026-09-17,,18|21|22|23|28|29|30,01|02|03|04|07|08|09|10|11|14|15|16|17|18|21|22|23|28|29|30
570096,KOSPI,etn,True,,,2026-09-17,,18|21|22|23|28|29|30,01|02|03|04|07|08|09|10|11|14|15|16|17|18|21|22|23|28|29|30
570097,KOSPI,etn,True,,,2026-09-17,,18|21|22|23|28|29|30,01|02|03|04|07|08|09|10|11|14|15|16|17|18|21|22|23|28|29|30
570098,KOSPI,etn,True,,,2026-09-17,,18|21|22|23|28|29|30,01|02|03|04|07|08|09|10|11|14|15|16|17|18|21|22|23|28|29|30
570099,KOSPI,etn,True,,,2026-09-17,,18|21|22|23|28|29|30,01|02|03|04|07|08|09|10|11|14|15|16|17|18|21|22|23|28|29|30
570100,KOSPI,etn,True,,,2026-09-17,2026-06-15,18|21|22|23|28|29|30,01|02|03|04|07|08|09|10|11|14|15|16|17|18|21|22|23|28|29|30
570101,KOSPI,etn,True,,,2026-09-17,,18|21|22|23|28|29|30,01|02|03|04|07|08|09|10|11|14|15|16|17|18|21|22|23|28|29|30
570102,KOSPI,etn,True,,,2026-09-17,2026-06-15,18|21|22|23|28|29|30,01|02|03|04|07|08|09|10|11|14|15|16|17|18|21|22|23|28|29|30
570103,KOSPI,etn,True,,,2026-09-17,2026-06-15,18|21|22|23|28|29|30,01|02|03|04|07|08|09|10|11|14|15|16|17|18|21|22|23|28|29|30
570104,KOSPI,etn,True,,,2026-09-17,2026-06-15,18|21|22|23|28|29|30,01|02|03|04|07|08|09|10|11|14|15|16|17|18|21|22|23|28|29|30
570105,KOSPI,etn,True,,,2026-09-17,,18|21|22|23|28|29|30,01|02|03|04|07|08|09|10|11|14|15|16|17|18|21|22|23|28|29|30
570106,KOSPI,etn,True,,,2026-09-17,2026-06-15,18|21|22|23|28|29|30,01|02|03|04|07|08|09|10|11|14|15|16|17|18|21|22|23|28|29|30
570107,KOSPI,etn,True,,,2026-09-17,,18|21|22|23|28|29|30,01|02|03|04|07|08|09|10|11|14|15|16|17|18|21|22|23|28|29|30
570108,KOSPI,etn,True,,,2026-09-17,,18|21|22|23|28|29|30,01|02|03|04|07|08|09|10|11|14|15|16|17|18|21|22|23|28|29|30
570109,KOSPI,etn,True,,,2026-09-17,,18|21|22|23|28|29|30,01|02|03|04|07|08|09|10|11|14|15|16|17|18|21|22|23|28|29|30
570110,KOSPI,etn,True,,,2026-09-17,,18|21|22|23|28|29|30,01|02|03|04|07|08|09|10|11|14|15|16|17|18|21|22|23|28|29|30
570111,KOSPI,etn,True,,,2026-09-17,,18|21|22|23|28|29|30,01|02|03|04|07|08|09|10|11|14|15|16|17|18|21|22|23|28|29|30
570114,KOSPI,etn,True,,,2026-09-17,,18|21|22|23|28|29|30,01|02|03|04|07|08|09|10|11|14|15|16|17|18|21|22|23|28|29|30
570115,KOSPI,etn,True,,,2026-09-17,2026-06-15,18|21|22|23|28|29|30,01|02|03|04|07|08|09|10|11|14|15|16|17|18|21|22|23|28|29|30
570116,KOSPI,etn,True,,,2026-09-17,2026-06-15,18|21|22|23|28|29|30,01|02|03|04|07|08|09|10|11|14|15|16|17|18|21|22|23|28|29|30
570117,KOSPI,etn,True,,,2026-09-17,2026-06-15,18|21|22|23|28|29|30,01|02|03|04|07|08|09|10|11|14|15|16|17|18|21|22|23|28|29|30
570118,KOSPI,etn,True,,,2026-09-17,,18|21|22|23|28|29|30,01|02|03|04|07|08|09|10|11|14|15|16|17|18|21|22|23|28|29|30
570119,KOSPI,etn,True,,,2026-09-17,,18|21|22|23|28|29|30,01|02|03|04|07|08|09|10|11|14|15|16|17|18|21|22|23|28|29|30
570120,KOSPI,etn,True,,,2026-09-17,,18|21|22|23|28|29|30,01|02|03|04|07|08|09|10|11|14|15|16|17|18|21|22|23|28|29|30
570121,KOSPI,etn,True,,,2026-09-17,,18|21|22|23|28|29|30,01|02|03|04|07|08|09|10|11|14|15|16|17|18|21|22|23|28|29|30
570122,KOSPI,etn,True,,,2026-09-17,,18|21|22|23|28|29|30,01|02|03|04|07|08|09|10|11|14|15|16|17|18|21|22|23|28|29|30
570123,KOSPI,etn,True,,,2026-09-17,,18|21|22|23|28|29|30,01|02|03|04|07|08|09|10|11|14|15|16|17|18|21|22|23|28|29|30
570124,KOSPI,etn,True,,,2026-09-17,,18|21|22|23|28|29|30,01|02|03|04|07|08|09|10|11|14|15|16|17|18|21|22|23|28|29|30
570125,KOSPI,etn,True,,,2026-09-17,,18|21|22|23|28|29|30,01|02|03|04|07|08|09|10|11|14|15|16|17|18|21|22|23|28|29|30
570126,KOSPI,etn,True,,,2026-09-17,,18|21|22|23|28|29|30,01|02|03|04|07|08|09|10|11|14|15|16|17|18|21|22|23|28|29|30
570127,KOSPI,etn,True,,,2026-09-17,,18|21|22|23|28|29|30,01|02|03|04|07|08|09|10|11|14|15|16|17|18|21|22|23|28|29|30
580010,KOSPI,etn,True,,,2026-09-17,2026-06-15,18|21|22|23|28|29|30,01|02|03|04|07|08|09|10|11|14|15|16|17|18|21|22|23|28|29|30
580022,KOSPI,etn,False,,2026-08-20,2026-07-22,2026-06-15,01|02|03|04|07|08|09|10|11|14|15|16|17|18|21|22|23|28|29|30,01|02|03|04|07|08|09|10|11|14|15|16|17|18|21|22|23|28|29|30
580026,KOSPI,etn,True,,,2026-09-04,2026-06-15,07|08|09|10|11|14|15|16|17|18|21|22|23|28|29|30,01|02|03|04|07|08|09|10|11|14|15|16|17|18|21|22|23|28|29|30
580032,KOSPI,etn,True,,,2026-09-17,,18|21|22|23|28|29|30,01|02|03|04|07|08|09|10|11|14|15|16|17|18|21|22|23|28|29|30
580033,KOSPI,etn,True,,,2026-09-17,,18|21|22|23|28|29|30,01|02|03|04|07|08|09|10|11|14|15|16|17|18|21|22|23|28|29|30
580034,KOSPI,etn,True,,,2026-09-17,2026-06-15,18|21|22|23|28|29|30,01|02|03|04|07|08|09|10|11|14|15|16|17|18|21|22|23|28|29|30
580035,KOSPI,etn,True,,,2026-09-17,,18|21|22|23|28|29|30,01|02|03|04|07|08|09|10|11|14|15|16|17|18|21|22|23|28|29|30
580039,KOSPI,etn,True,,,2026-09-17,2026-06-15,18|21|22|23|28|29|30,01|02|03|04|07|08|09|10|11|14|15|16|17|18|21|22|23|28|29|30
580043,KOSPI,etn,True,,,2026-09-17,2026-06-15,18|21|22|23|28|29|30,01|02|03|04|07|08|09|10|11|14|15|16|17|18|21|22|23|28|29|30
580044,KOSPI,etn,True,,,2026-09-17,,18|21|22|23|28|29|30,01|02|03|04|07|08|09|10|11|14|15|16|17|18|21|22|23|28|29|30
580047,KOSPI,etn,True,,,2026-09-17,,18|21|22|23|28|29|30,01|02|03|04|07|08|09|10|11|14|15|16|17|18|21|22|23|28|29|30
580048,KOSPI,etn,True,,,2026-09-17,2026-06-15,18|21|22|23|28|29|30,01|02|03|04|07|08|09|10|11|14|15|16|17|18|21|22|23|28|29|30
580049,KOSPI,etn,True,,,2026-09-17,2026-06-15,18|21|22|23|28|29|30,01|02|03|04|07|08|09|10|11|14|15|16|17|18|21|22|23|28|29|30
580050,KOSPI,etn,True,,,2026-09-17,2026-06-15,18|21|22|23|28|29|30,01|02|03|04|07|08|09|10|11|14|15|16|17|18|21|22|23|28|29|30
580051,KOSPI,etn,True,,,2026-09-17,,18|21|22|23|28|29|30,01|02|03|04|07|08|09|10|11|14|15|16|17|18|21|22|23|28|29|30
580052,KOSPI,etn,True,,,2026-09-17,2026-06-15,18|21|22|23|28|29|30,01|02|03|04|07|08|09|10|11|14|15|16|17|18|21|22|23|28|29|30
580053,KOSPI,etn,True,,,2026-09-17,,18|21|22|23|28|29|30,01|02|03|04|07|08|09|10|11|14|15|16|17|18|21|22|23|28|29|30
580054,KOSPI,etn,True,,,2026-09-17,,18|21|22|23|28|29|30,01|02|03|04|07|08|09|10|11|14|15|16|17|18|21|22|23|28|29|30
580056,KOSPI,etn,True,,,2026-09-17,2026-06-15,18|21|22|23|28|29|30,01|02|03|04|07|08|09|10|11|14|15|16|17|18|21|22|23|28|29|30
580057,KOSPI,etn,True,,,2026-09-17,2026-06-15,18|21|22|23|28|29|30,01|02|03|04|07|08|09|10|11|14|15|16|17|18|21|22|23|28|29|30
580058,KOSPI,etn,True,,,2026-09-17,2026-06-15,18|21|22|23|28|29|30,01|02|03|04|07|08|09|10|11|14|15|16|17|18|21|22|23|28|29|30
580059,KOSPI,etn,True,,,2026-09-17,,18|21|22|23|28|29|30,01|02|03|04|07|08|09|10|11|14|15|16|17|18|21|22|23|28|29|30
580060,KOSPI,etn,True,,,2026-09-17,,18|21|22|23|28|29|30,01|02|03|04|07|08|09|10|11|14|15|16|17|18|21|22|23|28|29|30
580061,KOSPI,etn,True,,,2026-09-17,,18|21|22|23|28|29|30,01|02|03|04|07|08|09|10|11|14|15|16|17|18|21|22|23|28|29|30
580062,KOSPI,etn,True,,,2026-09-17,,18|21|22|23|28|29|30,01|02|03|04|07|08|09|10|11|14|15|16|17|18|21|22|23|28|29|30
580063,KOSPI,etn,True,,,2026-09-17,,18|21|22|23|28|29|30,01|02|03|04|07|08|09|10|11|14|15|16|17|18|21|22|23|28|29|30
580064,KOSPI,etn,True,,,2026-09-17,,18|21|22|23|28|29|30,01|02|03|04|07|08|09|10|11|14|15|16|17|18|21|22|23|28|29|30
580065,KOSPI,etn,True,,,2026-09-17,,18|21|22|23|28|29|30,01|02|03|04|07|08|09|10|11|14|15|16|17|18|21|22|23|28|29|30
580066,KOSPI,etn,True,,,2026-09-17,2026-06-15,18|21|22|23|28|29|30,01|02|03|04|07|08|09|10|11|14|15|16|17|18|21|22|23|28|29|30
580067,KOSPI,etn,True,,,2026-09-17,2026-06-15,18|21|22|23|28|29|30,01|02|03|04|07|08|09|10|11|14|15|16|17|18|21|22|23|28|29|30
580068,KOSPI,etn,True,,,2026-09-17,2026-06-15,18|21|22|23|28|29|30,01|02|03|04|07|08|09|10|11|14|15|16|17|18|21|22|23|28|29|30
580069,KOSPI,etn,True,,,2026-09-17,2026-06-15,18|21|22|23|28|29|30,01|02|03|04|07|08|09|10|11|14|15|16|17|18|21|22|23|28|29|30
580070,KOSPI,etn,True,,,2026-09-17,,18|21|22|23|28|29|30,01|02|03|04|07|08|09|10|11|14|15|16|17|18|21|22|23|28|29|30
580071,KOSPI,etn,True,,,2026-09-17,,18|21|22|23|28|29|30,01|02|03|04|07|08|09|10|11|14|15|16|17|18|21|22|23|28|29|30
580072,KOSPI,etn,True,,,2026-09-17,,18|21|22|23|28|29|30,01|02|03|04|07|08|09|10|11|14|15|16|17|18|21|22|23|28|29|30
580073,KOSPI,etn,True,,,2026-09-17,,18|21|22|23|28|29|30,01|02|03|04|07|08|09|10|11|14|15|16|17|18|21|22|23|28|29|30
580074,KOSPI,etn,True,,,2026-09-17,,18|21|22|23|28|29|30,01|02|03|04|07|08|09|10|11|14|15|16|17|18|21|22|23|28|29|30
580075,KOSPI,etn,True,,,2026-09-17,,18|21|22|23|28|29|30,01|02|03|04|07|08|09|10|11|14|15|16|17|18|21|22|23|28|29|30
580076,KOSPI,etn,True,,,2026-09-17,,18|21|22|23|28|29|30,01|02|03|04|07|08|09|10|11|14|15|16|17|18|21|22|23|28|29|30
580077,KOSPI,etn,True,,,2026-09-17,,18|21|22|23|28|29|30,01|02|03|04|07|08|09|10|11|14|15|16|17|18|21|22|23|28|29|30
580078,KOSPI,etn,True,,,2026-09-17,,18|21|22|23|28|29|30,01|02|03|04|07|08|09|10|11|14|15|16|17|18|21|22|23|28|29|30
580079,KOSPI,etn,True,,,2026-09-17,,18|21|22|23|28|29|30,01|02|03|04|07|08|09|10|11|14|15|16|17|18|21|22|23|28|29|30
580080,KOSPI,etn,True,,,2026-09-17,,18|21|22|23|28|29|30,01|02|03|04|07|08|09|10|11|14|15|16|17|18|21|22|23|28|29|30
580081,KOSPI,etn,True,,,2026-09-17,,18|21|22|23|28|29|30,01|02|03|04|07|08|09|10|11|14|15|16|17|18|21|22|23|28|29|30
580082,KOSPI,etn,True,,,2026-09-17,,18|21|22|23|28|29|30,01|02|03|04|07|08|09|10|11|14|15|16|17|18|21|22|23|28|29|30
580083,KOSPI,etn,True,,,2026-09-17,,18|21|22|23|28|29|30,01|02|03|04|07|08|09|10|11|14|15|16|17|18|21|22|23|28|29|30
580084,KOSPI,etn,True,,,2026-09-17,,18|21|22|23|28|29|30,01|02|03|04|07|08|09|10|11|14|15|16|17|18|21|22|23|28|29|30
580085,KOSPI,etn,True,,,2026-09-17,,18|21|22|23|28|29|30,01|02|03|04|07|08|09|10|11|14|15|16|17|18|21|22|23|28|29|30
580086,KOSPI,etn,True,,,2026-09-17,,18|21|22|23|28|29|30,01|02|03|04|07|08|09|10|11|14|15|16|17|18|21|22|23|28|29|30
580087,KOSPI,etn,True,,,2026-09-17,,18|21|22|23|28|29|30,01|02|03|04|07|08|09|10|11|14|15|16|17|18|21|22|23|28|29|30
580088,KOSPI,etn,True,,,2026-09-17,,18|21|22|23|28|29|30,01|02|03|04|07|08|09|10|11|14|15|16|17|18|21|22|23|28|29|30
580089,KOSPI,etn,True,,,2026-09-17,,18|21|22|23|28|29|30,01|02|03|04|07|08|09|10|11|14|15|16|17|18|21|22|23|28|29|30
580090,KOSPI,etn,True,,,2026-09-17,,18|21|22|23|28|29|30,01|02|03|04|07|08|09|10|11|14|15|16|17|18|21|22|23|28|29|30
610001,KOSPI,etn,True,,,2026-09-17,2026-06-15,18|21|22|23|28|29|30,01|02|03|04|07|08|09|10|11|14|15|16|17|18|21|22|23|28|29|30
610003,KOSPI,etn,True,,,2026-09-17,2026-06-15,18|21|22|23|28|29|30,01|02|03|04|07|08|09|10|11|14|15|16|17|18|21|22|23|28|29|30
610007,KOSPI,etn,True,,,2026-09-17,2026-06-15,18|21|22|23|28|29|30,01|02|03|04|07|08|09|10|11|14|15|16|17|18|21|22|23|28|29|30
610008,KOSPI,etn,False,,2026-08-20,2026-07-29,2026-06-15,01|02|03|04|07|08|09|10|11|14|15|16|17|18|21|22|23|28|29|30,01|02|03|04|07|08|09|10|11|14|15|16|17|18|21|22|23|28|29|30
610009,KOSPI,etn,False,,2026-08-20,2026-07-29,,01|02|03|04|07|08|09|10|11|14|15|16|17|18|21|22|23|28|29|30,01|02|03|04|07|08|09|10|11|14|15|16|17|18|21|22|23|28|29|30
610012,KOSPI,etn,False,,2026-08-20,2026-07-22,2026-06-15,01|02|03|04|07|08|09|10|11|14|15|16|17|18|21|22|23|28|29|30,01|02|03|04|07|08|09|10|11|14|15|16|17|18|21|22|23|28|29|30
610018,KOSPI,etn,True,,,2026-09-17,2026-06-15,18|21|22|23|28|29|30,01|02|03|04|07|08|09|10|11|14|15|16|17|18|21|22|23|28|29|30
610020,KOSPI,etn,True,,,2026-09-17,,18|21|22|23|28|29|30,01|02|03|04|07|08|09|10|11|14|15|16|17|18|21|22|23|28|29|30
610022,KOSPI,etn,True,,,2026-09-17,2026-06-15,18|21|22|23|28|29|30,01|02|03|04|07|08|09|10|11|14|15|16|17|18|21|22|23|28|29|30
610023,KOSPI,etn,True,,,2026-09-17,,18|21|22|23|28|29|30,01|02|03|04|07|08|09|10|11|14|15|16|17|18|21|22|23|28|29|30
610024,KOSPI,etn,True,,,2026-09-17,,18|21|22|23|28|29|30,01|02|03|04|07|08|09|10|11|14|15|16|17|18|21|22|23|28|29|30
610025,KOSPI,etn,True,,,2026-09-17,,18|21|22|23|28|29|30,01|02|03|04|07|08|09|10|11|14|15|16|17|18|21|22|23|28|29|30
610028,KOSPI,etn,True,,,2026-09-17,2026-06-15,18|21|22|23|28|29|30,01|02|03|04|07|08|09|10|11|14|15|16|17|18|21|22|23|28|29|30
610029,KOSPI,etn,True,,,2026-09-17,,18|21|22|23|28|29|30,01|02|03|04|07|08|09|10|11|14|15|16|17|18|21|22|23|28|29|30
610030,KOSPI,etn,True,,,2026-09-17,,18|21|22|23|28|29|30,01|02|03|04|07|08|09|10|11|14|15|16|17|18|21|22|23|28|29|30
610034,KOSPI,etn,True,,,2026-09-17,,18|21|22|23|28|29|30,01|02|03|04|07|08|09|10|11|14|15|16|17|18|21|22|23|28|29|30
610035,KOSPI,etn,True,,,2026-09-17,,18|21|22|23|28|29|30,01|02|03|04|07|08|09|10|11|14|15|16|17|18|21|22|23|28|29|30
610036,KOSPI,etn,True,,,2026-09-17,2026-06-15,18|21|22|23|28|29|30,01|02|03|04|07|08|09|10|11|14|15|16|17|18|21|22|23|28|29|30
610037,KOSPI,etn,True,,,2026-09-17,2026-06-15,18|21|22|23|28|29|30,01|02|03|04|07|08|09|10|11|14|15|16|17|18|21|22|23|28|29|30
610038,KOSPI,etn,True,,,2026-09-17,2026-06-15,18|21|22|23|28|29|30,01|02|03|04|07|08|09|10|11|14|15|16|17|18|21|22|23|28|29|30
610039,KOSPI,etn,True,,,2026-09-17,,18|21|22|23|28|29|30,01|02|03|04|07|08|09|10|11|14|15|16|17|18|21|22|23|28|29|30
610040,KOSPI,etn,True,,,2026-09-17,2026-06-15,18|21|22|23|28|29|30,01|02|03|04|07|08|09|10|11|14|15|16|17|18|21|22|23|28|29|30
610045,KOSPI,etn,True,,,2026-09-17,,18|21|22|23|28|29|30,01|02|03|04|07|08|09|10|11|14|15|16|17|18|21|22|23|28|29|30
610047,KOSPI,etn,True,,,2026-09-17,2026-06-15,18|21|22|23|28|29|30,01|02|03|04|07|08|09|10|11|14|15|16|17|18|21|22|23|28|29|30
610049,KOSPI,etn,True,,,2026-09-17,,18|21|22|23|28|29|30,01|02|03|04|07|08|09|10|11|14|15|16|17|18|21|22|23|28|29|30
610051,KOSPI,etn,True,,,2026-09-17,,18|21|22|23|28|29|30,01|02|03|04|07|08|09|10|11|14|15|16|17|18|21|22|23|28|29|30
610055,KOSPI,etn,True,,,2026-09-17,,18|21|22|23|28|29|30,01|02|03|04|07|08|09|10|11|14|15|16|17|18|21|22|23|28|29|30
610056,KOSPI,etn,True,,,2026-09-17,,18|21|22|23|28|29|30,01|02|03|04|07|08|09|10|11|14|15|16|17|18|21|22|23|28|29|30
610057,KOSPI,etn,True,,,2026-09-17,,18|21|22|23|28|29|30,01|02|03|04|07|08|09|10|11|14|15|16|17|18|21|22|23|28|29|30
610058,KOSPI,etn,True,,,2026-09-17,,18|21|22|23|28|29|30,01|02|03|04|07|08|09|10|11|14|15|16|17|18|21|22|23|28|29|30
610059,KOSPI,etn,True,,,2026-09-17,,18|21|22|23|28|29|30,01|02|03|04|07|08|09|10|11|14|15|16|17|18|21|22|23|28|29|30
610060,KOSPI,etn,True,,,2026-09-17,,18|21|22|23|28|29|30,01|02|03|04|07|08|09|10|11|14|15|16|17|18|21|22|23|28|29|30
610061,KOSPI,etn,True,,,2026-09-17,2026-06-15,18|21|22|23|28|29|30,01|02|03|04|07|08|09|10|11|14|15|16|17|18|21|22|23|28|29|30
610062,KOSPI,etn,True,,,2026-09-17,,18|21|22|23|28|29|30,01|02|03|04|07|08|09|10|11|14|15|16|17|18|21|22|23|28|29|30
610063,KOSPI,etn,True,,,2026-09-17,2026-06-15,18|21|22|23|28|29|30,01|02|03|04|07|08|09|10|11|14|15|16|17|18|21|22|23|28|29|30
610064,KOSPI,etn,True,,,2026-09-17,2026-06-15,18|21|22|23|28|29|30,01|02|03|04|07|08|09|10|11|14|15|16|17|18|21|22|23|28|29|30
610066,KOSPI,etn,True,,,2026-09-17,2026-06-15,18|21|22|23|28|29|30,01|02|03|04|07|08|09|10|11|14|15|16|17|18|21|22|23|28|29|30
610068,KOSPI,etn,True,,,2026-09-17,,18|21|22|23|28|29|30,01|02|03|04|07|08|09|10|11|14|15|16|17|18|21|22|23|28|29|30
610069,KOSPI,etn,True,,,2026-09-17,2026-06-15,18|21|22|23|28|29|30,01|02|03|04|07|08|09|10|11|14|15|16|17|18|21|22|23|28|29|30
610070,KOSPI,etn,True,,,2026-09-17,,18|21|22|23|28|29|30,01|02|03|04|07|08|09|10|11|14|15|16|17|18|21|22|23|28|29|30
610071,KOSPI,etn,True,,,2026-09-17,,18|21|22|23|28|29|30,01|02|03|04|07|08|09|10|11|14|15|16|17|18|21|22|23|28|29|30
610072,KOSPI,etn,True,,,2026-09-17,,18|21|22|23|28|29|30,01|02|03|04|07|08|09|10|11|14|15|16|17|18|21|22|23|28|29|30
610073,KOSPI,etn,True,,,2026-09-17,,18|21|22|23|28|29|30,01|02|03|04|07|08|09|10|11|14|15|16|17|18|21|22|23|28|29|30
610074,KOSPI,etn,True,,,2026-09-17,,18|21|22|23|28|29|30,01|02|03|04|07|08|09|10|11|14|15|16|17|18|21|22|23|28|29|30
610075,KOSPI,etn,True,,,2026-09-17,2026-06-15,18|21|22|23|28|29|30,01|02|03|04|07|08|09|10|11|14|15|16|17|18|21|22|23|28|29|30
610076,KOSPI,etn,True,,,2026-09-17,,18|21|22|23|28|29|30,01|02|03|04|07|08|09|10|11|14|15|16|17|18|21|22|23|28|29|30
610077,KOSPI,etn,True,,,2026-09-17,,18|21|22|23|28|29|30,01|02|03|04|07|08|09|10|11|14|15|16|17|18|21|22|23|28|29|30
610078,KOSPI,etn,True,,,2026-09-17,2026-06-15,18|21|22|23|28|29|30,01|02|03|04|07|08|09|10|11|14|15|16|17|18|21|22|23|28|29|30
610079,KOSPI,etn,True,,,2026-09-17,,18|21|22|23|28|29|30,01|02|03|04|07|08|09|10|11|14|15|16|17|18|21|22|23|28|29|30
610080,KOSPI,etn,True,,,2026-09-17,,18|21|22|23|28|29|30,01|02|03|04|07|08|09|10|11|14|15|16|17|18|21|22|23|28|29|30
610081,KOSPI,etn,True,,,2026-09-17,2026-06-15,18|21|22|23|28|29|30,01|02|03|04|07|08|09|10|11|14|15|16|17|18|21|22|23|28|29|30
610082,KOSPI,etn,True,,,2026-09-17,,18|21|22|23|28|29|30,01|02|03|04|07|08|09|10|11|14|15|16|17|18|21|22|23|28|29|30
610083,KOSPI,etn,True,,,2026-09-17,,18|21|22|23|28|29|30,01|02|03|04|07|08|09|10|11|14|15|16|17|18|21|22|23|28|29|30
610084,KOSPI,etn,True,,,2026-09-17,,18|21|22|23|28|29|30,01|02|03|04|07|08|09|10|11|14|15|16|17|18|21|22|23|28|29|30
610085,KOSPI,etn,True,,,2026-09-17,2026-06-15,18|21|22|23|28|29|30,01|02|03|04|07|08|09|10|11|14|15|16|17|18|21|22|23|28|29|30
610086,KOSPI,etn,True,,,2026-09-17,,18|21|22|23|28|29|30,01|02|03|04|07|08|09|10|11|14|15|16|17|18|21|22|23|28|29|30
610087,KOSPI,etn,True,,,2026-09-17,2026-06-15,18|21|22|23|28|29|30,01|02|03|04|07|08|09|10|11|14|15|16|17|18|21|22|23|28|29|30
610088,KOSPI,etn,True,,,2026-09-17,2026-06-15,18|21|22|23|28|29|30,01|02|03|04|07|08|09|10|11|14|15|16|17|18|21|22|23|28|29|30
610089,KOSPI,etn,True,,,2026-09-17,2026-06-15,18|21|22|23|28|29|30,01|02|03|04|07|08|09|10|11|14|15|16|17|18|21|22|23|28|29|30
610090,KOSPI,etn,True,,,2026-09-17,,18|21|22|23|28|29|30,01|02|03|04|07|08|09|10|11|14|15|16|17|18|21|22|23|28|29|30
610091,KOSPI,etn,True,,,2026-09-17,,18|21|22|23|28|29|30,01|02|03|04|07|08|09|10|11|14|15|16|17|18|21|22|23|28|29|30
610092,KOSPI,etn,True,,,2026-09-17,,18|21|22|23|28|29|30,01|02|03|04|07|08|09|10|11|14|15|16|17|18|21|22|23|28|29|30
610093,KOSPI,etn,True,,,2026-09-17,,18|21|22|23|28|29|30,01|02|03|04|07|08|09|10|11|14|15|16|17|18|21|22|23|28|29|30
610094,KOSPI,etn,True,,,2026-09-17,,18|21|22|23|28|29|30,01|02|03|04|07|08|09|10|11|14|15|16|17|18|21|22|23|28|29|30
610095,KOSPI,etn,True,,,2026-09-17,,18|21|22|23|28|29|30,01|02|03|04|07|08|09|10|11|14|15|16|17|18|21|22|23|28|29|30
610096,KOSPI,etn,True,,,2026-09-17,,18|21|22|23|28|29|30,01|02|03|04|07|08|09|10|11|14|15|16|17|18|21|22|23|28|29|30
610097,KOSPI,etn,True,,,2026-09-17,,18|21|22|23|28|29|30,01|02|03|04|07|08|09|10|11|14|15|16|17|18|21|22|23|28|29|30
610098,KOSPI,etn,True,,,2026-09-17,,18|21|22|23|28|29|30,01|02|03|04|07|08|09|10|11|14|15|16|17|18|21|22|23|28|29|30
610099,KOSPI,etn,True,,,2026-09-17,,18|21|22|23|28|29|30,01|02|03|04|07|08|09|10|11|14|15|16|17|18|21|22|23|28|29|30
610100,KOSPI,etn,True,,,2026-09-17,,18|21|22|23|28|29|30,01|02|03|04|07|08|09|10|11|14|15|16|17|18|21|22|23|28|29|30
610101,KOSPI,etn,True,,,2026-09-17,,18|21|22|23|28|29|30,01|02|03|04|07|08|09|10|11|14|15|16|17|18|21|22|23|28|29|30
610102,KOSPI,etn,True,,,2026-09-17,,18|21|22|23|28|29|30,01|02|03|04|07|08|09|10|11|14|15|16|17|18|21|22|23|28|29|30
610103,KOSPI,etn,True,,,2026-09-17,,18|21|22|23|28|29|30,01|02|03|04|07|08|09|10|11|14|15|16|17|18|21|22|23|28|29|30
610104,KOSPI,etn,True,,,2026-09-17,,18|21|22|23|28|29|30,01|02|03|04|07|08|09|10|11|14|15|16|17|18|21|22|23|28|29|30
610105,KOSPI,etn,True,,,2026-09-17,,18|21|22|23|28|29|30,01|02|03|04|07|08|09|10|11|14|15|16|17|18|21|22|23|28|29|30
610106,KOSPI,etn,True,,,2026-09-17,,18|21|22|23|28|29|30,01|02|03|04|07|08|09|10|11|14|15|16|17|18|21|22|23|28|29|30
610111,KOSPI,etn,True,,,2026-09-17,,01|02|03|18|21|22|23|28|29|30,01|02|03|04|07|08|09|10|11|14|15|16|17|18|21|22|23|28|29|30
610112,KOSPI,etn,True,,,2026-09-17,,01|02|03|18|21|22|23|28|29|30,01|02|03|04|07|08|09|10|11|14|15|16|17|18|21|22|23|28|29|30
700011,KOSPI,etn,True,,,2026-09-17,,18|21|22|23|28|29|30,01|02|03|04|07|08|09|10|11|14|15|16|17|18|21|22|23|28|29|30
700012,KOSPI,etn,True,,,2026-09-17,2026-06-15,18|21|22|23|28|29|30,01|02|03|04|07|08|09|10|11|14|15|16|17|18|21|22|23|28|29|30
700013,KOSPI,etn,True,,,2026-09-17,2026-06-15,18|21|22|23|28|29|30,01|02|03|04|07|08|09|10|11|14|15|16|17|18|21|22|23|28|29|30
700014,KOSPI,etn,True,,,2026-09-17,,18|21|22|23|28|29|30,01|02|03|04|07|08|09|10|11|14|15|16|17|18|21|22|23|28|29|30
700017,KOSPI,etn,True,,,2026-09-17,2026-06-15,18|21|22|23|28|29|30,01|02|03|04|07|08|09|10|11|14|15|16|17|18|21|22|23|28|29|30
700018,KOSPI,etn,True,,,2026-09-17,,18|21|22|23|28|29|30,01|02|03|04|07|08|09|10|11|14|15|16|17|18|21|22|23|28|29|30
700022,KOSPI,etn,True,,,2026-09-17,2026-06-15,18|21|22|23|28|29|30,01|02|03|04|07|08|09|10|11|14|15|16|17|18|21|22|23|28|29|30
700023,KOSPI,etn,True,,,2026-09-17,2026-06-15,18|21|22|23|28|29|30,01|02|03|04|07|08|09|10|11|14|15|16|17|18|21|22|23|28|29|30
700026,KOSPI,etn,True,,,2026-09-17,2026-06-15,18|21|22|23|28|29|30,01|02|03|04|07|08|09|10|11|14|15|16|17|18|21|22|23|28|29|30
700027,KOSPI,etn,True,,,2026-09-17,2026-06-15,18|21|22|23|28|29|30,01|02|03|04|07|08|09|10|11|14|15|16|17|18|21|22|23|28|29|30
700028,KOSPI,etn,True,,,2026-09-17,2026-06-15,18|21|22|23|28|29|30,01|02|03|04|07|08|09|10|11|14|15|16|17|18|21|22|23|28|29|30
700029,KOSPI,etn,True,,,2026-09-17,2026-06-15,18|21|22|23|28|29|30,01|02|03|04|07|08|09|10|11|14|15|16|17|18|21|22|23|28|29|30
700030,KOSPI,etn,True,,,2026-09-17,,18|21|22|23|28|29|30,01|02|03|04|07|08|09|10|11|14|15|16|17|18|21|22|23|28|29|30
700031,KOSPI,etn,True,,,2026-09-17,,18|21|22|23|28|29|30,01|02|03|04|07|08|09|10|11|14|15|16|17|18|21|22|23|28|29|30
700032,KOSPI,etn,True,,,2026-09-17,,18|21|22|23|28|29|30,01|02|03|04|07|08|09|10|11|14|15|16|17|18|21|22|23|28|29|30
700033,KOSPI,etn,True,,,2026-09-17,,18|21|22|23|28|29|30,01|02|03|04|07|08|09|10|11|14|15|16|17|18|21|22|23|28|29|30
700034,KOSPI,etn,True,,,2026-09-17,,18|21|22|23|28|29|30,01|02|03|04|07|08|09|10|11|14|15|16|17|18|21|22|23|28|29|30
700035,KOSPI,etn,True,,,2026-09-17,,18|21|22|23|28|29|30,01|02|03|04|07|08|09|10|11|14|15|16|17|18|21|22|23|28|29|30
700036,KOSPI,etn,True,,,2026-09-17,,18|21|22|23|28|29|30,01|02|03|04|07|08|09|10|11|14|15|16|17|18|21|22|23|28|29|30
760004,KOSPI,etn,True,,,2026-09-17,2026-06-15,18|21|22|23|28|29|30,01|02|03|04|07|08|09|10|11|14|15|16|17|18|21|22|23|28|29|30
760005,KOSPI,etn,True,,,2026-09-17,2026-06-15,18|21|22|23|28|29|30,01|02|03|04|07|08|09|10|11|14|15|16|17|18|21|22|23|28|29|30
760006,KOSPI,etn,True,,,2026-09-17,,18|21|22|23|28|29|30,01|02|03|04|07|08|09|10|11|14|15|16|17|18|21|22|23|28|29|30
760007,KOSPI,etn,True,,,2026-09-17,2026-06-15,18|21|22|23|28|29|30,01|02|03|04|07|08|09|10|11|14|15|16|17|18|21|22|23|28|29|30
760008,KOSPI,etn,True,,,2026-09-17,2026-06-15,18|21|22|23|28|29|30,01|02|03|04|07|08|09|10|11|14|15|16|17|18|21|22|23|28|29|30
760009,KOSPI,etn,True,,,2026-09-17,2026-06-15,18|21|22|23|28|29|30,01|02|03|04|07|08|09|10|11|14|15|16|17|18|21|22|23|28|29|30
760010,KOSPI,etn,True,,,2026-09-17,,18|21|22|23|28|29|30,01|02|03|04|07|08|09|10|11|14|15|16|17|18|21|22|23|28|29|30
760011,KOSPI,etn,True,,,2026-09-17,2026-06-15,18|21|22|23|28|29|30,01|02|03|04|07|08|09|10|11|14|15|16|17|18|21|22|23|28|29|30
760012,KOSPI,etn,True,,,2026-09-17,2026-06-15,18|21|22|23|28|29|30,01|02|03|04|07|08|09|10|11|14|15|16|17|18|21|22|23|28|29|30
760013,KOSPI,etn,True,,,2026-09-17,2026-06-15,18|21|22|23|28|29|30,01|02|03|04|07|08|09|10|11|14|15|16|17|18|21|22|23|28|29|30
760014,KOSPI,etn,True,,,2026-09-17,,18|21|22|23|28|29|30,01|02|03|04|07|08|09|10|11|14|15|16|17|18|21|22|23|28|29|30
760015,KOSPI,etn,True,,,2026-09-17,2026-06-15,18|21|22|23|28|29|30,01|02|03|04|07|08|09|10|11|14|15|16|17|18|21|22|23|28|29|30
760016,KOSPI,etn,True,,,2026-09-17,2026-06-15,18|21|22|23|28|29|30,01|02|03|04|07|08|09|10|11|14|15|16|17|18|21|22|23|28|29|30
760017,KOSPI,etn,True,,,2026-09-17,2026-06-15,18|21|22|23|28|29|30,01|02|03|04|07|08|09|10|11|14|15|16|17|18|21|22|23|28|29|30
760018,KOSPI,etn,True,,,2026-09-17,2026-06-15,18|21|22|23|28|29|30,01|02|03|04|07|08|09|10|11|14|15|16|17|18|21|22|23|28|29|30
760021,KOSPI,etn,True,,,2026-09-17,,18|21|22|23|28|29|30,01|02|03|04|07|08|09|10|11|14|15|16|17|18|21|22|23|28|29|30
760022,KOSPI,etn,True,,,2026-09-17,,18|21|22|23|28|29|30,01|02|03|04|07|08|09|10|11|14|15|16|17|18|21|22|23|28|29|30
760023,KOSPI,etn,True,,,2026-09-17,,18|21|22|23|28|29|30,01|02|03|04|07|08|09|10|11|14|15|16|17|18|21|22|23|28|29|30
760024,KOSPI,etn,True,,,2026-09-17,,18|21|22|23|28|29|30,01|02|03|04|07|08|09|10|11|14|15|16|17|18|21|22|23|28|29|30
760025,KOSPI,etn,True,,,2026-09-17,,18|21|22|23|28|29|30,01|02|03|04|07|08|09|10|11|14|15|16|17|18|21|22|23|28|29|30
760026,KOSPI,etn,True,,,2026-09-17,,18|21|22|23|28|29|30,01|02|03|04|07|08|09|10|11|14|15|16|17|18|21|22|23|28|29|30
760027,KOSPI,etn,True,,,2026-09-17,,18|21|22|23|28|29|30,01|02|03|04|07|08|09|10|11|14|15|16|17|18|21|22|23|28|29|30
760028,KOSPI,etn,True,,,2026-09-17,,18|21|22|23|28|29|30,01|02|03|04|07|08|09|10|11|14|15|16|17|18|21|22|23|28|29|30
760032,KOSPI,etn,True,,,2026-09-17,,18|21|22|23|28|29|30,01|02|03|04|07|08|09|10|11|14|15|16|17|18|21|22|23|28|29|30
900070,KOSDAQ,stock,True,,,2026-09-17,2026-09-04,18|21|22|23|28|29|30,07|08|09|10|11|14|15|16|17|18|21|22|23|28|29|30
900100,KOSDAQ,stock,True,,,2026-09-17,2026-09-04,18|21|22|23|28|29|30,07|08|09|10|11|14|15|16|17|18|21|22|23|28|29|30
900110,KOSDAQ,stock,True,,,2026-08-25,2026-09-04,01|02|03|04|07|08|09|10|11|14|15|16|17|18|21|22|23|28|29|30,07|08|09|10|11|14|15|16|17|18|21|22|23|28|29|30
900120,KOSDAQ,stock,True,,,2026-08-24,2026-09-04,01|02|03|04|07|08|09|10|11|14|15|16|17|18|21|22|23|28|29|30,07|08|09|10|11|14|15|16|17|18|21|22|23|28|29|30
900140,KOSPI,stock,True,,,2026-09-17,2026-09-04,18|21|22|23|28|29|30,07|08|09|10|11|14|15|16|17|18|21|22|23|28|29|30
900250,KOSDAQ,stock,True,,,2026-09-17,2026-09-04,18|21|22|23|28|29|30,07|08|09|10|11|14|15|16|17|18|21|22|23|28|29|30
900260,KOSDAQ,stock,True,,,2026-09-17,2026-09-04,18|21|22|23|28|29|30,07|08|09|10|11|14|15|16|17|18|21|22|23|28|29|30
900270,KOSDAQ,stock,True,,,2026-09-17,2026-09-04,18|21|22|23|28|29|30,07|08|09|10|11|14|15|16|17|18|21|22|23|28|29|30
900290,KOSDAQ,stock,True,,,2026-09-17,2026-09-04,18|21|22|23|28|29|30,07|08|09|10|11|14|15|16|17|18|21|22|23|28|29|30
900300,KOSDAQ,stock,True,,,2026-09-17,2026-09-04,18|21|22|23|28|29|30,07|08|09|10|11|14|15|16|17|18|21|22|23|28|29|30
900310,KOSDAQ,stock,True,,,2026-09-17,2026-09-04,18|21|22|23|28|29|30,07|08|09|10|11|14|15|16|17|18|21|22|23|28|29|30
900340,KOSDAQ,stock,True,,,2026-09-17,2026-09-04,18|21|22|23|28|29|30,07|08|09|10|11|14|15|16|17|18|21|22|23|28|29|30
950130,KOSDAQ,stock,True,,,2026-09-17,2026-09-04,18|21|22|23|28|29|30,07|08|09|10|11|14|15|16|17|18|21|22|23|28|29|30
950140,KOSDAQ,stock,True,,,2026-09-17,2026-09-04,18|21|22|23|28|29|30,07|08|09|10|11|14|15|16|17|18|21|22|23|28|29|30
950160,KOSDAQ,stock,True,,,2026-09-17,2026-09-04,18|21|22|23|28|29|30,07|08|09|10|11|14|15|16|17|18|21|22|23|28|29|30
950170,KOSDAQ,stock,True,,,2026-09-17,2026-09-04,18|21|22|23|28|29|30,07|08|09|10|11|14|15|16|17|18|21|22|23|28|29|30
950190,KOSDAQ,stock,True,,,2026-09-17,2026-09-04,18|21|22|23|28|29|30,07|08|09|10|11|14|15|16|17|18|21|22|23|28|29|30
950200,KOSDAQ,stock,True,,,2026-09-17,2026-09-04,18|21|22|23|28|29|30,07|08|09|10|11|14|15|16|17|18|21|22|23|28|29|30
950210,KOSPI,stock,True,,,2026-09-17,2026-09-04,18|21|22|23|28|29|30,07|08|09|10|11|14|15|16|17|18|21|22|23|28|29|30
950220,KOSDAQ,stock,True,,,2026-09-17,2026-09-04,18|21|22|23|28|29|30,07|08|09|10|11|14|15|16|17|18|21|22|23|28|29|30
950250,KOSDAQ,stock,True,,,2026-09-17,,18|21|22|23|28|29|30,01|02|03|04|07|08|09|10|11|14|15|16|17|18|21|22|23|28|29|30
950260,KOSDAQ,stock,True,,,2026-09-17,,18|21|22|23|28|29|30,01|02|03|04|07|08|09|10|11|14|15|16|17|18|21|22|23|28|29|30
