instrument_id,code,year,market,expected,observed,valid,missing,invalid,review_required,non_tradable
5,000080,2013,KOSPI,247,247,247,0,0,0,0
5,000080,2014,KOSPI,245,245,245,0,0,0,0
5,000080,2015,KOSPI,248,248,248,0,0,0,0
5,000080,2016,KOSPI,246,246,246,0,0,0,0
5,000080,2017,KOSPI,243,243,243,0,0,0,0
5,000080,2018,KOSPI,244,244,244,0,0,0,0
5,000080,2019,KOSPI,246,246,246,0,0,0,0
5,000080,2020,KOSPI,248,248,248,0,0,0,0
5,000080,2021,KOSPI,248,248,248,0,0,0,0
5,000080,2022,KOSPI,246,246,246,0,0,0,0
5,000080,2023,KOSPI,245,245,245,0,0,0,0
5,000080,2024,KOSPI,244,244,244,0,0,0,0
5,000080,2025,KOSPI,242,242,242,0,0,0,0
5,000080,2026,KOSPI,166,166,166,0,0,0,0
16,0001A0,2026,KOSDAQ,146,146,146,0,0,0,0
24,000250,2013,KOSDAQ,247,247,247,0,0,0,0
24,000250,2014,KOSDAQ,245,245,245,0,0,0,0
24,000250,2015,KOSDAQ,248,248,248,0,0,0,0
24,000250,2016,KOSDAQ,246,246,246,0,0,0,0
24,000250,2017,KOSDAQ,243,243,243,0,0,0,0
24,000250,2018,KOSDAQ,244,244,244,0,0,0,0
24,000250,2019,KOSDAQ,246,246,246,0,0,0,0
24,000250,2020,KOSDAQ,248,248,248,0,0,0,0
24,000250,2021,KOSDAQ,248,248,248,0,0,0,0
24,000250,2022,KOSDAQ,246,246,246,0,0,0,0
24,000250,2023,KOSDAQ,245,245,245,0,0,0,0
24,000250,2024,KOSDAQ,244,244,244,0,0,0,0
24,000250,2025,KOSDAQ,242,242,242,0,0,0,0
24,000250,2026,KOSDAQ,166,166,166,0,0,0,0
33,000440,2013,KOSDAQ,247,247,247,0,0,0,0
33,000440,2014,KOSDAQ,245,245,245,0,0,0,0
33,000440,2015,KOSDAQ,248,248,248,0,0,0,0
33,000440,2016,KOSDAQ,246,246,246,0,0,0,0
33,000440,2017,KOSDAQ,243,243,243,0,0,0,0
33,000440,2018,KOSDAQ,244,244,244,0,0,0,0
33,000440,2019,KOSDAQ,246,246,246,0,0,0,0
33,000440,2020,KOSDAQ,248,248,248,0,0,0,0
33,000440,2021,KOSDAQ,248,248,248,0,0,0,0
33,000440,2022,KOSDAQ,246,246,246,0,0,0,0
33,000440,2023,KOSDAQ,245,245,245,0,0,0,0
33,000440,2024,KOSDAQ,244,244,244,0,0,0,0
33,000440,2025,KOSDAQ,242,242,242,0,0,0,0
33,000440,2026,KOSDAQ,166,166,166,0,0,0,0
36,0004V0,2026,KOSDAQ,158,158,158,0,0,0,0
37,0004Y0,2025,KOSDAQ,109,109,109,0,0,0,0
37,0004Y0,2026,KOSDAQ,166,166,166,0,0,0,0
52,0007C0,2025,KOSDAQ,10,10,10,0,0,0,0
52,0007C0,2026,KOSDAQ,166,166,166,0,0,0,0
53,0007J0,2026,KOSDAQ,106,106,106,0,0,0,0
56,000850,2013,KOSPI,247,247,247,0,0,0,0
56,000850,2014,KOSPI,245,245,245,0,0,0,0
56,000850,2015,KOSPI,248,248,248,0,0,0,0
56,000850,2016,KOSPI,246,246,246,0,0,0,0
56,000850,2017,KOSPI,243,243,243,0,0,0,0
56,000850,2018,KOSPI,244,244,244,0,0,0,0
56,000850,2019,KOSPI,246,246,246,0,0,0,0
56,000850,2020,KOSPI,248,248,248,0,0,0,0
56,000850,2021,KOSPI,248,248,248,0,0,0,0
56,000850,2022,KOSPI,246,246,246,0,0,0,0
56,000850,2023,KOSPI,245,245,245,0,0,0,0
56,000850,2024,KOSPI,244,244,244,0,0,0,0
56,000850,2025,KOSPI,242,242,242,0,0,0,0
56,000850,2026,KOSPI,166,166,166,0,0,0,0
61,0008Z0,2025,KOSDAQ,90,90,90,0,0,0,0
61,0008Z0,2026,KOSDAQ,166,166,166,0,0,0,0
66,0009K0,2025,KOSDAQ,18,18,18,0,0,0,0
66,0009K0,2026,KOSDAQ,166,166,166,0,0,0,0
67,001000,2013,KOSDAQ,247,247,247,0,0,0,0
67,001000,2014,KOSDAQ,245,245,245,0,0,0,0
67,001000,2015,KOSDAQ,248,248,248,0,0,0,0
67,001000,2016,KOSDAQ,246,246,246,0,0,0,0
67,001000,2017,KOSDAQ,243,243,243,0,0,0,0
67,001000,2018,KOSDAQ,244,244,244,0,0,0,0
67,001000,2019,KOSDAQ,246,246,246,0,0,0,0
67,001000,2020,KOSDAQ,248,248,248,0,0,0,0
67,001000,2021,KOSDAQ,248,248,248,0,0,0,0
67,001000,2022,KOSDAQ,246,246,246,0,0,0,0
67,001000,2023,KOSDAQ,245,245,245,0,0,0,0
67,001000,2024,KOSDAQ,244,244,244,0,0,0,0
67,001000,2025,KOSDAQ,242,242,242,0,0,0,0
67,001000,2026,KOSDAQ,166,166,166,0,0,0,0
77,0010F0,2026,KOSDAQ,105,105,105,0,0,0,0
78,0010V0,2025,KOSDAQ,88,88,88,0,0,0,0
78,0010V0,2026,KOSDAQ,166,166,166,0,0,0,0
81,0011A0,2026,KOSDAQ,124,124,124,0,0,0,0
82,0011T0,2026,KOSDAQ,87,87,87,0,0,0,0
95,0013V0,2025,KOSDAQ,6,6,6,0,0,0,0
95,0013V0,2026,KOSDAQ,166,166,166,0,0,0,0
110,001540,2013,KOSDAQ,247,247,247,0,0,0,0
110,001540,2014,KOSDAQ,245,245,245,0,0,0,0
110,001540,2015,KOSDAQ,248,248,248,0,0,0,0
110,001540,2016,KOSDAQ,246,246,246,0,0,0,0
110,001540,2017,KOSDAQ,243,243,243,0,0,0,0
110,001540,2018,KOSDAQ,244,244,244,0,0,0,0
110,001540,2019,KOSDAQ,246,246,246,0,0,0,0
110,001540,2020,KOSDAQ,248,248,248,0,0,0,0
110,001540,2021,KOSDAQ,248,248,248,0,0,0,0
110,001540,2022,KOSDAQ,246,246,246,0,0,0,0
110,001540,2023,KOSDAQ,245,245,245,0,0,0,0
110,001540,2024,KOSDAQ,244,244,244,0,0,0,0
110,001540,2025,KOSDAQ,242,242,242,0,0,0,0
110,001540,2026,KOSDAQ,166,166,166,0,0,0,0
112,001560,2013,KOSPI,247,247,247,0,0,0,0
112,001560,2014,KOSPI,245,245,245,0,0,0,0
112,001560,2015,KOSPI,248,248,248,0,0,0,0
112,001560,2016,KOSPI,246,246,246,0,0,0,0
112,001560,2017,KOSPI,243,243,243,0,0,0,0
112,001560,2018,KOSPI,244,244,244,0,0,0,0
112,001560,2019,KOSPI,246,246,246,0,0,0,0
112,001560,2020,KOSPI,248,248,248,0,0,0,0
112,001560,2021,KOSPI,248,248,248,0,0,0,0
112,001560,2022,KOSPI,246,246,246,0,0,0,0
112,001560,2023,KOSPI,245,245,245,0,0,0,0
112,001560,2024,KOSPI,244,244,244,0,0,0,0
112,001560,2025,KOSPI,242,242,242,0,0,0,0
112,001560,2026,KOSPI,166,166,166,0,0,0,0
114,0015G0,2025,KOSDAQ,31,31,31,0,0,0,0
114,0015G0,2026,KOSDAQ,166,166,166,0,0,0,0
115,0015N0,2025,KOSDAQ,23,23,23,0,0,0,0
115,0015N0,2026,KOSDAQ,166,166,166,0,0,0,0
116,0015S0,2025,KOSDAQ,14,14,14,0,0,0,0
116,0015S0,2026,KOSDAQ,166,166,166,0,0,0,0
126,001780,2013,KOSPI,247,247,247,0,0,0,0
126,001780,2014,KOSPI,245,245,245,0,0,0,0
126,001780,2015,KOSPI,248,248,248,0,0,0,0
126,001780,2016,KOSPI,246,246,246,0,0,0,0
126,001780,2017,KOSPI,243,243,243,0,0,0,0
126,001780,2018,KOSPI,244,244,244,0,0,0,0
126,001780,2019,KOSPI,246,246,246,0,0,0,0
126,001780,2020,KOSPI,248,248,248,0,0,0,0
126,001780,2021,KOSPI,248,248,248,0,0,0,0
126,001780,2022,KOSPI,246,246,246,0,0,0,0
126,001780,2023,KOSPI,245,245,245,0,0,0,0
126,001780,2024,KOSPI,244,244,244,0,0,0,0
126,001780,2025,KOSPI,242,242,242,0,0,0,0
126,001780,2026,KOSPI,166,166,166,0,0,0,0
129,0017J0,2026,KOSDAQ,61,61,61,0,0,0,0
131,001810,2013,KOSDAQ,247,247,247,0,0,0,0
131,001810,2014,KOSDAQ,245,245,245,0,0,0,0
131,001810,2015,KOSDAQ,248,248,248,0,0,0,0
131,001810,2016,KOSDAQ,246,246,246,0,0,0,0
131,001810,2017,KOSDAQ,243,243,243,0,0,0,0
131,001810,2018,KOSDAQ,244,244,244,0,0,0,0
131,001810,2019,KOSDAQ,246,246,246,0,0,0,0
131,001810,2020,KOSDAQ,248,248,248,0,0,0,0
131,001810,2021,KOSDAQ,248,248,248,0,0,0,0
131,001810,2022,KOSDAQ,246,246,246,0,0,0,0
131,001810,2023,KOSDAQ,245,245,245,0,0,0,0
131,001810,2024,KOSDAQ,244,244,244,0,0,0,0
131,001810,2025,KOSDAQ,242,242,242,0,0,0,0
131,001810,2026,KOSDAQ,166,166,166,0,0,0,0
133,001840,2013,KOSDAQ,247,247,247,0,0,0,0
133,001840,2014,KOSDAQ,245,245,245,0,0,0,0
133,001840,2015,KOSDAQ,248,248,248,0,0,0,0
133,001840,2016,KOSDAQ,246,246,246,0,0,0,0
133,001840,2017,KOSDAQ,243,243,243,0,0,0,0
133,001840,2018,KOSDAQ,244,244,244,0,0,0,0
133,001840,2019,KOSDAQ,246,246,246,0,0,0,0
133,001840,2020,KOSDAQ,248,248,248,0,0,0,0
133,001840,2021,KOSDAQ,248,248,248,0,0,0,0
133,001840,2022,KOSDAQ,246,246,246,0,0,0,0
133,001840,2023,KOSDAQ,245,245,245,0,0,0,0
133,001840,2024,KOSDAQ,244,244,244,0,0,0,0
133,001840,2025,KOSDAQ,242,242,242,0,0,0,0
133,001840,2026,KOSDAQ,166,166,166,0,0,0,0
141,002150,2013,KOSPI,247,247,247,0,0,0,0
141,002150,2014,KOSPI,245,245,245,0,0,0,0
141,002150,2015,KOSPI,248,248,248,0,0,0,0
141,002150,2016,KOSPI,246,246,246,0,0,0,0
141,002150,2017,KOSPI,243,243,243,0,0,0,0
141,002150,2018,KOSPI,244,244,244,0,0,0,0
141,002150,2019,KOSPI,246,246,246,0,0,0,0
141,002150,2020,KOSPI,248,248,248,0,0,0,0
141,002150,2021,KOSPI,248,248,248,0,0,0,0
141,002150,2022,KOSPI,246,246,246,0,0,0,0
141,002150,2023,KOSPI,245,245,245,0,0,0,0
141,002150,2024,KOSPI,244,244,244,0,0,0,0
141,002150,2025,KOSPI,242,242,242,0,0,0,0
141,002150,2026,KOSPI,166,166,166,0,0,0,0
146,002230,2013,KOSDAQ,247,247,247,0,0,0,0
146,002230,2014,KOSDAQ,245,245,245,0,0,0,0
146,002230,2015,KOSDAQ,248,248,248,0,0,0,0
146,002230,2016,KOSDAQ,246,246,246,0,0,0,0
146,002230,2017,KOSDAQ,243,243,243,0,0,0,0
146,002230,2018,KOSDAQ,244,244,244,0,0,0,0
146,002230,2019,KOSDAQ,246,246,246,0,0,0,0
146,002230,2020,KOSDAQ,248,248,248,0,0,0,0
146,002230,2021,KOSDAQ,248,248,248,0,0,0,0
146,002230,2022,KOSDAQ,246,246,246,0,0,0,0
146,002230,2023,KOSDAQ,245,245,245,0,0,0,0
146,002230,2024,KOSDAQ,244,244,244,0,0,0,0
146,002230,2025,KOSDAQ,242,242,242,0,0,0,0
146,002230,2026,KOSDAQ,166,166,166,0,0,0,0
148,002290,2013,KOSDAQ,247,247,247,0,0,0,0
148,002290,2014,KOSDAQ,245,245,245,0,0,0,0
148,002290,2015,KOSDAQ,248,248,248,0,0,0,0
148,002290,2016,KOSDAQ,246,246,246,0,0,0,0
148,002290,2017,KOSDAQ,243,243,243,0,0,0,0
148,002290,2018,KOSDAQ,244,244,244,0,0,0,0
148,002290,2019,KOSDAQ,246,246,246,0,0,0,0
148,002290,2020,KOSDAQ,248,248,248,0,0,0,0
148,002290,2021,KOSDAQ,248,248,248,0,0,0,0
148,002290,2022,KOSDAQ,246,246,246,0,0,0,0
148,002290,2023,KOSDAQ,245,245,245,0,0,0,0
148,002290,2024,KOSDAQ,244,244,244,0,0,0,0
148,002290,2025,KOSDAQ,242,242,242,0,0,0,0
148,002290,2026,KOSDAQ,166,166,166,0,0,0,0
163,002680,2013,KOSDAQ,247,247,247,0,0,0,0
163,002680,2014,KOSDAQ,245,245,245,0,0,0,0
163,002680,2015,KOSDAQ,248,248,248,0,0,0,0
163,002680,2016,KOSDAQ,246,246,246,0,0,0,0
163,002680,2017,KOSDAQ,243,243,243,0,0,0,0
163,002680,2018,KOSDAQ,244,244,244,0,0,0,0
163,002680,2019,KOSDAQ,246,246,246,0,0,0,0
163,002680,2020,KOSDAQ,248,248,248,0,0,0,0
163,002680,2021,KOSDAQ,248,248,248,0,0,0,0
163,002680,2022,KOSDAQ,246,246,246,0,0,0,0
163,002680,2023,KOSDAQ,245,245,245,0,0,0,0
163,002680,2024,KOSDAQ,244,244,244,0,0,0,0
163,002680,2025,KOSDAQ,242,242,242,0,0,0,0
163,002680,2026,KOSDAQ,166,166,166,0,0,0,0
164,002690,2015,KOSPI,66,66,66,0,0,0,0
164,002690,2016,KOSPI,246,246,246,0,0,0,0
164,002690,2017,KOSPI,243,243,243,0,0,0,0
164,002690,2018,KOSPI,244,244,244,0,0,0,0
164,002690,2019,KOSPI,246,246,246,0,0,0,0
164,002690,2020,KOSPI,248,248,248,0,0,0,0
164,002690,2021,KOSPI,248,248,248,0,0,0,0
164,002690,2022,KOSPI,246,246,246,0,0,0,0
164,002690,2023,KOSPI,245,245,245,0,0,0,0
164,002690,2024,KOSPI,244,244,244,0,0,0,0
164,002690,2025,KOSPI,242,242,242,0,0,0,0
164,002690,2026,KOSPI,166,166,166,0,0,0,0
175,002800,2017,KOSDAQ,204,204,204,0,0,0,0
175,002800,2018,KOSDAQ,244,244,244,0,0,0,0
175,002800,2019,KOSDAQ,246,246,246,0,0,0,0
175,002800,2020,KOSDAQ,248,248,248,0,0,0,0
175,002800,2021,KOSDAQ,248,248,248,0,0,0,0
175,002800,2022,KOSDAQ,246,246,246,0,0,0,0
175,002800,2023,KOSDAQ,245,245,245,0,0,0,0
175,002800,2024,KOSDAQ,244,244,244,0,0,0,0
175,002800,2025,KOSDAQ,242,242,242,0,0,0,0
175,002800,2026,KOSDAQ,166,166,166,0,0,0,0
195,003100,2013,KOSDAQ,247,247,247,0,0,0,0
195,003100,2014,KOSDAQ,245,245,245,0,0,0,0
195,003100,2015,KOSDAQ,248,248,248,0,0,0,0
195,003100,2016,KOSDAQ,246,246,246,0,0,0,0
195,003100,2017,KOSDAQ,243,243,243,0,0,0,0
195,003100,2018,KOSDAQ,244,244,244,0,0,0,0
195,003100,2019,KOSDAQ,246,246,246,0,0,0,0
195,003100,2020,KOSDAQ,248,248,248,0,0,0,0
195,003100,2021,KOSDAQ,248,248,248,0,0,0,0
195,003100,2022,KOSDAQ,246,246,246,0,0,0,0
195,003100,2023,KOSDAQ,245,245,245,0,0,0,0
195,003100,2024,KOSDAQ,244,244,244,0,0,0,0
195,003100,2025,KOSDAQ,242,242,242,0,0,0,0
195,003100,2026,KOSDAQ,166,166,166,0,0,0,0
199,003220,2013,KOSPI,247,247,247,0,0,0,0
199,003220,2014,KOSPI,245,245,245,0,0,0,0
199,003220,2015,KOSPI,248,248,248,0,0,0,0
199,003220,2016,KOSPI,246,246,246,0,0,0,0
199,003220,2017,KOSPI,243,243,243,0,0,0,0
199,003220,2018,KOSPI,244,244,244,0,0,0,0
199,003220,2019,KOSPI,246,246,246,0,0,0,0
199,003220,2020,KOSPI,248,248,248,0,0,0,0
199,003220,2021,KOSPI,248,248,248,0,0,0,0
199,003220,2022,KOSPI,246,246,246,0,0,0,0
199,003220,2023,KOSPI,245,245,245,0,0,0,0
199,003220,2024,KOSPI,244,244,244,0,0,0,0
199,003220,2025,KOSPI,242,242,242,0,0,0,0
199,003220,2026,KOSPI,166,166,166,0,0,0,0
204,003310,2013,KOSDAQ,247,247,247,0,0,0,0
204,003310,2014,KOSDAQ,245,245,245,0,0,0,0
204,003310,2015,KOSDAQ,248,248,248,0,0,0,0
204,003310,2016,KOSDAQ,246,246,246,0,0,0,0
204,003310,2017,KOSDAQ,243,243,243,0,0,0,0
204,003310,2018,KOSDAQ,244,244,244,0,0,0,0
204,003310,2019,KOSDAQ,246,246,246,0,0,0,0
204,003310,2020,KOSDAQ,248,248,248,0,0,0,0
204,003310,2021,KOSDAQ,248,248,248,0,0,0,0
204,003310,2022,KOSDAQ,246,246,246,0,0,0,0
204,003310,2023,KOSDAQ,245,245,245,0,0,0,0
204,003310,2024,KOSDAQ,244,244,244,0,0,0,0
204,003310,2025,KOSDAQ,242,242,242,0,0,0,0
204,003310,2026,KOSDAQ,166,166,166,0,0,0,0
227,003670,2019,KOSPI,147,147,147,0,0,0,0
227,003670,2020,KOSPI,248,248,248,0,0,0,0
227,003670,2021,KOSPI,248,248,248,0,0,0,0
227,003670,2022,KOSPI,246,246,246,0,0,0,0
227,003670,2023,KOSPI,245,245,245,0,0,0,0
227,003670,2024,KOSPI,244,244,244,0,0,0,0
227,003670,2025,KOSPI,242,242,242,0,0,0,0
227,003670,2026,KOSPI,166,166,166,0,0,0,0
232,0037T0,2025,KOSDAQ,121,121,121,0,0,0,0
232,0037T0,2026,KOSDAQ,166,166,166,0,0,0,0
233,003800,2013,KOSDAQ,247,247,247,0,0,0,0
233,003800,2014,KOSDAQ,245,245,245,0,0,0,0
233,003800,2015,KOSDAQ,248,248,248,0,0,0,0
233,003800,2016,KOSDAQ,246,246,246,0,0,0,0
233,003800,2017,KOSDAQ,243,243,243,0,0,0,0
233,003800,2018,KOSDAQ,244,244,244,0,0,0,0
233,003800,2019,KOSDAQ,246,246,246,0,0,0,0
233,003800,2020,KOSDAQ,248,248,248,0,0,0,0
233,003800,2021,KOSDAQ,248,248,248,0,0,0,0
233,003800,2022,KOSDAQ,246,246,246,0,0,0,0
233,003800,2023,KOSDAQ,245,245,245,0,0,0,0
233,003800,2024,KOSDAQ,244,244,244,0,0,0,0
233,003800,2025,KOSDAQ,242,242,242,0,0,0,0
233,003800,2026,KOSDAQ,166,166,166,0,0,0,0
239,0039P0,2026,KOSDAQ,46,46,46,0,0,0,0
250,0041B0,2025,KOSDAQ,92,92,92,0,0,0,0
250,0041B0,2026,KOSDAQ,166,166,166,0,0,0,0
251,0041J0,2025,KOSDAQ,109,109,109,0,0,0,0
251,0041J0,2026,KOSDAQ,166,166,166,0,0,0,0
252,0041L0,2025,KOSDAQ,98,98,98,0,0,0,0
252,0041L0,2026,KOSDAQ,166,166,166,0,0,0,0
264,004440,2016,KOSPI,188,188,188,0,0,0,0
264,004440,2017,KOSPI,243,243,243,0,0,0,0
264,004440,2018,KOSPI,244,244,244,0,0,0,0
264,004440,2019,KOSPI,246,246,246,0,0,0,0
264,004440,2020,KOSPI,248,248,248,0,0,0,0
264,004440,2021,KOSPI,248,248,248,0,0,0,0
264,004440,2022,KOSPI,246,246,246,0,0,0,0
264,004440,2023,KOSPI,245,245,245,0,0,0,0
264,004440,2024,KOSPI,244,244,244,0,0,0,0
264,004440,2025,KOSPI,242,242,242,0,0,0,0
264,004440,2026,KOSPI,166,166,166,0,0,0,0
267,0044K0,2025,KOSDAQ,88,88,88,0,0,0,0
267,0044K0,2026,KOSDAQ,166,166,166,0,0,0,0
271,004590,2013,KOSDAQ,247,247,247,0,0,0,0
271,004590,2014,KOSDAQ,245,245,245,0,0,0,0
271,004590,2015,KOSDAQ,248,248,248,0,0,0,0
271,004590,2016,KOSDAQ,246,246,246,0,0,0,0
271,004590,2017,KOSDAQ,243,243,243,0,0,0,0
271,004590,2018,KOSDAQ,244,244,244,0,0,0,0
271,004590,2019,KOSDAQ,246,246,246,0,0,0,0
271,004590,2020,KOSDAQ,248,248,248,0,0,0,0
271,004590,2021,KOSDAQ,248,248,248,0,0,0,0
271,004590,2022,KOSDAQ,246,246,246,0,0,0,0
271,004590,2023,KOSDAQ,245,245,245,0,0,0,0
271,004590,2024,KOSDAQ,244,244,244,0,0,0,0
271,004590,2025,KOSDAQ,242,242,242,0,0,0,0
271,004590,2026,KOSDAQ,166,166,166,0,0,0,0
272,004650,2014,KOSDAQ,103,103,103,0,0,0,0
272,004650,2015,KOSDAQ,248,248,248,0,0,0,0
272,004650,2016,KOSDAQ,246,246,246,0,0,0,0
272,004650,2017,KOSDAQ,243,243,243,0,0,0,0
272,004650,2018,KOSDAQ,244,244,244,0,0,0,0
272,004650,2019,KOSDAQ,246,246,246,0,0,0,0
272,004650,2020,KOSDAQ,248,248,248,0,0,0,0
272,004650,2021,KOSDAQ,248,248,248,0,0,0,0
272,004650,2022,KOSDAQ,246,246,246,0,0,0,0
272,004650,2023,KOSDAQ,245,245,245,0,0,0,0
272,004650,2024,KOSDAQ,244,244,244,0,0,0,0
272,004650,2025,KOSDAQ,242,242,242,0,0,0,0
272,004650,2026,KOSDAQ,166,166,166,0,0,0,0
278,004780,2013,KOSDAQ,247,247,247,0,0,0,0
278,004780,2014,KOSDAQ,245,245,245,0,0,0,0
278,004780,2015,KOSDAQ,248,248,248,0,0,0,0
278,004780,2016,KOSDAQ,246,246,246,0,0,0,0
278,004780,2017,KOSDAQ,243,243,243,0,0,0,0
278,004780,2018,KOSDAQ,244,244,244,0,0,0,0
278,004780,2019,KOSDAQ,246,246,246,0,0,0,0
278,004780,2020,KOSDAQ,248,248,248,0,0,0,0
278,004780,2021,KOSDAQ,248,248,248,0,0,0,0
278,004780,2022,KOSDAQ,246,246,246,0,0,0,0
278,004780,2023,KOSDAQ,245,245,245,0,0,0,0
278,004780,2024,KOSDAQ,244,244,244,0,0,0,0
278,004780,2025,KOSDAQ,242,242,242,0,0,0,0
278,004780,2026,KOSDAQ,166,166,166,0,0,0,0
284,004890,2013,KOSPI,247,247,247,0,0,0,0
284,004890,2014,KOSPI,245,245,245,0,0,0,0
284,004890,2015,KOSPI,248,248,248,0,0,0,0
284,004890,2016,KOSPI,246,246,246,0,0,0,0
284,004890,2017,KOSPI,243,243,243,0,0,0,0
284,004890,2018,KOSPI,244,244,244,0,0,0,0
284,004890,2019,KOSPI,246,246,246,0,0,0,0
284,004890,2020,KOSPI,248,248,248,0,0,0,0
284,004890,2021,KOSPI,248,248,248,0,0,0,0
284,004890,2022,KOSPI,246,246,246,0,0,0,0
284,004890,2023,KOSPI,245,245,245,0,0,0,0
284,004890,2024,KOSPI,244,244,244,0,0,0,0
284,004890,2025,KOSPI,242,242,242,0,0,0,0
284,004890,2026,KOSPI,166,166,166,0,0,0,0
298,005160,2013,KOSDAQ,247,247,247,0,0,0,0
298,005160,2014,KOSDAQ,245,245,245,0,0,0,0
298,005160,2015,KOSDAQ,248,248,248,0,0,0,0
298,005160,2016,KOSDAQ,246,246,246,0,0,0,0
298,005160,2017,KOSDAQ,243,243,243,0,0,0,0
298,005160,2018,KOSDAQ,244,244,244,0,0,0,0
298,005160,2019,KOSDAQ,246,246,246,0,0,0,0
298,005160,2020,KOSDAQ,248,248,248,0,0,0,0
298,005160,2021,KOSDAQ,248,248,248,0,0,0,0
298,005160,2022,KOSDAQ,246,246,246,0,0,0,0
298,005160,2023,KOSDAQ,245,245,245,0,0,0,0
298,005160,2024,KOSDAQ,244,244,244,0,0,0,0
298,005160,2025,KOSDAQ,242,242,242,0,0,0,0
298,005160,2026,KOSDAQ,166,166,166,0,0,0,0
302,005290,2013,KOSDAQ,247,247,247,0,0,0,0
302,005290,2014,KOSDAQ,245,245,245,0,0,0,0
302,005290,2015,KOSDAQ,248,248,248,0,0,0,0
302,005290,2016,KOSDAQ,246,246,246,0,0,0,0
302,005290,2017,KOSDAQ,243,243,243,0,0,0,0
302,005290,2018,KOSDAQ,244,244,244,0,0,0,0
302,005290,2019,KOSDAQ,246,246,246,0,0,0,0
302,005290,2020,KOSDAQ,248,248,248,0,0,0,0
302,005290,2021,KOSDAQ,248,248,248,0,0,0,0
302,005290,2022,KOSDAQ,246,246,246,0,0,0,0
302,005290,2023,KOSDAQ,245,245,245,0,0,0,0
302,005290,2024,KOSDAQ,244,244,244,0,0,0,0
302,005290,2025,KOSDAQ,242,242,242,0,0,0,0
302,005290,2026,KOSDAQ,166,166,166,0,0,0,0
315,0054V0,2025,KOSDAQ,17,17,17,0,0,0,0
315,0054V0,2026,KOSDAQ,166,166,166,0,0,0,0
318,005670,2013,KOSDAQ,247,247,247,0,0,0,0
318,005670,2014,KOSDAQ,245,245,245,0,0,0,0
318,005670,2015,KOSDAQ,248,248,248,0,0,0,0
318,005670,2016,KOSDAQ,246,246,246,0,0,0,0
318,005670,2017,KOSDAQ,243,243,243,0,0,0,0
318,005670,2018,KOSDAQ,244,244,244,0,0,0,0
318,005670,2019,KOSDAQ,246,246,246,0,0,0,0
318,005670,2020,KOSDAQ,248,248,248,0,0,0,0
318,005670,2021,KOSDAQ,248,248,248,0,0,0,0
318,005670,2022,KOSDAQ,246,246,246,0,0,0,0
318,005670,2023,KOSDAQ,245,245,245,0,0,0,0
318,005670,2024,KOSDAQ,244,244,244,0,0,0,0
318,005670,2025,KOSDAQ,242,242,242,0,0,0,0
318,005670,2026,KOSDAQ,166,166,166,0,0,0,0
321,005710,2013,KOSDAQ,247,247,247,0,0,0,0
321,005710,2014,KOSDAQ,245,245,245,0,0,0,0
321,005710,2015,KOSDAQ,248,248,248,0,0,0,0
321,005710,2016,KOSDAQ,246,246,246,0,0,0,0
321,005710,2017,KOSDAQ,243,243,243,0,0,0,0
321,005710,2018,KOSDAQ,244,244,244,0,0,0,0
321,005710,2019,KOSDAQ,246,246,246,0,0,0,0
321,005710,2020,KOSDAQ,248,248,248,0,0,0,0
321,005710,2021,KOSDAQ,248,248,248,0,0,0,0
321,005710,2022,KOSDAQ,246,246,246,0,0,0,0
321,005710,2023,KOSDAQ,245,245,245,0,0,0,0
321,005710,2024,KOSDAQ,244,244,244,0,0,0,0
321,005710,2025,KOSDAQ,242,242,242,0,0,0,0
321,005710,2026,KOSDAQ,166,166,166,0,0,0,0
332,005860,2013,KOSDAQ,247,247,247,0,0,0,0
332,005860,2014,KOSDAQ,245,245,245,0,0,0,0
332,005860,2015,KOSDAQ,248,248,247,0,0,1,0
332,005860,2016,KOSDAQ,246,246,246,0,0,0,0
332,005860,2017,KOSDAQ,243,243,243,0,0,0,0
332,005860,2018,KOSDAQ,244,244,244,0,0,0,0
332,005860,2019,KOSDAQ,246,246,246,0,0,0,0
332,005860,2020,KOSDAQ,248,248,248,0,0,0,0
332,005860,2021,KOSDAQ,248,248,248,0,0,0,0
332,005860,2022,KOSDAQ,246,246,246,0,0,0,0
332,005860,2023,KOSDAQ,245,245,245,0,0,0,0
332,005860,2024,KOSDAQ,244,244,244,0,0,0,0
332,005860,2025,KOSDAQ,242,242,242,0,0,0,0
332,005860,2026,KOSDAQ,166,166,166,0,0,0,0
342,005990,2013,KOSDAQ,247,247,247,0,0,0,0
342,005990,2014,KOSDAQ,245,245,245,0,0,0,0
342,005990,2015,KOSDAQ,248,248,248,0,0,0,0
342,005990,2016,KOSDAQ,246,246,246,0,0,0,0
342,005990,2017,KOSDAQ,243,243,243,0,0,0,0
342,005990,2018,KOSDAQ,244,244,244,0,0,0,0
342,005990,2019,KOSDAQ,246,246,246,0,0,0,0
342,005990,2020,KOSDAQ,248,248,248,0,0,0,0
342,005990,2021,KOSDAQ,248,248,248,0,0,0,0
342,005990,2022,KOSDAQ,246,246,246,0,0,0,0
342,005990,2023,KOSDAQ,245,245,245,0,0,0,0
342,005990,2024,KOSDAQ,244,244,244,0,0,0,0
342,005990,2025,KOSDAQ,242,242,242,0,0,0,0
342,005990,2026,KOSDAQ,166,166,166,0,0,0,0
344,006050,2013,KOSDAQ,247,247,247,0,0,0,0
344,006050,2014,KOSDAQ,245,245,245,0,0,0,0
344,006050,2015,KOSDAQ,248,248,248,0,0,0,0
344,006050,2016,KOSDAQ,246,246,246,0,0,0,0
344,006050,2017,KOSDAQ,243,243,243,0,0,0,0
344,006050,2018,KOSDAQ,244,244,244,0,0,0,0
344,006050,2019,KOSDAQ,246,246,246,0,0,0,0
344,006050,2020,KOSDAQ,248,248,248,0,0,0,0
344,006050,2021,KOSDAQ,248,248,248,0,0,0,0
344,006050,2022,KOSDAQ,246,246,246,0,0,0,0
344,006050,2023,KOSDAQ,245,245,245,0,0,0,0
344,006050,2024,KOSDAQ,244,244,244,0,0,0,0
344,006050,2025,KOSDAQ,242,242,242,0,0,0,0
344,006050,2026,KOSDAQ,166,166,166,0,0,0,0
350,006140,2013,KOSDAQ,247,247,247,0,0,0,0
350,006140,2014,KOSDAQ,245,245,245,0,0,0,0
350,006140,2015,KOSDAQ,248,248,248,0,0,0,0
350,006140,2016,KOSDAQ,246,246,246,0,0,0,0
350,006140,2017,KOSDAQ,243,243,243,0,0,0,0
350,006140,2018,KOSDAQ,244,244,244,0,0,0,0
350,006140,2019,KOSDAQ,246,246,246,0,0,0,0
350,006140,2020,KOSDAQ,248,248,248,0,0,0,0
350,006140,2021,KOSDAQ,248,248,248,0,0,0,0
350,006140,2022,KOSDAQ,246,246,246,0,0,0,0
350,006140,2023,KOSDAQ,245,245,245,0,0,0,0
350,006140,2024,KOSDAQ,244,244,244,0,0,0,0
350,006140,2025,KOSDAQ,242,242,242,0,0,0,0
350,006140,2026,KOSDAQ,166,166,166,0,0,0,0
364,006620,2018,KOSDAQ,214,214,214,0,0,0,0
364,006620,2019,KOSDAQ,246,246,246,0,0,0,0
364,006620,2020,KOSDAQ,248,248,248,0,0,0,0
364,006620,2021,KOSDAQ,248,248,248,0,0,0,0
364,006620,2022,KOSDAQ,246,246,246,0,0,0,0
364,006620,2023,KOSDAQ,245,245,245,0,0,0,0
364,006620,2024,KOSDAQ,244,244,244,0,0,0,0
364,006620,2025,KOSDAQ,242,242,242,0,0,0,0
364,006620,2026,KOSDAQ,166,166,166,0,0,0,0
365,006650,2013,KOSPI,247,247,247,0,0,0,0
365,006650,2014,KOSPI,245,245,245,0,0,0,0
365,006650,2015,KOSPI,248,248,248,0,0,0,0
365,006650,2016,KOSPI,246,246,246,0,0,0,0
365,006650,2017,KOSPI,243,243,243,0,0,0,0
365,006650,2018,KOSPI,244,244,244,0,0,0,0
365,006650,2019,KOSPI,246,246,246,0,0,0,0
365,006650,2020,KOSPI,248,248,248,0,0,0,0
365,006650,2021,KOSPI,248,248,248,0,0,0,0
365,006650,2022,KOSPI,246,246,246,0,0,0,0
365,006650,2023,KOSPI,245,245,245,0,0,0,0
365,006650,2024,KOSPI,244,244,244,0,0,0,0
365,006650,2025,KOSPI,242,242,242,0,0,0,0
365,006650,2026,KOSPI,166,166,166,0,0,0,0
367,006730,2013,KOSDAQ,247,247,247,0,0,0,0
367,006730,2014,KOSDAQ,245,245,245,0,0,0,0
367,006730,2015,KOSDAQ,248,248,248,0,0,0,0
367,006730,2016,KOSDAQ,246,246,246,0,0,0,0
367,006730,2017,KOSDAQ,243,243,243,0,0,0,0
367,006730,2018,KOSDAQ,244,244,244,0,0,0,0
367,006730,2019,KOSDAQ,246,246,246,0,0,0,0
367,006730,2020,KOSDAQ,248,248,248,0,0,0,0
367,006730,2021,KOSDAQ,248,248,248,0,0,0,0
367,006730,2022,KOSDAQ,246,246,246,0,0,0,0
367,006730,2023,KOSDAQ,245,245,245,0,0,0,0
367,006730,2024,KOSDAQ,244,244,244,0,0,0,0
367,006730,2025,KOSDAQ,242,242,242,0,0,0,0
367,006730,2026,KOSDAQ,166,166,166,0,0,0,0
372,006840,2013,KOSPI,247,247,247,0,0,0,0
372,006840,2014,KOSPI,245,245,245,0,0,0,0
372,006840,2015,KOSPI,248,248,248,0,0,0,0
372,006840,2016,KOSPI,246,246,246,0,0,0,0
372,006840,2017,KOSPI,243,243,243,0,0,0,0
372,006840,2018,KOSPI,244,244,244,0,0,0,0
372,006840,2019,KOSPI,246,246,246,0,0,0,0
372,006840,2020,KOSPI,248,248,248,0,0,0,0
372,006840,2021,KOSPI,248,248,248,0,0,0,0
372,006840,2022,KOSPI,246,246,246,0,0,0,0
372,006840,2023,KOSPI,245,245,245,0,0,0,0
372,006840,2024,KOSPI,244,244,244,0,0,0,0
372,006840,2025,KOSPI,242,242,242,0,0,0,0
372,006840,2026,KOSPI,166,166,166,0,0,0,0
373,006880,2013,KOSPI,27,27,27,0,0,0,0
373,006880,2014,KOSPI,245,245,245,0,0,0,0
373,006880,2015,KOSPI,248,248,248,0,0,0,0
373,006880,2016,KOSPI,246,246,246,0,0,0,0
373,006880,2017,KOSPI,243,243,243,0,0,0,0
373,006880,2018,KOSPI,244,244,244,0,0,0,0
373,006880,2019,KOSPI,246,246,246,0,0,0,0
373,006880,2020,KOSPI,248,248,248,0,0,0,0
373,006880,2021,KOSPI,248,248,248,0,0,0,0
373,006880,2022,KOSPI,246,246,246,0,0,0,0
373,006880,2023,KOSPI,245,245,245,0,0,0,0
373,006880,2024,KOSPI,244,244,244,0,0,0,0
373,006880,2025,KOSPI,242,242,242,0,0,0,0
373,006880,2026,KOSPI,166,166,166,0,0,0,0
374,006890,2013,KOSPI,247,247,247,0,0,0,0
374,006890,2014,KOSPI,245,245,245,0,0,0,0
374,006890,2015,KOSPI,248,248,248,0,0,0,0
374,006890,2016,KOSPI,246,246,246,0,0,0,0
374,006890,2017,KOSPI,243,243,243,0,0,0,0
374,006890,2018,KOSPI,244,244,244,0,0,0,0
374,006890,2019,KOSPI,246,246,246,0,0,0,0
374,006890,2020,KOSPI,248,248,248,0,0,0,0
374,006890,2021,KOSPI,248,248,248,0,0,0,0
374,006890,2022,KOSPI,246,246,246,0,0,0,0
374,006890,2023,KOSPI,245,245,245,0,0,0,0
374,006890,2024,KOSPI,244,244,244,0,0,0,0
374,006890,2025,KOSPI,242,242,242,0,0,0,0
374,006890,2026,KOSPI,166,166,166,0,0,0,0
375,0068Y0,2025,KOSDAQ,27,27,27,0,0,0,0
375,0068Y0,2026,KOSDAQ,166,166,166,0,0,0,0
376,006910,2013,KOSDAQ,247,247,247,0,0,0,0
376,006910,2014,KOSDAQ,245,245,245,0,0,0,0
376,006910,2015,KOSDAQ,248,248,248,0,0,0,0
376,006910,2016,KOSDAQ,246,246,246,0,0,0,0
376,006910,2017,KOSDAQ,243,243,243,0,0,0,0
376,006910,2018,KOSDAQ,244,244,244,0,0,0,0
376,006910,2019,KOSDAQ,246,246,246,0,0,0,0
376,006910,2020,KOSDAQ,248,248,248,0,0,0,0
376,006910,2021,KOSDAQ,248,248,248,0,0,0,0
376,006910,2022,KOSDAQ,246,246,246,0,0,0,0
376,006910,2023,KOSDAQ,245,245,245,0,0,0,0
376,006910,2024,KOSDAQ,244,244,244,0,0,0,0
376,006910,2025,KOSDAQ,242,242,242,0,0,0,0
376,006910,2026,KOSDAQ,166,166,166,0,0,0,0
377,006920,2013,KOSDAQ,247,247,247,0,0,0,0
377,006920,2014,KOSDAQ,245,245,245,0,0,0,0
377,006920,2015,KOSDAQ,248,248,248,0,0,0,0
377,006920,2016,KOSDAQ,246,246,246,0,0,0,0
377,006920,2017,KOSDAQ,243,243,243,0,0,0,0
377,006920,2018,KOSDAQ,244,244,244,0,0,0,0
377,006920,2019,KOSDAQ,246,246,246,0,0,0,0
377,006920,2020,KOSDAQ,248,248,248,0,0,0,0
377,006920,2021,KOSDAQ,248,248,248,0,0,0,0
377,006920,2022,KOSDAQ,246,246,246,0,0,0,0
377,006920,2023,KOSDAQ,245,245,245,0,0,0,0
377,006920,2024,KOSDAQ,244,244,244,0,0,0,0
377,006920,2025,KOSDAQ,242,242,242,0,0,0,0
377,006920,2026,KOSDAQ,166,166,166,0,0,0,0
379,007070,2013,KOSPI,247,247,247,0,0,0,0
379,007070,2014,KOSPI,245,245,245,0,0,0,0
379,007070,2015,KOSPI,248,248,248,0,0,0,0
379,007070,2016,KOSPI,246,246,246,0,0,0,0
379,007070,2017,KOSPI,243,243,243,0,0,0,0
379,007070,2018,KOSPI,244,244,244,0,0,0,0
379,007070,2019,KOSPI,246,246,246,0,0,0,0
379,007070,2020,KOSPI,248,248,248,0,0,0,0
379,007070,2021,KOSPI,248,248,248,0,0,0,0
379,007070,2022,KOSPI,246,246,246,0,0,0,0
379,007070,2023,KOSPI,245,245,245,0,0,0,0
379,007070,2024,KOSPI,244,244,244,0,0,0,0
379,007070,2025,KOSPI,242,242,242,0,0,0,0
379,007070,2026,KOSPI,166,166,166,0,0,0,0
381,007120,2013,KOSPI,247,247,247,0,0,0,0
381,007120,2014,KOSPI,245,245,245,0,0,0,0
381,007120,2015,KOSPI,248,248,248,0,0,0,0
381,007120,2016,KOSPI,246,246,246,0,0,0,0
381,007120,2017,KOSPI,243,243,243,0,0,0,0
381,007120,2018,KOSPI,244,244,244,0,0,0,0
381,007120,2019,KOSPI,246,246,246,0,0,0,0
381,007120,2020,KOSPI,248,248,248,0,0,0,0
381,007120,2021,KOSPI,248,248,248,0,0,0,0
381,007120,2022,KOSPI,246,246,246,0,0,0,0
381,007120,2023,KOSPI,245,245,245,0,0,0,0
381,007120,2024,KOSPI,244,244,244,0,0,0,0
381,007120,2025,KOSPI,242,242,242,0,0,0,0
381,007120,2026,KOSPI,166,166,166,0,0,0,0
383,0071M0,2025,KOSDAQ,60,60,60,0,0,0,0
383,0071M0,2026,KOSDAQ,166,166,166,0,0,0,0
386,0072Z0,2025,KOSDAQ,60,60,60,0,0,0,0
386,0072Z0,2026,KOSDAQ,166,166,166,0,0,0,0
388,007330,2013,KOSDAQ,247,247,247,0,0,0,0
388,007330,2014,KOSDAQ,245,245,245,0,0,0,0
388,007330,2015,KOSDAQ,248,248,248,0,0,0,0
388,007330,2016,KOSDAQ,246,246,246,0,0,0,0
388,007330,2017,KOSDAQ,243,243,243,0,0,0,0
388,007330,2018,KOSDAQ,244,244,244,0,0,0,0
388,007330,2019,KOSDAQ,246,246,246,0,0,0,0
388,007330,2020,KOSDAQ,248,248,248,0,0,0,0
388,007330,2021,KOSDAQ,248,248,248,0,0,0,0
388,007330,2022,KOSDAQ,246,246,246,0,0,0,0
388,007330,2023,KOSDAQ,245,245,245,0,0,0,0
388,007330,2024,KOSDAQ,244,244,244,0,0,0,0
388,007330,2025,KOSDAQ,242,242,242,0,0,0,0
388,007330,2026,KOSDAQ,166,166,166,0,0,0,0
390,007370,2013,KOSDAQ,247,247,247,0,0,0,0
390,007370,2014,KOSDAQ,245,245,245,0,0,0,0
390,007370,2015,KOSDAQ,248,248,248,0,0,0,0
390,007370,2016,KOSDAQ,246,246,246,0,0,0,0
390,007370,2017,KOSDAQ,243,243,243,0,0,0,0
390,007370,2018,KOSDAQ,244,244,244,0,0,0,0
390,007370,2019,KOSDAQ,246,246,246,0,0,0,0
390,007370,2020,KOSDAQ,248,248,248,0,0,0,0
390,007370,2021,KOSDAQ,248,248,248,0,0,0,0
390,007370,2022,KOSDAQ,246,246,246,0,0,0,0
390,007370,2023,KOSDAQ,245,245,245,0,0,0,0
390,007370,2024,KOSDAQ,244,244,244,0,0,0,0
390,007370,2025,KOSDAQ,242,242,242,0,0,0,0
390,007370,2026,KOSDAQ,166,166,166,0,0,0,0
391,007390,2013,KOSDAQ,247,247,247,0,0,0,0
391,007390,2014,KOSDAQ,245,245,245,0,0,0,0
391,007390,2015,KOSDAQ,248,248,248,0,0,0,0
391,007390,2016,KOSDAQ,246,246,246,0,0,0,0
391,007390,2017,KOSDAQ,243,243,243,0,0,0,0
391,007390,2018,KOSDAQ,244,244,244,0,0,0,0
391,007390,2019,KOSDAQ,246,246,246,0,0,0,0
391,007390,2020,KOSDAQ,248,248,248,0,0,0,0
391,007390,2021,KOSDAQ,248,248,248,0,0,0,0
391,007390,2022,KOSDAQ,246,246,246,0,0,0,0
391,007390,2023,KOSDAQ,245,245,245,0,0,0,0
391,007390,2024,KOSDAQ,244,244,244,0,0,0,0
391,007390,2025,KOSDAQ,242,242,242,0,0,0,0
391,007390,2026,KOSDAQ,166,166,166,0,0,0,0
393,007530,2013,KOSDAQ,247,247,247,0,0,0,0
393,007530,2014,KOSDAQ,245,245,245,0,0,0,0
393,007530,2015,KOSDAQ,248,248,248,0,0,0,0
393,007530,2016,KOSDAQ,246,246,246,0,0,0,0
393,007530,2017,KOSDAQ,243,243,243,0,0,0,0
393,007530,2018,KOSDAQ,244,244,244,0,0,0,0
393,007530,2019,KOSDAQ,246,246,246,0,0,0,0
393,007530,2020,KOSDAQ,248,248,248,0,0,0,0
393,007530,2021,KOSDAQ,248,248,248,0,0,0,0
393,007530,2022,KOSDAQ,246,246,246,0,0,0,0
393,007530,2023,KOSDAQ,245,245,245,0,0,0,0
393,007530,2024,KOSDAQ,244,244,244,0,0,0,0
393,007530,2025,KOSDAQ,242,242,242,0,0,0,0
393,007530,2026,KOSDAQ,166,166,166,0,0,0,0
399,007660,2013,KOSPI,247,247,247,0,0,0,0
399,007660,2014,KOSPI,245,245,245,0,0,0,0
399,007660,2015,KOSPI,248,248,248,0,0,0,0
399,007660,2016,KOSPI,246,246,246,0,0,0,0
399,007660,2017,KOSPI,243,243,243,0,0,0,0
399,007660,2018,KOSPI,244,244,244,0,0,0,0
399,007660,2019,KOSPI,246,246,246,0,0,0,0
399,007660,2020,KOSPI,248,248,248,0,0,0,0
399,007660,2021,KOSPI,248,248,248,0,0,0,0
399,007660,2022,KOSPI,246,246,246,0,0,0,0
399,007660,2023,KOSPI,245,245,245,0,0,0,0
399,007660,2024,KOSPI,244,244,244,0,0,0,0
399,007660,2025,KOSPI,242,242,242,0,0,0,0
399,007660,2026,KOSPI,166,166,166,0,0,0,0
400,007680,2017,KOSDAQ,19,19,19,0,0,0,0
400,007680,2018,KOSDAQ,244,244,244,0,0,0,0
400,007680,2019,KOSDAQ,246,246,246,0,0,0,0
400,007680,2020,KOSDAQ,248,248,248,0,0,0,0
400,007680,2021,KOSDAQ,248,248,248,0,0,0,0
400,007680,2022,KOSDAQ,246,246,246,0,0,0,0
400,007680,2023,KOSDAQ,245,245,245,0,0,0,0
400,007680,2024,KOSDAQ,244,244,244,0,0,0,0
400,007680,2025,KOSDAQ,242,242,242,0,0,0,0
400,007680,2026,KOSDAQ,166,166,166,0,0,0,0
403,007720,2013,KOSDAQ,247,247,247,0,0,0,0
403,007720,2014,KOSDAQ,245,245,245,0,0,0,0
403,007720,2015,KOSDAQ,248,248,248,0,0,0,0
403,007720,2016,KOSDAQ,246,246,246,0,0,0,0
403,007720,2017,KOSDAQ,243,243,243,0,0,0,0
403,007720,2018,KOSDAQ,244,244,244,0,0,0,0
403,007720,2019,KOSDAQ,246,246,246,0,0,0,0
403,007720,2020,KOSDAQ,248,248,248,0,0,0,0
403,007720,2021,KOSDAQ,248,248,248,0,0,0,0
403,007720,2022,KOSDAQ,246,246,246,0,0,0,0
403,007720,2023,KOSDAQ,245,245,245,0,0,0,0
403,007720,2024,KOSDAQ,244,244,244,0,0,0,0
403,007720,2025,KOSDAQ,242,242,242,0,0,0,0
403,007720,2026,KOSDAQ,166,166,166,0,0,0,0
404,007770,2013,KOSDAQ,247,247,247,0,0,0,0
404,007770,2014,KOSDAQ,245,245,245,0,0,0,0
404,007770,2015,KOSDAQ,248,248,248,0,0,0,0
404,007770,2016,KOSDAQ,246,246,246,0,0,0,0
404,007770,2017,KOSDAQ,243,243,243,0,0,0,0
404,007770,2018,KOSDAQ,244,244,244,0,0,0,0
404,007770,2019,KOSDAQ,246,246,246,0,0,0,0
404,007770,2020,KOSDAQ,248,248,248,0,0,0,0
404,007770,2021,KOSDAQ,248,248,248,0,0,0,0
404,007770,2022,KOSDAQ,246,246,246,0,0,0,0
404,007770,2023,KOSDAQ,245,245,245,0,0,0,0
404,007770,2024,KOSDAQ,244,244,244,0,0,0,0
404,007770,2025,KOSDAQ,242,242,242,0,0,0,0
404,007770,2026,KOSDAQ,166,166,166,0,0,0,0
408,007820,2013,KOSDAQ,247,247,247,0,0,0,0
408,007820,2014,KOSDAQ,245,245,245,0,0,0,0
408,007820,2015,KOSDAQ,248,248,248,0,0,0,0
408,007820,2016,KOSDAQ,246,246,246,0,0,0,0
408,007820,2017,KOSDAQ,243,243,243,0,0,0,0
408,007820,2018,KOSDAQ,244,244,244,0,0,0,0
408,007820,2019,KOSDAQ,246,246,246,0,0,0,0
408,007820,2020,KOSDAQ,248,248,248,0,0,0,0
408,007820,2021,KOSDAQ,248,248,248,0,0,0,0
408,007820,2022,KOSDAQ,246,246,246,0,0,0,0
408,007820,2023,KOSDAQ,245,245,245,0,0,0,0
408,007820,2024,KOSDAQ,244,244,244,0,0,0,0
408,007820,2025,KOSDAQ,242,242,242,0,0,0,0
408,007820,2026,KOSDAQ,166,166,166,0,0,0,0
416,008290,2013,KOSDAQ,247,247,247,0,0,0,0
416,008290,2014,KOSDAQ,245,245,245,0,0,0,0
416,008290,2015,KOSDAQ,248,248,248,0,0,0,0
416,008290,2016,KOSDAQ,246,246,246,0,0,0,0
416,008290,2017,KOSDAQ,243,243,243,0,0,0,0
416,008290,2018,KOSDAQ,244,244,244,0,0,0,0
416,008290,2019,KOSDAQ,246,246,246,0,0,0,0
416,008290,2020,KOSDAQ,248,248,248,0,0,0,0
416,008290,2021,KOSDAQ,248,248,248,0,0,0,0
416,008290,2022,KOSDAQ,246,246,246,0,0,0,0
416,008290,2023,KOSDAQ,245,245,245,0,0,0,0
416,008290,2024,KOSDAQ,244,244,244,0,0,0,0
416,008290,2025,KOSDAQ,242,242,242,0,0,0,0
416,008290,2026,KOSDAQ,166,166,166,0,0,0,0
417,0082N0,2026,KOSDAQ,119,119,119,0,0,0,0
420,008370,2013,KOSDAQ,247,247,247,0,0,0,0
420,008370,2014,KOSDAQ,245,245,245,0,0,0,0
420,008370,2015,KOSDAQ,248,248,248,0,0,0,0
420,008370,2016,KOSDAQ,246,246,246,0,0,0,0
420,008370,2017,KOSDAQ,243,243,243,0,0,0,0
420,008370,2018,KOSDAQ,244,244,244,0,0,0,0
420,008370,2019,KOSDAQ,246,246,246,0,0,0,0
420,008370,2020,KOSDAQ,248,248,248,0,0,0,0
420,008370,2021,KOSDAQ,248,248,248,0,0,0,0
420,008370,2022,KOSDAQ,246,246,246,0,0,0,0
420,008370,2023,KOSDAQ,245,245,245,0,0,0,0
420,008370,2024,KOSDAQ,244,244,244,0,0,0,0
420,008370,2025,KOSDAQ,242,242,242,0,0,0,0
420,008370,2026,KOSDAQ,166,166,166,0,0,0,0
422,008470,2013,KOSDAQ,247,247,247,0,0,0,0
422,008470,2014,KOSDAQ,245,245,245,0,0,0,0
422,008470,2015,KOSDAQ,248,248,248,0,0,0,0
422,008470,2016,KOSDAQ,246,246,246,0,0,0,0
422,008470,2017,KOSDAQ,243,243,243,0,0,0,0
422,008470,2018,KOSDAQ,244,244,244,0,0,0,0
422,008470,2019,KOSDAQ,246,246,246,0,0,0,0
422,008470,2020,KOSDAQ,248,248,248,0,0,0,0
422,008470,2021,KOSDAQ,248,248,248,0,0,0,0
422,008470,2022,KOSDAQ,246,246,246,0,0,0,0
422,008470,2023,KOSDAQ,245,245,245,0,0,0,0
422,008470,2024,KOSDAQ,244,244,244,0,0,0,0
422,008470,2025,KOSDAQ,242,242,242,0,0,0,0
422,008470,2026,KOSDAQ,166,166,166,0,0,0,0
429,008830,2013,KOSDAQ,247,247,247,0,0,0,0
429,008830,2014,KOSDAQ,245,245,245,0,0,0,0
429,008830,2015,KOSDAQ,248,248,248,0,0,0,0
429,008830,2016,KOSDAQ,246,246,245,0,0,1,0
429,008830,2017,KOSDAQ,243,243,243,0,0,0,0
429,008830,2018,KOSDAQ,244,244,244,0,0,0,0
429,008830,2019,KOSDAQ,246,246,246,0,0,0,0
429,008830,2020,KOSDAQ,248,248,248,0,0,0,0
429,008830,2021,KOSDAQ,248,248,248,0,0,0,0
429,008830,2022,KOSDAQ,246,246,246,0,0,0,0
429,008830,2023,KOSDAQ,245,245,245,0,0,0,0
429,008830,2024,KOSDAQ,244,244,244,0,0,0,0
429,008830,2025,KOSDAQ,242,242,242,0,0,0,0
429,008830,2026,KOSDAQ,166,166,166,0,0,0,0
431,0088D0,2025,KOSDAQ,11,11,11,0,0,0,0
431,0088D0,2026,KOSDAQ,166,166,166,0,0,0,0
432,0088M0,2026,KOSDAQ,111,111,111,0,0,0,0
442,0091W0,2025,KOSDAQ,26,26,26,0,0,0,0
442,0091W0,2026,KOSDAQ,166,166,166,0,0,0,0
444,009240,2013,KOSPI,247,247,247,0,0,0,0
444,009240,2014,KOSPI,245,245,245,0,0,0,0
444,009240,2015,KOSPI,248,248,248,0,0,0,0
444,009240,2016,KOSPI,246,246,246,0,0,0,0
444,009240,2017,KOSPI,243,243,243,0,0,0,0
444,009240,2018,KOSPI,244,244,244,0,0,0,0
444,009240,2019,KOSPI,246,246,246,0,0,0,0
444,009240,2020,KOSPI,248,248,248,0,0,0,0
444,009240,2021,KOSPI,248,248,248,0,0,0,0
444,009240,2022,KOSPI,246,246,246,0,0,0,0
444,009240,2023,KOSPI,245,245,245,0,0,0,0
444,009240,2024,KOSPI,244,244,244,0,0,0,0
444,009240,2025,KOSPI,242,242,242,0,0,0,0
444,009240,2026,KOSPI,166,166,166,0,0,0,0
447,009300,2013,KOSDAQ,247,247,247,0,0,0,0
447,009300,2014,KOSDAQ,245,245,245,0,0,0,0
447,009300,2015,KOSDAQ,248,248,248,0,0,0,0
447,009300,2016,KOSDAQ,246,246,246,0,0,0,0
447,009300,2017,KOSDAQ,243,243,243,0,0,0,0
447,009300,2018,KOSDAQ,244,244,244,0,0,0,0
447,009300,2019,KOSDAQ,246,246,246,0,0,0,0
447,009300,2020,KOSDAQ,248,248,248,0,0,0,0
447,009300,2021,KOSDAQ,248,248,248,0,0,0,0
447,009300,2022,KOSDAQ,246,246,246,0,0,0,0
447,009300,2023,KOSDAQ,245,245,245,0,0,0,0
447,009300,2024,KOSDAQ,244,244,244,0,0,0,0
447,009300,2025,KOSDAQ,242,242,242,0,0,0,0
447,009300,2026,KOSDAQ,166,166,166,0,0,0,0
450,0093G0,2025,KOSDAQ,23,23,23,0,0,0,0
450,0093G0,2026,KOSDAQ,166,166,166,0,0,0,0
458,009520,2013,KOSDAQ,247,247,247,0,0,0,0
458,009520,2014,KOSDAQ,245,245,245,0,0,0,0
458,009520,2015,KOSDAQ,248,248,248,0,0,0,0
458,009520,2016,KOSDAQ,246,246,246,0,0,0,0
458,009520,2017,KOSDAQ,243,243,243,0,0,0,0
458,009520,2018,KOSDAQ,244,244,244,0,0,0,0
458,009520,2019,KOSDAQ,246,246,246,0,0,0,0
458,009520,2020,KOSDAQ,248,248,248,0,0,0,0
458,009520,2021,KOSDAQ,248,248,248,0,0,0,0
458,009520,2022,KOSDAQ,246,246,246,0,0,0,0
458,009520,2023,KOSDAQ,245,245,245,0,0,0,0
458,009520,2024,KOSDAQ,244,244,244,0,0,0,0
458,009520,2025,KOSDAQ,242,242,242,0,0,0,0
458,009520,2026,KOSDAQ,166,166,166,0,0,0,0
459,009540,2013,KOSPI,247,247,247,0,0,0,0
459,009540,2014,KOSPI,245,245,245,0,0,0,0
459,009540,2015,KOSPI,248,248,248,0,0,0,0
459,009540,2016,KOSPI,246,246,246,0,0,0,0
459,009540,2017,KOSPI,243,243,243,0,0,0,0
459,009540,2018,KOSPI,244,244,244,0,0,0,0
459,009540,2019,KOSPI,246,246,246,0,0,0,0
459,009540,2020,KOSPI,248,248,248,0,0,0,0
459,009540,2021,KOSPI,248,248,248,0,0,0,0
459,009540,2022,KOSPI,246,246,246,0,0,0,0
459,009540,2023,KOSPI,245,245,245,0,0,0,0
459,009540,2024,KOSPI,244,244,244,0,0,0,0
459,009540,2025,KOSPI,242,242,242,0,0,0,0
459,009540,2026,KOSPI,166,166,166,0,0,0,0
461,009620,2013,KOSDAQ,247,247,247,0,0,0,0
461,009620,2014,KOSDAQ,245,245,245,0,0,0,0
461,009620,2015,KOSDAQ,248,248,248,0,0,0,0
461,009620,2016,KOSDAQ,246,246,246,0,0,0,0
461,009620,2017,KOSDAQ,243,243,243,0,0,0,0
461,009620,2018,KOSDAQ,244,244,244,0,0,0,0
461,009620,2019,KOSDAQ,246,246,246,0,0,0,0
461,009620,2020,KOSDAQ,248,248,248,0,0,0,0
461,009620,2021,KOSDAQ,248,248,248,0,0,0,0
461,009620,2022,KOSDAQ,246,246,246,0,0,0,0
461,009620,2023,KOSDAQ,245,245,245,0,0,0,0
461,009620,2024,KOSDAQ,244,244,244,0,0,0,0
461,009620,2025,KOSDAQ,242,242,242,0,0,0,0
461,009620,2026,KOSDAQ,166,166,166,0,0,0,0
463,0096B0,2025,KOSDAQ,22,22,22,0,0,0,0
463,0096B0,2026,KOSDAQ,166,166,166,0,0,0,0
464,0096D0,2025,KOSDAQ,21,21,21,0,0,0,0
464,0096D0,2026,KOSDAQ,166,166,166,0,0,0,0
465,009730,2013,KOSDAQ,247,247,247,0,0,0,0
465,009730,2014,KOSDAQ,245,245,245,0,0,0,0
465,009730,2015,KOSDAQ,248,248,248,0,0,0,0
465,009730,2016,KOSDAQ,246,246,246,0,0,0,0
465,009730,2017,KOSDAQ,243,243,243,0,0,0,0
465,009730,2018,KOSDAQ,244,244,244,0,0,0,0
465,009730,2019,KOSDAQ,246,246,246,0,0,0,0
465,009730,2020,KOSDAQ,248,248,246,0,0,2,0
465,009730,2021,KOSDAQ,248,248,248,0,0,0,0
465,009730,2022,KOSDAQ,246,246,246,0,0,0,0
465,009730,2023,KOSDAQ,245,245,245,0,0,0,0
465,009730,2024,KOSDAQ,244,244,244,0,0,0,0
465,009730,2025,KOSDAQ,242,242,242,0,0,0,0
465,009730,2026,KOSDAQ,166,166,165,0,0,1,0
466,009770,2013,KOSPI,247,247,247,0,0,0,0
466,009770,2014,KOSPI,245,245,245,0,0,0,0
466,009770,2015,KOSPI,248,248,248,0,0,0,0
466,009770,2016,KOSPI,246,246,246,0,0,0,0
466,009770,2017,KOSPI,243,243,243,0,0,0,0
466,009770,2018,KOSPI,244,244,244,0,0,0,0
466,009770,2019,KOSPI,246,246,246,0,0,0,0
466,009770,2020,KOSPI,248,248,248,0,0,0,0
466,009770,2021,KOSPI,248,248,248,0,0,0,0
466,009770,2022,KOSPI,246,246,246,0,0,0,0
466,009770,2023,KOSPI,245,245,245,0,0,0,0
466,009770,2024,KOSPI,244,244,244,0,0,0,0
466,009770,2025,KOSPI,242,242,242,0,0,0,0
466,009770,2026,KOSPI,166,166,166,0,0,0,0
467,009780,2013,KOSDAQ,247,247,247,0,0,0,0
467,009780,2014,KOSDAQ,245,245,245,0,0,0,0
467,009780,2015,KOSDAQ,248,248,248,0,0,0,0
467,009780,2016,KOSDAQ,246,246,246,0,0,0,0
467,009780,2017,KOSDAQ,243,243,243,0,0,0,0
467,009780,2018,KOSDAQ,244,244,244,0,0,0,0
467,009780,2019,KOSDAQ,246,246,246,0,0,0,0
467,009780,2020,KOSDAQ,248,248,248,0,0,0,0
467,009780,2021,KOSDAQ,248,248,248,0,0,0,0
467,009780,2022,KOSDAQ,246,246,246,0,0,0,0
467,009780,2023,KOSDAQ,245,245,245,0,0,0,0
467,009780,2024,KOSDAQ,244,244,244,0,0,0,0
467,009780,2025,KOSDAQ,242,242,242,0,0,0,0
467,009780,2026,KOSDAQ,166,166,166,0,0,0,0
468,0097F0,2025,KOSDAQ,5,5,5,0,0,0,0
468,0097F0,2026,KOSDAQ,166,166,166,0,0,0,0
472,0098T0,2025,KOSDAQ,12,12,12,0,0,0,0
472,0098T0,2026,KOSDAQ,166,166,166,0,0,0,0
473,009900,2020,KOSPI,17,17,17,0,0,0,0
473,009900,2021,KOSPI,248,248,248,0,0,0,0
473,009900,2022,KOSPI,246,246,246,0,0,0,0
473,009900,2023,KOSPI,245,245,245,0,0,0,0
473,009900,2024,KOSPI,244,244,244,0,0,0,0
473,009900,2025,KOSPI,242,242,242,0,0,0,0
473,009900,2026,KOSPI,166,166,166,0,0,0,0
475,0099W0,2025,KOSDAQ,6,6,6,0,0,0,0
475,0099W0,2026,KOSDAQ,166,166,166,0,0,0,0
476,0099X0,2025,KOSDAQ,7,7,7,0,0,0,0
476,0099X0,2026,KOSDAQ,166,166,166,0,0,0,0
477,010040,2013,KOSPI,247,247,247,0,0,0,0
477,010040,2014,KOSPI,245,245,245,0,0,0,0
477,010040,2015,KOSPI,248,248,248,0,0,0,0
477,010040,2016,KOSPI,246,246,246,0,0,0,0
477,010040,2017,KOSPI,243,243,243,0,0,0,0
477,010040,2018,KOSPI,244,244,244,0,0,0,0
477,010040,2019,KOSPI,246,246,246,0,0,0,0
477,010040,2020,KOSPI,248,248,248,0,0,0,0
477,010040,2021,KOSPI,248,248,248,0,0,0,0
477,010040,2022,KOSPI,246,246,246,0,0,0,0
477,010040,2023,KOSPI,245,245,245,0,0,0,0
477,010040,2024,KOSPI,244,244,244,0,0,0,0
477,010040,2025,KOSPI,242,242,242,0,0,0,0
477,010040,2026,KOSPI,166,166,166,0,0,0,0
483,010170,2013,KOSDAQ,247,247,247,0,0,0,0
483,010170,2014,KOSDAQ,245,245,245,0,0,0,0
483,010170,2015,KOSDAQ,248,248,248,0,0,0,0
483,010170,2016,KOSDAQ,246,246,246,0,0,0,0
483,010170,2017,KOSDAQ,243,243,243,0,0,0,0
483,010170,2018,KOSDAQ,244,244,244,0,0,0,0
483,010170,2019,KOSDAQ,246,246,246,0,0,0,0
483,010170,2020,KOSDAQ,248,248,248,0,0,0,0
483,010170,2021,KOSDAQ,248,248,248,0,0,0,0
483,010170,2022,KOSDAQ,246,246,246,0,0,0,0
483,010170,2023,KOSDAQ,245,245,245,0,0,0,0
483,010170,2024,KOSDAQ,244,244,244,0,0,0,0
483,010170,2025,KOSDAQ,242,242,242,0,0,0,0
483,010170,2026,KOSDAQ,166,166,166,0,0,0,0
484,0101C0,2025,KOSDAQ,6,6,6,0,0,0,0
484,0101C0,2026,KOSDAQ,166,166,166,0,0,0,0
485,010240,2013,KOSDAQ,247,247,247,0,0,0,0
485,010240,2014,KOSDAQ,245,245,245,0,0,0,0
485,010240,2015,KOSDAQ,248,248,248,0,0,0,0
485,010240,2016,KOSDAQ,246,246,246,0,0,0,0
485,010240,2017,KOSDAQ,243,243,243,0,0,0,0
485,010240,2018,KOSDAQ,244,244,244,0,0,0,0
485,010240,2019,KOSDAQ,246,246,246,0,0,0,0
485,010240,2020,KOSDAQ,248,248,248,0,0,0,0
485,010240,2021,KOSDAQ,248,248,248,0,0,0,0
485,010240,2022,KOSDAQ,246,246,246,0,0,0,0
485,010240,2023,KOSDAQ,245,245,245,0,0,0,0
485,010240,2024,KOSDAQ,244,244,244,0,0,0,0
485,010240,2025,KOSDAQ,242,242,242,0,0,0,0
485,010240,2026,KOSDAQ,166,166,166,0,0,0,0
486,010280,2013,KOSDAQ,247,247,247,0,0,0,0
486,010280,2014,KOSDAQ,245,245,245,0,0,0,0
486,010280,2015,KOSDAQ,248,248,248,0,0,0,0
486,010280,2016,KOSDAQ,246,246,246,0,0,0,0
486,010280,2017,KOSDAQ,243,243,243,0,0,0,0
486,010280,2018,KOSDAQ,244,244,244,0,0,0,0
486,010280,2019,KOSDAQ,246,246,246,0,0,0,0
486,010280,2020,KOSDAQ,248,248,248,0,0,0,0
486,010280,2021,KOSDAQ,248,248,248,0,0,0,0
486,010280,2022,KOSDAQ,246,246,246,0,0,0,0
486,010280,2023,KOSDAQ,245,245,245,0,0,0,0
486,010280,2024,KOSDAQ,244,244,244,0,0,0,0
486,010280,2025,KOSDAQ,242,242,241,0,0,1,0
486,010280,2026,KOSDAQ,166,166,166,0,0,0,0
487,010400,2018,KOSPI,70,70,70,0,0,0,0
487,010400,2019,KOSPI,246,246,246,0,0,0,0
487,010400,2020,KOSPI,248,248,248,0,0,0,0
487,010400,2021,KOSPI,248,248,248,0,0,0,0
487,010400,2022,KOSPI,246,246,246,0,0,0,0
487,010400,2023,KOSPI,245,245,245,0,0,0,0
487,010400,2024,KOSPI,244,244,244,0,0,0,0
487,010400,2025,KOSPI,242,242,242,0,0,0,0
487,010400,2026,KOSPI,166,166,166,0,0,0,0
488,010470,2013,KOSDAQ,247,247,247,0,0,0,0
488,010470,2014,KOSDAQ,245,245,245,0,0,0,0
488,010470,2015,KOSDAQ,248,248,248,0,0,0,0
488,010470,2016,KOSDAQ,246,246,246,0,0,0,0
488,010470,2017,KOSDAQ,243,243,243,0,0,0,0
488,010470,2018,KOSDAQ,244,244,244,0,0,0,0
488,010470,2019,KOSDAQ,246,246,246,0,0,0,0
488,010470,2020,KOSDAQ,248,248,248,0,0,0,0
488,010470,2021,KOSDAQ,248,248,248,0,0,0,0
488,010470,2022,KOSDAQ,246,246,246,0,0,0,0
488,010470,2023,KOSDAQ,245,245,245,0,0,0,0
488,010470,2024,KOSDAQ,244,244,244,0,0,0,0
488,010470,2025,KOSDAQ,242,242,242,0,0,0,0
488,010470,2026,KOSDAQ,166,166,166,0,0,0,0
490,0105P0,2025,KOSDAQ,13,13,13,0,0,0,0
490,0105P0,2026,KOSDAQ,166,166,166,0,0,0,0
499,010960,2013,KOSPI,247,247,247,0,0,0,0
499,010960,2014,KOSPI,245,245,245,0,0,0,0
499,010960,2015,KOSPI,248,248,248,0,0,0,0
499,010960,2016,KOSPI,246,246,246,0,0,0,0
499,010960,2017,KOSPI,243,243,243,0,0,0,0
499,010960,2018,KOSPI,244,244,244,0,0,0,0
499,010960,2019,KOSPI,246,246,246,0,0,0,0
499,010960,2020,KOSPI,248,248,248,0,0,0,0
499,010960,2021,KOSPI,248,248,248,0,0,0,0
499,010960,2022,KOSPI,246,246,246,0,0,0,0
499,010960,2023,KOSPI,245,245,245,0,0,0,0
499,010960,2024,KOSPI,244,244,244,0,0,0,0
499,010960,2025,KOSPI,242,242,242,0,0,0,0
499,010960,2026,KOSPI,166,166,166,0,0,0,0
501,011040,2013,KOSDAQ,247,247,247,0,0,0,0
501,011040,2014,KOSDAQ,245,245,245,0,0,0,0
501,011040,2015,KOSDAQ,248,248,248,0,0,0,0
501,011040,2016,KOSDAQ,246,246,246,0,0,0,0
501,011040,2017,KOSDAQ,243,243,243,0,0,0,0
501,011040,2018,KOSDAQ,244,244,244,0,0,0,0
501,011040,2019,KOSDAQ,246,246,246,0,0,0,0
501,011040,2020,KOSDAQ,248,248,248,0,0,0,0
501,011040,2021,KOSDAQ,248,248,248,0,0,0,0
501,011040,2022,KOSDAQ,246,246,246,0,0,0,0
501,011040,2023,KOSDAQ,245,245,245,0,0,0,0
501,011040,2024,KOSDAQ,244,244,244,0,0,0,0
501,011040,2025,KOSDAQ,242,242,242,0,0,0,0
501,011040,2026,KOSDAQ,166,166,166,0,0,0,0
502,011070,2013,KOSPI,247,247,247,0,0,0,0
502,011070,2014,KOSPI,245,245,245,0,0,0,0
502,011070,2015,KOSPI,248,248,248,0,0,0,0
502,011070,2016,KOSPI,246,246,246,0,0,0,0
502,011070,2017,KOSPI,243,243,243,0,0,0,0
502,011070,2018,KOSPI,244,244,244,0,0,0,0
502,011070,2019,KOSPI,246,246,246,0,0,0,0
502,011070,2020,KOSPI,248,248,248,0,0,0,0
502,011070,2021,KOSPI,248,248,248,0,0,0,0
502,011070,2022,KOSPI,246,246,246,0,0,0,0
502,011070,2023,KOSPI,245,245,245,0,0,0,0
502,011070,2024,KOSPI,244,244,244,0,0,0,0
502,011070,2025,KOSPI,242,242,242,0,0,0,0
502,011070,2026,KOSPI,166,166,166,0,0,0,0
503,011080,2013,KOSDAQ,247,247,247,0,0,0,0
503,011080,2014,KOSDAQ,245,245,245,0,0,0,0
503,011080,2015,KOSDAQ,248,248,248,0,0,0,0
503,011080,2016,KOSDAQ,246,246,246,0,0,0,0
503,011080,2017,KOSDAQ,243,243,243,0,0,0,0
503,011080,2018,KOSDAQ,244,244,244,0,0,0,0
503,011080,2019,KOSDAQ,246,246,246,0,0,0,0
503,011080,2020,KOSDAQ,248,248,248,0,0,0,0
503,011080,2021,KOSDAQ,248,248,248,0,0,0,0
503,011080,2022,KOSDAQ,246,246,245,0,0,1,0
503,011080,2023,KOSDAQ,245,245,245,0,0,0,0
503,011080,2024,KOSDAQ,244,244,244,0,0,0,0
503,011080,2025,KOSDAQ,242,242,242,0,0,0,0
503,011080,2026,KOSDAQ,166,166,166,0,0,0,0
509,011210,2013,KOSPI,247,247,247,0,0,0,0
509,011210,2014,KOSPI,245,245,245,0,0,0,0
509,011210,2015,KOSPI,248,248,248,0,0,0,0
509,011210,2016,KOSPI,246,246,246,0,0,0,0
509,011210,2017,KOSPI,243,243,243,0,0,0,0
509,011210,2018,KOSPI,244,244,244,0,0,0,0
509,011210,2019,KOSPI,246,246,246,0,0,0,0
509,011210,2020,KOSPI,248,248,248,0,0,0,0
509,011210,2021,KOSPI,248,248,248,0,0,0,0
509,011210,2022,KOSPI,246,246,246,0,0,0,0
509,011210,2023,KOSPI,245,245,245,0,0,0,0
509,011210,2024,KOSPI,244,244,244,0,0,0,0
509,011210,2025,KOSPI,242,242,242,0,0,0,0
509,011210,2026,KOSPI,166,166,166,0,0,0,0
513,011320,2013,KOSDAQ,247,247,247,0,0,0,0
513,011320,2014,KOSDAQ,245,245,245,0,0,0,0
513,011320,2015,KOSDAQ,248,248,248,0,0,0,0
513,011320,2016,KOSDAQ,246,246,246,0,0,0,0
513,011320,2017,KOSDAQ,243,243,243,0,0,0,0
513,011320,2018,KOSDAQ,244,244,244,0,0,0,0
513,011320,2019,KOSDAQ,246,246,246,0,0,0,0
513,011320,2020,KOSDAQ,248,248,248,0,0,0,0
513,011320,2021,KOSDAQ,248,248,248,0,0,0,0
513,011320,2022,KOSDAQ,246,246,246,0,0,0,0
513,011320,2023,KOSDAQ,245,245,245,0,0,0,0
513,011320,2024,KOSDAQ,244,244,244,0,0,0,0
513,011320,2025,KOSDAQ,242,242,242,0,0,0,0
513,011320,2026,KOSDAQ,166,166,166,0,0,0,0
515,011370,2013,KOSDAQ,247,247,247,0,0,0,0
515,011370,2014,KOSDAQ,245,245,245,0,0,0,0
515,011370,2015,KOSDAQ,248,248,248,0,0,0,0
515,011370,2016,KOSDAQ,246,246,246,0,0,0,0
515,011370,2017,KOSDAQ,243,243,243,0,0,0,0
515,011370,2018,KOSDAQ,244,244,244,0,0,0,0
515,011370,2019,KOSDAQ,246,246,246,0,0,0,0
515,011370,2020,KOSDAQ,248,248,248,0,0,0,0
515,011370,2021,KOSDAQ,248,248,248,0,0,0,0
515,011370,2022,KOSDAQ,246,246,246,0,0,0,0
515,011370,2023,KOSDAQ,245,245,245,0,0,0,0
515,011370,2024,KOSDAQ,244,244,244,0,0,0,0
515,011370,2025,KOSDAQ,242,242,242,0,0,0,0
515,011370,2026,KOSDAQ,166,166,166,0,0,0,0
518,011500,2013,KOSPI,247,247,247,0,0,0,0
518,011500,2014,KOSPI,245,245,245,0,0,0,0
518,011500,2015,KOSPI,248,248,248,0,0,0,0
518,011500,2016,KOSPI,246,246,246,0,0,0,0
518,011500,2017,KOSPI,243,243,243,0,0,0,0
518,011500,2018,KOSPI,244,244,244,0,0,0,0
518,011500,2019,KOSPI,246,246,246,0,0,0,0
518,011500,2020,KOSPI,248,248,248,0,0,0,0
518,011500,2021,KOSPI,248,248,248,0,0,0,0
518,011500,2022,KOSPI,246,246,246,0,0,0,0
518,011500,2023,KOSPI,245,245,245,0,0,0,0
518,011500,2024,KOSPI,244,244,244,0,0,0,0
518,011500,2025,KOSPI,242,242,242,0,0,0,0
518,011500,2026,KOSPI,166,166,166,0,0,0,0
519,011560,2013,KOSDAQ,247,247,247,0,0,0,0
519,011560,2014,KOSDAQ,245,245,245,0,0,0,0
519,011560,2015,KOSDAQ,248,248,248,0,0,0,0
519,011560,2016,KOSDAQ,246,246,246,0,0,0,0
519,011560,2017,KOSDAQ,243,243,243,0,0,0,0
519,011560,2018,KOSDAQ,244,244,244,0,0,0,0
519,011560,2019,KOSDAQ,246,246,246,0,0,0,0
519,011560,2020,KOSDAQ,248,248,248,0,0,0,0
519,011560,2021,KOSDAQ,248,248,248,0,0,0,0
519,011560,2022,KOSDAQ,246,246,246,0,0,0,0
519,011560,2023,KOSDAQ,245,245,245,0,0,0,0
519,011560,2024,KOSDAQ,244,244,244,0,0,0,0
519,011560,2025,KOSDAQ,242,242,242,0,0,0,0
519,011560,2026,KOSDAQ,166,166,166,0,0,0,0
520,0115H0,2026,KOSDAQ,153,153,153,0,0,0,0
527,0117P0,2026,KOSDAQ,63,63,63,0,0,0,0
531,0120G0,2025,KOSPI,26,26,26,0,0,0,0
531,0120G0,2026,KOSPI,166,166,166,0,0,0,0
532,012160,2013,KOSPI,247,247,247,0,0,0,0
532,012160,2014,KOSPI,245,245,245,0,0,0,0
532,012160,2015,KOSPI,248,248,248,0,0,0,0
532,012160,2016,KOSPI,246,246,246,0,0,0,0
532,012160,2017,KOSPI,243,243,243,0,0,0,0
532,012160,2018,KOSPI,244,244,244,0,0,0,0
532,012160,2019,KOSPI,246,246,246,0,0,0,0
532,012160,2020,KOSPI,248,248,248,0,0,0,0
532,012160,2021,KOSPI,248,248,248,0,0,0,0
532,012160,2022,KOSPI,246,246,246,0,0,0,0
532,012160,2023,KOSPI,245,245,245,0,0,0,0
532,012160,2024,KOSPI,244,244,244,0,0,0,0
532,012160,2025,KOSPI,242,242,242,0,0,0,0
532,012160,2026,KOSPI,166,166,166,0,0,0,0
536,012210,2025,KOSDAQ,2,2,2,0,0,0,0
536,012210,2026,KOSDAQ,166,166,166,0,0,0,0
540,012340,2013,KOSDAQ,247,247,247,0,0,0,0
540,012340,2014,KOSDAQ,245,245,245,0,0,0,0
540,012340,2015,KOSDAQ,248,248,247,0,0,1,0
540,012340,2016,KOSDAQ,246,246,246,0,0,0,0
540,012340,2017,KOSDAQ,243,243,243,0,0,0,0
540,012340,2018,KOSDAQ,244,244,244,0,0,0,0
540,012340,2019,KOSDAQ,246,246,245,0,0,1,0
540,012340,2020,KOSDAQ,248,248,248,0,0,0,0
540,012340,2021,KOSDAQ,248,248,248,0,0,0,0
540,012340,2022,KOSDAQ,246,246,246,0,0,0,0
540,012340,2023,KOSDAQ,245,245,245,0,0,0,0
540,012340,2024,KOSDAQ,244,244,244,0,0,0,0
540,012340,2025,KOSDAQ,242,242,242,0,0,0,0
540,012340,2026,KOSDAQ,166,166,166,0,0,0,0
543,012620,2013,KOSDAQ,247,247,247,0,0,0,0
543,012620,2014,KOSDAQ,245,245,245,0,0,0,0
543,012620,2015,KOSDAQ,248,248,248,0,0,0,0
543,012620,2016,KOSDAQ,246,246,246,0,0,0,0
543,012620,2017,KOSDAQ,243,243,243,0,0,0,0
543,012620,2018,KOSDAQ,244,244,244,0,0,0,0
543,012620,2019,KOSDAQ,246,246,246,0,0,0,0
543,012620,2020,KOSDAQ,248,248,248,0,0,0,0
543,012620,2021,KOSDAQ,248,248,248,0,0,0,0
543,012620,2022,KOSDAQ,246,246,246,0,0,0,0
543,012620,2023,KOSDAQ,245,245,245,0,0,0,0
543,012620,2024,KOSDAQ,244,244,244,0,0,0,0
543,012620,2025,KOSDAQ,242,242,242,0,0,0,0
543,012620,2026,KOSDAQ,166,166,166,0,0,0,0
546,0126Z0,2025,KOSPI,26,26,26,0,0,0,0
546,0126Z0,2026,KOSPI,166,166,166,0,0,0,0
547,012700,2013,KOSDAQ,247,247,247,0,0,0,0
547,012700,2014,KOSDAQ,245,245,245,0,0,0,0
547,012700,2015,KOSDAQ,248,248,248,0,0,0,0
547,012700,2016,KOSDAQ,246,246,246,0,0,0,0
547,012700,2017,KOSDAQ,243,243,243,0,0,0,0
547,012700,2018,KOSDAQ,244,244,244,0,0,0,0
547,012700,2019,KOSDAQ,246,246,246,0,0,0,0
547,012700,2020,KOSDAQ,248,248,248,0,0,0,0
547,012700,2021,KOSDAQ,248,248,248,0,0,0,0
547,012700,2022,KOSDAQ,246,246,246,0,0,0,0
547,012700,2023,KOSDAQ,245,245,245,0,0,0,0
547,012700,2024,KOSDAQ,244,244,244,0,0,0,0
547,012700,2025,KOSDAQ,242,242,242,0,0,0,0
547,012700,2026,KOSDAQ,166,166,166,0,0,0,0
549,012790,2013,KOSDAQ,247,247,247,0,0,0,0
549,012790,2014,KOSDAQ,245,245,245,0,0,0,0
549,012790,2015,KOSDAQ,248,248,248,0,0,0,0
549,012790,2016,KOSDAQ,246,246,246,0,0,0,0
549,012790,2017,KOSDAQ,243,243,243,0,0,0,0
549,012790,2018,KOSDAQ,244,244,244,0,0,0,0
549,012790,2019,KOSDAQ,246,246,246,0,0,0,0
549,012790,2020,KOSDAQ,248,248,248,0,0,0,0
549,012790,2021,KOSDAQ,248,248,248,0,0,0,0
549,012790,2022,KOSDAQ,246,246,246,0,0,0,0
549,012790,2023,KOSDAQ,245,245,245,0,0,0,0
549,012790,2024,KOSDAQ,244,244,244,0,0,0,0
549,012790,2025,KOSDAQ,242,242,242,0,0,0,0
549,012790,2026,KOSDAQ,166,166,166,0,0,0,0
551,012860,2013,KOSDAQ,247,247,247,0,0,0,0
551,012860,2014,KOSDAQ,245,245,245,0,0,0,0
551,012860,2015,KOSDAQ,248,248,248,0,0,0,0
551,012860,2016,KOSDAQ,246,246,246,0,0,0,0
551,012860,2017,KOSDAQ,243,243,243,0,0,0,0
551,012860,2018,KOSDAQ,244,244,244,0,0,0,0
551,012860,2019,KOSDAQ,246,246,246,0,0,0,0
551,012860,2020,KOSDAQ,248,248,248,0,0,0,0
551,012860,2021,KOSDAQ,248,248,248,0,0,0,0
551,012860,2022,KOSDAQ,246,246,246,0,0,0,0
551,012860,2023,KOSDAQ,245,245,245,0,0,0,0
551,012860,2024,KOSDAQ,244,244,244,0,0,0,0
551,012860,2025,KOSDAQ,242,242,242,0,0,0,0
551,012860,2026,KOSDAQ,166,166,166,0,0,0,0
552,0129K0,2026,KOSDAQ,86,86,86,0,0,0,0
554,013030,2013,KOSDAQ,247,247,247,0,0,0,0
554,013030,2014,KOSDAQ,245,245,245,0,0,0,0
554,013030,2015,KOSDAQ,248,248,248,0,0,0,0
554,013030,2016,KOSDAQ,246,246,246,0,0,0,0
554,013030,2017,KOSDAQ,243,243,243,0,0,0,0
554,013030,2018,KOSDAQ,244,244,244,0,0,0,0
554,013030,2019,KOSDAQ,246,246,246,0,0,0,0
554,013030,2020,KOSDAQ,248,248,248,0,0,0,0
554,013030,2021,KOSDAQ,248,248,248,0,0,0,0
554,013030,2022,KOSDAQ,246,246,246,0,0,0,0
554,013030,2023,KOSDAQ,245,245,245,0,0,0,0
554,013030,2024,KOSDAQ,244,244,244,0,0,0,0
554,013030,2025,KOSDAQ,242,242,242,0,0,0,0
554,013030,2026,KOSDAQ,166,166,166,0,0,0,0
555,0130D0,2026,KOSDAQ,107,107,107,0,0,0,0
556,0130H0,2026,KOSDAQ,110,110,110,0,0,0,0
557,013120,2013,KOSDAQ,247,247,247,0,0,0,0
557,013120,2014,KOSDAQ,245,245,245,0,0,0,0
557,013120,2015,KOSDAQ,248,248,248,0,0,0,0
557,013120,2016,KOSDAQ,246,246,246,0,0,0,0
557,013120,2017,KOSDAQ,243,243,243,0,0,0,0
557,013120,2018,KOSDAQ,244,244,244,0,0,0,0
557,013120,2019,KOSDAQ,246,246,246,0,0,0,0
557,013120,2020,KOSDAQ,248,248,248,0,0,0,0
557,013120,2021,KOSDAQ,248,248,248,0,0,0,0
557,013120,2022,KOSDAQ,246,246,246,0,0,0,0
557,013120,2023,KOSDAQ,245,245,245,0,0,0,0
557,013120,2024,KOSDAQ,244,244,244,0,0,0,0
557,013120,2025,KOSDAQ,242,242,242,0,0,0,0
557,013120,2026,KOSDAQ,166,166,166,0,0,0,0
558,0131D0,2026,KOSDAQ,91,91,91,0,0,0,0
559,0132G0,2026,KOSDAQ,106,106,106,0,0,0,0
562,0134X0,2026,KOSDAQ,64,64,64,0,0,0,0
567,013720,2013,KOSDAQ,247,247,247,0,0,0,0
567,013720,2014,KOSDAQ,245,245,245,0,0,0,0
567,013720,2015,KOSDAQ,248,248,248,0,0,0,0
567,013720,2016,KOSDAQ,246,246,246,0,0,0,0
567,013720,2017,KOSDAQ,243,243,243,0,0,0,0
567,013720,2018,KOSDAQ,244,244,244,0,0,0,0
567,013720,2019,KOSDAQ,246,246,246,0,0,0,0
567,013720,2020,KOSDAQ,248,248,248,0,0,0,0
567,013720,2021,KOSDAQ,248,248,248,0,0,0,0
567,013720,2022,KOSDAQ,246,246,246,0,0,0,0
567,013720,2023,KOSDAQ,245,245,245,0,0,0,0
567,013720,2024,KOSDAQ,244,244,244,0,0,0,0
567,013720,2025,KOSDAQ,242,242,242,0,0,0,0
567,013720,2026,KOSDAQ,166,166,166,0,0,0,0
568,013810,2013,KOSDAQ,247,247,247,0,0,0,0
568,013810,2014,KOSDAQ,245,245,245,0,0,0,0
568,013810,2015,KOSDAQ,248,248,248,0,0,0,0
568,013810,2016,KOSDAQ,246,246,246,0,0,0,0
568,013810,2017,KOSDAQ,243,243,243,0,0,0,0
568,013810,2018,KOSDAQ,244,244,244,0,0,0,0
568,013810,2019,KOSDAQ,246,246,246,0,0,0,0
568,013810,2020,KOSDAQ,248,248,248,0,0,0,0
568,013810,2021,KOSDAQ,248,248,248,0,0,0,0
568,013810,2022,KOSDAQ,246,246,246,0,0,0,0
568,013810,2023,KOSDAQ,245,245,245,0,0,0,0
568,013810,2024,KOSDAQ,244,244,244,0,0,0,0
568,013810,2025,KOSDAQ,242,242,242,0,0,0,0
568,013810,2026,KOSDAQ,166,166,166,0,0,0,0
569,013870,2013,KOSPI,247,247,247,0,0,0,0
569,013870,2014,KOSPI,245,245,245,0,0,0,0
569,013870,2015,KOSPI,248,248,248,0,0,0,0
569,013870,2016,KOSPI,246,246,246,0,0,0,0
569,013870,2017,KOSPI,243,243,243,0,0,0,0
569,013870,2018,KOSPI,244,244,244,0,0,0,0
569,013870,2019,KOSPI,246,246,246,0,0,0,0
569,013870,2020,KOSPI,248,248,248,0,0,0,0
569,013870,2021,KOSPI,248,248,248,0,0,0,0
569,013870,2022,KOSPI,246,246,246,0,0,0,0
569,013870,2023,KOSPI,245,245,245,0,0,0,0
569,013870,2024,KOSPI,244,244,244,0,0,0,0
569,013870,2025,KOSPI,242,242,242,0,0,0,0
569,013870,2026,KOSPI,166,166,166,0,0,0,0
570,013890,2019,KOSPI,43,43,43,0,0,0,0
570,013890,2020,KOSPI,248,248,248,0,0,0,0
570,013890,2021,KOSPI,248,248,248,0,0,0,0
570,013890,2022,KOSPI,246,246,246,0,0,0,0
570,013890,2023,KOSPI,245,245,245,0,0,0,0
570,013890,2024,KOSPI,244,244,244,0,0,0,0
570,013890,2025,KOSPI,242,242,242,0,0,0,0
570,013890,2026,KOSPI,166,166,166,0,0,0,0
571,013990,2013,KOSDAQ,247,247,247,0,0,0,0
571,013990,2014,KOSDAQ,245,245,245,0,0,0,0
571,013990,2015,KOSDAQ,248,248,248,0,0,0,0
571,013990,2016,KOSDAQ,246,246,246,0,0,0,0
571,013990,2017,KOSDAQ,243,243,243,0,0,0,0
571,013990,2018,KOSDAQ,244,244,244,0,0,0,0
571,013990,2019,KOSDAQ,246,246,246,0,0,0,0
571,013990,2020,KOSDAQ,248,248,248,0,0,0,0
571,013990,2021,KOSDAQ,248,248,248,0,0,0,0
571,013990,2022,KOSDAQ,246,246,246,0,0,0,0
571,013990,2023,KOSDAQ,245,245,245,0,0,0,0
571,013990,2024,KOSDAQ,244,244,244,0,0,0,0
571,013990,2025,KOSDAQ,242,242,242,0,0,0,0
571,013990,2026,KOSDAQ,166,166,166,0,0,0,0
572,014100,2013,KOSDAQ,247,247,247,0,0,0,0
572,014100,2014,KOSDAQ,245,245,245,0,0,0,0
572,014100,2015,KOSDAQ,248,248,248,0,0,0,0
572,014100,2016,KOSDAQ,246,246,246,0,0,0,0
572,014100,2017,KOSDAQ,243,243,243,0,0,0,0
572,014100,2018,KOSDAQ,244,244,244,0,0,0,0
572,014100,2019,KOSDAQ,246,246,246,0,0,0,0
572,014100,2020,KOSDAQ,248,248,248,0,0,0,0
572,014100,2021,KOSDAQ,248,248,248,0,0,0,0
572,014100,2022,KOSDAQ,246,246,246,0,0,0,0
572,014100,2023,KOSDAQ,245,245,245,0,0,0,0
572,014100,2024,KOSDAQ,244,244,244,0,0,0,0
572,014100,2025,KOSDAQ,242,242,242,0,0,0,0
572,014100,2026,KOSDAQ,166,166,166,0,0,0,0
575,014190,2013,KOSDAQ,247,247,247,0,0,0,0
575,014190,2014,KOSDAQ,245,245,245,0,0,0,0
575,014190,2015,KOSDAQ,248,248,248,0,0,0,0
575,014190,2016,KOSDAQ,246,246,246,0,0,0,0
575,014190,2017,KOSDAQ,243,243,243,0,0,0,0
575,014190,2018,KOSDAQ,244,244,244,0,0,0,0
575,014190,2019,KOSDAQ,246,246,246,0,0,0,0
575,014190,2020,KOSDAQ,248,248,248,0,0,0,0
575,014190,2021,KOSDAQ,248,248,248,0,0,0,0
575,014190,2022,KOSDAQ,246,246,246,0,0,0,0
575,014190,2023,KOSDAQ,245,245,245,0,0,0,0
575,014190,2024,KOSDAQ,244,244,244,0,0,0,0
575,014190,2025,KOSDAQ,242,242,242,0,0,0,0
575,014190,2026,KOSDAQ,166,166,166,0,0,0,0
579,014470,2013,KOSDAQ,247,247,247,0,0,0,0
579,014470,2014,KOSDAQ,245,245,245,0,0,0,0
579,014470,2015,KOSDAQ,248,248,247,0,0,1,0
579,014470,2016,KOSDAQ,246,246,246,0,0,0,0
579,014470,2017,KOSDAQ,243,243,243,0,0,0,0
579,014470,2018,KOSDAQ,244,244,244,0,0,0,0
579,014470,2019,KOSDAQ,246,246,246,0,0,0,0
579,014470,2020,KOSDAQ,248,248,248,0,0,0,0
579,014470,2021,KOSDAQ,248,248,248,0,0,0,0
579,014470,2022,KOSDAQ,246,246,246,0,0,0,0
579,014470,2023,KOSDAQ,245,245,245,0,0,0,0
579,014470,2024,KOSDAQ,244,244,244,0,0,0,0
579,014470,2025,KOSDAQ,242,242,242,0,0,0,0
579,014470,2026,KOSDAQ,166,166,166,0,0,0,0
581,014570,2013,KOSDAQ,247,247,247,0,0,0,0
581,014570,2014,KOSDAQ,245,245,245,0,0,0,0
581,014570,2015,KOSDAQ,248,248,248,0,0,0,0
581,014570,2016,KOSDAQ,246,246,246,0,0,0,0
581,014570,2017,KOSDAQ,243,243,243,0,0,0,0
581,014570,2018,KOSDAQ,244,244,244,0,0,0,0
581,014570,2019,KOSDAQ,246,246,246,0,0,0,0
581,014570,2020,KOSDAQ,248,248,248,0,0,0,0
581,014570,2021,KOSDAQ,248,248,248,0,0,0,0
581,014570,2022,KOSDAQ,246,246,246,0,0,0,0
581,014570,2023,KOSDAQ,245,245,245,0,0,0,0
581,014570,2024,KOSDAQ,244,244,244,0,0,0,0
581,014570,2025,KOSDAQ,242,242,242,0,0,0,0
581,014570,2026,KOSDAQ,166,166,166,0,0,0,0
583,014620,2013,KOSDAQ,247,247,247,0,0,0,0
583,014620,2014,KOSDAQ,245,245,245,0,0,0,0
583,014620,2015,KOSDAQ,248,248,248,0,0,0,0
583,014620,2016,KOSDAQ,246,246,246,0,0,0,0
583,014620,2017,KOSDAQ,243,243,243,0,0,0,0
583,014620,2018,KOSDAQ,244,244,244,0,0,0,0
583,014620,2019,KOSDAQ,246,246,246,0,0,0,0
583,014620,2020,KOSDAQ,248,248,248,0,0,0,0
583,014620,2021,KOSDAQ,248,248,248,0,0,0,0
583,014620,2022,KOSDAQ,246,246,246,0,0,0,0
583,014620,2023,KOSDAQ,245,245,245,0,0,0,0
583,014620,2024,KOSDAQ,244,244,244,0,0,0,0
583,014620,2025,KOSDAQ,242,242,242,0,0,0,0
583,014620,2026,KOSDAQ,166,166,166,0,0,0,0
585,014710,2013,KOSPI,247,247,247,0,0,0,0
585,014710,2014,KOSPI,245,245,245,0,0,0,0
585,014710,2015,KOSPI,248,248,248,0,0,0,0
585,014710,2016,KOSPI,246,246,246,0,0,0,0
585,014710,2017,KOSPI,243,243,243,0,0,0,0
585,014710,2018,KOSPI,244,244,244,0,0,0,0
585,014710,2019,KOSPI,246,246,246,0,0,0,0
585,014710,2020,KOSPI,248,248,248,0,0,0,0
585,014710,2021,KOSPI,248,248,248,0,0,0,0
585,014710,2022,KOSPI,246,246,246,0,0,0,0
585,014710,2023,KOSPI,245,245,245,0,0,0,0
585,014710,2024,KOSPI,244,244,244,0,0,0,0
585,014710,2025,KOSPI,242,242,242,0,0,0,0
585,014710,2026,KOSPI,166,166,166,0,0,0,0
589,014830,2013,KOSPI,247,247,247,0,0,0,0
589,014830,2014,KOSPI,245,245,245,0,0,0,0
589,014830,2015,KOSPI,248,248,248,0,0,0,0
589,014830,2016,KOSPI,246,246,246,0,0,0,0
589,014830,2017,KOSPI,243,243,243,0,0,0,0
589,014830,2018,KOSPI,244,244,244,0,0,0,0
589,014830,2019,KOSPI,246,246,246,0,0,0,0
589,014830,2020,KOSPI,248,248,248,0,0,0,0
589,014830,2021,KOSPI,248,248,248,0,0,0,0
589,014830,2022,KOSPI,246,246,246,0,0,0,0
589,014830,2023,KOSPI,245,245,245,0,0,0,0
589,014830,2024,KOSPI,244,244,244,0,0,0,0
589,014830,2025,KOSPI,242,242,242,0,0,0,0
589,014830,2026,KOSPI,166,166,166,0,0,0,0
592,014940,2013,KOSDAQ,247,247,247,0,0,0,0
592,014940,2014,KOSDAQ,245,245,245,0,0,0,0
592,014940,2015,KOSDAQ,248,248,248,0,0,0,0
592,014940,2016,KOSDAQ,246,246,246,0,0,0,0
592,014940,2017,KOSDAQ,243,243,243,0,0,0,0
592,014940,2018,KOSDAQ,244,244,244,0,0,0,0
592,014940,2019,KOSDAQ,246,246,246,0,0,0,0
592,014940,2020,KOSDAQ,248,248,248,0,0,0,0
592,014940,2021,KOSDAQ,248,248,248,0,0,0,0
592,014940,2022,KOSDAQ,246,246,246,0,0,0,0
592,014940,2023,KOSDAQ,245,245,245,0,0,0,0
592,014940,2024,KOSDAQ,244,244,244,0,0,0,0
592,014940,2025,KOSDAQ,242,242,242,0,0,0,0
592,014940,2026,KOSDAQ,166,166,166,0,0,0,0
593,014950,2025,KOSDAQ,46,46,46,0,0,0,0
593,014950,2026,KOSDAQ,166,166,166,0,0,0,0
594,014970,2013,KOSDAQ,247,247,247,0,0,0,0
594,014970,2014,KOSDAQ,245,245,245,0,0,0,0
594,014970,2015,KOSDAQ,248,248,248,0,0,0,0
594,014970,2016,KOSDAQ,246,246,246,0,0,0,0
594,014970,2017,KOSDAQ,243,243,243,0,0,0,0
594,014970,2018,KOSDAQ,244,244,244,0,0,0,0
594,014970,2019,KOSDAQ,246,246,246,0,0,0,0
594,014970,2020,KOSDAQ,248,248,248,0,0,0,0
594,014970,2021,KOSDAQ,248,248,248,0,0,0,0
594,014970,2022,KOSDAQ,246,246,246,0,0,0,0
594,014970,2023,KOSDAQ,245,245,245,0,0,0,0
594,014970,2024,KOSDAQ,244,244,244,0,0,0,0
594,014970,2025,KOSDAQ,242,242,242,0,0,0,0
594,014970,2026,KOSDAQ,166,166,166,0,0,0,0
601,0156T0,2026,KOSDAQ,30,30,30,0,0,0,0
602,015710,2013,KOSDAQ,247,247,247,0,0,0,0
602,015710,2014,KOSDAQ,245,245,245,0,0,0,0
602,015710,2015,KOSDAQ,248,248,248,0,0,0,0
602,015710,2016,KOSDAQ,246,246,246,0,0,0,0
602,015710,2017,KOSDAQ,243,243,243,0,0,0,0
602,015710,2018,KOSDAQ,244,244,244,0,0,0,0
602,015710,2019,KOSDAQ,246,246,246,0,0,0,0
602,015710,2020,KOSDAQ,248,248,248,0,0,0,0
602,015710,2021,KOSDAQ,248,248,248,0,0,0,0
602,015710,2022,KOSDAQ,246,246,246,0,0,0,0
602,015710,2023,KOSDAQ,245,245,245,0,0,0,0
602,015710,2024,KOSDAQ,244,244,244,0,0,0,0
602,015710,2025,KOSDAQ,242,242,242,0,0,0,0
602,015710,2026,KOSDAQ,166,166,166,0,0,0,0
603,015750,2013,KOSDAQ,247,247,247,0,0,0,0
603,015750,2014,KOSDAQ,245,245,245,0,0,0,0
603,015750,2015,KOSDAQ,248,248,248,0,0,0,0
603,015750,2016,KOSDAQ,246,246,246,0,0,0,0
603,015750,2017,KOSDAQ,243,243,243,0,0,0,0
603,015750,2018,KOSDAQ,244,244,244,0,0,0,0
603,015750,2019,KOSDAQ,246,246,246,0,0,0,0
603,015750,2020,KOSDAQ,248,248,248,0,0,0,0
603,015750,2021,KOSDAQ,248,248,248,0,0,0,0
603,015750,2022,KOSDAQ,246,246,246,0,0,0,0
603,015750,2023,KOSDAQ,245,245,245,0,0,0,0
603,015750,2024,KOSDAQ,244,244,244,0,0,0,0
603,015750,2025,KOSDAQ,242,242,242,0,0,0,0
603,015750,2026,KOSDAQ,166,166,166,0,0,0,0
608,016100,2013,KOSDAQ,247,247,247,0,0,0,0
608,016100,2014,KOSDAQ,245,245,245,0,0,0,0
608,016100,2015,KOSDAQ,248,248,248,0,0,0,0
608,016100,2016,KOSDAQ,246,246,246,0,0,0,0
608,016100,2017,KOSDAQ,243,243,243,0,0,0,0
608,016100,2018,KOSDAQ,244,244,244,0,0,0,0
608,016100,2019,KOSDAQ,246,246,246,0,0,0,0
608,016100,2020,KOSDAQ,248,248,248,0,0,0,0
608,016100,2021,KOSDAQ,248,248,248,0,0,0,0
608,016100,2022,KOSDAQ,246,246,246,0,0,0,0
608,016100,2023,KOSDAQ,245,245,245,0,0,0,0
608,016100,2024,KOSDAQ,244,244,244,0,0,0,0
608,016100,2025,KOSDAQ,242,242,242,0,0,0,0
608,016100,2026,KOSDAQ,166,166,166,0,0,0,0
609,016250,2013,KOSDAQ,247,247,247,0,0,0,0
609,016250,2014,KOSDAQ,245,245,245,0,0,0,0
609,016250,2015,KOSDAQ,248,248,248,0,0,0,0
609,016250,2016,KOSDAQ,246,246,246,0,0,0,0
609,016250,2017,KOSDAQ,243,243,243,0,0,0,0
609,016250,2018,KOSDAQ,244,244,244,0,0,0,0
609,016250,2019,KOSDAQ,246,246,246,0,0,0,0
609,016250,2020,KOSDAQ,248,248,248,0,0,0,0
609,016250,2021,KOSDAQ,248,248,248,0,0,0,0
609,016250,2022,KOSDAQ,246,246,246,0,0,0,0
609,016250,2023,KOSDAQ,245,245,245,0,0,0,0
609,016250,2024,KOSDAQ,244,244,244,0,0,0,0
609,016250,2025,KOSDAQ,242,242,242,0,0,0,0
609,016250,2026,KOSDAQ,166,166,166,0,0,0,0
612,016450,2013,KOSPI,247,247,247,0,0,0,0
612,016450,2014,KOSPI,245,245,245,0,0,0,0
612,016450,2015,KOSPI,248,248,248,0,0,0,0
612,016450,2016,KOSPI,246,246,246,0,0,0,0
612,016450,2017,KOSPI,243,243,243,0,0,0,0
612,016450,2018,KOSPI,244,244,244,0,0,0,0
612,016450,2019,KOSPI,246,246,246,0,0,0,0
612,016450,2020,KOSPI,248,248,248,0,0,0,0
612,016450,2021,KOSPI,248,248,248,0,0,0,0
612,016450,2022,KOSPI,246,246,246,0,0,0,0
612,016450,2023,KOSPI,245,245,245,0,0,0,0
612,016450,2024,KOSPI,244,244,244,0,0,0,0
612,016450,2025,KOSPI,242,242,242,0,0,0,0
612,016450,2026,KOSPI,166,166,166,0,0,0,0
613,0164H0,2026,KOSDAQ,47,47,47,0,0,0,0
616,0165X0,2026,KOSDAQ,54,54,54,0,0,0,0
617,016600,2013,KOSDAQ,247,247,247,0,0,0,0
617,016600,2014,KOSDAQ,245,245,245,0,0,0,0
617,016600,2015,KOSDAQ,248,248,248,0,0,0,0
617,016600,2016,KOSDAQ,246,246,246,0,0,0,0
617,016600,2017,KOSDAQ,243,243,243,0,0,0,0
617,016600,2018,KOSDAQ,244,244,244,0,0,0,0
617,016600,2019,KOSDAQ,246,246,246,0,0,0,0
617,016600,2020,KOSDAQ,248,248,247,0,0,1,0
617,016600,2021,KOSDAQ,248,248,248,0,0,0,0
617,016600,2022,KOSDAQ,246,246,246,0,0,0,0
617,016600,2023,KOSDAQ,245,245,245,0,0,0,0
617,016600,2024,KOSDAQ,244,244,244,0,0,0,0
617,016600,2025,KOSDAQ,242,242,242,0,0,0,0
617,016600,2026,KOSDAQ,166,166,166,0,0,0,0
619,016670,2013,KOSDAQ,247,247,247,0,0,0,0
619,016670,2014,KOSDAQ,245,245,245,0,0,0,0
619,016670,2015,KOSDAQ,248,248,248,0,0,0,0
619,016670,2016,KOSDAQ,246,246,246,0,0,0,0
619,016670,2017,KOSDAQ,243,243,243,0,0,0,0
619,016670,2018,KOSDAQ,244,244,244,0,0,0,0
619,016670,2019,KOSDAQ,246,246,246,0,0,0,0
619,016670,2020,KOSDAQ,248,248,248,0,0,0,0
619,016670,2021,KOSDAQ,248,248,248,0,0,0,0
619,016670,2022,KOSDAQ,246,246,246,0,0,0,0
619,016670,2023,KOSDAQ,245,245,245,0,0,0,0
619,016670,2024,KOSDAQ,244,244,244,0,0,0,0
619,016670,2025,KOSDAQ,242,242,242,0,0,0,0
619,016670,2026,KOSDAQ,166,166,166,0,0,0,0
620,016710,2013,KOSPI,247,247,247,0,0,0,0
620,016710,2014,KOSPI,245,245,245,0,0,0,0
620,016710,2015,KOSPI,248,248,248,0,0,0,0
620,016710,2016,KOSPI,246,246,246,0,0,0,0
620,016710,2017,KOSPI,243,243,243,0,0,0,0
620,016710,2018,KOSPI,244,244,244,0,0,0,0
620,016710,2019,KOSPI,246,246,246,0,0,0,0
620,016710,2020,KOSPI,248,248,248,0,0,0,0
620,016710,2021,KOSPI,248,248,248,0,0,0,0
620,016710,2022,KOSPI,246,246,246,0,0,0,0
620,016710,2023,KOSPI,245,245,245,0,0,0,0
620,016710,2024,KOSPI,244,244,244,0,0,0,0
620,016710,2025,KOSPI,242,242,242,0,0,0,0
620,016710,2026,KOSPI,166,166,166,0,0,0,0
621,016740,2016,KOSPI,105,105,105,0,0,0,0
621,016740,2017,KOSPI,243,243,243,0,0,0,0
621,016740,2018,KOSPI,244,244,244,0,0,0,0
621,016740,2019,KOSPI,246,246,246,0,0,0,0
621,016740,2020,KOSPI,248,248,248,0,0,0,0
621,016740,2021,KOSPI,248,248,248,0,0,0,0
621,016740,2022,KOSPI,246,246,246,0,0,0,0
621,016740,2023,KOSPI,245,245,245,0,0,0,0
621,016740,2024,KOSPI,244,244,244,0,0,0,0
621,016740,2025,KOSPI,242,242,242,0,0,0,0
621,016740,2026,KOSPI,166,166,166,0,0,0,0
622,016790,2018,KOSDAQ,142,142,142,0,0,0,0
622,016790,2019,KOSDAQ,246,246,246,0,0,0,0
622,016790,2020,KOSDAQ,248,248,248,0,0,0,0
622,016790,2021,KOSDAQ,248,248,248,0,0,0,0
622,016790,2022,KOSDAQ,246,246,245,0,0,1,0
622,016790,2023,KOSDAQ,245,245,245,0,0,0,0
622,016790,2024,KOSDAQ,244,244,244,0,0,0,0
622,016790,2025,KOSDAQ,242,242,242,0,0,0,0
622,016790,2026,KOSDAQ,166,166,166,0,0,0,0
625,016920,2013,KOSDAQ,247,247,247,0,0,0,0
625,016920,2014,KOSDAQ,245,245,245,0,0,0,0
625,016920,2015,KOSDAQ,248,248,248,0,0,0,0
625,016920,2016,KOSDAQ,246,246,246,0,0,0,0
625,016920,2017,KOSDAQ,243,243,243,0,0,0,0
625,016920,2018,KOSDAQ,244,244,244,0,0,0,0
625,016920,2019,KOSDAQ,246,246,246,0,0,0,0
625,016920,2020,KOSDAQ,248,248,248,0,0,0,0
625,016920,2021,KOSDAQ,248,248,248,0,0,0,0
625,016920,2022,KOSDAQ,246,246,246,0,0,0,0
625,016920,2023,KOSDAQ,245,245,245,0,0,0,0
625,016920,2024,KOSDAQ,244,244,244,0,0,0,0
625,016920,2025,KOSDAQ,242,242,242,0,0,0,0
625,016920,2026,KOSDAQ,166,166,166,0,0,0,0
626,017000,2013,KOSDAQ,247,247,247,0,0,0,0
626,017000,2014,KOSDAQ,245,245,245,0,0,0,0
626,017000,2015,KOSDAQ,248,248,248,0,0,0,0
626,017000,2016,KOSDAQ,246,246,246,0,0,0,0
626,017000,2017,KOSDAQ,243,243,243,0,0,0,0
626,017000,2018,KOSDAQ,244,244,244,0,0,0,0
626,017000,2019,KOSDAQ,246,246,246,0,0,0,0
626,017000,2020,KOSDAQ,248,248,248,0,0,0,0
626,017000,2021,KOSDAQ,248,248,248,0,0,0,0
626,017000,2022,KOSDAQ,246,246,246,0,0,0,0
626,017000,2023,KOSDAQ,245,245,245,0,0,0,0
626,017000,2024,KOSDAQ,244,244,244,0,0,0,0
626,017000,2025,KOSDAQ,242,242,242,0,0,0,0
626,017000,2026,KOSDAQ,166,166,166,0,0,0,0
628,017180,2013,KOSPI,247,247,247,0,0,0,0
628,017180,2014,KOSPI,245,245,245,0,0,0,0
628,017180,2015,KOSPI,248,248,248,0,0,0,0
628,017180,2016,KOSPI,246,246,246,0,0,0,0
628,017180,2017,KOSPI,243,243,243,0,0,0,0
628,017180,2018,KOSPI,244,244,244,0,0,0,0
628,017180,2019,KOSPI,246,246,246,0,0,0,0
628,017180,2020,KOSPI,248,248,248,0,0,0,0
628,017180,2021,KOSPI,248,248,248,0,0,0,0
628,017180,2022,KOSPI,246,246,246,0,0,0,0
628,017180,2023,KOSPI,245,245,245,0,0,0,0
628,017180,2024,KOSPI,244,244,244,0,0,0,0
628,017180,2025,KOSPI,242,242,242,0,0,0,0
628,017180,2026,KOSPI,166,166,166,0,0,0,0
629,017250,2013,KOSDAQ,247,247,247,0,0,0,0
629,017250,2014,KOSDAQ,245,245,245,0,0,0,0
629,017250,2015,KOSDAQ,248,248,248,0,0,0,0
629,017250,2016,KOSDAQ,246,246,246,0,0,0,0
629,017250,2017,KOSDAQ,243,243,243,0,0,0,0
629,017250,2018,KOSDAQ,244,244,244,0,0,0,0
629,017250,2019,KOSDAQ,246,246,246,0,0,0,0
629,017250,2020,KOSDAQ,248,248,248,0,0,0,0
629,017250,2021,KOSDAQ,248,248,248,0,0,0,0
629,017250,2022,KOSDAQ,246,246,246,0,0,0,0
629,017250,2023,KOSDAQ,245,245,245,0,0,0,0
629,017250,2024,KOSDAQ,244,244,244,0,0,0,0
629,017250,2025,KOSDAQ,242,242,242,0,0,0,0
629,017250,2026,KOSDAQ,166,166,166,0,0,0,0
630,017370,2013,KOSPI,247,247,247,0,0,0,0
630,017370,2014,KOSPI,245,245,245,0,0,0,0
630,017370,2015,KOSPI,248,248,248,0,0,0,0
630,017370,2016,KOSPI,246,246,246,0,0,0,0
630,017370,2017,KOSPI,243,243,243,0,0,0,0
630,017370,2018,KOSPI,244,244,244,0,0,0,0
630,017370,2019,KOSPI,246,246,246,0,0,0,0
630,017370,2020,KOSPI,248,248,248,0,0,0,0
630,017370,2021,KOSPI,248,248,248,0,0,0,0
630,017370,2022,KOSPI,246,246,246,0,0,0,0
630,017370,2023,KOSPI,245,245,245,0,0,0,0
630,017370,2024,KOSPI,244,244,244,0,0,0,0
630,017370,2025,KOSPI,242,242,242,0,0,0,0
630,017370,2026,KOSPI,166,166,166,0,0,0,0
632,017480,2013,KOSDAQ,247,247,247,0,0,0,0
632,017480,2014,KOSDAQ,245,245,245,0,0,0,0
632,017480,2015,KOSDAQ,248,248,248,0,0,0,0
632,017480,2016,KOSDAQ,246,246,246,0,0,0,0
632,017480,2017,KOSDAQ,243,243,243,0,0,0,0
632,017480,2018,KOSDAQ,244,244,244,0,0,0,0
632,017480,2019,KOSDAQ,246,246,246,0,0,0,0
632,017480,2020,KOSDAQ,248,248,248,0,0,0,0
632,017480,2021,KOSDAQ,248,248,248,0,0,0,0
632,017480,2022,KOSDAQ,246,246,246,0,0,0,0
632,017480,2023,KOSDAQ,245,245,245,0,0,0,0
632,017480,2024,KOSDAQ,244,244,244,0,0,0,0
632,017480,2025,KOSDAQ,242,242,242,0,0,0,0
632,017480,2026,KOSDAQ,166,166,166,0,0,0,0
633,017510,2013,KOSDAQ,247,247,247,0,0,0,0
633,017510,2014,KOSDAQ,245,245,245,0,0,0,0
633,017510,2015,KOSDAQ,248,248,248,0,0,0,0
633,017510,2016,KOSDAQ,246,246,246,0,0,0,0
633,017510,2017,KOSDAQ,243,243,243,0,0,0,0
633,017510,2018,KOSDAQ,244,244,244,0,0,0,0
633,017510,2019,KOSDAQ,246,246,246,0,0,0,0
633,017510,2020,KOSDAQ,248,248,248,0,0,0,0
633,017510,2021,KOSDAQ,248,248,248,0,0,0,0
633,017510,2022,KOSDAQ,246,246,246,0,0,0,0
633,017510,2023,KOSDAQ,245,245,245,0,0,0,0
633,017510,2024,KOSDAQ,244,244,244,0,0,0,0
633,017510,2025,KOSDAQ,242,242,242,0,0,0,0
633,017510,2026,KOSDAQ,166,166,166,0,0,0,0
635,017650,2013,KOSDAQ,247,247,247,0,0,0,0
635,017650,2014,KOSDAQ,245,245,245,0,0,0,0
635,017650,2015,KOSDAQ,248,248,248,0,0,0,0
635,017650,2016,KOSDAQ,246,246,246,0,0,0,0
635,017650,2017,KOSDAQ,243,243,243,0,0,0,0
635,017650,2018,KOSDAQ,244,244,244,0,0,0,0
635,017650,2019,KOSDAQ,246,246,246,0,0,0,0
635,017650,2020,KOSDAQ,248,248,248,0,0,0,0
635,017650,2021,KOSDAQ,248,248,248,0,0,0,0
635,017650,2022,KOSDAQ,246,246,246,0,0,0,0
635,017650,2023,KOSDAQ,245,245,245,0,0,0,0
635,017650,2024,KOSDAQ,244,244,244,0,0,0,0
635,017650,2025,KOSDAQ,242,242,242,0,0,0,0
635,017650,2026,KOSDAQ,166,166,166,0,0,0,0
639,017860,2023,KOSPI,4,4,4,0,0,0,0
639,017860,2024,KOSPI,244,244,244,0,0,0,0
639,017860,2025,KOSPI,242,242,242,0,0,0,0
639,017860,2026,KOSPI,166,166,166,0,0,0,0
640,017890,2013,KOSDAQ,247,247,247,0,0,0,0
640,017890,2014,KOSDAQ,245,245,245,0,0,0,0
640,017890,2015,KOSDAQ,248,248,248,0,0,0,0
640,017890,2016,KOSDAQ,246,246,246,0,0,0,0
640,017890,2017,KOSDAQ,243,243,243,0,0,0,0
640,017890,2018,KOSDAQ,244,244,244,0,0,0,0
640,017890,2019,KOSDAQ,246,246,246,0,0,0,0
640,017890,2020,KOSDAQ,248,248,248,0,0,0,0
640,017890,2021,KOSDAQ,248,248,248,0,0,0,0
640,017890,2022,KOSDAQ,246,246,246,0,0,0,0
640,017890,2023,KOSDAQ,245,245,245,0,0,0,0
640,017890,2024,KOSDAQ,244,244,244,0,0,0,0
640,017890,2025,KOSDAQ,242,242,242,0,0,0,0
640,017890,2026,KOSDAQ,166,166,166,0,0,0,0
644,018000,2013,KOSDAQ,247,247,247,0,0,0,0
644,018000,2014,KOSDAQ,245,245,245,0,0,0,0
644,018000,2015,KOSDAQ,248,248,248,0,0,0,0
644,018000,2016,KOSDAQ,246,246,246,0,0,0,0
644,018000,2017,KOSDAQ,243,243,243,0,0,0,0
644,018000,2018,KOSDAQ,244,244,244,0,0,0,0
644,018000,2019,KOSDAQ,246,246,246,0,0,0,0
644,018000,2020,KOSDAQ,248,248,248,0,0,0,0
644,018000,2021,KOSDAQ,248,248,248,0,0,0,0
644,018000,2022,KOSDAQ,246,246,246,0,0,0,0
644,018000,2023,KOSDAQ,245,245,245,0,0,0,0
644,018000,2024,KOSDAQ,244,244,243,0,0,1,0
644,018000,2025,KOSDAQ,242,242,242,0,0,0,0
644,018000,2026,KOSDAQ,166,166,166,0,0,0,0
645,018120,2013,KOSDAQ,247,247,247,0,0,0,0
645,018120,2014,KOSDAQ,245,245,245,0,0,0,0
645,018120,2015,KOSDAQ,248,248,248,0,0,0,0
645,018120,2016,KOSDAQ,246,246,246,0,0,0,0
645,018120,2017,KOSDAQ,243,243,243,0,0,0,0
645,018120,2018,KOSDAQ,244,244,244,0,0,0,0
645,018120,2019,KOSDAQ,246,246,246,0,0,0,0
645,018120,2020,KOSDAQ,248,248,248,0,0,0,0
645,018120,2021,KOSDAQ,248,248,248,0,0,0,0
645,018120,2022,KOSDAQ,246,246,246,0,0,0,0
645,018120,2023,KOSDAQ,245,245,245,0,0,0,0
645,018120,2024,KOSDAQ,244,244,244,0,0,0,0
645,018120,2025,KOSDAQ,242,242,242,0,0,0,0
645,018120,2026,KOSDAQ,166,166,166,0,0,0,0
646,018250,2018,KOSPI,190,190,190,0,0,0,0
646,018250,2019,KOSPI,246,246,246,0,0,0,0
646,018250,2020,KOSPI,248,248,248,0,0,0,0
646,018250,2021,KOSPI,248,248,248,0,0,0,0
646,018250,2022,KOSPI,246,246,246,0,0,0,0
646,018250,2023,KOSPI,245,245,245,0,0,0,0
646,018250,2024,KOSPI,244,244,244,0,0,0,0
646,018250,2025,KOSPI,242,242,242,0,0,0,0
646,018250,2026,KOSPI,166,166,166,0,0,0,0
647,018260,2014,KOSPI,32,32,32,0,0,0,0
647,018260,2015,KOSPI,248,248,248,0,0,0,0
647,018260,2016,KOSPI,246,246,246,0,0,0,0
647,018260,2017,KOSPI,243,243,243,0,0,0,0
647,018260,2018,KOSPI,244,244,244,0,0,0,0
647,018260,2019,KOSPI,246,246,246,0,0,0,0
647,018260,2020,KOSPI,248,248,248,0,0,0,0
647,018260,2021,KOSPI,248,248,248,0,0,0,0
647,018260,2022,KOSPI,246,246,246,0,0,0,0
647,018260,2023,KOSPI,245,245,245,0,0,0,0
647,018260,2024,KOSPI,244,244,244,0,0,0,0
647,018260,2025,KOSPI,242,242,242,0,0,0,0
647,018260,2026,KOSPI,166,166,166,0,0,0,0
648,018290,2013,KOSDAQ,247,247,247,0,0,0,0
648,018290,2014,KOSDAQ,245,245,245,0,0,0,0
648,018290,2015,KOSDAQ,248,248,248,0,0,0,0
648,018290,2016,KOSDAQ,246,246,244,0,0,2,0
648,018290,2017,KOSDAQ,243,243,243,0,0,0,0
648,018290,2018,KOSDAQ,244,244,244,0,0,0,0
648,018290,2019,KOSDAQ,246,246,246,0,0,0,0
648,018290,2020,KOSDAQ,248,248,248,0,0,0,0
648,018290,2021,KOSDAQ,248,248,248,0,0,0,0
648,018290,2022,KOSDAQ,246,246,246,0,0,0,0
648,018290,2023,KOSDAQ,245,245,245,0,0,0,0
648,018290,2024,KOSDAQ,244,244,244,0,0,0,0
648,018290,2025,KOSDAQ,242,242,242,0,0,0,0
648,018290,2026,KOSDAQ,166,166,166,0,0,0,0
649,018310,2013,KOSDAQ,247,247,247,0,0,0,0
649,018310,2014,KOSDAQ,245,245,245,0,0,0,0
649,018310,2015,KOSDAQ,248,248,248,0,0,0,0
649,018310,2016,KOSDAQ,246,246,246,0,0,0,0
649,018310,2017,KOSDAQ,243,243,243,0,0,0,0
649,018310,2018,KOSDAQ,244,244,244,0,0,0,0
649,018310,2019,KOSDAQ,246,246,246,0,0,0,0
649,018310,2020,KOSDAQ,248,248,248,0,0,0,0
649,018310,2021,KOSDAQ,248,248,248,0,0,0,0
649,018310,2022,KOSDAQ,246,246,246,0,0,0,0
649,018310,2023,KOSDAQ,245,245,245,0,0,0,0
649,018310,2024,KOSDAQ,244,244,244,0,0,0,0
649,018310,2025,KOSDAQ,242,242,242,0,0,0,0
649,018310,2026,KOSDAQ,166,166,166,0,0,0,0
652,018620,2013,KOSDAQ,247,247,247,0,0,0,0
652,018620,2014,KOSDAQ,245,245,245,0,0,0,0
652,018620,2015,KOSDAQ,248,248,248,0,0,0,0
652,018620,2016,KOSDAQ,246,246,246,0,0,0,0
652,018620,2017,KOSDAQ,243,243,243,0,0,0,0
652,018620,2018,KOSDAQ,244,244,243,0,0,1,0
652,018620,2019,KOSDAQ,246,246,246,0,0,0,0
652,018620,2020,KOSDAQ,248,248,248,0,0,0,0
652,018620,2021,KOSDAQ,248,248,248,0,0,0,0
652,018620,2022,KOSDAQ,246,246,246,0,0,0,0
652,018620,2023,KOSDAQ,245,245,245,0,0,0,0
652,018620,2024,KOSDAQ,244,244,244,0,0,0,0
652,018620,2025,KOSDAQ,242,242,242,0,0,0,0
652,018620,2026,KOSDAQ,166,166,166,0,0,0,0
654,018680,2013,KOSDAQ,247,247,247,0,0,0,0
654,018680,2014,KOSDAQ,245,245,245,0,0,0,0
654,018680,2015,KOSDAQ,248,248,248,0,0,0,0
654,018680,2016,KOSDAQ,246,246,246,0,0,0,0
654,018680,2017,KOSDAQ,243,243,243,0,0,0,0
654,018680,2018,KOSDAQ,244,244,244,0,0,0,0
654,018680,2019,KOSDAQ,246,246,246,0,0,0,0
654,018680,2020,KOSDAQ,248,248,248,0,0,0,0
654,018680,2021,KOSDAQ,248,248,248,0,0,0,0
654,018680,2022,KOSDAQ,246,246,246,0,0,0,0
654,018680,2023,KOSDAQ,245,245,245,0,0,0,0
654,018680,2024,KOSDAQ,244,244,244,0,0,0,0
654,018680,2025,KOSDAQ,242,242,242,0,0,0,0
654,018680,2026,KOSDAQ,166,166,166,0,0,0,0
655,018700,2013,KOSDAQ,247,247,247,0,0,0,0
655,018700,2014,KOSDAQ,245,245,245,0,0,0,0
655,018700,2015,KOSDAQ,248,248,248,0,0,0,0
655,018700,2016,KOSDAQ,246,246,246,0,0,0,0
655,018700,2017,KOSDAQ,243,243,243,0,0,0,0
655,018700,2018,KOSDAQ,244,244,244,0,0,0,0
655,018700,2019,KOSDAQ,246,246,246,0,0,0,0
655,018700,2020,KOSDAQ,248,248,247,0,0,1,0
655,018700,2021,KOSDAQ,248,248,248,0,0,0,0
655,018700,2022,KOSDAQ,246,246,246,0,0,0,0
655,018700,2023,KOSDAQ,245,245,245,0,0,0,0
655,018700,2024,KOSDAQ,244,244,244,0,0,0,0
655,018700,2025,KOSDAQ,242,242,242,0,0,0,0
655,018700,2026,KOSDAQ,166,166,166,0,0,0,0
657,019010,2013,KOSDAQ,247,247,247,0,0,0,0
657,019010,2014,KOSDAQ,245,245,245,0,0,0,0
657,019010,2015,KOSDAQ,248,248,248,0,0,0,0
657,019010,2016,KOSDAQ,246,246,246,0,0,0,0
657,019010,2017,KOSDAQ,243,243,243,0,0,0,0
657,019010,2018,KOSDAQ,244,244,244,0,0,0,0
657,019010,2019,KOSDAQ,246,246,246,0,0,0,0
657,019010,2020,KOSDAQ,248,248,248,0,0,0,0
657,019010,2021,KOSDAQ,248,248,248,0,0,0,0
657,019010,2022,KOSDAQ,246,246,246,0,0,0,0
657,019010,2023,KOSDAQ,245,245,245,0,0,0,0
657,019010,2024,KOSDAQ,244,244,244,0,0,0,0
657,019010,2025,KOSDAQ,242,242,242,0,0,0,0
657,019010,2026,KOSDAQ,166,166,166,0,0,0,0
661,019210,2013,KOSDAQ,247,247,247,0,0,0,0
661,019210,2014,KOSDAQ,245,245,245,0,0,0,0
661,019210,2015,KOSDAQ,248,248,248,0,0,0,0
661,019210,2016,KOSDAQ,246,246,246,0,0,0,0
661,019210,2017,KOSDAQ,243,243,243,0,0,0,0
661,019210,2018,KOSDAQ,244,244,244,0,0,0,0
661,019210,2019,KOSDAQ,246,246,246,0,0,0,0
661,019210,2020,KOSDAQ,248,248,248,0,0,0,0
661,019210,2021,KOSDAQ,248,248,248,0,0,0,0
661,019210,2022,KOSDAQ,246,246,246,0,0,0,0
661,019210,2023,KOSDAQ,245,245,245,0,0,0,0
661,019210,2024,KOSDAQ,244,244,244,0,0,0,0
661,019210,2025,KOSDAQ,242,242,242,0,0,0,0
661,019210,2026,KOSDAQ,166,166,166,0,0,0,0
663,019540,2013,KOSDAQ,247,247,247,0,0,0,0
663,019540,2014,KOSDAQ,245,245,245,0,0,0,0
663,019540,2015,KOSDAQ,248,248,248,0,0,0,0
663,019540,2016,KOSDAQ,246,246,246,0,0,0,0
663,019540,2017,KOSDAQ,243,243,243,0,0,0,0
663,019540,2018,KOSDAQ,244,244,244,0,0,0,0
663,019540,2019,KOSDAQ,246,246,246,0,0,0,0
663,019540,2020,KOSDAQ,248,248,248,0,0,0,0
663,019540,2021,KOSDAQ,248,248,248,0,0,0,0
663,019540,2022,KOSDAQ,246,246,246,0,0,0,0
663,019540,2023,KOSDAQ,245,245,245,0,0,0,0
663,019540,2024,KOSDAQ,244,244,244,0,0,0,0
663,019540,2025,KOSDAQ,242,242,242,0,0,0,0
663,019540,2026,KOSDAQ,166,166,166,0,0,0,0
664,019550,2013,KOSDAQ,247,247,247,0,0,0,0
664,019550,2014,KOSDAQ,245,245,245,0,0,0,0
664,019550,2015,KOSDAQ,248,248,248,0,0,0,0
664,019550,2016,KOSDAQ,246,246,246,0,0,0,0
664,019550,2017,KOSDAQ,243,243,243,0,0,0,0
664,019550,2018,KOSDAQ,244,244,244,0,0,0,0
664,019550,2019,KOSDAQ,246,246,246,0,0,0,0
664,019550,2020,KOSDAQ,248,248,248,0,0,0,0
664,019550,2021,KOSDAQ,248,248,248,0,0,0,0
664,019550,2022,KOSDAQ,246,246,246,0,0,0,0
664,019550,2023,KOSDAQ,245,245,245,0,0,0,0
664,019550,2024,KOSDAQ,244,244,244,0,0,0,0
664,019550,2025,KOSDAQ,242,242,242,0,0,0,0
664,019550,2026,KOSDAQ,166,166,166,0,0,0,0
665,019570,2013,KOSDAQ,247,247,247,0,0,0,0
665,019570,2014,KOSDAQ,245,245,245,0,0,0,0
665,019570,2015,KOSDAQ,248,248,248,0,0,0,0
665,019570,2016,KOSDAQ,246,246,244,0,0,2,0
665,019570,2017,KOSDAQ,243,243,243,0,0,0,0
665,019570,2018,KOSDAQ,244,244,244,0,0,0,0
665,019570,2019,KOSDAQ,246,246,246,0,0,0,0
665,019570,2020,KOSDAQ,248,248,248,0,0,0,0
665,019570,2021,KOSDAQ,248,248,248,0,0,0,0
665,019570,2022,KOSDAQ,246,246,246,0,0,0,0
665,019570,2023,KOSDAQ,245,245,245,0,0,0,0
665,019570,2024,KOSDAQ,244,244,244,0,0,0,0
665,019570,2025,KOSDAQ,242,242,242,0,0,0,0
665,019570,2026,KOSDAQ,166,166,166,0,0,0,0
666,019660,2013,KOSDAQ,247,247,247,0,0,0,0
666,019660,2014,KOSDAQ,245,245,245,0,0,0,0
666,019660,2015,KOSDAQ,248,248,246,0,0,2,0
666,019660,2016,KOSDAQ,246,246,246,0,0,0,0
666,019660,2017,KOSDAQ,243,243,243,0,0,0,0
666,019660,2018,KOSDAQ,244,244,244,0,0,0,0
666,019660,2019,KOSDAQ,246,246,246,0,0,0,0
666,019660,2020,KOSDAQ,248,248,248,0,0,0,0
666,019660,2021,KOSDAQ,248,248,248,0,0,0,0
666,019660,2022,KOSDAQ,246,246,246,0,0,0,0
666,019660,2023,KOSDAQ,245,245,245,0,0,0,0
666,019660,2024,KOSDAQ,244,244,244,0,0,0,0
666,019660,2025,KOSDAQ,242,242,242,0,0,0,0
666,019660,2026,KOSDAQ,166,166,166,0,0,0,0
667,019680,2013,KOSPI,247,247,247,0,0,0,0
667,019680,2014,KOSPI,245,245,245,0,0,0,0
667,019680,2015,KOSPI,248,248,248,0,0,0,0
667,019680,2016,KOSPI,246,246,246,0,0,0,0
667,019680,2017,KOSPI,243,243,243,0,0,0,0
667,019680,2018,KOSPI,244,244,244,0,0,0,0
667,019680,2019,KOSPI,246,246,246,0,0,0,0
667,019680,2020,KOSPI,248,248,248,0,0,0,0
667,019680,2021,KOSPI,248,248,248,0,0,0,0
667,019680,2022,KOSPI,246,246,246,0,0,0,0
667,019680,2023,KOSPI,245,245,245,0,0,0,0
667,019680,2024,KOSPI,244,244,244,0,0,0,0
667,019680,2025,KOSPI,242,242,242,0,0,0,0
667,019680,2026,KOSPI,166,166,166,0,0,0,0
669,019770,2013,KOSDAQ,247,247,247,0,0,0,0
669,019770,2014,KOSDAQ,245,245,245,0,0,0,0
669,019770,2015,KOSDAQ,248,248,248,0,0,0,0
669,019770,2016,KOSDAQ,246,246,246,0,0,0,0
669,019770,2017,KOSDAQ,243,243,243,0,0,0,0
669,019770,2018,KOSDAQ,244,244,244,0,0,0,0
669,019770,2019,KOSDAQ,246,246,246,0,0,0,0
669,019770,2020,KOSDAQ,248,248,248,0,0,0,0
669,019770,2021,KOSDAQ,248,248,248,0,0,0,0
669,019770,2022,KOSDAQ,246,246,246,0,0,0,0
669,019770,2023,KOSDAQ,245,245,245,0,0,0,0
669,019770,2024,KOSDAQ,244,244,244,0,0,0,0
669,019770,2025,KOSDAQ,242,242,242,0,0,0,0
669,019770,2026,KOSDAQ,166,166,166,0,0,0,0
670,019990,2013,KOSDAQ,247,247,247,0,0,0,0
670,019990,2014,KOSDAQ,245,245,245,0,0,0,0
670,019990,2015,KOSDAQ,248,248,248,0,0,0,0
670,019990,2016,KOSDAQ,246,246,246,0,0,0,0
670,019990,2017,KOSDAQ,243,243,243,0,0,0,0
670,019990,2018,KOSDAQ,244,244,244,0,0,0,0
670,019990,2019,KOSDAQ,246,246,246,0,0,0,0
670,019990,2020,KOSDAQ,248,248,248,0,0,0,0
670,019990,2021,KOSDAQ,248,248,248,0,0,0,0
670,019990,2022,KOSDAQ,246,246,246,0,0,0,0
670,019990,2023,KOSDAQ,245,245,245,0,0,0,0
670,019990,2024,KOSDAQ,244,244,244,0,0,0,0
670,019990,2025,KOSDAQ,242,242,242,0,0,0,0
670,019990,2026,KOSDAQ,166,166,166,0,0,0,0
673,020150,2013,KOSPI,247,247,247,0,0,0,0
673,020150,2014,KOSPI,245,245,245,0,0,0,0
673,020150,2015,KOSPI,248,248,248,0,0,0,0
673,020150,2016,KOSPI,246,246,246,0,0,0,0
673,020150,2017,KOSPI,243,243,243,0,0,0,0
673,020150,2018,KOSPI,244,244,244,0,0,0,0
673,020150,2019,KOSPI,246,246,246,0,0,0,0
673,020150,2020,KOSPI,248,248,248,0,0,0,0
673,020150,2021,KOSPI,248,248,248,0,0,0,0
673,020150,2022,KOSPI,246,246,246,0,0,0,0
673,020150,2023,KOSPI,245,245,245,0,0,0,0
673,020150,2024,KOSPI,244,244,244,0,0,0,0
673,020150,2025,KOSPI,242,242,242,0,0,0,0
673,020150,2026,KOSPI,166,166,166,0,0,0,0
674,020180,2013,KOSDAQ,247,247,247,0,0,0,0
674,020180,2014,KOSDAQ,245,245,245,0,0,0,0
674,020180,2015,KOSDAQ,248,248,248,0,0,0,0
674,020180,2016,KOSDAQ,246,246,246,0,0,0,0
674,020180,2017,KOSDAQ,243,243,243,0,0,0,0
674,020180,2018,KOSDAQ,244,244,244,0,0,0,0
674,020180,2019,KOSDAQ,246,246,246,0,0,0,0
674,020180,2020,KOSDAQ,248,248,248,0,0,0,0
674,020180,2021,KOSDAQ,248,248,248,0,0,0,0
674,020180,2022,KOSDAQ,246,246,246,0,0,0,0
674,020180,2023,KOSDAQ,245,245,245,0,0,0,0
674,020180,2024,KOSDAQ,244,244,244,0,0,0,0
674,020180,2025,KOSDAQ,242,242,242,0,0,0,0
674,020180,2026,KOSDAQ,166,166,166,0,0,0,0
675,020400,2013,KOSDAQ,247,247,247,0,0,0,0
675,020400,2014,KOSDAQ,245,245,245,0,0,0,0
675,020400,2015,KOSDAQ,248,248,248,0,0,0,0
675,020400,2016,KOSDAQ,246,246,246,0,0,0,0
675,020400,2017,KOSDAQ,243,243,243,0,0,0,0
675,020400,2018,KOSDAQ,244,244,243,0,0,1,0
675,020400,2019,KOSDAQ,246,246,246,0,0,0,0
675,020400,2020,KOSDAQ,248,248,248,0,0,0,0
675,020400,2021,KOSDAQ,248,248,248,0,0,0,0
675,020400,2022,KOSDAQ,246,246,246,0,0,0,0
675,020400,2023,KOSDAQ,245,245,245,0,0,0,0
675,020400,2024,KOSDAQ,244,244,244,0,0,0,0
675,020400,2025,KOSDAQ,242,242,242,0,0,0,0
675,020400,2026,KOSDAQ,166,166,166,0,0,0,0
676,020560,2013,KOSPI,247,247,247,0,0,0,0
676,020560,2014,KOSPI,245,245,245,0,0,0,0
676,020560,2015,KOSPI,248,248,248,0,0,0,0
676,020560,2016,KOSPI,246,246,246,0,0,0,0
676,020560,2017,KOSPI,243,243,243,0,0,0,0
676,020560,2018,KOSPI,244,244,244,0,0,0,0
676,020560,2019,KOSPI,246,246,246,0,0,0,0
676,020560,2020,KOSPI,248,248,248,0,0,0,0
676,020560,2021,KOSPI,248,248,248,0,0,0,0
676,020560,2022,KOSPI,246,246,246,0,0,0,0
676,020560,2023,KOSPI,245,245,245,0,0,0,0
676,020560,2024,KOSPI,244,244,244,0,0,0,0
676,020560,2025,KOSPI,242,242,242,0,0,0,0
676,020560,2026,KOSPI,166,166,166,0,0,0,0
677,020710,2013,KOSDAQ,247,247,247,0,0,0,0
677,020710,2014,KOSDAQ,245,245,245,0,0,0,0
677,020710,2015,KOSDAQ,248,248,248,0,0,0,0
677,020710,2016,KOSDAQ,246,246,246,0,0,0,0
677,020710,2017,KOSDAQ,243,243,243,0,0,0,0
677,020710,2018,KOSDAQ,244,244,244,0,0,0,0
677,020710,2019,KOSDAQ,246,246,246,0,0,0,0
677,020710,2020,KOSDAQ,248,248,248,0,0,0,0
677,020710,2021,KOSDAQ,248,248,248,0,0,0,0
677,020710,2022,KOSDAQ,246,246,246,0,0,0,0
677,020710,2023,KOSDAQ,245,245,245,0,0,0,0
677,020710,2024,KOSDAQ,244,244,244,0,0,0,0
677,020710,2025,KOSDAQ,242,242,242,0,0,0,0
677,020710,2026,KOSDAQ,166,166,166,0,0,0,0
678,020760,2013,KOSPI,247,247,247,0,0,0,0
678,020760,2014,KOSPI,245,245,245,0,0,0,0
678,020760,2015,KOSPI,248,248,248,0,0,0,0
678,020760,2016,KOSPI,246,246,246,0,0,0,0
678,020760,2017,KOSPI,243,243,243,0,0,0,0
678,020760,2018,KOSPI,244,244,244,0,0,0,0
678,020760,2019,KOSPI,246,246,246,0,0,0,0
678,020760,2020,KOSPI,248,248,248,0,0,0,0
678,020760,2021,KOSPI,248,248,248,0,0,0,0
678,020760,2022,KOSPI,246,246,246,0,0,0,0
678,020760,2023,KOSPI,245,245,245,0,0,0,0
678,020760,2024,KOSPI,244,244,244,0,0,0,0
678,020760,2025,KOSPI,242,242,242,0,0,0,0
678,020760,2026,KOSPI,166,166,166,0,0,0,0
679,021040,2013,KOSDAQ,247,247,247,0,0,0,0
679,021040,2014,KOSDAQ,245,245,245,0,0,0,0
679,021040,2015,KOSDAQ,248,248,248,0,0,0,0
679,021040,2016,KOSDAQ,246,246,246,0,0,0,0
679,021040,2017,KOSDAQ,243,243,243,0,0,0,0
679,021040,2018,KOSDAQ,244,244,244,0,0,0,0
679,021040,2019,KOSDAQ,246,246,246,0,0,0,0
679,021040,2020,KOSDAQ,248,248,248,0,0,0,0
679,021040,2021,KOSDAQ,248,248,248,0,0,0,0
679,021040,2022,KOSDAQ,246,246,246,0,0,0,0
679,021040,2023,KOSDAQ,245,245,245,0,0,0,0
679,021040,2024,KOSDAQ,244,244,244,0,0,0,0
679,021040,2025,KOSDAQ,242,242,242,0,0,0,0
679,021040,2026,KOSDAQ,166,166,166,0,0,0,0
682,021080,2013,KOSDAQ,247,247,247,0,0,0,0
682,021080,2014,KOSDAQ,245,245,245,0,0,0,0
682,021080,2015,KOSDAQ,248,248,248,0,0,0,0
682,021080,2016,KOSDAQ,246,246,246,0,0,0,0
682,021080,2017,KOSDAQ,243,243,243,0,0,0,0
682,021080,2018,KOSDAQ,244,244,244,0,0,0,0
682,021080,2019,KOSDAQ,246,246,246,0,0,0,0
682,021080,2020,KOSDAQ,248,248,248,0,0,0,0
682,021080,2021,KOSDAQ,248,248,248,0,0,0,0
682,021080,2022,KOSDAQ,246,246,246,0,0,0,0
682,021080,2023,KOSDAQ,245,245,245,0,0,0,0
682,021080,2024,KOSDAQ,244,244,244,0,0,0,0
682,021080,2025,KOSDAQ,242,242,242,0,0,0,0
682,021080,2026,KOSDAQ,166,166,166,0,0,0,0
683,021240,2013,KOSPI,247,247,247,0,0,0,0
683,021240,2014,KOSPI,245,245,245,0,0,0,0
683,021240,2015,KOSPI,248,248,248,0,0,0,0
683,021240,2016,KOSPI,246,246,246,0,0,0,0
683,021240,2017,KOSPI,243,243,243,0,0,0,0
683,021240,2018,KOSPI,244,244,244,0,0,0,0
683,021240,2019,KOSPI,246,246,246,0,0,0,0
683,021240,2020,KOSPI,248,248,248,0,0,0,0
683,021240,2021,KOSPI,248,248,248,0,0,0,0
683,021240,2022,KOSPI,246,246,246,0,0,0,0
683,021240,2023,KOSPI,245,245,245,0,0,0,0
683,021240,2024,KOSPI,244,244,244,0,0,0,0
683,021240,2025,KOSPI,242,242,242,0,0,0,0
683,021240,2026,KOSPI,166,166,166,0,0,0,0
684,021320,2013,KOSDAQ,247,247,247,0,0,0,0
684,021320,2014,KOSDAQ,245,245,245,0,0,0,0
684,021320,2015,KOSDAQ,248,248,248,0,0,0,0
684,021320,2016,KOSDAQ,246,246,246,0,0,0,0
684,021320,2017,KOSDAQ,243,243,243,0,0,0,0
684,021320,2018,KOSDAQ,244,244,244,0,0,0,0
684,021320,2019,KOSDAQ,246,246,246,0,0,0,0
684,021320,2020,KOSDAQ,248,248,248,0,0,0,0
684,021320,2021,KOSDAQ,248,248,248,0,0,0,0
684,021320,2022,KOSDAQ,246,246,246,0,0,0,0
684,021320,2023,KOSDAQ,245,245,245,0,0,0,0
684,021320,2024,KOSDAQ,244,244,244,0,0,0,0
684,021320,2025,KOSDAQ,242,242,242,0,0,0,0
684,021320,2026,KOSDAQ,166,166,166,0,0,0,0
685,021650,2013,KOSDAQ,247,247,247,0,0,0,0
685,021650,2014,KOSDAQ,245,245,245,0,0,0,0
685,021650,2015,KOSDAQ,248,248,248,0,0,0,0
685,021650,2016,KOSDAQ,246,246,246,0,0,0,0
685,021650,2017,KOSDAQ,243,243,243,0,0,0,0
685,021650,2018,KOSDAQ,244,244,244,0,0,0,0
685,021650,2019,KOSDAQ,246,246,246,0,0,0,0
685,021650,2020,KOSDAQ,248,248,248,0,0,0,0
685,021650,2021,KOSDAQ,248,248,248,0,0,0,0
685,021650,2022,KOSDAQ,246,246,246,0,0,0,0
685,021650,2023,KOSDAQ,245,245,245,0,0,0,0
685,021650,2024,KOSDAQ,244,244,244,0,0,0,0
685,021650,2025,KOSDAQ,242,242,242,0,0,0,0
685,021650,2026,KOSDAQ,166,166,166,0,0,0,0
687,021880,2013,KOSDAQ,247,247,247,0,0,0,0
687,021880,2014,KOSDAQ,245,245,245,0,0,0,0
687,021880,2015,KOSDAQ,248,248,248,0,0,0,0
687,021880,2016,KOSDAQ,246,246,246,0,0,0,0
687,021880,2017,KOSDAQ,243,243,243,0,0,0,0
687,021880,2018,KOSDAQ,244,244,244,0,0,0,0
687,021880,2019,KOSDAQ,246,246,246,0,0,0,0
687,021880,2020,KOSDAQ,248,248,248,0,0,0,0
687,021880,2021,KOSDAQ,248,248,248,0,0,0,0
687,021880,2022,KOSDAQ,246,246,246,0,0,0,0
687,021880,2023,KOSDAQ,245,245,245,0,0,0,0
687,021880,2024,KOSDAQ,244,244,244,0,0,0,0
687,021880,2025,KOSDAQ,242,242,242,0,0,0,0
687,021880,2026,KOSDAQ,166,166,166,0,0,0,0
688,0218L0,2026,KOSDAQ,29,29,29,0,0,0,0
689,022100,2024,KOSPI,244,244,244,0,0,0,0
689,022100,2025,KOSPI,242,242,242,0,0,0,0
689,022100,2026,KOSPI,166,166,166,0,0,0,0
691,023000,2013,KOSPI,247,247,247,0,0,0,0
691,023000,2014,KOSPI,245,245,245,0,0,0,0
691,023000,2015,KOSPI,248,248,248,0,0,0,0
691,023000,2016,KOSPI,246,246,246,0,0,0,0
691,023000,2017,KOSPI,243,243,243,0,0,0,0
691,023000,2018,KOSPI,244,244,244,0,0,0,0
691,023000,2019,KOSPI,246,246,246,0,0,0,0
691,023000,2020,KOSPI,248,248,248,0,0,0,0
691,023000,2021,KOSPI,248,248,248,0,0,0,0
691,023000,2022,KOSPI,246,246,246,0,0,0,0
691,023000,2023,KOSPI,245,245,245,0,0,0,0
691,023000,2024,KOSPI,244,244,244,0,0,0,0
691,023000,2025,KOSPI,242,242,242,0,0,0,0
691,023000,2026,KOSPI,166,166,166,0,0,0,0
693,023160,2013,KOSDAQ,247,247,247,0,0,0,0
693,023160,2014,KOSDAQ,245,245,245,0,0,0,0
693,023160,2015,KOSDAQ,248,248,248,0,0,0,0
693,023160,2016,KOSDAQ,246,246,246,0,0,0,0
693,023160,2017,KOSDAQ,243,243,243,0,0,0,0
693,023160,2018,KOSDAQ,244,244,244,0,0,0,0
693,023160,2019,KOSDAQ,246,246,246,0,0,0,0
693,023160,2020,KOSDAQ,248,248,248,0,0,0,0
693,023160,2021,KOSDAQ,248,248,248,0,0,0,0
693,023160,2022,KOSDAQ,246,246,246,0,0,0,0
693,023160,2023,KOSDAQ,245,245,245,0,0,0,0
693,023160,2024,KOSDAQ,244,244,244,0,0,0,0
693,023160,2025,KOSDAQ,242,242,242,0,0,0,0
693,023160,2026,KOSDAQ,166,166,166,0,0,0,0
694,023350,2013,KOSPI,247,247,247,0,0,0,0
694,023350,2014,KOSPI,245,245,245,0,0,0,0
694,023350,2015,KOSPI,248,248,248,0,0,0,0
694,023350,2016,KOSPI,246,246,246,0,0,0,0
694,023350,2017,KOSPI,243,243,243,0,0,0,0
694,023350,2018,KOSPI,244,244,244,0,0,0,0
694,023350,2019,KOSPI,246,246,246,0,0,0,0
694,023350,2020,KOSPI,248,248,248,0,0,0,0
694,023350,2021,KOSPI,248,248,248,0,0,0,0
694,023350,2022,KOSPI,246,246,246,0,0,0,0
694,023350,2023,KOSPI,245,245,245,0,0,0,0
694,023350,2024,KOSPI,244,244,244,0,0,0,0
694,023350,2025,KOSPI,242,242,242,0,0,0,0
694,023350,2026,KOSPI,166,166,166,0,0,0,0
695,023410,2013,KOSDAQ,247,247,247,0,0,0,0
695,023410,2014,KOSDAQ,245,245,245,0,0,0,0
695,023410,2015,KOSDAQ,248,248,248,0,0,0,0
695,023410,2016,KOSDAQ,246,246,246,0,0,0,0
695,023410,2017,KOSDAQ,243,243,243,0,0,0,0
695,023410,2018,KOSDAQ,244,244,244,0,0,0,0
695,023410,2019,KOSDAQ,246,246,246,0,0,0,0
695,023410,2020,KOSDAQ,248,248,248,0,0,0,0
695,023410,2021,KOSDAQ,248,248,248,0,0,0,0
695,023410,2022,KOSDAQ,246,246,246,0,0,0,0
695,023410,2023,KOSDAQ,245,245,245,0,0,0,0
695,023410,2024,KOSDAQ,244,244,244,0,0,0,0
695,023410,2025,KOSDAQ,242,242,242,0,0,0,0
695,023410,2026,KOSDAQ,166,166,166,0,0,0,0
696,023440,2013,KOSDAQ,247,247,247,0,0,0,0
696,023440,2014,KOSDAQ,245,245,245,0,0,0,0
696,023440,2015,KOSDAQ,248,248,247,0,0,1,0
696,023440,2016,KOSDAQ,246,246,246,0,0,0,0
696,023440,2017,KOSDAQ,243,243,243,0,0,0,0
696,023440,2018,KOSDAQ,244,244,244,0,0,0,0
696,023440,2019,KOSDAQ,246,246,246,0,0,0,0
696,023440,2020,KOSDAQ,248,248,248,0,0,0,0
696,023440,2021,KOSDAQ,248,248,248,0,0,0,0
696,023440,2022,KOSDAQ,246,246,246,0,0,0,0
696,023440,2023,KOSDAQ,245,245,245,0,0,0,0
696,023440,2024,KOSDAQ,244,244,244,0,0,0,0
696,023440,2025,KOSDAQ,242,242,242,0,0,0,0
696,023440,2026,KOSDAQ,166,166,166,0,0,0,0
698,023530,2013,KOSPI,247,247,247,0,0,0,0
698,023530,2014,KOSPI,245,245,245,0,0,0,0
698,023530,2015,KOSPI,248,248,248,0,0,0,0
698,023530,2016,KOSPI,246,246,246,0,0,0,0
698,023530,2017,KOSPI,243,243,243,0,0,0,0
698,023530,2018,KOSPI,244,244,244,0,0,0,0
698,023530,2019,KOSPI,246,246,246,0,0,0,0
698,023530,2020,KOSPI,248,248,248,0,0,0,0
698,023530,2021,KOSPI,248,248,248,0,0,0,0
698,023530,2022,KOSPI,246,246,246,0,0,0,0
698,023530,2023,KOSPI,245,245,245,0,0,0,0
698,023530,2024,KOSPI,244,244,244,0,0,0,0
698,023530,2025,KOSPI,242,242,242,0,0,0,0
698,023530,2026,KOSPI,166,166,166,0,0,0,0
700,023600,2013,KOSDAQ,247,247,247,0,0,0,0
700,023600,2014,KOSDAQ,245,245,245,0,0,0,0
700,023600,2015,KOSDAQ,248,248,248,0,0,0,0
700,023600,2016,KOSDAQ,246,246,246,0,0,0,0
700,023600,2017,KOSDAQ,243,243,243,0,0,0,0
700,023600,2018,KOSDAQ,244,244,244,0,0,0,0
700,023600,2019,KOSDAQ,246,246,246,0,0,0,0
700,023600,2020,KOSDAQ,248,248,248,0,0,0,0
700,023600,2021,KOSDAQ,248,248,248,0,0,0,0
700,023600,2022,KOSDAQ,246,246,246,0,0,0,0
700,023600,2023,KOSDAQ,245,245,245,0,0,0,0
700,023600,2024,KOSDAQ,244,244,244,0,0,0,0
700,023600,2025,KOSDAQ,242,242,242,0,0,0,0
700,023600,2026,KOSDAQ,166,166,166,0,0,0,0
701,023760,2013,KOSDAQ,247,247,247,0,0,0,0
701,023760,2014,KOSDAQ,245,245,245,0,0,0,0
701,023760,2015,KOSDAQ,248,248,248,0,0,0,0
701,023760,2016,KOSDAQ,246,246,246,0,0,0,0
701,023760,2017,KOSDAQ,243,243,243,0,0,0,0
701,023760,2018,KOSDAQ,244,244,244,0,0,0,0
701,023760,2019,KOSDAQ,246,246,246,0,0,0,0
701,023760,2020,KOSDAQ,248,248,248,0,0,0,0
701,023760,2021,KOSDAQ,248,248,248,0,0,0,0
701,023760,2022,KOSDAQ,246,246,246,0,0,0,0
701,023760,2023,KOSDAQ,245,245,245,0,0,0,0
701,023760,2024,KOSDAQ,244,244,244,0,0,0,0
701,023760,2025,KOSDAQ,242,242,242,0,0,0,0
701,023760,2026,KOSDAQ,166,166,166,0,0,0,0
702,023770,2013,KOSDAQ,247,247,247,0,0,0,0
702,023770,2014,KOSDAQ,245,245,245,0,0,0,0
702,023770,2015,KOSDAQ,248,248,248,0,0,0,0
702,023770,2016,KOSDAQ,246,246,246,0,0,0,0
702,023770,2017,KOSDAQ,243,243,243,0,0,0,0
702,023770,2018,KOSDAQ,244,244,243,0,0,1,0
702,023770,2019,KOSDAQ,246,246,246,0,0,0,0
702,023770,2020,KOSDAQ,248,248,248,0,0,0,0
702,023770,2021,KOSDAQ,248,248,248,0,0,0,0
702,023770,2022,KOSDAQ,246,246,246,0,0,0,0
702,023770,2023,KOSDAQ,245,245,245,0,0,0,0
702,023770,2024,KOSDAQ,244,244,244,0,0,0,0
702,023770,2025,KOSDAQ,242,242,242,0,0,0,0
702,023770,2026,KOSDAQ,166,166,166,0,0,0,0
703,023790,2013,KOSDAQ,247,247,247,0,0,0,0
703,023790,2014,KOSDAQ,245,245,245,0,0,0,0
703,023790,2015,KOSDAQ,248,248,248,0,0,0,0
703,023790,2016,KOSDAQ,246,246,245,0,0,1,0
703,023790,2017,KOSDAQ,243,243,243,0,0,0,0
703,023790,2018,KOSDAQ,244,244,244,0,0,0,0
703,023790,2019,KOSDAQ,246,246,246,0,0,0,0
703,023790,2020,KOSDAQ,248,248,248,0,0,0,0
703,023790,2021,KOSDAQ,248,248,248,0,0,0,0
703,023790,2022,KOSDAQ,246,246,246,0,0,0,0
703,023790,2023,KOSDAQ,245,245,245,0,0,0,0
703,023790,2024,KOSDAQ,244,244,244,0,0,0,0
703,023790,2025,KOSDAQ,242,242,240,0,0,2,0
703,023790,2026,KOSDAQ,166,166,166,0,0,0,0
705,023810,2013,KOSPI,247,247,247,0,0,0,0
705,023810,2014,KOSPI,245,245,245,0,0,0,0
705,023810,2015,KOSPI,248,248,248,0,0,0,0
705,023810,2016,KOSPI,246,246,246,0,0,0,0
705,023810,2017,KOSPI,243,243,243,0,0,0,0
705,023810,2018,KOSPI,244,244,244,0,0,0,0
705,023810,2019,KOSPI,246,246,246,0,0,0,0
705,023810,2020,KOSPI,248,248,248,0,0,0,0
705,023810,2021,KOSPI,248,248,248,0,0,0,0
705,023810,2022,KOSPI,246,246,246,0,0,0,0
705,023810,2023,KOSPI,245,245,245,0,0,0,0
705,023810,2024,KOSPI,244,244,244,0,0,0,0
705,023810,2025,KOSPI,242,242,242,0,0,0,0
705,023810,2026,KOSPI,166,166,166,0,0,0,0
706,023900,2013,KOSDAQ,247,247,247,0,0,0,0
706,023900,2014,KOSDAQ,245,245,245,0,0,0,0
706,023900,2015,KOSDAQ,248,248,248,0,0,0,0
706,023900,2016,KOSDAQ,246,246,246,0,0,0,0
706,023900,2017,KOSDAQ,243,243,243,0,0,0,0
706,023900,2018,KOSDAQ,244,244,244,0,0,0,0
706,023900,2019,KOSDAQ,246,246,246,0,0,0,0
706,023900,2020,KOSDAQ,248,248,248,0,0,0,0
706,023900,2021,KOSDAQ,248,248,248,0,0,0,0
706,023900,2022,KOSDAQ,246,246,246,0,0,0,0
706,023900,2023,KOSDAQ,245,245,245,0,0,0,0
706,023900,2024,KOSDAQ,244,244,244,0,0,0,0
706,023900,2025,KOSDAQ,242,242,242,0,0,0,0
706,023900,2026,KOSDAQ,166,166,166,0,0,0,0
707,023910,2013,KOSDAQ,247,247,247,0,0,0,0
707,023910,2014,KOSDAQ,245,245,245,0,0,0,0
707,023910,2015,KOSDAQ,248,248,248,0,0,0,0
707,023910,2016,KOSDAQ,246,246,246,0,0,0,0
707,023910,2017,KOSDAQ,243,243,243,0,0,0,0
707,023910,2018,KOSDAQ,244,244,244,0,0,0,0
707,023910,2019,KOSDAQ,246,246,246,0,0,0,0
707,023910,2020,KOSDAQ,248,248,248,0,0,0,0
707,023910,2021,KOSDAQ,248,248,248,0,0,0,0
707,023910,2022,KOSDAQ,246,246,246,0,0,0,0
707,023910,2023,KOSDAQ,245,245,245,0,0,0,0
707,023910,2024,KOSDAQ,244,244,244,0,0,0,0
707,023910,2025,KOSDAQ,242,242,242,0,0,0,0
707,023910,2026,KOSDAQ,166,166,166,0,0,0,0
709,024060,2013,KOSDAQ,247,247,247,0,0,0,0
709,024060,2014,KOSDAQ,245,245,245,0,0,0,0
709,024060,2015,KOSDAQ,248,248,248,0,0,0,0
709,024060,2016,KOSDAQ,246,246,246,0,0,0,0
709,024060,2017,KOSDAQ,243,243,243,0,0,0,0
709,024060,2018,KOSDAQ,244,244,244,0,0,0,0
709,024060,2019,KOSDAQ,246,246,246,0,0,0,0
709,024060,2020,KOSDAQ,248,248,248,0,0,0,0
709,024060,2021,KOSDAQ,248,248,248,0,0,0,0
709,024060,2022,KOSDAQ,246,246,246,0,0,0,0
709,024060,2023,KOSDAQ,245,245,245,0,0,0,0
709,024060,2024,KOSDAQ,244,244,244,0,0,0,0
709,024060,2025,KOSDAQ,242,242,242,0,0,0,0
709,024060,2026,KOSDAQ,166,166,166,0,0,0,0
711,024090,2013,KOSPI,247,247,247,0,0,0,0
711,024090,2014,KOSPI,245,245,245,0,0,0,0
711,024090,2015,KOSPI,248,248,248,0,0,0,0
711,024090,2016,KOSPI,246,246,246,0,0,0,0
711,024090,2017,KOSPI,243,243,243,0,0,0,0
711,024090,2018,KOSPI,244,244,244,0,0,0,0
711,024090,2019,KOSPI,246,246,246,0,0,0,0
711,024090,2020,KOSPI,248,248,248,0,0,0,0
711,024090,2021,KOSPI,248,248,248,0,0,0,0
711,024090,2022,KOSPI,246,246,246,0,0,0,0
711,024090,2023,KOSPI,245,245,245,0,0,0,0
711,024090,2024,KOSPI,244,244,244,0,0,0,0
711,024090,2025,KOSPI,242,242,242,0,0,0,0
711,024090,2026,KOSPI,166,166,166,0,0,0,0
712,024110,2013,KOSPI,247,247,247,0,0,0,0
712,024110,2014,KOSPI,245,245,245,0,0,0,0
712,024110,2015,KOSPI,248,248,248,0,0,0,0
712,024110,2016,KOSPI,246,246,246,0,0,0,0
712,024110,2017,KOSPI,243,243,243,0,0,0,0
712,024110,2018,KOSPI,244,244,244,0,0,0,0
712,024110,2019,KOSPI,246,246,246,0,0,0,0
712,024110,2020,KOSPI,248,248,248,0,0,0,0
712,024110,2021,KOSPI,248,248,248,0,0,0,0
712,024110,2022,KOSPI,246,246,246,0,0,0,0
712,024110,2023,KOSPI,245,245,245,0,0,0,0
712,024110,2024,KOSPI,244,244,244,0,0,0,0
712,024110,2025,KOSPI,242,242,242,0,0,0,0
712,024110,2026,KOSPI,166,166,166,0,0,0,0
713,024120,2013,KOSDAQ,247,247,247,0,0,0,0
713,024120,2014,KOSDAQ,245,245,245,0,0,0,0
713,024120,2015,KOSDAQ,248,248,248,0,0,0,0
713,024120,2016,KOSDAQ,246,246,246,0,0,0,0
713,024120,2017,KOSDAQ,243,243,243,0,0,0,0
713,024120,2018,KOSDAQ,244,244,244,0,0,0,0
713,024120,2019,KOSDAQ,246,246,246,0,0,0,0
713,024120,2020,KOSDAQ,248,248,248,0,0,0,0
713,024120,2021,KOSDAQ,248,248,248,0,0,0,0
713,024120,2022,KOSDAQ,246,246,246,0,0,0,0
713,024120,2023,KOSDAQ,245,245,245,0,0,0,0
713,024120,2024,KOSDAQ,244,244,244,0,0,0,0
713,024120,2025,KOSDAQ,242,242,242,0,0,0,0
713,024120,2026,KOSDAQ,166,166,166,0,0,0,0
714,024720,2013,KOSPI,247,247,247,0,0,0,0
714,024720,2014,KOSPI,245,245,245,0,0,0,0
714,024720,2015,KOSPI,248,248,248,0,0,0,0
714,024720,2016,KOSPI,246,246,246,0,0,0,0
714,024720,2017,KOSPI,243,243,243,0,0,0,0
714,024720,2018,KOSPI,244,244,244,0,0,0,0
714,024720,2019,KOSPI,246,246,246,0,0,0,0
714,024720,2020,KOSPI,248,248,248,0,0,0,0
714,024720,2021,KOSPI,248,248,248,0,0,0,0
714,024720,2022,KOSPI,246,246,246,0,0,0,0
714,024720,2023,KOSPI,245,245,245,0,0,0,0
714,024720,2024,KOSPI,244,244,244,0,0,0,0
714,024720,2025,KOSPI,242,242,242,0,0,0,0
714,024720,2026,KOSPI,166,166,166,0,0,0,0
715,024740,2013,KOSDAQ,247,247,247,0,0,0,0
715,024740,2014,KOSDAQ,245,245,245,0,0,0,0
715,024740,2015,KOSDAQ,248,248,248,0,0,0,0
715,024740,2016,KOSDAQ,246,246,246,0,0,0,0
715,024740,2017,KOSDAQ,243,243,243,0,0,0,0
715,024740,2018,KOSDAQ,244,244,244,0,0,0,0
715,024740,2019,KOSDAQ,246,246,246,0,0,0,0
715,024740,2020,KOSDAQ,248,248,248,0,0,0,0
715,024740,2021,KOSDAQ,248,248,248,0,0,0,0
715,024740,2022,KOSDAQ,246,246,246,0,0,0,0
715,024740,2023,KOSDAQ,245,245,245,0,0,0,0
715,024740,2024,KOSDAQ,244,244,244,0,0,0,0
715,024740,2025,KOSDAQ,242,242,242,0,0,0,0
715,024740,2026,KOSDAQ,166,166,166,0,0,0,0
716,024800,2013,KOSDAQ,247,247,247,0,0,0,0
716,024800,2014,KOSDAQ,245,245,245,0,0,0,0
716,024800,2015,KOSDAQ,248,248,248,0,0,0,0
716,024800,2016,KOSDAQ,246,246,246,0,0,0,0
716,024800,2017,KOSDAQ,243,243,243,0,0,0,0
716,024800,2018,KOSDAQ,244,244,244,0,0,0,0
716,024800,2019,KOSDAQ,246,246,246,0,0,0,0
716,024800,2020,KOSDAQ,248,248,248,0,0,0,0
716,024800,2021,KOSDAQ,248,248,248,0,0,0,0
716,024800,2022,KOSDAQ,246,246,246,0,0,0,0
716,024800,2023,KOSDAQ,245,245,245,0,0,0,0
716,024800,2024,KOSDAQ,244,244,244,0,0,0,0
716,024800,2025,KOSDAQ,242,242,242,0,0,0,0
716,024800,2026,KOSDAQ,166,166,166,0,0,0,0
717,024830,2013,KOSDAQ,247,247,247,0,0,0,0
717,024830,2014,KOSDAQ,245,245,245,0,0,0,0
717,024830,2015,KOSDAQ,248,248,248,0,0,0,0
717,024830,2016,KOSDAQ,246,246,246,0,0,0,0
717,024830,2017,KOSDAQ,243,243,243,0,0,0,0
717,024830,2018,KOSDAQ,244,244,244,0,0,0,0
717,024830,2019,KOSDAQ,246,246,246,0,0,0,0
717,024830,2020,KOSDAQ,248,248,248,0,0,0,0
717,024830,2021,KOSDAQ,248,248,248,0,0,0,0
717,024830,2022,KOSDAQ,246,246,246,0,0,0,0
717,024830,2023,KOSDAQ,245,245,245,0,0,0,0
717,024830,2024,KOSDAQ,244,244,244,0,0,0,0
717,024830,2025,KOSDAQ,242,242,242,0,0,0,0
717,024830,2026,KOSDAQ,166,166,166,0,0,0,0
718,024840,2013,KOSDAQ,247,247,247,0,0,0,0
718,024840,2014,KOSDAQ,245,245,245,0,0,0,0
718,024840,2015,KOSDAQ,248,248,248,0,0,0,0
718,024840,2016,KOSDAQ,246,246,246,0,0,0,0
718,024840,2017,KOSDAQ,243,243,243,0,0,0,0
718,024840,2018,KOSDAQ,244,244,244,0,0,0,0
718,024840,2019,KOSDAQ,246,246,246,0,0,0,0
718,024840,2020,KOSDAQ,248,248,248,0,0,0,0
718,024840,2021,KOSDAQ,248,248,248,0,0,0,0
718,024840,2022,KOSDAQ,246,246,246,0,0,0,0
718,024840,2023,KOSDAQ,245,245,245,0,0,0,0
718,024840,2024,KOSDAQ,244,244,244,0,0,0,0
718,024840,2025,KOSDAQ,242,242,242,0,0,0,0
718,024840,2026,KOSDAQ,166,166,166,0,0,0,0
720,024880,2013,KOSDAQ,247,247,247,0,0,0,0
720,024880,2014,KOSDAQ,245,245,245,0,0,0,0
720,024880,2015,KOSDAQ,248,248,248,0,0,0,0
720,024880,2016,KOSDAQ,246,246,246,0,0,0,0
720,024880,2017,KOSDAQ,243,243,243,0,0,0,0
720,024880,2018,KOSDAQ,244,244,244,0,0,0,0
720,024880,2019,KOSDAQ,246,246,246,0,0,0,0
720,024880,2020,KOSDAQ,248,248,248,0,0,0,0
720,024880,2021,KOSDAQ,248,248,248,0,0,0,0
720,024880,2022,KOSDAQ,246,246,246,0,0,0,0
720,024880,2023,KOSDAQ,245,245,245,0,0,0,0
720,024880,2024,KOSDAQ,244,244,244,0,0,0,0
720,024880,2025,KOSDAQ,242,242,242,0,0,0,0
720,024880,2026,KOSDAQ,166,166,166,0,0,0,0
723,024910,2013,KOSDAQ,247,247,247,0,0,0,0
723,024910,2014,KOSDAQ,245,245,245,0,0,0,0
723,024910,2015,KOSDAQ,248,248,248,0,0,0,0
723,024910,2016,KOSDAQ,246,246,246,0,0,0,0
723,024910,2017,KOSDAQ,243,243,243,0,0,0,0
723,024910,2018,KOSDAQ,244,244,243,0,0,1,0
723,024910,2019,KOSDAQ,246,246,246,0,0,0,0
723,024910,2020,KOSDAQ,248,248,248,0,0,0,0
723,024910,2021,KOSDAQ,248,248,248,0,0,0,0
723,024910,2022,KOSDAQ,246,246,246,0,0,0,0
723,024910,2023,KOSDAQ,245,245,245,0,0,0,0
723,024910,2024,KOSDAQ,244,244,244,0,0,0,0
723,024910,2025,KOSDAQ,242,242,242,0,0,0,0
723,024910,2026,KOSDAQ,166,166,166,0,0,0,0
724,024940,2013,KOSDAQ,247,247,247,0,0,0,0
724,024940,2014,KOSDAQ,245,245,245,0,0,0,0
724,024940,2015,KOSDAQ,248,248,248,0,0,0,0
724,024940,2016,KOSDAQ,246,246,246,0,0,0,0
724,024940,2017,KOSDAQ,243,243,243,0,0,0,0
724,024940,2018,KOSDAQ,244,244,244,0,0,0,0
724,024940,2019,KOSDAQ,246,246,246,0,0,0,0
724,024940,2020,KOSDAQ,248,248,248,0,0,0,0
724,024940,2021,KOSDAQ,248,248,248,0,0,0,0
724,024940,2022,KOSDAQ,246,246,246,0,0,0,0
724,024940,2023,KOSDAQ,245,245,245,0,0,0,0
724,024940,2024,KOSDAQ,244,244,244,0,0,0,0
724,024940,2025,KOSDAQ,242,242,242,0,0,0,0
724,024940,2026,KOSDAQ,166,166,166,0,0,0,0
725,024950,2013,KOSDAQ,247,247,247,0,0,0,0
725,024950,2014,KOSDAQ,245,245,245,0,0,0,0
725,024950,2015,KOSDAQ,248,248,248,0,0,0,0
725,024950,2016,KOSDAQ,246,246,246,0,0,0,0
725,024950,2017,KOSDAQ,243,243,243,0,0,0,0
725,024950,2018,KOSDAQ,244,244,244,0,0,0,0
725,024950,2019,KOSDAQ,246,246,246,0,0,0,0
725,024950,2020,KOSDAQ,248,248,248,0,0,0,0
725,024950,2021,KOSDAQ,248,248,248,0,0,0,0
725,024950,2022,KOSDAQ,246,246,246,0,0,0,0
725,024950,2023,KOSDAQ,245,245,245,0,0,0,0
725,024950,2024,KOSDAQ,244,244,244,0,0,0,0
725,024950,2025,KOSDAQ,242,242,242,0,0,0,0
725,024950,2026,KOSDAQ,166,166,166,0,0,0,0
727,025320,2013,KOSDAQ,247,247,247,0,0,0,0
727,025320,2014,KOSDAQ,245,245,245,0,0,0,0
727,025320,2015,KOSDAQ,248,248,248,0,0,0,0
727,025320,2016,KOSDAQ,246,246,246,0,0,0,0
727,025320,2017,KOSDAQ,243,243,243,0,0,0,0
727,025320,2018,KOSDAQ,244,244,244,0,0,0,0
727,025320,2019,KOSDAQ,246,246,246,0,0,0,0
727,025320,2020,KOSDAQ,248,248,248,0,0,0,0
727,025320,2021,KOSDAQ,248,248,248,0,0,0,0
727,025320,2022,KOSDAQ,246,246,246,0,0,0,0
727,025320,2023,KOSDAQ,245,245,245,0,0,0,0
727,025320,2024,KOSDAQ,244,244,244,0,0,0,0
727,025320,2025,KOSDAQ,242,242,242,0,0,0,0
727,025320,2026,KOSDAQ,166,166,166,0,0,0,0
728,025440,2013,KOSDAQ,247,247,247,0,0,0,0
728,025440,2014,KOSDAQ,245,245,245,0,0,0,0
728,025440,2015,KOSDAQ,248,248,248,0,0,0,0
728,025440,2016,KOSDAQ,246,246,246,0,0,0,0
728,025440,2017,KOSDAQ,243,243,243,0,0,0,0
728,025440,2018,KOSDAQ,244,244,244,0,0,0,0
728,025440,2019,KOSDAQ,246,246,246,0,0,0,0
728,025440,2020,KOSDAQ,248,248,248,0,0,0,0
728,025440,2021,KOSDAQ,248,248,248,0,0,0,0
728,025440,2022,KOSDAQ,246,246,246,0,0,0,0
728,025440,2023,KOSDAQ,245,245,245,0,0,0,0
728,025440,2024,KOSDAQ,244,244,244,0,0,0,0
728,025440,2025,KOSDAQ,242,242,242,0,0,0,0
728,025440,2026,KOSDAQ,166,166,166,0,0,0,0
731,025550,2013,KOSDAQ,247,247,247,0,0,0,0
731,025550,2014,KOSDAQ,245,245,245,0,0,0,0
731,025550,2015,KOSDAQ,248,248,248,0,0,0,0
731,025550,2016,KOSDAQ,246,246,246,0,0,0,0
731,025550,2017,KOSDAQ,243,243,243,0,0,0,0
731,025550,2018,KOSDAQ,244,244,244,0,0,0,0
731,025550,2019,KOSDAQ,246,246,246,0,0,0,0
731,025550,2020,KOSDAQ,248,248,248,0,0,0,0
731,025550,2021,KOSDAQ,248,248,248,0,0,0,0
731,025550,2022,KOSDAQ,246,246,246,0,0,0,0
731,025550,2023,KOSDAQ,245,245,245,0,0,0,0
731,025550,2024,KOSDAQ,244,244,244,0,0,0,0
731,025550,2025,KOSDAQ,242,242,242,0,0,0,0
731,025550,2026,KOSDAQ,166,166,166,0,0,0,0
734,025750,2013,KOSPI,247,247,247,0,0,0,0
734,025750,2014,KOSPI,245,245,245,0,0,0,0
734,025750,2015,KOSPI,248,248,248,0,0,0,0
734,025750,2016,KOSPI,246,246,246,0,0,0,0
734,025750,2017,KOSPI,243,243,243,0,0,0,0
734,025750,2018,KOSPI,244,244,244,0,0,0,0
734,025750,2019,KOSPI,246,246,246,0,0,0,0
734,025750,2020,KOSPI,248,248,248,0,0,0,0
734,025750,2021,KOSPI,248,248,248,0,0,0,0
734,025750,2022,KOSPI,246,246,246,0,0,0,0
734,025750,2023,KOSPI,245,245,245,0,0,0,0
734,025750,2024,KOSPI,244,244,244,0,0,0,0
734,025750,2025,KOSPI,242,242,242,0,0,0,0
734,025750,2026,KOSPI,166,166,166,0,0,0,0
735,025770,2013,KOSDAQ,247,247,247,0,0,0,0
735,025770,2014,KOSDAQ,245,245,245,0,0,0,0
735,025770,2015,KOSDAQ,248,248,248,0,0,0,0
735,025770,2016,KOSDAQ,246,246,246,0,0,0,0
735,025770,2017,KOSDAQ,243,243,243,0,0,0,0
735,025770,2018,KOSDAQ,244,244,244,0,0,0,0
735,025770,2019,KOSDAQ,246,246,246,0,0,0,0
735,025770,2020,KOSDAQ,248,248,248,0,0,0,0
735,025770,2021,KOSDAQ,248,248,248,0,0,0,0
735,025770,2022,KOSDAQ,246,246,246,0,0,0,0
735,025770,2023,KOSDAQ,245,245,245,0,0,0,0
735,025770,2024,KOSDAQ,244,244,244,0,0,0,0
735,025770,2025,KOSDAQ,242,242,242,0,0,0,0
735,025770,2026,KOSDAQ,166,166,166,0,0,0,0
738,025870,2013,KOSDAQ,247,247,247,0,0,0,0
738,025870,2014,KOSDAQ,245,245,245,0,0,0,0
738,025870,2015,KOSDAQ,248,248,248,0,0,0,0
738,025870,2016,KOSDAQ,246,246,246,0,0,0,0
738,025870,2017,KOSDAQ,243,243,243,0,0,0,0
738,025870,2018,KOSDAQ,244,244,244,0,0,0,0
738,025870,2019,KOSDAQ,246,246,246,0,0,0,0
738,025870,2020,KOSDAQ,248,248,248,0,0,0,0
738,025870,2021,KOSDAQ,248,248,248,0,0,0,0
738,025870,2022,KOSDAQ,246,246,246,0,0,0,0
738,025870,2023,KOSDAQ,245,245,245,0,0,0,0
738,025870,2024,KOSDAQ,244,244,244,0,0,0,0
738,025870,2025,KOSDAQ,242,242,242,0,0,0,0
738,025870,2026,KOSDAQ,166,166,166,0,0,0,0
739,025880,2013,KOSDAQ,247,247,247,0,0,0,0
739,025880,2014,KOSDAQ,245,245,245,0,0,0,0
739,025880,2015,KOSDAQ,248,248,248,0,0,0,0
739,025880,2016,KOSDAQ,246,246,246,0,0,0,0
739,025880,2017,KOSDAQ,243,243,243,0,0,0,0
739,025880,2018,KOSDAQ,244,244,244,0,0,0,0
739,025880,2019,KOSDAQ,246,246,246,0,0,0,0
739,025880,2020,KOSDAQ,248,248,248,0,0,0,0
739,025880,2021,KOSDAQ,248,248,248,0,0,0,0
739,025880,2022,KOSDAQ,246,246,246,0,0,0,0
739,025880,2023,KOSDAQ,245,245,245,0,0,0,0
739,025880,2024,KOSDAQ,244,244,244,0,0,0,0
739,025880,2025,KOSDAQ,242,242,242,0,0,0,0
739,025880,2026,KOSDAQ,166,166,166,0,0,0,0
741,025900,2013,KOSDAQ,247,247,247,0,0,0,0
741,025900,2014,KOSDAQ,245,245,245,0,0,0,0
741,025900,2015,KOSDAQ,248,248,248,0,0,0,0
741,025900,2016,KOSDAQ,246,246,246,0,0,0,0
741,025900,2017,KOSDAQ,243,243,243,0,0,0,0
741,025900,2018,KOSDAQ,244,244,244,0,0,0,0
741,025900,2019,KOSDAQ,246,246,246,0,0,0,0
741,025900,2020,KOSDAQ,248,248,248,0,0,0,0
741,025900,2021,KOSDAQ,248,248,248,0,0,0,0
741,025900,2022,KOSDAQ,246,246,246,0,0,0,0
741,025900,2023,KOSDAQ,245,245,245,0,0,0,0
741,025900,2024,KOSDAQ,244,244,244,0,0,0,0
741,025900,2025,KOSDAQ,242,242,242,0,0,0,0
741,025900,2026,KOSDAQ,166,166,166,0,0,0,0
742,025950,2013,KOSDAQ,247,247,247,0,0,0,0
742,025950,2014,KOSDAQ,245,245,245,0,0,0,0
742,025950,2015,KOSDAQ,248,248,248,0,0,0,0
742,025950,2016,KOSDAQ,246,246,246,0,0,0,0
742,025950,2017,KOSDAQ,243,243,243,0,0,0,0
742,025950,2018,KOSDAQ,244,244,244,0,0,0,0
742,025950,2019,KOSDAQ,246,246,246,0,0,0,0
742,025950,2020,KOSDAQ,248,248,248,0,0,0,0
742,025950,2021,KOSDAQ,248,248,248,0,0,0,0
742,025950,2022,KOSDAQ,246,246,246,0,0,0,0
742,025950,2023,KOSDAQ,245,245,245,0,0,0,0
742,025950,2024,KOSDAQ,244,244,244,0,0,0,0
742,025950,2025,KOSDAQ,242,242,242,0,0,0,0
742,025950,2026,KOSDAQ,166,166,166,0,0,0,0
743,025980,2013,KOSDAQ,247,247,247,0,0,0,0
743,025980,2014,KOSDAQ,245,245,245,0,0,0,0
743,025980,2015,KOSDAQ,248,248,248,0,0,0,0
743,025980,2016,KOSDAQ,246,246,246,0,0,0,0
743,025980,2017,KOSDAQ,243,243,243,0,0,0,0
743,025980,2018,KOSDAQ,244,244,244,0,0,0,0
743,025980,2019,KOSDAQ,246,246,246,0,0,0,0
743,025980,2020,KOSDAQ,248,248,248,0,0,0,0
743,025980,2021,KOSDAQ,248,248,248,0,0,0,0
743,025980,2022,KOSDAQ,246,246,246,0,0,0,0
743,025980,2023,KOSDAQ,245,245,245,0,0,0,0
743,025980,2024,KOSDAQ,244,244,244,0,0,0,0
743,025980,2025,KOSDAQ,242,242,242,0,0,0,0
743,025980,2026,KOSDAQ,166,166,166,0,0,0,0
744,026040,2013,KOSDAQ,247,247,247,0,0,0,0
744,026040,2014,KOSDAQ,245,245,245,0,0,0,0
744,026040,2015,KOSDAQ,248,248,248,0,0,0,0
744,026040,2016,KOSDAQ,246,246,246,0,0,0,0
744,026040,2017,KOSDAQ,243,243,243,0,0,0,0
744,026040,2018,KOSDAQ,244,244,244,0,0,0,0
744,026040,2019,KOSDAQ,246,246,246,0,0,0,0
744,026040,2020,KOSDAQ,248,248,248,0,0,0,0
744,026040,2021,KOSDAQ,248,248,248,0,0,0,0
744,026040,2022,KOSDAQ,246,246,246,0,0,0,0
744,026040,2023,KOSDAQ,245,245,245,0,0,0,0
744,026040,2024,KOSDAQ,244,244,244,0,0,0,0
744,026040,2025,KOSDAQ,242,242,242,0,0,0,0
744,026040,2026,KOSDAQ,166,166,166,0,0,0,0
745,026150,2013,KOSDAQ,247,247,247,0,0,0,0
745,026150,2014,KOSDAQ,245,245,245,0,0,0,0
745,026150,2015,KOSDAQ,248,248,248,0,0,0,0
745,026150,2016,KOSDAQ,246,246,246,0,0,0,0
745,026150,2017,KOSDAQ,243,243,242,0,0,1,0
745,026150,2018,KOSDAQ,244,244,244,0,0,0,0
745,026150,2019,KOSDAQ,246,246,246,0,0,0,0
745,026150,2020,KOSDAQ,248,248,248,0,0,0,0
745,026150,2021,KOSDAQ,248,248,248,0,0,0,0
745,026150,2022,KOSDAQ,246,246,246,0,0,0,0
745,026150,2023,KOSDAQ,245,245,245,0,0,0,0
745,026150,2024,KOSDAQ,244,244,244,0,0,0,0
745,026150,2025,KOSDAQ,242,242,242,0,0,0,0
745,026150,2026,KOSDAQ,166,166,166,0,0,0,0
747,026910,2013,KOSDAQ,247,247,247,0,0,0,0
747,026910,2014,KOSDAQ,245,245,245,0,0,0,0
747,026910,2015,KOSDAQ,248,248,248,0,0,0,0
747,026910,2016,KOSDAQ,246,246,246,0,0,0,0
747,026910,2017,KOSDAQ,243,243,243,0,0,0,0
747,026910,2018,KOSDAQ,244,244,244,0,0,0,0
747,026910,2019,KOSDAQ,246,246,246,0,0,0,0
747,026910,2020,KOSDAQ,248,248,248,0,0,0,0
747,026910,2021,KOSDAQ,248,248,248,0,0,0,0
747,026910,2022,KOSDAQ,246,246,246,0,0,0,0
747,026910,2023,KOSDAQ,245,245,245,0,0,0,0
747,026910,2024,KOSDAQ,244,244,244,0,0,0,0
747,026910,2025,KOSDAQ,242,242,242,0,0,0,0
747,026910,2026,KOSDAQ,166,166,166,0,0,0,0
748,026940,2013,KOSPI,247,247,247,0,0,0,0
748,026940,2014,KOSPI,245,245,245,0,0,0,0
748,026940,2015,KOSPI,248,248,248,0,0,0,0
748,026940,2016,KOSPI,246,246,246,0,0,0,0
748,026940,2017,KOSPI,243,243,243,0,0,0,0
748,026940,2018,KOSPI,244,244,244,0,0,0,0
748,026940,2019,KOSPI,246,246,246,0,0,0,0
748,026940,2020,KOSPI,248,248,248,0,0,0,0
748,026940,2021,KOSPI,248,248,248,0,0,0,0
748,026940,2022,KOSPI,246,246,246,0,0,0,0
748,026940,2023,KOSPI,245,245,245,0,0,0,0
748,026940,2024,KOSPI,244,244,244,0,0,0,0
748,026940,2025,KOSPI,242,242,242,0,0,0,0
748,026940,2026,KOSPI,166,166,166,0,0,0,0
749,026960,2016,KOSPI,115,115,115,0,0,0,0
749,026960,2017,KOSPI,243,243,243,0,0,0,0
749,026960,2018,KOSPI,244,244,244,0,0,0,0
749,026960,2019,KOSPI,246,246,246,0,0,0,0
749,026960,2020,KOSPI,248,248,248,0,0,0,0
749,026960,2021,KOSPI,248,248,248,0,0,0,0
749,026960,2022,KOSPI,246,246,246,0,0,0,0
749,026960,2023,KOSPI,245,245,245,0,0,0,0
749,026960,2024,KOSPI,244,244,244,0,0,0,0
749,026960,2025,KOSPI,242,242,242,0,0,0,0
749,026960,2026,KOSPI,166,166,166,0,0,0,0
750,027040,2013,KOSDAQ,247,247,247,0,0,0,0
750,027040,2014,KOSDAQ,245,245,245,0,0,0,0
750,027040,2015,KOSDAQ,248,248,248,0,0,0,0
750,027040,2016,KOSDAQ,246,246,246,0,0,0,0
750,027040,2017,KOSDAQ,243,243,243,0,0,0,0
750,027040,2018,KOSDAQ,244,244,244,0,0,0,0
750,027040,2019,KOSDAQ,246,246,246,0,0,0,0
750,027040,2020,KOSDAQ,248,248,248,0,0,0,0
750,027040,2021,KOSDAQ,248,248,248,0,0,0,0
750,027040,2022,KOSDAQ,246,246,246,0,0,0,0
750,027040,2023,KOSDAQ,245,245,245,0,0,0,0
750,027040,2024,KOSDAQ,244,244,244,0,0,0,0
750,027040,2025,KOSDAQ,242,242,242,0,0,0,0
750,027040,2026,KOSDAQ,166,166,166,0,0,0,0
751,027050,2013,KOSDAQ,247,247,247,0,0,0,0
751,027050,2014,KOSDAQ,245,245,245,0,0,0,0
751,027050,2015,KOSDAQ,248,248,248,0,0,0,0
751,027050,2016,KOSDAQ,246,246,246,0,0,0,0
751,027050,2017,KOSDAQ,243,243,243,0,0,0,0
751,027050,2018,KOSDAQ,244,244,244,0,0,0,0
751,027050,2019,KOSDAQ,246,246,246,0,0,0,0
751,027050,2020,KOSDAQ,248,248,248,0,0,0,0
751,027050,2021,KOSDAQ,248,248,248,0,0,0,0
751,027050,2022,KOSDAQ,246,246,246,0,0,0,0
751,027050,2023,KOSDAQ,245,245,245,0,0,0,0
751,027050,2024,KOSDAQ,244,244,244,0,0,0,0
751,027050,2025,KOSDAQ,242,242,242,0,0,0,0
751,027050,2026,KOSDAQ,166,166,166,0,0,0,0
752,027360,2018,KOSDAQ,27,27,27,0,0,0,0
752,027360,2019,KOSDAQ,246,246,246,0,0,0,0
752,027360,2020,KOSDAQ,248,248,248,0,0,0,0
752,027360,2021,KOSDAQ,248,248,248,0,0,0,0
752,027360,2022,KOSDAQ,246,246,246,0,0,0,0
752,027360,2023,KOSDAQ,245,245,245,0,0,0,0
752,027360,2024,KOSDAQ,244,244,244,0,0,0,0
752,027360,2025,KOSDAQ,242,242,242,0,0,0,0
752,027360,2026,KOSDAQ,166,166,166,0,0,0,0
753,027410,2014,KOSPI,153,153,153,0,0,0,0
753,027410,2015,KOSPI,248,248,248,0,0,0,0
753,027410,2016,KOSPI,246,246,246,0,0,0,0
753,027410,2017,KOSPI,243,243,243,0,0,0,0
753,027410,2018,KOSPI,244,244,244,0,0,0,0
753,027410,2019,KOSPI,246,246,246,0,0,0,0
753,027410,2020,KOSPI,248,248,248,0,0,0,0
753,027410,2021,KOSPI,248,248,248,0,0,0,0
753,027410,2022,KOSPI,246,246,246,0,0,0,0
753,027410,2023,KOSPI,245,245,245,0,0,0,0
753,027410,2024,KOSPI,244,244,244,0,0,0,0
753,027410,2025,KOSPI,242,242,242,0,0,0,0
753,027410,2026,KOSPI,166,166,166,0,0,0,0
754,027580,2013,KOSDAQ,247,247,247,0,0,0,0
754,027580,2014,KOSDAQ,245,245,245,0,0,0,0
754,027580,2015,KOSDAQ,248,248,248,0,0,0,0
754,027580,2016,KOSDAQ,246,246,246,0,0,0,0
754,027580,2017,KOSDAQ,243,243,243,0,0,0,0
754,027580,2018,KOSDAQ,244,244,244,0,0,0,0
754,027580,2019,KOSDAQ,246,246,245,0,0,1,0
754,027580,2020,KOSDAQ,248,248,248,0,0,0,0
754,027580,2021,KOSDAQ,248,248,248,0,0,0,0
754,027580,2022,KOSDAQ,246,246,246,0,0,0,0
754,027580,2023,KOSDAQ,245,245,245,0,0,0,0
754,027580,2024,KOSDAQ,244,244,244,0,0,0,0
754,027580,2025,KOSDAQ,242,242,242,0,0,0,0
754,027580,2026,KOSDAQ,166,166,166,0,0,0,0
755,027710,2013,KOSDAQ,247,247,247,0,0,0,0
755,027710,2014,KOSDAQ,245,245,245,0,0,0,0
755,027710,2015,KOSDAQ,248,248,248,0,0,0,0
755,027710,2016,KOSDAQ,246,246,246,0,0,0,0
755,027710,2017,KOSDAQ,243,243,243,0,0,0,0
755,027710,2018,KOSDAQ,244,244,244,0,0,0,0
755,027710,2019,KOSDAQ,246,246,246,0,0,0,0
755,027710,2020,KOSDAQ,248,248,248,0,0,0,0
755,027710,2021,KOSDAQ,248,248,248,0,0,0,0
755,027710,2022,KOSDAQ,246,246,246,0,0,0,0
755,027710,2023,KOSDAQ,245,245,245,0,0,0,0
755,027710,2024,KOSDAQ,244,244,244,0,0,0,0
755,027710,2025,KOSDAQ,242,242,242,0,0,0,0
755,027710,2026,KOSDAQ,166,166,166,0,0,0,0
756,027740,2013,KOSPI,247,247,247,0,0,0,0
756,027740,2014,KOSPI,245,245,245,0,0,0,0
756,027740,2015,KOSPI,248,248,248,0,0,0,0
756,027740,2016,KOSPI,246,246,246,0,0,0,0
756,027740,2017,KOSPI,243,243,243,0,0,0,0
756,027740,2018,KOSPI,244,244,244,0,0,0,0
756,027740,2019,KOSPI,246,246,246,0,0,0,0
756,027740,2020,KOSPI,248,248,248,0,0,0,0
756,027740,2021,KOSPI,248,248,248,0,0,0,0
756,027740,2022,KOSPI,246,246,246,0,0,0,0
756,027740,2023,KOSPI,245,245,245,0,0,0,0
756,027740,2024,KOSPI,244,244,244,0,0,0,0
756,027740,2025,KOSPI,242,242,242,0,0,0,0
756,027740,2026,KOSPI,166,166,166,0,0,0,0
757,027830,2013,KOSDAQ,247,247,247,0,0,0,0
757,027830,2014,KOSDAQ,245,245,245,0,0,0,0
757,027830,2015,KOSDAQ,248,248,248,0,0,0,0
757,027830,2016,KOSDAQ,246,246,246,0,0,0,0
757,027830,2017,KOSDAQ,243,243,243,0,0,0,0
757,027830,2018,KOSDAQ,244,244,243,0,0,1,0
757,027830,2019,KOSDAQ,246,246,246,0,0,0,0
757,027830,2020,KOSDAQ,248,248,248,0,0,0,0
757,027830,2021,KOSDAQ,248,248,248,0,0,0,0
757,027830,2022,KOSDAQ,246,246,246,0,0,0,0
757,027830,2023,KOSDAQ,245,245,245,0,0,0,0
757,027830,2024,KOSDAQ,244,244,244,0,0,0,0
757,027830,2025,KOSDAQ,242,242,242,0,0,0,0
757,027830,2026,KOSDAQ,166,166,166,0,0,0,0
760,028080,2013,KOSDAQ,247,247,247,0,0,0,0
760,028080,2014,KOSDAQ,245,245,245,0,0,0,0
760,028080,2015,KOSDAQ,248,248,248,0,0,0,0
760,028080,2016,KOSDAQ,246,246,246,0,0,0,0
760,028080,2017,KOSDAQ,243,243,243,0,0,0,0
760,028080,2018,KOSDAQ,244,244,244,0,0,0,0
760,028080,2019,KOSDAQ,246,246,246,0,0,0,0
760,028080,2020,KOSDAQ,248,248,248,0,0,0,0
760,028080,2021,KOSDAQ,248,248,248,0,0,0,0
760,028080,2022,KOSDAQ,246,246,246,0,0,0,0
760,028080,2023,KOSDAQ,245,245,245,0,0,0,0
760,028080,2024,KOSDAQ,244,244,244,0,0,0,0
760,028080,2025,KOSDAQ,242,242,241,0,0,1,0
760,028080,2026,KOSDAQ,166,166,166,0,0,0,0
761,028100,2013,KOSPI,247,247,247,0,0,0,0
761,028100,2014,KOSPI,245,245,245,0,0,0,0
761,028100,2015,KOSPI,248,248,248,0,0,0,0
761,028100,2016,KOSPI,246,246,246,0,0,0,0
761,028100,2017,KOSPI,243,243,243,0,0,0,0
761,028100,2018,KOSPI,244,244,244,0,0,0,0
761,028100,2019,KOSPI,246,246,246,0,0,0,0
761,028100,2020,KOSPI,248,248,248,0,0,0,0
761,028100,2021,KOSPI,248,248,248,0,0,0,0
761,028100,2022,KOSPI,246,246,246,0,0,0,0
761,028100,2023,KOSPI,245,245,245,0,0,0,0
761,028100,2024,KOSPI,244,244,244,0,0,0,0
761,028100,2025,KOSPI,242,242,242,0,0,0,0
761,028100,2026,KOSPI,166,166,166,0,0,0,0
762,028260,2014,KOSPI,8,8,8,0,0,0,0
762,028260,2015,KOSPI,248,248,248,0,0,0,0
762,028260,2016,KOSPI,246,246,246,0,0,0,0
762,028260,2017,KOSPI,243,243,243,0,0,0,0
762,028260,2018,KOSPI,244,244,244,0,0,0,0
762,028260,2019,KOSPI,246,246,246,0,0,0,0
762,028260,2020,KOSPI,248,248,248,0,0,0,0
762,028260,2021,KOSPI,248,248,248,0,0,0,0
762,028260,2022,KOSPI,246,246,246,0,0,0,0
762,028260,2023,KOSPI,245,245,245,0,0,0,0
762,028260,2024,KOSPI,244,244,244,0,0,0,0
762,028260,2025,KOSPI,242,242,242,0,0,0,0
762,028260,2026,KOSPI,166,166,166,0,0,0,0
764,028300,2013,KOSDAQ,247,247,247,0,0,0,0
764,028300,2014,KOSDAQ,245,245,245,0,0,0,0
764,028300,2015,KOSDAQ,248,248,248,0,0,0,0
764,028300,2016,KOSDAQ,246,246,246,0,0,0,0
764,028300,2017,KOSDAQ,243,243,243,0,0,0,0
764,028300,2018,KOSDAQ,244,244,244,0,0,0,0
764,028300,2019,KOSDAQ,246,246,245,0,0,1,0
764,028300,2020,KOSDAQ,248,248,248,0,0,0,0
764,028300,2021,KOSDAQ,248,248,248,0,0,0,0
764,028300,2022,KOSDAQ,246,246,246,0,0,0,0
764,028300,2023,KOSDAQ,245,245,245,0,0,0,0
764,028300,2024,KOSDAQ,244,244,244,0,0,0,0
764,028300,2025,KOSDAQ,242,242,242,0,0,0,0
764,028300,2026,KOSDAQ,166,166,166,0,0,0,0
765,028670,2013,KOSPI,247,247,247,0,0,0,0
765,028670,2014,KOSPI,245,245,244,0,0,1,0
765,028670,2015,KOSPI,248,248,248,0,0,0,0
765,028670,2016,KOSPI,246,246,246,0,0,0,0
765,028670,2017,KOSPI,243,243,243,0,0,0,0
765,028670,2018,KOSPI,244,244,244,0,0,0,0
765,028670,2019,KOSPI,246,246,246,0,0,0,0
765,028670,2020,KOSPI,248,248,248,0,0,0,0
765,028670,2021,KOSPI,248,248,248,0,0,0,0
765,028670,2022,KOSPI,246,246,246,0,0,0,0
765,028670,2023,KOSPI,245,245,245,0,0,0,0
765,028670,2024,KOSPI,244,244,244,0,0,0,0
765,028670,2025,KOSPI,242,242,242,0,0,0,0
765,028670,2026,KOSPI,166,166,166,0,0,0,0
767,029480,2013,KOSDAQ,247,247,247,0,0,0,0
767,029480,2014,KOSDAQ,245,245,245,0,0,0,0
767,029480,2015,KOSDAQ,248,248,248,0,0,0,0
767,029480,2016,KOSDAQ,246,246,246,0,0,0,0
767,029480,2017,KOSDAQ,243,243,243,0,0,0,0
767,029480,2018,KOSDAQ,244,244,244,0,0,0,0
767,029480,2019,KOSDAQ,246,246,246,0,0,0,0
767,029480,2020,KOSDAQ,248,248,248,0,0,0,0
767,029480,2021,KOSDAQ,248,248,248,0,0,0,0
767,029480,2022,KOSDAQ,246,246,246,0,0,0,0
767,029480,2023,KOSDAQ,245,245,245,0,0,0,0
767,029480,2024,KOSDAQ,244,244,244,0,0,0,0
767,029480,2025,KOSDAQ,242,242,242,0,0,0,0
767,029480,2026,KOSDAQ,166,166,166,0,0,0,0
769,029780,2013,KOSPI,247,247,247,0,0,0,0
769,029780,2014,KOSPI,245,245,245,0,0,0,0
769,029780,2015,KOSPI,248,248,248,0,0,0,0
769,029780,2016,KOSPI,246,246,246,0,0,0,0
769,029780,2017,KOSPI,243,243,243,0,0,0,0
769,029780,2018,KOSPI,244,244,244,0,0,0,0
769,029780,2019,KOSPI,246,246,246,0,0,0,0
769,029780,2020,KOSPI,248,248,248,0,0,0,0
769,029780,2021,KOSPI,248,248,248,0,0,0,0
769,029780,2022,KOSPI,246,246,246,0,0,0,0
769,029780,2023,KOSPI,245,245,245,0,0,0,0
769,029780,2024,KOSPI,244,244,244,0,0,0,0
769,029780,2025,KOSPI,242,242,242,0,0,0,0
769,029780,2026,KOSPI,166,166,166,0,0,0,0
771,030190,2023,KOSPI,96,96,96,0,0,0,0
771,030190,2024,KOSPI,244,244,244,0,0,0,0
771,030190,2025,KOSPI,242,242,242,0,0,0,0
771,030190,2026,KOSPI,166,166,166,0,0,0,0
774,030350,2013,KOSDAQ,247,247,247,0,0,0,0
774,030350,2014,KOSDAQ,245,245,245,0,0,0,0
774,030350,2015,KOSDAQ,248,248,248,0,0,0,0
774,030350,2016,KOSDAQ,246,246,246,0,0,0,0
774,030350,2017,KOSDAQ,243,243,243,0,0,0,0
774,030350,2018,KOSDAQ,244,244,244,0,0,0,0
774,030350,2019,KOSDAQ,246,246,246,0,0,0,0
774,030350,2020,KOSDAQ,248,248,248,0,0,0,0
774,030350,2021,KOSDAQ,248,248,248,0,0,0,0
774,030350,2022,KOSDAQ,246,246,246,0,0,0,0
774,030350,2023,KOSDAQ,245,245,245,0,0,0,0
774,030350,2024,KOSDAQ,244,244,244,0,0,0,0
774,030350,2025,KOSDAQ,242,242,242,0,0,0,0
774,030350,2026,KOSDAQ,166,166,166,0,0,0,0
775,030520,2013,KOSDAQ,247,247,247,0,0,0,0
775,030520,2014,KOSDAQ,245,245,245,0,0,0,0
775,030520,2015,KOSDAQ,248,248,248,0,0,0,0
775,030520,2016,KOSDAQ,246,246,246,0,0,0,0
775,030520,2017,KOSDAQ,243,243,243,0,0,0,0
775,030520,2018,KOSDAQ,244,244,244,0,0,0,0
775,030520,2019,KOSDAQ,246,246,246,0,0,0,0
775,030520,2020,KOSDAQ,248,248,248,0,0,0,0
775,030520,2021,KOSDAQ,248,248,248,0,0,0,0
775,030520,2022,KOSDAQ,246,246,246,0,0,0,0
775,030520,2023,KOSDAQ,245,245,245,0,0,0,0
775,030520,2024,KOSDAQ,244,244,244,0,0,0,0
775,030520,2025,KOSDAQ,242,242,242,0,0,0,0
775,030520,2026,KOSDAQ,166,166,166,0,0,0,0
776,030530,2013,KOSDAQ,247,247,247,0,0,0,0
776,030530,2014,KOSDAQ,245,245,245,0,0,0,0
776,030530,2015,KOSDAQ,248,248,248,0,0,0,0
776,030530,2016,KOSDAQ,246,246,245,0,0,1,0
776,030530,2017,KOSDAQ,243,243,243,0,0,0,0
776,030530,2018,KOSDAQ,244,244,244,0,0,0,0
776,030530,2019,KOSDAQ,246,246,246,0,0,0,0
776,030530,2020,KOSDAQ,248,248,248,0,0,0,0
776,030530,2021,KOSDAQ,248,248,248,0,0,0,0
776,030530,2022,KOSDAQ,246,246,246,0,0,0,0
776,030530,2023,KOSDAQ,245,245,245,0,0,0,0
776,030530,2024,KOSDAQ,244,244,244,0,0,0,0
776,030530,2025,KOSDAQ,242,242,242,0,0,0,0
776,030530,2026,KOSDAQ,166,166,166,0,0,0,0
777,030610,2013,KOSPI,247,247,247,0,0,0,0
777,030610,2014,KOSPI,245,245,245,0,0,0,0
777,030610,2015,KOSPI,248,248,248,0,0,0,0
777,030610,2016,KOSPI,246,246,246,0,0,0,0
777,030610,2017,KOSPI,243,243,243,0,0,0,0
777,030610,2018,KOSPI,244,244,244,0,0,0,0
777,030610,2019,KOSPI,246,246,246,0,0,0,0
777,030610,2020,KOSPI,248,248,248,0,0,0,0
777,030610,2021,KOSPI,248,248,248,0,0,0,0
777,030610,2022,KOSPI,246,246,246,0,0,0,0
777,030610,2023,KOSPI,245,245,245,0,0,0,0
777,030610,2024,KOSPI,244,244,244,0,0,0,0
777,030610,2025,KOSPI,242,242,242,0,0,0,0
777,030610,2026,KOSPI,166,166,166,0,0,0,0
779,030960,2013,KOSDAQ,247,247,247,0,0,0,0
779,030960,2014,KOSDAQ,245,245,245,0,0,0,0
779,030960,2015,KOSDAQ,248,248,248,0,0,0,0
779,030960,2016,KOSDAQ,246,246,246,0,0,0,0
779,030960,2017,KOSDAQ,243,243,243,0,0,0,0
779,030960,2018,KOSDAQ,244,244,244,0,0,0,0
779,030960,2019,KOSDAQ,246,246,246,0,0,0,0
779,030960,2020,KOSDAQ,248,248,248,0,0,0,0
779,030960,2021,KOSDAQ,248,248,248,0,0,0,0
779,030960,2022,KOSDAQ,246,246,246,0,0,0,0
779,030960,2023,KOSDAQ,245,245,245,0,0,0,0
779,030960,2024,KOSDAQ,244,244,244,0,0,0,0
779,030960,2025,KOSDAQ,242,242,242,0,0,0,0
779,030960,2026,KOSDAQ,166,166,166,0,0,0,0
780,031210,2025,KOSPI,196,196,196,0,0,0,0
780,031210,2026,KOSPI,166,166,166,0,0,0,0
781,031310,2013,KOSDAQ,247,247,247,0,0,0,0
781,031310,2014,KOSDAQ,245,245,245,0,0,0,0
781,031310,2015,KOSDAQ,248,248,248,0,0,0,0
781,031310,2016,KOSDAQ,246,246,246,0,0,0,0
781,031310,2017,KOSDAQ,243,243,243,0,0,0,0
781,031310,2018,KOSDAQ,244,244,244,0,0,0,0
781,031310,2019,KOSDAQ,246,246,246,0,0,0,0
781,031310,2020,KOSDAQ,248,248,248,0,0,0,0
781,031310,2021,KOSDAQ,248,248,248,0,0,0,0
781,031310,2022,KOSDAQ,246,246,246,0,0,0,0
781,031310,2023,KOSDAQ,245,245,245,0,0,0,0
781,031310,2024,KOSDAQ,244,244,244,0,0,0,0
781,031310,2025,KOSDAQ,242,242,242,0,0,0,0
781,031310,2026,KOSDAQ,166,166,166,0,0,0,0
782,031330,2013,KOSDAQ,247,247,247,0,0,0,0
782,031330,2014,KOSDAQ,245,245,245,0,0,0,0
782,031330,2015,KOSDAQ,248,248,248,0,0,0,0
782,031330,2016,KOSDAQ,246,246,246,0,0,0,0
782,031330,2017,KOSDAQ,243,243,243,0,0,0,0
782,031330,2018,KOSDAQ,244,244,244,0,0,0,0
782,031330,2019,KOSDAQ,246,246,246,0,0,0,0
782,031330,2020,KOSDAQ,248,248,248,0,0,0,0
782,031330,2021,KOSDAQ,248,248,248,0,0,0,0
782,031330,2022,KOSDAQ,246,246,246,0,0,0,0
782,031330,2023,KOSDAQ,245,245,245,0,0,0,0
782,031330,2024,KOSDAQ,244,244,244,0,0,0,0
782,031330,2025,KOSDAQ,242,242,242,0,0,0,0
782,031330,2026,KOSDAQ,166,166,166,0,0,0,0
783,031430,2013,KOSPI,247,247,247,0,0,0,0
783,031430,2014,KOSPI,245,245,245,0,0,0,0
783,031430,2015,KOSPI,248,248,248,0,0,0,0
783,031430,2016,KOSPI,246,246,246,0,0,0,0
783,031430,2017,KOSPI,243,243,243,0,0,0,0
783,031430,2018,KOSPI,244,244,244,0,0,0,0
783,031430,2019,KOSPI,246,246,246,0,0,0,0
783,031430,2020,KOSPI,248,248,248,0,0,0,0
783,031430,2021,KOSPI,248,248,248,0,0,0,0
783,031430,2022,KOSPI,246,246,246,0,0,0,0
783,031430,2023,KOSPI,245,245,245,0,0,0,0
783,031430,2024,KOSPI,244,244,244,0,0,0,0
783,031430,2025,KOSPI,242,242,242,0,0,0,0
783,031430,2026,KOSPI,166,166,166,0,0,0,0
784,031510,2013,KOSDAQ,247,247,247,0,0,0,0
784,031510,2014,KOSDAQ,245,245,245,0,0,0,0
784,031510,2015,KOSDAQ,248,248,248,0,0,0,0
784,031510,2016,KOSDAQ,246,246,246,0,0,0,0
784,031510,2017,KOSDAQ,243,243,243,0,0,0,0
784,031510,2018,KOSDAQ,244,244,244,0,0,0,0
784,031510,2019,KOSDAQ,246,246,246,0,0,0,0
784,031510,2020,KOSDAQ,248,248,248,0,0,0,0
784,031510,2021,KOSDAQ,248,248,248,0,0,0,0
784,031510,2022,KOSDAQ,246,246,246,0,0,0,0
784,031510,2023,KOSDAQ,245,245,245,0,0,0,0
784,031510,2024,KOSDAQ,244,244,244,0,0,0,0
784,031510,2025,KOSDAQ,242,242,242,0,0,0,0
784,031510,2026,KOSDAQ,166,166,166,0,0,0,0
786,031860,2013,KOSDAQ,247,247,247,0,0,0,0
786,031860,2014,KOSDAQ,245,245,245,0,0,0,0
786,031860,2015,KOSDAQ,248,248,248,0,0,0,0
786,031860,2016,KOSDAQ,246,246,246,0,0,0,0
786,031860,2017,KOSDAQ,243,243,243,0,0,0,0
786,031860,2018,KOSDAQ,244,244,244,0,0,0,0
786,031860,2019,KOSDAQ,246,246,246,0,0,0,0
786,031860,2020,KOSDAQ,248,248,248,0,0,0,0
786,031860,2021,KOSDAQ,248,248,248,0,0,0,0
786,031860,2022,KOSDAQ,246,246,246,0,0,0,0
786,031860,2023,KOSDAQ,245,245,245,0,0,0,0
786,031860,2024,KOSDAQ,244,244,243,0,0,1,0
786,031860,2025,KOSDAQ,242,242,242,0,0,0,0
786,031860,2026,KOSDAQ,166,166,166,0,0,0,0
787,031980,2013,KOSDAQ,247,247,247,0,0,0,0
787,031980,2014,KOSDAQ,245,245,245,0,0,0,0
787,031980,2015,KOSDAQ,248,248,248,0,0,0,0
787,031980,2016,KOSDAQ,246,246,246,0,0,0,0
787,031980,2017,KOSDAQ,243,243,243,0,0,0,0
787,031980,2018,KOSDAQ,244,244,244,0,0,0,0
787,031980,2019,KOSDAQ,246,246,246,0,0,0,0
787,031980,2020,KOSDAQ,248,248,248,0,0,0,0
787,031980,2021,KOSDAQ,248,248,248,0,0,0,0
787,031980,2022,KOSDAQ,246,246,246,0,0,0,0
787,031980,2023,KOSDAQ,245,245,245,0,0,0,0
787,031980,2024,KOSDAQ,244,244,244,0,0,0,0
787,031980,2025,KOSDAQ,242,242,242,0,0,0,0
787,031980,2026,KOSDAQ,166,166,166,0,0,0,0
788,032080,2013,KOSDAQ,247,247,247,0,0,0,0
788,032080,2014,KOSDAQ,245,245,245,0,0,0,0
788,032080,2015,KOSDAQ,248,248,248,0,0,0,0
788,032080,2016,KOSDAQ,246,246,246,0,0,0,0
788,032080,2017,KOSDAQ,243,243,243,0,0,0,0
788,032080,2018,KOSDAQ,244,244,244,0,0,0,0
788,032080,2019,KOSDAQ,246,246,246,0,0,0,0
788,032080,2020,KOSDAQ,248,248,248,0,0,0,0
788,032080,2021,KOSDAQ,248,248,248,0,0,0,0
788,032080,2022,KOSDAQ,246,246,246,0,0,0,0
788,032080,2023,KOSDAQ,245,245,245,0,0,0,0
788,032080,2024,KOSDAQ,244,244,244,0,0,0,0
788,032080,2025,KOSDAQ,242,242,242,0,0,0,0
788,032080,2026,KOSDAQ,166,166,166,0,0,0,0
789,032190,2013,KOSDAQ,247,247,247,0,0,0,0
789,032190,2014,KOSDAQ,245,245,245,0,0,0,0
789,032190,2015,KOSDAQ,248,248,248,0,0,0,0
789,032190,2016,KOSDAQ,246,246,246,0,0,0,0
789,032190,2017,KOSDAQ,243,243,243,0,0,0,0
789,032190,2018,KOSDAQ,244,244,244,0,0,0,0
789,032190,2019,KOSDAQ,246,246,246,0,0,0,0
789,032190,2020,KOSDAQ,248,248,248,0,0,0,0
789,032190,2021,KOSDAQ,248,248,248,0,0,0,0
789,032190,2022,KOSDAQ,246,246,246,0,0,0,0
789,032190,2023,KOSDAQ,245,245,245,0,0,0,0
789,032190,2024,KOSDAQ,244,244,244,0,0,0,0
789,032190,2025,KOSDAQ,242,242,242,0,0,0,0
789,032190,2026,KOSDAQ,166,166,166,0,0,0,0
790,032280,2013,KOSDAQ,247,247,247,0,0,0,0
790,032280,2014,KOSDAQ,245,245,245,0,0,0,0
790,032280,2015,KOSDAQ,248,248,248,0,0,0,0
790,032280,2016,KOSDAQ,246,246,246,0,0,0,0
790,032280,2017,KOSDAQ,243,243,243,0,0,0,0
790,032280,2018,KOSDAQ,244,244,244,0,0,0,0
790,032280,2019,KOSDAQ,246,246,246,0,0,0,0
790,032280,2020,KOSDAQ,248,248,248,0,0,0,0
790,032280,2021,KOSDAQ,248,248,248,0,0,0,0
790,032280,2022,KOSDAQ,246,246,246,0,0,0,0
790,032280,2023,KOSDAQ,245,245,245,0,0,0,0
790,032280,2024,KOSDAQ,244,244,244,0,0,0,0
790,032280,2025,KOSDAQ,242,242,242,0,0,0,0
790,032280,2026,KOSDAQ,166,166,166,0,0,0,0
791,032300,2020,KOSDAQ,97,97,97,0,0,0,0
791,032300,2021,KOSDAQ,248,248,248,0,0,0,0
791,032300,2022,KOSDAQ,246,246,246,0,0,0,0
791,032300,2023,KOSDAQ,245,245,245,0,0,0,0
791,032300,2024,KOSDAQ,244,244,244,0,0,0,0
791,032300,2025,KOSDAQ,242,242,242,0,0,0,0
791,032300,2026,KOSDAQ,166,166,166,0,0,0,0
792,032350,2013,KOSPI,247,247,246,0,0,1,0
792,032350,2014,KOSPI,245,245,245,0,0,0,0
792,032350,2015,KOSPI,248,248,248,0,0,0,0
792,032350,2016,KOSPI,246,246,246,0,0,0,0
792,032350,2017,KOSPI,243,243,243,0,0,0,0
792,032350,2018,KOSPI,244,244,244,0,0,0,0
792,032350,2019,KOSPI,246,246,246,0,0,0,0
792,032350,2020,KOSPI,248,248,248,0,0,0,0
792,032350,2021,KOSPI,248,248,248,0,0,0,0
792,032350,2022,KOSPI,246,246,246,0,0,0,0
792,032350,2023,KOSPI,245,245,245,0,0,0,0
792,032350,2024,KOSPI,244,244,244,0,0,0,0
792,032350,2025,KOSPI,242,242,242,0,0,0,0
792,032350,2026,KOSPI,166,166,166,0,0,0,0
793,032500,2013,KOSDAQ,247,247,247,0,0,0,0
793,032500,2014,KOSDAQ,245,245,245,0,0,0,0
793,032500,2015,KOSDAQ,248,248,248,0,0,0,0
793,032500,2016,KOSDAQ,246,246,246,0,0,0,0
793,032500,2017,KOSDAQ,243,243,243,0,0,0,0
793,032500,2018,KOSDAQ,244,244,244,0,0,0,0
793,032500,2019,KOSDAQ,246,246,246,0,0,0,0
793,032500,2020,KOSDAQ,248,248,248,0,0,0,0
793,032500,2021,KOSDAQ,248,248,248,0,0,0,0
793,032500,2022,KOSDAQ,246,246,246,0,0,0,0
793,032500,2023,KOSDAQ,245,245,245,0,0,0,0
793,032500,2024,KOSDAQ,244,244,244,0,0,0,0
793,032500,2025,KOSDAQ,242,242,242,0,0,0,0
793,032500,2026,KOSDAQ,166,166,166,0,0,0,0
794,032540,2013,KOSDAQ,247,247,247,0,0,0,0
794,032540,2014,KOSDAQ,245,245,245,0,0,0,0
794,032540,2015,KOSDAQ,248,248,248,0,0,0,0
794,032540,2016,KOSDAQ,246,246,246,0,0,0,0
794,032540,2017,KOSDAQ,243,243,243,0,0,0,0
794,032540,2018,KOSDAQ,244,244,244,0,0,0,0
794,032540,2019,KOSDAQ,246,246,246,0,0,0,0
794,032540,2020,KOSDAQ,248,248,248,0,0,0,0
794,032540,2021,KOSDAQ,248,248,248,0,0,0,0
794,032540,2022,KOSDAQ,246,246,246,0,0,0,0
794,032540,2023,KOSDAQ,245,245,245,0,0,0,0
794,032540,2024,KOSDAQ,244,244,244,0,0,0,0
794,032540,2025,KOSDAQ,242,242,242,0,0,0,0
794,032540,2026,KOSDAQ,166,166,166,0,0,0,0
795,032560,2013,KOSPI,247,247,247,0,0,0,0
795,032560,2014,KOSPI,245,245,245,0,0,0,0
795,032560,2015,KOSPI,248,248,248,0,0,0,0
795,032560,2016,KOSPI,246,246,246,0,0,0,0
795,032560,2017,KOSPI,243,243,243,0,0,0,0
795,032560,2018,KOSPI,244,244,244,0,0,0,0
795,032560,2019,KOSPI,246,246,246,0,0,0,0
795,032560,2020,KOSPI,248,248,248,0,0,0,0
795,032560,2021,KOSPI,248,248,248,0,0,0,0
795,032560,2022,KOSPI,246,246,246,0,0,0,0
795,032560,2023,KOSPI,245,245,245,0,0,0,0
795,032560,2024,KOSPI,244,244,244,0,0,0,0
795,032560,2025,KOSPI,242,242,242,0,0,0,0
795,032560,2026,KOSPI,166,166,166,0,0,0,0
796,032580,2013,KOSDAQ,247,247,247,0,0,0,0
796,032580,2014,KOSDAQ,245,245,245,0,0,0,0
796,032580,2015,KOSDAQ,248,248,248,0,0,0,0
796,032580,2016,KOSDAQ,246,246,246,0,0,0,0
796,032580,2017,KOSDAQ,243,243,243,0,0,0,0
796,032580,2018,KOSDAQ,244,244,244,0,0,0,0
796,032580,2019,KOSDAQ,246,246,246,0,0,0,0
796,032580,2020,KOSDAQ,248,248,248,0,0,0,0
796,032580,2021,KOSDAQ,248,248,248,0,0,0,0
796,032580,2022,KOSDAQ,246,246,246,0,0,0,0
796,032580,2023,KOSDAQ,245,245,245,0,0,0,0
796,032580,2024,KOSDAQ,244,244,244,0,0,0,0
796,032580,2025,KOSDAQ,242,242,242,0,0,0,0
796,032580,2026,KOSDAQ,166,166,166,0,0,0,0
797,032620,2013,KOSDAQ,247,247,247,0,0,0,0
797,032620,2014,KOSDAQ,245,245,245,0,0,0,0
797,032620,2015,KOSDAQ,248,248,248,0,0,0,0
797,032620,2016,KOSDAQ,246,246,246,0,0,0,0
797,032620,2017,KOSDAQ,243,243,243,0,0,0,0
797,032620,2018,KOSDAQ,244,244,244,0,0,0,0
797,032620,2019,KOSDAQ,246,246,246,0,0,0,0
797,032620,2020,KOSDAQ,248,248,248,0,0,0,0
797,032620,2021,KOSDAQ,248,248,248,0,0,0,0
797,032620,2022,KOSDAQ,246,246,246,0,0,0,0
797,032620,2023,KOSDAQ,245,245,245,0,0,0,0
797,032620,2024,KOSDAQ,244,244,244,0,0,0,0
797,032620,2025,KOSDAQ,242,242,242,0,0,0,0
797,032620,2026,KOSDAQ,166,166,166,0,0,0,0
798,032640,2013,KOSPI,247,247,247,0,0,0,0
798,032640,2014,KOSPI,245,245,245,0,0,0,0
798,032640,2015,KOSPI,248,248,248,0,0,0,0
798,032640,2016,KOSPI,246,246,246,0,0,0,0
798,032640,2017,KOSPI,243,243,243,0,0,0,0
798,032640,2018,KOSPI,244,244,244,0,0,0,0
798,032640,2019,KOSPI,246,246,246,0,0,0,0
798,032640,2020,KOSPI,248,248,248,0,0,0,0
798,032640,2021,KOSPI,248,248,248,0,0,0,0
798,032640,2022,KOSPI,246,246,246,0,0,0,0
798,032640,2023,KOSPI,245,245,245,0,0,0,0
798,032640,2024,KOSPI,244,244,244,0,0,0,0
798,032640,2025,KOSPI,242,242,242,0,0,0,0
798,032640,2026,KOSPI,166,166,166,0,0,0,0
799,032680,2013,KOSDAQ,247,247,247,0,0,0,0
799,032680,2014,KOSDAQ,245,245,245,0,0,0,0
799,032680,2015,KOSDAQ,248,248,248,0,0,0,0
799,032680,2016,KOSDAQ,246,246,246,0,0,0,0
799,032680,2017,KOSDAQ,243,243,243,0,0,0,0
799,032680,2018,KOSDAQ,244,244,244,0,0,0,0
799,032680,2019,KOSDAQ,246,246,246,0,0,0,0
799,032680,2020,KOSDAQ,248,248,248,0,0,0,0
799,032680,2021,KOSDAQ,248,248,248,0,0,0,0
799,032680,2022,KOSDAQ,246,246,246,0,0,0,0
799,032680,2023,KOSDAQ,245,245,245,0,0,0,0
799,032680,2024,KOSDAQ,244,244,244,0,0,0,0
799,032680,2025,KOSDAQ,242,242,242,0,0,0,0
799,032680,2026,KOSDAQ,166,166,166,0,0,0,0
801,032750,2013,KOSDAQ,247,247,247,0,0,0,0
801,032750,2014,KOSDAQ,245,245,245,0,0,0,0
801,032750,2015,KOSDAQ,248,248,248,0,0,0,0
801,032750,2016,KOSDAQ,246,246,246,0,0,0,0
801,032750,2017,KOSDAQ,243,243,243,0,0,0,0
801,032750,2018,KOSDAQ,244,244,244,0,0,0,0
801,032750,2019,KOSDAQ,246,246,246,0,0,0,0
801,032750,2020,KOSDAQ,248,248,248,0,0,0,0
801,032750,2021,KOSDAQ,248,248,248,0,0,0,0
801,032750,2022,KOSDAQ,246,246,246,0,0,0,0
801,032750,2023,KOSDAQ,245,245,245,0,0,0,0
801,032750,2024,KOSDAQ,244,244,244,0,0,0,0
801,032750,2025,KOSDAQ,242,242,242,0,0,0,0
801,032750,2026,KOSDAQ,166,166,166,0,0,0,0
802,032790,2013,KOSDAQ,247,247,247,0,0,0,0
802,032790,2014,KOSDAQ,245,245,245,0,0,0,0
802,032790,2015,KOSDAQ,248,248,248,0,0,0,0
802,032790,2016,KOSDAQ,246,246,246,0,0,0,0
802,032790,2017,KOSDAQ,243,243,243,0,0,0,0
802,032790,2018,KOSDAQ,244,244,244,0,0,0,0
802,032790,2019,KOSDAQ,246,246,246,0,0,0,0
802,032790,2020,KOSDAQ,248,248,248,0,0,0,0
802,032790,2021,KOSDAQ,248,248,248,0,0,0,0
802,032790,2022,KOSDAQ,246,246,246,0,0,0,0
802,032790,2023,KOSDAQ,245,245,245,0,0,0,0
802,032790,2024,KOSDAQ,244,244,244,0,0,0,0
802,032790,2025,KOSDAQ,242,242,242,0,0,0,0
802,032790,2026,KOSDAQ,166,166,166,0,0,0,0
803,032800,2013,KOSDAQ,247,247,247,0,0,0,0
803,032800,2014,KOSDAQ,245,245,245,0,0,0,0
803,032800,2015,KOSDAQ,248,248,248,0,0,0,0
803,032800,2016,KOSDAQ,246,246,246,0,0,0,0
803,032800,2017,KOSDAQ,243,243,242,0,0,1,0
803,032800,2018,KOSDAQ,244,244,244,0,0,0,0
803,032800,2019,KOSDAQ,246,246,246,0,0,0,0
803,032800,2020,KOSDAQ,248,248,248,0,0,0,0
803,032800,2021,KOSDAQ,248,248,248,0,0,0,0
803,032800,2022,KOSDAQ,246,246,246,0,0,0,0
803,032800,2023,KOSDAQ,245,245,245,0,0,0,0
803,032800,2024,KOSDAQ,244,244,244,0,0,0,0
803,032800,2025,KOSDAQ,242,242,242,0,0,0,0
803,032800,2026,KOSDAQ,166,166,166,0,0,0,0
804,032820,2013,KOSDAQ,247,247,247,0,0,0,0
804,032820,2014,KOSDAQ,245,245,245,0,0,0,0
804,032820,2015,KOSDAQ,248,248,248,0,0,0,0
804,032820,2016,KOSDAQ,246,246,246,0,0,0,0
804,032820,2017,KOSDAQ,243,243,243,0,0,0,0
804,032820,2018,KOSDAQ,244,244,244,0,0,0,0
804,032820,2019,KOSDAQ,246,246,246,0,0,0,0
804,032820,2020,KOSDAQ,248,248,248,0,0,0,0
804,032820,2021,KOSDAQ,248,248,248,0,0,0,0
804,032820,2022,KOSDAQ,246,246,246,0,0,0,0
804,032820,2023,KOSDAQ,245,245,245,0,0,0,0
804,032820,2024,KOSDAQ,244,244,244,0,0,0,0
804,032820,2025,KOSDAQ,242,242,242,0,0,0,0
804,032820,2026,KOSDAQ,166,166,166,0,0,0,0
805,032830,2013,KOSPI,247,247,247,0,0,0,0
805,032830,2014,KOSPI,245,245,245,0,0,0,0
805,032830,2015,KOSPI,248,248,248,0,0,0,0
805,032830,2016,KOSPI,246,246,246,0,0,0,0
805,032830,2017,KOSPI,243,243,243,0,0,0,0
805,032830,2018,KOSPI,244,244,244,0,0,0,0
805,032830,2019,KOSPI,246,246,246,0,0,0,0
805,032830,2020,KOSPI,248,248,248,0,0,0,0
805,032830,2021,KOSPI,248,248,248,0,0,0,0
805,032830,2022,KOSPI,246,246,246,0,0,0,0
805,032830,2023,KOSPI,245,245,245,0,0,0,0
805,032830,2024,KOSPI,244,244,244,0,0,0,0
805,032830,2025,KOSPI,242,242,242,0,0,0,0
805,032830,2026,KOSPI,166,166,166,0,0,0,0
806,032850,2013,KOSDAQ,247,247,247,0,0,0,0
806,032850,2014,KOSDAQ,245,245,245,0,0,0,0
806,032850,2015,KOSDAQ,248,248,248,0,0,0,0
806,032850,2016,KOSDAQ,246,246,246,0,0,0,0
806,032850,2017,KOSDAQ,243,243,243,0,0,0,0
806,032850,2018,KOSDAQ,244,244,244,0,0,0,0
806,032850,2019,KOSDAQ,246,246,246,0,0,0,0
806,032850,2020,KOSDAQ,248,248,248,0,0,0,0
806,032850,2021,KOSDAQ,248,248,248,0,0,0,0
806,032850,2022,KOSDAQ,246,246,246,0,0,0,0
806,032850,2023,KOSDAQ,245,245,245,0,0,0,0
806,032850,2024,KOSDAQ,244,244,244,0,0,0,0
806,032850,2025,KOSDAQ,242,242,242,0,0,0,0
806,032850,2026,KOSDAQ,166,166,166,0,0,0,0
807,032860,2013,KOSDAQ,247,247,247,0,0,0,0
807,032860,2014,KOSDAQ,245,245,245,0,0,0,0
807,032860,2015,KOSDAQ,248,248,248,0,0,0,0
807,032860,2016,KOSDAQ,246,246,245,0,0,1,0
807,032860,2017,KOSDAQ,243,243,243,0,0,0,0
807,032860,2018,KOSDAQ,244,244,244,0,0,0,0
807,032860,2019,KOSDAQ,246,246,246,0,0,0,0
807,032860,2020,KOSDAQ,248,248,248,0,0,0,0
807,032860,2021,KOSDAQ,248,248,248,0,0,0,0
807,032860,2022,KOSDAQ,246,246,246,0,0,0,0
807,032860,2023,KOSDAQ,245,245,245,0,0,0,0
807,032860,2024,KOSDAQ,244,244,244,0,0,0,0
807,032860,2025,KOSDAQ,242,242,242,0,0,0,0
807,032860,2026,KOSDAQ,166,166,166,0,0,0,0
808,032940,2013,KOSDAQ,247,247,247,0,0,0,0
808,032940,2014,KOSDAQ,245,245,245,0,0,0,0
808,032940,2015,KOSDAQ,248,248,248,0,0,0,0
808,032940,2016,KOSDAQ,246,246,246,0,0,0,0
808,032940,2017,KOSDAQ,243,243,243,0,0,0,0
808,032940,2018,KOSDAQ,244,244,244,0,0,0,0
808,032940,2019,KOSDAQ,246,246,246,0,0,0,0
808,032940,2020,KOSDAQ,248,248,248,0,0,0,0
808,032940,2021,KOSDAQ,248,248,248,0,0,0,0
808,032940,2022,KOSDAQ,246,246,246,0,0,0,0
808,032940,2023,KOSDAQ,245,245,245,0,0,0,0
808,032940,2024,KOSDAQ,244,244,244,0,0,0,0
808,032940,2025,KOSDAQ,242,242,242,0,0,0,0
808,032940,2026,KOSDAQ,166,166,166,0,0,0,0
809,032960,2013,KOSDAQ,247,247,247,0,0,0,0
809,032960,2014,KOSDAQ,245,245,245,0,0,0,0
809,032960,2015,KOSDAQ,248,248,247,0,0,1,0
809,032960,2016,KOSDAQ,246,246,246,0,0,0,0
809,032960,2017,KOSDAQ,243,243,243,0,0,0,0
809,032960,2018,KOSDAQ,244,244,244,0,0,0,0
809,032960,2019,KOSDAQ,246,246,246,0,0,0,0
809,032960,2020,KOSDAQ,248,248,248,0,0,0,0
809,032960,2021,KOSDAQ,248,248,248,0,0,0,0
809,032960,2022,KOSDAQ,246,246,246,0,0,0,0
809,032960,2023,KOSDAQ,245,245,245,0,0,0,0
809,032960,2024,KOSDAQ,244,244,244,0,0,0,0
809,032960,2025,KOSDAQ,242,242,242,0,0,0,0
809,032960,2026,KOSDAQ,166,166,166,0,0,0,0
810,033050,2013,KOSDAQ,247,247,247,0,0,0,0
810,033050,2014,KOSDAQ,245,245,245,0,0,0,0
810,033050,2015,KOSDAQ,248,248,248,0,0,0,0
810,033050,2016,KOSDAQ,246,246,246,0,0,0,0
810,033050,2017,KOSDAQ,243,243,243,0,0,0,0
810,033050,2018,KOSDAQ,244,244,244,0,0,0,0
810,033050,2019,KOSDAQ,246,246,246,0,0,0,0
810,033050,2020,KOSDAQ,248,248,248,0,0,0,0
810,033050,2021,KOSDAQ,248,248,248,0,0,0,0
810,033050,2022,KOSDAQ,246,246,246,0,0,0,0
810,033050,2023,KOSDAQ,245,245,245,0,0,0,0
810,033050,2024,KOSDAQ,244,244,244,0,0,0,0
810,033050,2025,KOSDAQ,242,242,242,0,0,0,0
810,033050,2026,KOSDAQ,166,166,166,0,0,0,0
811,033100,2013,KOSDAQ,247,247,247,0,0,0,0
811,033100,2014,KOSDAQ,245,245,245,0,0,0,0
811,033100,2015,KOSDAQ,248,248,248,0,0,0,0
811,033100,2016,KOSDAQ,246,246,246,0,0,0,0
811,033100,2017,KOSDAQ,243,243,243,0,0,0,0
811,033100,2018,KOSDAQ,244,244,244,0,0,0,0
811,033100,2019,KOSDAQ,246,246,246,0,0,0,0
811,033100,2020,KOSDAQ,248,248,248,0,0,0,0
811,033100,2021,KOSDAQ,248,248,248,0,0,0,0
811,033100,2022,KOSDAQ,246,246,246,0,0,0,0
811,033100,2023,KOSDAQ,245,245,245,0,0,0,0
811,033100,2024,KOSDAQ,244,244,244,0,0,0,0
811,033100,2025,KOSDAQ,242,242,242,0,0,0,0
811,033100,2026,KOSDAQ,166,166,166,0,0,0,0
812,033130,2013,KOSDAQ,247,247,247,0,0,0,0
812,033130,2014,KOSDAQ,245,245,245,0,0,0,0
812,033130,2015,KOSDAQ,248,248,248,0,0,0,0
812,033130,2016,KOSDAQ,246,246,246,0,0,0,0
812,033130,2017,KOSDAQ,243,243,243,0,0,0,0
812,033130,2018,KOSDAQ,244,244,244,0,0,0,0
812,033130,2019,KOSDAQ,246,246,246,0,0,0,0
812,033130,2020,KOSDAQ,248,248,248,0,0,0,0
812,033130,2021,KOSDAQ,248,248,248,0,0,0,0
812,033130,2022,KOSDAQ,246,246,246,0,0,0,0
812,033130,2023,KOSDAQ,245,245,245,0,0,0,0
812,033130,2024,KOSDAQ,244,244,244,0,0,0,0
812,033130,2025,KOSDAQ,242,242,242,0,0,0,0
812,033130,2026,KOSDAQ,166,166,166,0,0,0,0
813,033160,2013,KOSDAQ,247,247,247,0,0,0,0
813,033160,2014,KOSDAQ,245,245,245,0,0,0,0
813,033160,2015,KOSDAQ,248,248,248,0,0,0,0
813,033160,2016,KOSDAQ,246,246,246,0,0,0,0
813,033160,2017,KOSDAQ,243,243,243,0,0,0,0
813,033160,2018,KOSDAQ,244,244,244,0,0,0,0
813,033160,2019,KOSDAQ,246,246,246,0,0,0,0
813,033160,2020,KOSDAQ,248,248,248,0,0,0,0
813,033160,2021,KOSDAQ,248,248,248,0,0,0,0
813,033160,2022,KOSDAQ,246,246,246,0,0,0,0
813,033160,2023,KOSDAQ,245,245,245,0,0,0,0
813,033160,2024,KOSDAQ,244,244,244,0,0,0,0
813,033160,2025,KOSDAQ,242,242,242,0,0,0,0
813,033160,2026,KOSDAQ,166,166,166,0,0,0,0
814,033170,2013,KOSDAQ,247,247,247,0,0,0,0
814,033170,2014,KOSDAQ,245,245,245,0,0,0,0
814,033170,2015,KOSDAQ,248,248,248,0,0,0,0
814,033170,2016,KOSDAQ,246,246,246,0,0,0,0
814,033170,2017,KOSDAQ,243,243,243,0,0,0,0
814,033170,2018,KOSDAQ,244,244,244,0,0,0,0
814,033170,2019,KOSDAQ,246,246,246,0,0,0,0
814,033170,2020,KOSDAQ,248,248,248,0,0,0,0
814,033170,2021,KOSDAQ,248,248,248,0,0,0,0
814,033170,2022,KOSDAQ,246,246,246,0,0,0,0
814,033170,2023,KOSDAQ,245,245,245,0,0,0,0
814,033170,2024,KOSDAQ,244,244,244,0,0,0,0
814,033170,2025,KOSDAQ,242,242,242,0,0,0,0
814,033170,2026,KOSDAQ,166,166,166,0,0,0,0
815,033200,2013,KOSDAQ,247,247,247,0,0,0,0
815,033200,2014,KOSDAQ,245,245,245,0,0,0,0
815,033200,2015,KOSDAQ,248,248,248,0,0,0,0
815,033200,2016,KOSDAQ,246,246,246,0,0,0,0
815,033200,2017,KOSDAQ,243,243,243,0,0,0,0
815,033200,2018,KOSDAQ,244,244,244,0,0,0,0
815,033200,2019,KOSDAQ,246,246,246,0,0,0,0
815,033200,2020,KOSDAQ,248,248,248,0,0,0,0
815,033200,2021,KOSDAQ,248,248,248,0,0,0,0
815,033200,2022,KOSDAQ,246,246,246,0,0,0,0
815,033200,2023,KOSDAQ,245,245,245,0,0,0,0
815,033200,2024,KOSDAQ,244,244,244,0,0,0,0
815,033200,2025,KOSDAQ,242,242,242,0,0,0,0
815,033200,2026,KOSDAQ,166,166,166,0,0,0,0
816,033230,2013,KOSDAQ,247,247,247,0,0,0,0
816,033230,2014,KOSDAQ,245,245,245,0,0,0,0
816,033230,2015,KOSDAQ,248,248,248,0,0,0,0
816,033230,2016,KOSDAQ,246,246,246,0,0,0,0
816,033230,2017,KOSDAQ,243,243,243,0,0,0,0
816,033230,2018,KOSDAQ,244,244,244,0,0,0,0
816,033230,2019,KOSDAQ,246,246,246,0,0,0,0
816,033230,2020,KOSDAQ,248,248,248,0,0,0,0
816,033230,2021,KOSDAQ,248,248,248,0,0,0,0
816,033230,2022,KOSDAQ,246,246,246,0,0,0,0
816,033230,2023,KOSDAQ,245,245,245,0,0,0,0
816,033230,2024,KOSDAQ,244,244,244,0,0,0,0
816,033230,2025,KOSDAQ,242,242,242,0,0,0,0
816,033230,2026,KOSDAQ,166,166,166,0,0,0,0
817,033240,2013,KOSPI,247,247,247,0,0,0,0
817,033240,2014,KOSPI,245,245,245,0,0,0,0
817,033240,2015,KOSPI,248,248,248,0,0,0,0
817,033240,2016,KOSPI,246,246,246,0,0,0,0
817,033240,2017,KOSPI,243,243,243,0,0,0,0
817,033240,2018,KOSPI,244,244,244,0,0,0,0
817,033240,2019,KOSPI,246,246,246,0,0,0,0
817,033240,2020,KOSPI,248,248,248,0,0,0,0
817,033240,2021,KOSPI,248,248,248,0,0,0,0
817,033240,2022,KOSPI,246,246,246,0,0,0,0
817,033240,2023,KOSPI,245,245,245,0,0,0,0
817,033240,2024,KOSPI,244,244,244,0,0,0,0
817,033240,2025,KOSPI,242,242,242,0,0,0,0
817,033240,2026,KOSPI,166,166,166,0,0,0,0
818,033250,2013,KOSPI,247,247,247,0,0,0,0
818,033250,2014,KOSPI,245,245,245,0,0,0,0
818,033250,2015,KOSPI,248,248,248,0,0,0,0
818,033250,2016,KOSPI,246,246,246,0,0,0,0
818,033250,2017,KOSPI,243,243,243,0,0,0,0
818,033250,2018,KOSPI,244,244,244,0,0,0,0
818,033250,2019,KOSPI,246,246,246,0,0,0,0
818,033250,2020,KOSPI,248,248,248,0,0,0,0
818,033250,2021,KOSPI,248,248,248,0,0,0,0
818,033250,2022,KOSPI,246,246,246,0,0,0,0
818,033250,2023,KOSPI,245,245,245,0,0,0,0
818,033250,2024,KOSPI,244,244,244,0,0,0,0
818,033250,2025,KOSPI,242,242,242,0,0,0,0
818,033250,2026,KOSPI,166,166,166,0,0,0,0
819,033270,2013,KOSPI,247,247,247,0,0,0,0
819,033270,2014,KOSPI,245,245,245,0,0,0,0
819,033270,2015,KOSPI,248,248,248,0,0,0,0
819,033270,2016,KOSPI,246,246,246,0,0,0,0
819,033270,2017,KOSPI,243,243,243,0,0,0,0
819,033270,2018,KOSPI,244,244,244,0,0,0,0
819,033270,2019,KOSPI,246,246,246,0,0,0,0
819,033270,2020,KOSPI,248,248,248,0,0,0,0
819,033270,2021,KOSPI,248,248,248,0,0,0,0
819,033270,2022,KOSPI,246,246,246,0,0,0,0
819,033270,2023,KOSPI,245,245,245,0,0,0,0
819,033270,2024,KOSPI,244,244,244,0,0,0,0
819,033270,2025,KOSPI,242,242,242,0,0,0,0
819,033270,2026,KOSPI,166,166,166,0,0,0,0
820,033290,2013,KOSDAQ,247,247,247,0,0,0,0
820,033290,2014,KOSDAQ,245,245,245,0,0,0,0
820,033290,2015,KOSDAQ,248,248,248,0,0,0,0
820,033290,2016,KOSDAQ,246,246,246,0,0,0,0
820,033290,2017,KOSDAQ,243,243,243,0,0,0,0
820,033290,2018,KOSDAQ,244,244,244,0,0,0,0
820,033290,2019,KOSDAQ,246,246,246,0,0,0,0
820,033290,2020,KOSDAQ,248,248,248,0,0,0,0
820,033290,2021,KOSDAQ,248,248,248,0,0,0,0
820,033290,2022,KOSDAQ,246,246,246,0,0,0,0
820,033290,2023,KOSDAQ,245,245,245,0,0,0,0
820,033290,2024,KOSDAQ,244,244,244,0,0,0,0
820,033290,2025,KOSDAQ,242,242,242,0,0,0,0
820,033290,2026,KOSDAQ,166,166,166,0,0,0,0
821,033310,2013,KOSDAQ,247,247,247,0,0,0,0
821,033310,2014,KOSDAQ,245,245,245,0,0,0,0
821,033310,2015,KOSDAQ,248,248,248,0,0,0,0
821,033310,2016,KOSDAQ,246,246,246,0,0,0,0
821,033310,2017,KOSDAQ,243,243,243,0,0,0,0
821,033310,2018,KOSDAQ,244,244,244,0,0,0,0
821,033310,2019,KOSDAQ,246,246,246,0,0,0,0
821,033310,2020,KOSDAQ,248,248,248,0,0,0,0
821,033310,2021,KOSDAQ,248,248,248,0,0,0,0
821,033310,2022,KOSDAQ,246,246,246,0,0,0,0
821,033310,2023,KOSDAQ,245,245,245,0,0,0,0
821,033310,2024,KOSDAQ,244,244,244,0,0,0,0
821,033310,2025,KOSDAQ,242,242,242,0,0,0,0
821,033310,2026,KOSDAQ,166,166,166,0,0,0,0
822,033320,2013,KOSDAQ,247,247,247,0,0,0,0
822,033320,2014,KOSDAQ,245,245,245,0,0,0,0
822,033320,2015,KOSDAQ,248,248,248,0,0,0,0
822,033320,2016,KOSDAQ,246,246,246,0,0,0,0
822,033320,2017,KOSDAQ,243,243,243,0,0,0,0
822,033320,2018,KOSDAQ,244,244,244,0,0,0,0
822,033320,2019,KOSDAQ,246,246,246,0,0,0,0
822,033320,2020,KOSDAQ,248,248,248,0,0,0,0
822,033320,2021,KOSDAQ,248,248,248,0,0,0,0
822,033320,2022,KOSDAQ,246,246,246,0,0,0,0
822,033320,2023,KOSDAQ,245,245,245,0,0,0,0
822,033320,2024,KOSDAQ,244,244,244,0,0,0,0
822,033320,2025,KOSDAQ,242,242,242,0,0,0,0
822,033320,2026,KOSDAQ,166,166,166,0,0,0,0
823,033340,2013,KOSDAQ,247,247,247,0,0,0,0
823,033340,2014,KOSDAQ,245,245,245,0,0,0,0
823,033340,2015,KOSDAQ,248,248,248,0,0,0,0
823,033340,2016,KOSDAQ,246,246,246,0,0,0,0
823,033340,2017,KOSDAQ,243,243,243,0,0,0,0
823,033340,2018,KOSDAQ,244,244,244,0,0,0,0
823,033340,2019,KOSDAQ,246,246,246,0,0,0,0
823,033340,2020,KOSDAQ,248,248,247,0,0,1,0
823,033340,2021,KOSDAQ,248,248,248,0,0,0,0
823,033340,2022,KOSDAQ,246,246,246,0,0,0,0
823,033340,2023,KOSDAQ,245,245,245,0,0,0,0
823,033340,2024,KOSDAQ,244,244,244,0,0,0,0
823,033340,2025,KOSDAQ,242,242,242,0,0,0,0
823,033340,2026,KOSDAQ,166,166,166,0,0,0,0
824,033500,2013,KOSDAQ,247,247,247,0,0,0,0
824,033500,2014,KOSDAQ,245,245,245,0,0,0,0
824,033500,2015,KOSDAQ,248,248,248,0,0,0,0
824,033500,2016,KOSDAQ,246,246,246,0,0,0,0
824,033500,2017,KOSDAQ,243,243,243,0,0,0,0
824,033500,2018,KOSDAQ,244,244,244,0,0,0,0
824,033500,2019,KOSDAQ,246,246,246,0,0,0,0
824,033500,2020,KOSDAQ,248,248,248,0,0,0,0
824,033500,2021,KOSDAQ,248,248,248,0,0,0,0
824,033500,2022,KOSDAQ,246,246,246,0,0,0,0
824,033500,2023,KOSDAQ,245,245,245,0,0,0,0
824,033500,2024,KOSDAQ,244,244,244,0,0,0,0
824,033500,2025,KOSDAQ,242,242,242,0,0,0,0
824,033500,2026,KOSDAQ,166,166,166,0,0,0,0
825,033530,2013,KOSPI,247,247,247,0,0,0,0
825,033530,2014,KOSPI,245,245,245,0,0,0,0
825,033530,2015,KOSPI,248,248,248,0,0,0,0
825,033530,2016,KOSPI,246,246,246,0,0,0,0
825,033530,2017,KOSPI,243,243,243,0,0,0,0
825,033530,2018,KOSPI,244,244,244,0,0,0,0
825,033530,2019,KOSPI,246,246,246,0,0,0,0
825,033530,2020,KOSPI,248,248,248,0,0,0,0
825,033530,2021,KOSPI,248,248,248,0,0,0,0
825,033530,2022,KOSPI,246,246,246,0,0,0,0
825,033530,2023,KOSPI,245,245,245,0,0,0,0
825,033530,2024,KOSPI,244,244,244,0,0,0,0
825,033530,2025,KOSPI,242,242,242,0,0,0,0
825,033530,2026,KOSPI,166,166,166,0,0,0,0
826,033540,2013,KOSDAQ,247,247,247,0,0,0,0
826,033540,2014,KOSDAQ,245,245,245,0,0,0,0
826,033540,2015,KOSDAQ,248,248,248,0,0,0,0
826,033540,2016,KOSDAQ,246,246,246,0,0,0,0
826,033540,2017,KOSDAQ,243,243,243,0,0,0,0
826,033540,2018,KOSDAQ,244,244,244,0,0,0,0
826,033540,2019,KOSDAQ,246,246,246,0,0,0,0
826,033540,2020,KOSDAQ,248,248,248,0,0,0,0
826,033540,2021,KOSDAQ,248,248,248,0,0,0,0
826,033540,2022,KOSDAQ,246,246,246,0,0,0,0
826,033540,2023,KOSDAQ,245,245,245,0,0,0,0
826,033540,2024,KOSDAQ,244,244,244,0,0,0,0
826,033540,2025,KOSDAQ,242,242,242,0,0,0,0
826,033540,2026,KOSDAQ,166,166,166,0,0,0,0
827,033560,2013,KOSDAQ,247,247,247,0,0,0,0
827,033560,2014,KOSDAQ,245,245,245,0,0,0,0
827,033560,2015,KOSDAQ,248,248,248,0,0,0,0
827,033560,2016,KOSDAQ,246,246,246,0,0,0,0
827,033560,2017,KOSDAQ,243,243,243,0,0,0,0
827,033560,2018,KOSDAQ,244,244,244,0,0,0,0
827,033560,2019,KOSDAQ,246,246,246,0,0,0,0
827,033560,2020,KOSDAQ,248,248,248,0,0,0,0
827,033560,2021,KOSDAQ,248,248,248,0,0,0,0
827,033560,2022,KOSDAQ,246,246,246,0,0,0,0
827,033560,2023,KOSDAQ,245,245,245,0,0,0,0
827,033560,2024,KOSDAQ,244,244,244,0,0,0,0
827,033560,2025,KOSDAQ,242,242,242,0,0,0,0
827,033560,2026,KOSDAQ,166,166,166,0,0,0,0
828,033640,2013,KOSDAQ,247,247,247,0,0,0,0
828,033640,2014,KOSDAQ,245,245,245,0,0,0,0
828,033640,2015,KOSDAQ,248,248,248,0,0,0,0
828,033640,2016,KOSDAQ,246,246,246,0,0,0,0
828,033640,2017,KOSDAQ,243,243,243,0,0,0,0
828,033640,2018,KOSDAQ,244,244,244,0,0,0,0
828,033640,2019,KOSDAQ,246,246,246,0,0,0,0
828,033640,2020,KOSDAQ,248,248,248,0,0,0,0
828,033640,2021,KOSDAQ,248,248,248,0,0,0,0
828,033640,2022,KOSDAQ,246,246,246,0,0,0,0
828,033640,2023,KOSDAQ,245,245,245,0,0,0,0
828,033640,2024,KOSDAQ,244,244,244,0,0,0,0
828,033640,2025,KOSDAQ,242,242,242,0,0,0,0
828,033640,2026,KOSDAQ,166,166,166,0,0,0,0
829,033780,2013,KOSPI,247,247,247,0,0,0,0
829,033780,2014,KOSPI,245,245,245,0,0,0,0
829,033780,2015,KOSPI,248,248,248,0,0,0,0
829,033780,2016,KOSPI,246,246,246,0,0,0,0
829,033780,2017,KOSPI,243,243,243,0,0,0,0
829,033780,2018,KOSPI,244,244,244,0,0,0,0
829,033780,2019,KOSPI,246,246,246,0,0,0,0
829,033780,2020,KOSPI,248,248,248,0,0,0,0
829,033780,2021,KOSPI,248,248,248,0,0,0,0
829,033780,2022,KOSPI,246,246,246,0,0,0,0
829,033780,2023,KOSPI,245,245,245,0,0,0,0
829,033780,2024,KOSPI,244,244,244,0,0,0,0
829,033780,2025,KOSPI,242,242,242,0,0,0,0
829,033780,2026,KOSPI,166,166,166,0,0,0,0
830,033790,2013,KOSDAQ,247,247,247,0,0,0,0
830,033790,2014,KOSDAQ,245,245,245,0,0,0,0
830,033790,2015,KOSDAQ,248,248,248,0,0,0,0
830,033790,2016,KOSDAQ,246,246,246,0,0,0,0
830,033790,2017,KOSDAQ,243,243,243,0,0,0,0
830,033790,2018,KOSDAQ,244,244,244,0,0,0,0
830,033790,2019,KOSDAQ,246,246,246,0,0,0,0
830,033790,2020,KOSDAQ,248,248,248,0,0,0,0
830,033790,2021,KOSDAQ,248,248,248,0,0,0,0
830,033790,2022,KOSDAQ,246,246,246,0,0,0,0
830,033790,2023,KOSDAQ,245,245,245,0,0,0,0
830,033790,2024,KOSDAQ,244,244,244,0,0,0,0
830,033790,2025,KOSDAQ,242,242,242,0,0,0,0
830,033790,2026,KOSDAQ,166,166,166,0,0,0,0
831,033830,2013,KOSDAQ,247,247,247,0,0,0,0
831,033830,2014,KOSDAQ,245,245,245,0,0,0,0
831,033830,2015,KOSDAQ,248,248,248,0,0,0,0
831,033830,2016,KOSDAQ,246,246,246,0,0,0,0
831,033830,2017,KOSDAQ,243,243,243,0,0,0,0
831,033830,2018,KOSDAQ,244,244,244,0,0,0,0
831,033830,2019,KOSDAQ,246,246,246,0,0,0,0
831,033830,2020,KOSDAQ,248,248,248,0,0,0,0
831,033830,2021,KOSDAQ,248,248,248,0,0,0,0
831,033830,2022,KOSDAQ,246,246,246,0,0,0,0
831,033830,2023,KOSDAQ,245,245,245,0,0,0,0
831,033830,2024,KOSDAQ,244,244,244,0,0,0,0
831,033830,2025,KOSDAQ,242,242,242,0,0,0,0
831,033830,2026,KOSDAQ,166,166,166,0,0,0,0
832,033920,2013,KOSPI,247,247,247,0,0,0,0
832,033920,2014,KOSPI,245,245,245,0,0,0,0
832,033920,2015,KOSPI,248,248,248,0,0,0,0
832,033920,2016,KOSPI,246,246,246,0,0,0,0
832,033920,2017,KOSPI,243,243,243,0,0,0,0
832,033920,2018,KOSPI,244,244,244,0,0,0,0
832,033920,2019,KOSPI,246,246,246,0,0,0,0
832,033920,2020,KOSPI,248,248,248,0,0,0,0
832,033920,2021,KOSPI,248,248,248,0,0,0,0
832,033920,2022,KOSPI,246,246,246,0,0,0,0
832,033920,2023,KOSPI,245,245,245,0,0,0,0
832,033920,2024,KOSPI,244,244,244,0,0,0,0
832,033920,2025,KOSPI,242,242,242,0,0,0,0
832,033920,2026,KOSPI,166,166,166,0,0,0,0
833,034020,2013,KOSPI,247,247,247,0,0,0,0
833,034020,2014,KOSPI,245,245,245,0,0,0,0
833,034020,2015,KOSPI,248,248,248,0,0,0,0
833,034020,2016,KOSPI,246,246,246,0,0,0,0
833,034020,2017,KOSPI,243,243,243,0,0,0,0
833,034020,2018,KOSPI,244,244,244,0,0,0,0
833,034020,2019,KOSPI,246,246,246,0,0,0,0
833,034020,2020,KOSPI,248,248,247,0,0,1,0
833,034020,2021,KOSPI,248,248,248,0,0,0,0
833,034020,2022,KOSPI,246,246,246,0,0,0,0
833,034020,2023,KOSPI,245,245,245,0,0,0,0
833,034020,2024,KOSPI,244,244,244,0,0,0,0
833,034020,2025,KOSPI,242,242,242,0,0,0,0
833,034020,2026,KOSPI,166,166,166,0,0,0,0
834,034120,2013,KOSPI,247,247,247,0,0,0,0
834,034120,2014,KOSPI,245,245,245,0,0,0,0
834,034120,2015,KOSPI,248,248,248,0,0,0,0
834,034120,2016,KOSPI,246,246,246,0,0,0,0
834,034120,2017,KOSPI,243,243,243,0,0,0,0
834,034120,2018,KOSPI,244,244,244,0,0,0,0
834,034120,2019,KOSPI,246,246,246,0,0,0,0
834,034120,2020,KOSPI,248,248,248,0,0,0,0
834,034120,2021,KOSPI,248,248,248,0,0,0,0
834,034120,2022,KOSPI,246,246,246,0,0,0,0
834,034120,2023,KOSPI,245,245,245,0,0,0,0
834,034120,2024,KOSPI,244,244,244,0,0,0,0
834,034120,2025,KOSPI,242,242,242,0,0,0,0
834,034120,2026,KOSPI,166,166,166,0,0,0,0
835,034220,2013,KOSPI,247,247,247,0,0,0,0
835,034220,2014,KOSPI,245,245,245,0,0,0,0
835,034220,2015,KOSPI,248,248,248,0,0,0,0
835,034220,2016,KOSPI,246,246,246,0,0,0,0
835,034220,2017,KOSPI,243,243,243,0,0,0,0
835,034220,2018,KOSPI,244,244,244,0,0,0,0
835,034220,2019,KOSPI,246,246,246,0,0,0,0
835,034220,2020,KOSPI,248,248,248,0,0,0,0
835,034220,2021,KOSPI,248,248,248,0,0,0,0
835,034220,2022,KOSPI,246,246,246,0,0,0,0
835,034220,2023,KOSPI,245,245,245,0,0,0,0
835,034220,2024,KOSPI,244,244,244,0,0,0,0
835,034220,2025,KOSPI,242,242,242,0,0,0,0
835,034220,2026,KOSPI,166,166,166,0,0,0,0
836,034230,2024,KOSPI,128,128,128,0,0,0,0
836,034230,2025,KOSPI,242,242,242,0,0,0,0
836,034230,2026,KOSPI,166,166,166,0,0,0,0
837,034310,2013,KOSPI,247,247,247,0,0,0,0
837,034310,2014,KOSPI,245,245,245,0,0,0,0
837,034310,2015,KOSPI,248,248,248,0,0,0,0
837,034310,2016,KOSPI,246,246,246,0,0,0,0
837,034310,2017,KOSPI,243,243,243,0,0,0,0
837,034310,2018,KOSPI,244,244,244,0,0,0,0
837,034310,2019,KOSPI,246,246,246,0,0,0,0
837,034310,2020,KOSPI,248,248,248,0,0,0,0
837,034310,2021,KOSPI,248,248,248,0,0,0,0
837,034310,2022,KOSPI,246,246,246,0,0,0,0
837,034310,2023,KOSPI,245,245,245,0,0,0,0
837,034310,2024,KOSPI,244,244,244,0,0,0,0
837,034310,2025,KOSPI,242,242,242,0,0,0,0
837,034310,2026,KOSPI,166,166,166,0,0,0,0
838,034590,2013,KOSPI,247,247,247,0,0,0,0
838,034590,2014,KOSPI,245,245,245,0,0,0,0
838,034590,2015,KOSPI,248,248,248,0,0,0,0
838,034590,2016,KOSPI,246,246,246,0,0,0,0
838,034590,2017,KOSPI,243,243,243,0,0,0,0
838,034590,2018,KOSPI,244,244,244,0,0,0,0
838,034590,2019,KOSPI,246,246,246,0,0,0,0
838,034590,2020,KOSPI,248,248,248,0,0,0,0
838,034590,2021,KOSPI,248,248,248,0,0,0,0
838,034590,2022,KOSPI,246,246,246,0,0,0,0
838,034590,2023,KOSPI,245,245,245,0,0,0,0
838,034590,2024,KOSPI,244,244,244,0,0,0,0
838,034590,2025,KOSPI,242,242,242,0,0,0,0
838,034590,2026,KOSPI,166,166,166,0,0,0,0
839,034730,2013,KOSPI,247,247,247,0,0,0,0
839,034730,2014,KOSPI,245,245,245,0,0,0,0
839,034730,2015,KOSPI,248,248,248,0,0,0,0
839,034730,2016,KOSPI,246,246,246,0,0,0,0
839,034730,2017,KOSPI,243,243,243,0,0,0,0
839,034730,2018,KOSPI,244,244,244,0,0,0,0
839,034730,2019,KOSPI,246,246,246,0,0,0,0
839,034730,2020,KOSPI,248,248,248,0,0,0,0
839,034730,2021,KOSPI,248,248,248,0,0,0,0
839,034730,2022,KOSPI,246,246,246,0,0,0,0
839,034730,2023,KOSPI,245,245,245,0,0,0,0
839,034730,2024,KOSPI,244,244,244,0,0,0,0
839,034730,2025,KOSPI,242,242,242,0,0,0,0
839,034730,2026,KOSPI,166,166,166,0,0,0,0
841,034810,2013,KOSDAQ,247,247,247,0,0,0,0
841,034810,2014,KOSDAQ,245,245,245,0,0,0,0
841,034810,2015,KOSDAQ,248,248,248,0,0,0,0
841,034810,2016,KOSDAQ,246,246,246,0,0,0,0
841,034810,2017,KOSDAQ,243,243,243,0,0,0,0
841,034810,2018,KOSDAQ,244,244,244,0,0,0,0
841,034810,2019,KOSDAQ,246,246,246,0,0,0,0
841,034810,2020,KOSDAQ,248,248,248,0,0,0,0
841,034810,2021,KOSDAQ,248,248,248,0,0,0,0
841,034810,2022,KOSDAQ,246,246,246,0,0,0,0
841,034810,2023,KOSDAQ,245,245,245,0,0,0,0
841,034810,2024,KOSDAQ,244,244,244,0,0,0,0
841,034810,2025,KOSDAQ,242,242,242,0,0,0,0
841,034810,2026,KOSDAQ,166,166,166,0,0,0,0
843,034830,2016,KOSPI,119,119,119,0,0,0,0
843,034830,2017,KOSPI,243,243,243,0,0,0,0
843,034830,2018,KOSPI,244,244,244,0,0,0,0
843,034830,2019,KOSPI,246,246,246,0,0,0,0
843,034830,2020,KOSPI,248,248,248,0,0,0,0
843,034830,2021,KOSPI,248,248,248,0,0,0,0
843,034830,2022,KOSPI,246,246,246,0,0,0,0
843,034830,2023,KOSPI,245,245,245,0,0,0,0
843,034830,2024,KOSPI,244,244,244,0,0,0,0
843,034830,2025,KOSPI,242,242,242,0,0,0,0
843,034830,2026,KOSPI,166,166,166,0,0,0,0
844,034940,2013,KOSDAQ,247,247,247,0,0,0,0
844,034940,2014,KOSDAQ,245,245,245,0,0,0,0
844,034940,2015,KOSDAQ,248,248,248,0,0,0,0
844,034940,2016,KOSDAQ,246,246,246,0,0,0,0
844,034940,2017,KOSDAQ,243,243,243,0,0,0,0
844,034940,2018,KOSDAQ,244,244,244,0,0,0,0
844,034940,2019,KOSDAQ,246,246,246,0,0,0,0
844,034940,2020,KOSDAQ,248,248,248,0,0,0,0
844,034940,2021,KOSDAQ,248,248,248,0,0,0,0
844,034940,2022,KOSDAQ,246,246,246,0,0,0,0
844,034940,2023,KOSDAQ,245,245,245,0,0,0,0
844,034940,2024,KOSDAQ,244,244,244,0,0,0,0
844,034940,2025,KOSDAQ,242,242,242,0,0,0,0
844,034940,2026,KOSDAQ,166,166,166,0,0,0,0
845,034950,2013,KOSDAQ,247,247,247,0,0,0,0
845,034950,2014,KOSDAQ,245,245,245,0,0,0,0
845,034950,2015,KOSDAQ,248,248,248,0,0,0,0
845,034950,2016,KOSDAQ,246,246,246,0,0,0,0
845,034950,2017,KOSDAQ,243,243,243,0,0,0,0
845,034950,2018,KOSDAQ,244,244,244,0,0,0,0
845,034950,2019,KOSDAQ,246,246,246,0,0,0,0
845,034950,2020,KOSDAQ,248,248,248,0,0,0,0
845,034950,2021,KOSDAQ,248,248,248,0,0,0,0
845,034950,2022,KOSDAQ,246,246,246,0,0,0,0
845,034950,2023,KOSDAQ,245,245,245,0,0,0,0
845,034950,2024,KOSDAQ,244,244,244,0,0,0,0
845,034950,2025,KOSDAQ,242,242,242,0,0,0,0
845,034950,2026,KOSDAQ,166,166,166,0,0,0,0
846,035000,2013,KOSPI,247,247,247,0,0,0,0
846,035000,2014,KOSPI,245,245,245,0,0,0,0
846,035000,2015,KOSPI,248,248,248,0,0,0,0
846,035000,2016,KOSPI,246,246,246,0,0,0,0
846,035000,2017,KOSPI,243,243,243,0,0,0,0
846,035000,2018,KOSPI,244,244,244,0,0,0,0
846,035000,2019,KOSPI,246,246,246,0,0,0,0
846,035000,2020,KOSPI,248,248,248,0,0,0,0
846,035000,2021,KOSPI,248,248,248,0,0,0,0
846,035000,2022,KOSPI,246,246,246,0,0,0,0
846,035000,2023,KOSPI,245,245,245,0,0,0,0
846,035000,2024,KOSPI,244,244,244,0,0,0,0
846,035000,2025,KOSPI,242,242,242,0,0,0,0
846,035000,2026,KOSPI,166,166,166,0,0,0,0
847,035080,2013,KOSDAQ,247,247,247,0,0,0,0
847,035080,2014,KOSDAQ,245,245,245,0,0,0,0
847,035080,2015,KOSDAQ,248,248,248,0,0,0,0
847,035080,2016,KOSDAQ,246,246,246,0,0,0,0
847,035080,2017,KOSDAQ,243,243,243,0,0,0,0
847,035080,2018,KOSDAQ,244,244,244,0,0,0,0
847,035080,2019,KOSDAQ,246,246,246,0,0,0,0
847,035080,2020,KOSDAQ,248,248,248,0,0,0,0
847,035080,2021,KOSDAQ,248,248,248,0,0,0,0
847,035080,2022,KOSDAQ,246,246,246,0,0,0,0
847,035080,2023,KOSDAQ,245,245,245,0,0,0,0
847,035080,2024,KOSDAQ,244,244,244,0,0,0,0
847,035080,2025,KOSDAQ,242,242,242,0,0,0,0
847,035080,2026,KOSDAQ,166,166,166,0,0,0,0
848,035150,2013,KOSPI,247,247,247,0,0,0,0
848,035150,2014,KOSPI,245,245,245,0,0,0,0
848,035150,2015,KOSPI,248,248,248,0,0,0,0
848,035150,2016,KOSPI,246,246,246,0,0,0,0
848,035150,2017,KOSPI,243,243,243,0,0,0,0
848,035150,2018,KOSPI,244,244,244,0,0,0,0
848,035150,2019,KOSPI,246,246,246,0,0,0,0
848,035150,2020,KOSPI,248,248,248,0,0,0,0
848,035150,2021,KOSPI,248,248,248,0,0,0,0
848,035150,2022,KOSPI,246,246,246,0,0,0,0
848,035150,2023,KOSPI,245,245,245,0,0,0,0
848,035150,2024,KOSPI,244,244,244,0,0,0,0
848,035150,2025,KOSPI,242,242,242,0,0,0,0
848,035150,2026,KOSPI,166,166,166,0,0,0,0
849,035200,2013,KOSDAQ,247,247,247,0,0,0,0
849,035200,2014,KOSDAQ,245,245,245,0,0,0,0
849,035200,2015,KOSDAQ,248,248,248,0,0,0,0
849,035200,2016,KOSDAQ,246,246,246,0,0,0,0
849,035200,2017,KOSDAQ,243,243,243,0,0,0,0
849,035200,2018,KOSDAQ,244,244,244,0,0,0,0
849,035200,2019,KOSDAQ,246,246,246,0,0,0,0
849,035200,2020,KOSDAQ,248,248,248,0,0,0,0
849,035200,2021,KOSDAQ,248,248,248,0,0,0,0
849,035200,2022,KOSDAQ,246,246,246,0,0,0,0
849,035200,2023,KOSDAQ,245,245,245,0,0,0,0
849,035200,2024,KOSDAQ,244,244,244,0,0,0,0
849,035200,2025,KOSDAQ,242,242,242,0,0,0,0
849,035200,2026,KOSDAQ,166,166,166,0,0,0,0
850,035250,2013,KOSPI,247,247,247,0,0,0,0
850,035250,2014,KOSPI,245,245,245,0,0,0,0
850,035250,2015,KOSPI,248,248,248,0,0,0,0
850,035250,2016,KOSPI,246,246,246,0,0,0,0
850,035250,2017,KOSPI,243,243,243,0,0,0,0
850,035250,2018,KOSPI,244,244,244,0,0,0,0
850,035250,2019,KOSPI,246,246,246,0,0,0,0
850,035250,2020,KOSPI,248,248,248,0,0,0,0
850,035250,2021,KOSPI,248,248,248,0,0,0,0
850,035250,2022,KOSPI,246,246,246,0,0,0,0
850,035250,2023,KOSPI,245,245,245,0,0,0,0
850,035250,2024,KOSPI,244,244,244,0,0,0,0
850,035250,2025,KOSPI,242,242,242,0,0,0,0
850,035250,2026,KOSPI,166,166,166,0,0,0,0
851,035290,2013,KOSDAQ,247,247,247,0,0,0,0
851,035290,2014,KOSDAQ,245,245,245,0,0,0,0
851,035290,2015,KOSDAQ,248,248,248,0,0,0,0
851,035290,2016,KOSDAQ,246,246,246,0,0,0,0
851,035290,2017,KOSDAQ,243,243,243,0,0,0,0
851,035290,2018,KOSDAQ,244,244,244,0,0,0,0
851,035290,2019,KOSDAQ,246,246,245,0,0,1,0
851,035290,2020,KOSDAQ,248,248,248,0,0,0,0
851,035290,2021,KOSDAQ,248,248,248,0,0,0,0
851,035290,2022,KOSDAQ,246,246,243,0,0,3,0
851,035290,2023,KOSDAQ,245,245,244,0,0,1,0
851,035290,2024,KOSDAQ,244,244,244,0,0,0,0
851,035290,2025,KOSDAQ,242,242,240,0,0,2,0
851,035290,2026,KOSDAQ,166,166,166,0,0,0,0
852,035420,2013,KOSPI,247,247,246,0,0,1,0
852,035420,2014,KOSPI,245,245,245,0,0,0,0
852,035420,2015,KOSPI,248,248,248,0,0,0,0
852,035420,2016,KOSPI,246,246,246,0,0,0,0
852,035420,2017,KOSPI,243,243,243,0,0,0,0
852,035420,2018,KOSPI,244,244,244,0,0,0,0
852,035420,2019,KOSPI,246,246,246,0,0,0,0
852,035420,2020,KOSPI,248,248,248,0,0,0,0
852,035420,2021,KOSPI,248,248,248,0,0,0,0
852,035420,2022,KOSPI,246,246,246,0,0,0,0
852,035420,2023,KOSPI,245,245,245,0,0,0,0
852,035420,2024,KOSPI,244,244,244,0,0,0,0
852,035420,2025,KOSPI,242,242,242,0,0,0,0
852,035420,2026,KOSPI,166,166,166,0,0,0,0
853,035460,2013,KOSDAQ,247,247,247,0,0,0,0
853,035460,2014,KOSDAQ,245,245,245,0,0,0,0
853,035460,2015,KOSDAQ,248,248,248,0,0,0,0
853,035460,2016,KOSDAQ,246,246,246,0,0,0,0
853,035460,2017,KOSDAQ,243,243,243,0,0,0,0
853,035460,2018,KOSDAQ,244,244,244,0,0,0,0
853,035460,2019,KOSDAQ,246,246,246,0,0,0,0
853,035460,2020,KOSDAQ,248,248,248,0,0,0,0
853,035460,2021,KOSDAQ,248,248,248,0,0,0,0
853,035460,2022,KOSDAQ,246,246,246,0,0,0,0
853,035460,2023,KOSDAQ,245,245,245,0,0,0,0
853,035460,2024,KOSDAQ,244,244,244,0,0,0,0
853,035460,2025,KOSDAQ,242,242,242,0,0,0,0
853,035460,2026,KOSDAQ,166,166,166,0,0,0,0
854,035510,2013,KOSPI,247,247,247,0,0,0,0
854,035510,2014,KOSPI,245,245,245,0,0,0,0
854,035510,2015,KOSPI,248,248,248,0,0,0,0
854,035510,2016,KOSPI,246,246,246,0,0,0,0
854,035510,2017,KOSPI,243,243,243,0,0,0,0
854,035510,2018,KOSPI,244,244,244,0,0,0,0
854,035510,2019,KOSPI,246,246,246,0,0,0,0
854,035510,2020,KOSPI,248,248,248,0,0,0,0
854,035510,2021,KOSPI,248,248,248,0,0,0,0
854,035510,2022,KOSPI,246,246,246,0,0,0,0
854,035510,2023,KOSPI,245,245,245,0,0,0,0
854,035510,2024,KOSPI,244,244,244,0,0,0,0
854,035510,2025,KOSPI,242,242,242,0,0,0,0
854,035510,2026,KOSPI,166,166,166,0,0,0,0
855,035600,2013,KOSDAQ,247,247,247,0,0,0,0
855,035600,2014,KOSDAQ,245,245,245,0,0,0,0
855,035600,2015,KOSDAQ,248,248,248,0,0,0,0
855,035600,2016,KOSDAQ,246,246,246,0,0,0,0
855,035600,2017,KOSDAQ,243,243,243,0,0,0,0
855,035600,2018,KOSDAQ,244,244,244,0,0,0,0
855,035600,2019,KOSDAQ,246,246,246,0,0,0,0
855,035600,2020,KOSDAQ,248,248,248,0,0,0,0
855,035600,2021,KOSDAQ,248,248,248,0,0,0,0
855,035600,2022,KOSDAQ,246,246,246,0,0,0,0
855,035600,2023,KOSDAQ,245,245,245,0,0,0,0
855,035600,2024,KOSDAQ,244,244,244,0,0,0,0
855,035600,2025,KOSDAQ,242,242,242,0,0,0,0
855,035600,2026,KOSDAQ,166,166,166,0,0,0,0
856,035610,2013,KOSDAQ,247,247,247,0,0,0,0
856,035610,2014,KOSDAQ,245,245,245,0,0,0,0
856,035610,2015,KOSDAQ,248,248,248,0,0,0,0
856,035610,2016,KOSDAQ,246,246,246,0,0,0,0
856,035610,2017,KOSDAQ,243,243,243,0,0,0,0
856,035610,2018,KOSDAQ,244,244,244,0,0,0,0
856,035610,2019,KOSDAQ,246,246,246,0,0,0,0
856,035610,2020,KOSDAQ,248,248,248,0,0,0,0
856,035610,2021,KOSDAQ,248,248,248,0,0,0,0
856,035610,2022,KOSDAQ,246,246,246,0,0,0,0
856,035610,2023,KOSDAQ,245,245,245,0,0,0,0
856,035610,2024,KOSDAQ,244,244,244,0,0,0,0
856,035610,2025,KOSDAQ,242,242,242,0,0,0,0
856,035610,2026,KOSDAQ,166,166,166,0,0,0,0
857,035620,2013,KOSDAQ,247,247,247,0,0,0,0
857,035620,2014,KOSDAQ,245,245,245,0,0,0,0
857,035620,2015,KOSDAQ,248,248,248,0,0,0,0
857,035620,2016,KOSDAQ,246,246,246,0,0,0,0
857,035620,2017,KOSDAQ,243,243,243,0,0,0,0
857,035620,2018,KOSDAQ,244,244,244,0,0,0,0
857,035620,2019,KOSDAQ,246,246,246,0,0,0,0
857,035620,2020,KOSDAQ,248,248,247,0,0,1,0
857,035620,2021,KOSDAQ,248,248,248,0,0,0,0
857,035620,2022,KOSDAQ,246,246,246,0,0,0,0
857,035620,2023,KOSDAQ,245,245,245,0,0,0,0
857,035620,2024,KOSDAQ,244,244,244,0,0,0,0
857,035620,2025,KOSDAQ,242,242,242,0,0,0,0
857,035620,2026,KOSDAQ,166,166,166,0,0,0,0
858,035720,2017,KOSPI,116,116,116,0,0,0,0
858,035720,2018,KOSPI,244,244,244,0,0,0,0
858,035720,2019,KOSPI,246,246,246,0,0,0,0
858,035720,2020,KOSPI,248,248,248,0,0,0,0
858,035720,2021,KOSPI,248,248,248,0,0,0,0
858,035720,2022,KOSPI,246,246,246,0,0,0,0
858,035720,2023,KOSPI,245,245,245,0,0,0,0
858,035720,2024,KOSPI,244,244,244,0,0,0,0
858,035720,2025,KOSPI,242,242,242,0,0,0,0
858,035720,2026,KOSPI,166,166,166,0,0,0,0
859,035760,2013,KOSDAQ,247,247,247,0,0,0,0
859,035760,2014,KOSDAQ,245,245,245,0,0,0,0
859,035760,2015,KOSDAQ,248,248,248,0,0,0,0
859,035760,2016,KOSDAQ,246,246,246,0,0,0,0
859,035760,2017,KOSDAQ,243,243,243,0,0,0,0
859,035760,2018,KOSDAQ,244,244,244,0,0,0,0
859,035760,2019,KOSDAQ,246,246,246,0,0,0,0
859,035760,2020,KOSDAQ,248,248,248,0,0,0,0
859,035760,2021,KOSDAQ,248,248,248,0,0,0,0
859,035760,2022,KOSDAQ,246,246,246,0,0,0,0
859,035760,2023,KOSDAQ,245,245,245,0,0,0,0
859,035760,2024,KOSDAQ,244,244,244,0,0,0,0
859,035760,2025,KOSDAQ,242,242,242,0,0,0,0
859,035760,2026,KOSDAQ,166,166,166,0,0,0,0
860,035810,2013,KOSDAQ,247,247,247,0,0,0,0
860,035810,2014,KOSDAQ,245,245,245,0,0,0,0
860,035810,2015,KOSDAQ,248,248,248,0,0,0,0
860,035810,2016,KOSDAQ,246,246,246,0,0,0,0
860,035810,2017,KOSDAQ,243,243,243,0,0,0,0
860,035810,2018,KOSDAQ,244,244,244,0,0,0,0
860,035810,2019,KOSDAQ,246,246,246,0,0,0,0
860,035810,2020,KOSDAQ,248,248,248,0,0,0,0
860,035810,2021,KOSDAQ,248,248,248,0,0,0,0
860,035810,2022,KOSDAQ,246,246,246,0,0,0,0
860,035810,2023,KOSDAQ,245,245,245,0,0,0,0
860,035810,2024,KOSDAQ,244,244,244,0,0,0,0
860,035810,2025,KOSDAQ,242,242,242,0,0,0,0
860,035810,2026,KOSDAQ,166,166,166,0,0,0,0
861,035890,2013,KOSDAQ,247,247,247,0,0,0,0
861,035890,2014,KOSDAQ,245,245,245,0,0,0,0
861,035890,2015,KOSDAQ,248,248,248,0,0,0,0
861,035890,2016,KOSDAQ,246,246,246,0,0,0,0
861,035890,2017,KOSDAQ,243,243,243,0,0,0,0
861,035890,2018,KOSDAQ,244,244,244,0,0,0,0
861,035890,2019,KOSDAQ,246,246,246,0,0,0,0
861,035890,2020,KOSDAQ,248,248,248,0,0,0,0
861,035890,2021,KOSDAQ,248,248,248,0,0,0,0
861,035890,2022,KOSDAQ,246,246,246,0,0,0,0
861,035890,2023,KOSDAQ,245,245,245,0,0,0,0
861,035890,2024,KOSDAQ,244,244,244,0,0,0,0
861,035890,2025,KOSDAQ,242,242,242,0,0,0,0
861,035890,2026,KOSDAQ,166,166,166,0,0,0,0
862,035900,2013,KOSDAQ,247,247,247,0,0,0,0
862,035900,2014,KOSDAQ,245,245,245,0,0,0,0
862,035900,2015,KOSDAQ,248,248,248,0,0,0,0
862,035900,2016,KOSDAQ,246,246,246,0,0,0,0
862,035900,2017,KOSDAQ,243,243,243,0,0,0,0
862,035900,2018,KOSDAQ,244,244,244,0,0,0,0
862,035900,2019,KOSDAQ,246,246,246,0,0,0,0
862,035900,2020,KOSDAQ,248,248,248,0,0,0,0
862,035900,2021,KOSDAQ,248,248,248,0,0,0,0
862,035900,2022,KOSDAQ,246,246,246,0,0,0,0
862,035900,2023,KOSDAQ,245,245,245,0,0,0,0
862,035900,2024,KOSDAQ,244,244,244,0,0,0,0
862,035900,2025,KOSDAQ,242,242,242,0,0,0,0
862,035900,2026,KOSDAQ,166,166,166,0,0,0,0
863,036000,2013,KOSDAQ,247,247,247,0,0,0,0
863,036000,2014,KOSDAQ,245,245,245,0,0,0,0
863,036000,2015,KOSDAQ,248,248,248,0,0,0,0
863,036000,2016,KOSDAQ,246,246,246,0,0,0,0
863,036000,2017,KOSDAQ,243,243,243,0,0,0,0
863,036000,2018,KOSDAQ,244,244,244,0,0,0,0
863,036000,2019,KOSDAQ,246,246,246,0,0,0,0
863,036000,2020,KOSDAQ,248,248,248,0,0,0,0
863,036000,2021,KOSDAQ,248,248,248,0,0,0,0
863,036000,2022,KOSDAQ,246,246,246,0,0,0,0
863,036000,2023,KOSDAQ,245,245,245,0,0,0,0
863,036000,2024,KOSDAQ,244,244,244,0,0,0,0
863,036000,2025,KOSDAQ,242,242,242,0,0,0,0
863,036000,2026,KOSDAQ,166,166,166,0,0,0,0
864,036010,2013,KOSDAQ,247,247,247,0,0,0,0
864,036010,2014,KOSDAQ,245,245,245,0,0,0,0
864,036010,2015,KOSDAQ,248,248,248,0,0,0,0
864,036010,2016,KOSDAQ,246,246,246,0,0,0,0
864,036010,2017,KOSDAQ,243,243,243,0,0,0,0
864,036010,2018,KOSDAQ,244,244,244,0,0,0,0
864,036010,2019,KOSDAQ,246,246,246,0,0,0,0
864,036010,2020,KOSDAQ,248,248,248,0,0,0,0
864,036010,2021,KOSDAQ,248,248,248,0,0,0,0
864,036010,2022,KOSDAQ,246,246,246,0,0,0,0
864,036010,2023,KOSDAQ,245,245,245,0,0,0,0
864,036010,2024,KOSDAQ,244,244,244,0,0,0,0
864,036010,2025,KOSDAQ,242,242,242,0,0,0,0
864,036010,2026,KOSDAQ,166,166,166,0,0,0,0
865,036030,2013,KOSDAQ,247,247,247,0,0,0,0
865,036030,2014,KOSDAQ,245,245,245,0,0,0,0
865,036030,2015,KOSDAQ,248,248,248,0,0,0,0
865,036030,2016,KOSDAQ,246,246,246,0,0,0,0
865,036030,2017,KOSDAQ,243,243,243,0,0,0,0
865,036030,2018,KOSDAQ,244,244,244,0,0,0,0
865,036030,2019,KOSDAQ,246,246,246,0,0,0,0
865,036030,2020,KOSDAQ,248,248,248,0,0,0,0
865,036030,2021,KOSDAQ,248,248,248,0,0,0,0
865,036030,2022,KOSDAQ,246,246,246,0,0,0,0
865,036030,2023,KOSDAQ,245,245,245,0,0,0,0
865,036030,2024,KOSDAQ,244,244,244,0,0,0,0
865,036030,2025,KOSDAQ,242,242,242,0,0,0,0
865,036030,2026,KOSDAQ,166,166,166,0,0,0,0
866,036090,2013,KOSDAQ,247,247,247,0,0,0,0
866,036090,2014,KOSDAQ,245,245,245,0,0,0,0
866,036090,2015,KOSDAQ,248,248,248,0,0,0,0
866,036090,2016,KOSDAQ,246,246,246,0,0,0,0
866,036090,2017,KOSDAQ,243,243,242,0,0,1,0
866,036090,2018,KOSDAQ,244,244,243,0,0,1,0
866,036090,2019,KOSDAQ,246,246,246,0,0,0,0
866,036090,2020,KOSDAQ,248,248,248,0,0,0,0
866,036090,2021,KOSDAQ,248,248,248,0,0,0,0
866,036090,2022,KOSDAQ,246,246,246,0,0,0,0
866,036090,2023,KOSDAQ,245,245,245,0,0,0,0
866,036090,2024,KOSDAQ,244,244,244,0,0,0,0
866,036090,2025,KOSDAQ,242,242,242,0,0,0,0
866,036090,2026,KOSDAQ,166,166,166,0,0,0,0
867,036120,2013,KOSDAQ,247,247,247,0,0,0,0
867,036120,2014,KOSDAQ,245,245,245,0,0,0,0
867,036120,2015,KOSDAQ,248,248,248,0,0,0,0
867,036120,2016,KOSDAQ,246,246,246,0,0,0,0
867,036120,2017,KOSDAQ,243,243,243,0,0,0,0
867,036120,2018,KOSDAQ,244,244,244,0,0,0,0
867,036120,2019,KOSDAQ,246,246,246,0,0,0,0
867,036120,2020,KOSDAQ,248,248,248,0,0,0,0
867,036120,2021,KOSDAQ,248,248,248,0,0,0,0
867,036120,2022,KOSDAQ,246,246,246,0,0,0,0
867,036120,2023,KOSDAQ,245,245,245,0,0,0,0
867,036120,2024,KOSDAQ,244,244,244,0,0,0,0
867,036120,2025,KOSDAQ,242,242,242,0,0,0,0
867,036120,2026,KOSDAQ,166,166,166,0,0,0,0
868,036170,2013,KOSDAQ,247,247,247,0,0,0,0
868,036170,2014,KOSDAQ,245,245,245,0,0,0,0
868,036170,2015,KOSDAQ,248,248,248,0,0,0,0
868,036170,2016,KOSDAQ,246,246,246,0,0,0,0
868,036170,2017,KOSDAQ,243,243,243,0,0,0,0
868,036170,2018,KOSDAQ,244,244,244,0,0,0,0
868,036170,2019,KOSDAQ,246,246,246,0,0,0,0
868,036170,2020,KOSDAQ,248,248,248,0,0,0,0
868,036170,2021,KOSDAQ,248,248,248,0,0,0,0
868,036170,2022,KOSDAQ,246,246,246,0,0,0,0
868,036170,2023,KOSDAQ,245,245,245,0,0,0,0
868,036170,2024,KOSDAQ,244,244,244,0,0,0,0
868,036170,2025,KOSDAQ,242,242,242,0,0,0,0
868,036170,2026,KOSDAQ,166,166,166,0,0,0,0
869,036190,2013,KOSDAQ,247,247,247,0,0,0,0
869,036190,2014,KOSDAQ,245,245,245,0,0,0,0
869,036190,2015,KOSDAQ,248,248,248,0,0,0,0
869,036190,2016,KOSDAQ,246,246,246,0,0,0,0
869,036190,2017,KOSDAQ,243,243,243,0,0,0,0
869,036190,2018,KOSDAQ,244,244,244,0,0,0,0
869,036190,2019,KOSDAQ,246,246,246,0,0,0,0
869,036190,2020,KOSDAQ,248,248,248,0,0,0,0
869,036190,2021,KOSDAQ,248,248,248,0,0,0,0
869,036190,2022,KOSDAQ,246,246,246,0,0,0,0
869,036190,2023,KOSDAQ,245,245,245,0,0,0,0
869,036190,2024,KOSDAQ,244,244,244,0,0,0,0
869,036190,2025,KOSDAQ,242,242,242,0,0,0,0
869,036190,2026,KOSDAQ,166,166,166,0,0,0,0
870,036200,2013,KOSDAQ,247,247,247,0,0,0,0
870,036200,2014,KOSDAQ,245,245,245,0,0,0,0
870,036200,2015,KOSDAQ,248,248,248,0,0,0,0
870,036200,2016,KOSDAQ,246,246,246,0,0,0,0
870,036200,2017,KOSDAQ,243,243,243,0,0,0,0
870,036200,2018,KOSDAQ,244,244,244,0,0,0,0
870,036200,2019,KOSDAQ,246,246,246,0,0,0,0
870,036200,2020,KOSDAQ,248,248,248,0,0,0,0
870,036200,2021,KOSDAQ,248,248,248,0,0,0,0
870,036200,2022,KOSDAQ,246,246,246,0,0,0,0
870,036200,2023,KOSDAQ,245,245,245,0,0,0,0
870,036200,2024,KOSDAQ,244,244,244,0,0,0,0
870,036200,2025,KOSDAQ,242,242,242,0,0,0,0
870,036200,2026,KOSDAQ,166,166,166,0,0,0,0
872,036420,2019,KOSPI,51,51,51,0,0,0,0
872,036420,2020,KOSPI,248,248,248,0,0,0,0
872,036420,2021,KOSPI,248,248,248,0,0,0,0
872,036420,2022,KOSPI,246,246,246,0,0,0,0
872,036420,2023,KOSPI,245,245,245,0,0,0,0
872,036420,2024,KOSPI,244,244,244,0,0,0,0
872,036420,2025,KOSPI,242,242,242,0,0,0,0
872,036420,2026,KOSPI,166,166,166,0,0,0,0
873,036460,2013,KOSPI,247,247,247,0,0,0,0
873,036460,2014,KOSPI,245,245,245,0,0,0,0
873,036460,2015,KOSPI,248,248,248,0,0,0,0
873,036460,2016,KOSPI,246,246,246,0,0,0,0
873,036460,2017,KOSPI,243,243,243,0,0,0,0
873,036460,2018,KOSPI,244,244,244,0,0,0,0
873,036460,2019,KOSPI,246,246,246,0,0,0,0
873,036460,2020,KOSPI,248,248,248,0,0,0,0
873,036460,2021,KOSPI,248,248,248,0,0,0,0
873,036460,2022,KOSPI,246,246,246,0,0,0,0
873,036460,2023,KOSPI,245,245,245,0,0,0,0
873,036460,2024,KOSPI,244,244,244,0,0,0,0
873,036460,2025,KOSPI,242,242,242,0,0,0,0
873,036460,2026,KOSPI,166,166,166,0,0,0,0
874,036480,2013,KOSDAQ,247,247,247,0,0,0,0
874,036480,2014,KOSDAQ,245,245,245,0,0,0,0
874,036480,2015,KOSDAQ,248,248,248,0,0,0,0
874,036480,2016,KOSDAQ,246,246,246,0,0,0,0
874,036480,2017,KOSDAQ,243,243,243,0,0,0,0
874,036480,2018,KOSDAQ,244,244,244,0,0,0,0
874,036480,2019,KOSDAQ,246,246,246,0,0,0,0
874,036480,2020,KOSDAQ,248,248,248,0,0,0,0
874,036480,2021,KOSDAQ,248,248,248,0,0,0,0
874,036480,2022,KOSDAQ,246,246,246,0,0,0,0
874,036480,2023,KOSDAQ,245,245,245,0,0,0,0
874,036480,2024,KOSDAQ,244,244,244,0,0,0,0
874,036480,2025,KOSDAQ,242,242,242,0,0,0,0
874,036480,2026,KOSDAQ,166,166,166,0,0,0,0
875,036530,2013,KOSPI,247,247,247,0,0,0,0
875,036530,2014,KOSPI,245,245,245,0,0,0,0
875,036530,2015,KOSPI,248,248,248,0,0,0,0
875,036530,2016,KOSPI,246,246,246,0,0,0,0
875,036530,2017,KOSPI,243,243,243,0,0,0,0
875,036530,2018,KOSPI,244,244,244,0,0,0,0
875,036530,2019,KOSPI,246,246,246,0,0,0,0
875,036530,2020,KOSPI,248,248,248,0,0,0,0
875,036530,2021,KOSPI,248,248,248,0,0,0,0
875,036530,2022,KOSPI,246,246,246,0,0,0,0
875,036530,2023,KOSPI,245,245,245,0,0,0,0
875,036530,2024,KOSPI,244,244,244,0,0,0,0
875,036530,2025,KOSPI,242,242,242,0,0,0,0
875,036530,2026,KOSPI,166,166,166,0,0,0,0
876,036540,2013,KOSDAQ,247,247,247,0,0,0,0
876,036540,2014,KOSDAQ,245,245,245,0,0,0,0
876,036540,2015,KOSDAQ,248,248,248,0,0,0,0
876,036540,2016,KOSDAQ,246,246,246,0,0,0,0
876,036540,2017,KOSDAQ,243,243,243,0,0,0,0
876,036540,2018,KOSDAQ,244,244,244,0,0,0,0
876,036540,2019,KOSDAQ,246,246,246,0,0,0,0
876,036540,2020,KOSDAQ,248,248,248,0,0,0,0
876,036540,2021,KOSDAQ,248,248,248,0,0,0,0
876,036540,2022,KOSDAQ,246,246,246,0,0,0,0
876,036540,2023,KOSDAQ,245,245,245,0,0,0,0
876,036540,2024,KOSDAQ,244,244,244,0,0,0,0
876,036540,2025,KOSDAQ,242,242,242,0,0,0,0
876,036540,2026,KOSDAQ,166,166,166,0,0,0,0
877,036560,2013,KOSDAQ,247,247,247,0,0,0,0
877,036560,2014,KOSDAQ,245,245,245,0,0,0,0
877,036560,2015,KOSDAQ,248,248,248,0,0,0,0
877,036560,2016,KOSDAQ,246,246,246,0,0,0,0
877,036560,2017,KOSDAQ,243,243,243,0,0,0,0
877,036560,2018,KOSDAQ,244,244,244,0,0,0,0
877,036560,2019,KOSDAQ,246,246,246,0,0,0,0
877,036560,2020,KOSDAQ,248,248,248,0,0,0,0
877,036560,2021,KOSDAQ,248,248,248,0,0,0,0
877,036560,2022,KOSDAQ,246,246,246,0,0,0,0
877,036560,2023,KOSDAQ,245,245,245,0,0,0,0
877,036560,2024,KOSDAQ,244,244,244,0,0,0,0
877,036560,2025,KOSDAQ,242,242,242,0,0,0,0
877,036560,2026,KOSDAQ,166,166,166,0,0,0,0
878,036570,2013,KOSPI,247,247,247,0,0,0,0
878,036570,2014,KOSPI,245,245,245,0,0,0,0
878,036570,2015,KOSPI,248,248,248,0,0,0,0
878,036570,2016,KOSPI,246,246,246,0,0,0,0
878,036570,2017,KOSPI,243,243,243,0,0,0,0
878,036570,2018,KOSPI,244,244,244,0,0,0,0
878,036570,2019,KOSPI,246,246,246,0,0,0,0
878,036570,2020,KOSPI,248,248,248,0,0,0,0
878,036570,2021,KOSPI,248,248,248,0,0,0,0
878,036570,2022,KOSPI,246,246,246,0,0,0,0
878,036570,2023,KOSPI,245,245,245,0,0,0,0
878,036570,2024,KOSPI,244,244,244,0,0,0,0
878,036570,2025,KOSPI,242,242,242,0,0,0,0
878,036570,2026,KOSPI,166,166,166,0,0,0,0
879,036580,2013,KOSPI,247,247,247,0,0,0,0
879,036580,2014,KOSPI,245,245,245,0,0,0,0
879,036580,2015,KOSPI,248,248,248,0,0,0,0
879,036580,2016,KOSPI,246,246,246,0,0,0,0
879,036580,2017,KOSPI,243,243,243,0,0,0,0
879,036580,2018,KOSPI,244,244,244,0,0,0,0
879,036580,2019,KOSPI,246,246,246,0,0,0,0
879,036580,2020,KOSPI,248,248,248,0,0,0,0
879,036580,2021,KOSPI,248,248,248,0,0,0,0
879,036580,2022,KOSPI,246,246,246,0,0,0,0
879,036580,2023,KOSPI,245,245,245,0,0,0,0
879,036580,2024,KOSPI,244,244,244,0,0,0,0
879,036580,2025,KOSPI,242,242,242,0,0,0,0
879,036580,2026,KOSPI,166,166,166,0,0,0,0
880,036620,2013,KOSDAQ,247,247,247,0,0,0,0
880,036620,2014,KOSDAQ,245,245,245,0,0,0,0
880,036620,2015,KOSDAQ,248,248,248,0,0,0,0
880,036620,2016,KOSDAQ,246,246,245,0,0,1,0
880,036620,2017,KOSDAQ,243,243,243,0,0,0,0
880,036620,2018,KOSDAQ,244,244,243,0,0,1,0
880,036620,2019,KOSDAQ,246,246,246,0,0,0,0
880,036620,2020,KOSDAQ,248,248,248,0,0,0,0
880,036620,2021,KOSDAQ,248,248,248,0,0,0,0
880,036620,2022,KOSDAQ,246,246,246,0,0,0,0
880,036620,2023,KOSDAQ,245,245,245,0,0,0,0
880,036620,2024,KOSDAQ,244,244,244,0,0,0,0
880,036620,2025,KOSDAQ,242,242,242,0,0,0,0
880,036620,2026,KOSDAQ,166,166,166,0,0,0,0
881,036630,2013,KOSDAQ,247,247,247,0,0,0,0
881,036630,2014,KOSDAQ,245,245,245,0,0,0,0
881,036630,2015,KOSDAQ,248,248,248,0,0,0,0
881,036630,2016,KOSDAQ,246,246,246,0,0,0,0
881,036630,2017,KOSDAQ,243,243,243,0,0,0,0
881,036630,2018,KOSDAQ,244,244,244,0,0,0,0
881,036630,2019,KOSDAQ,246,246,246,0,0,0,0
881,036630,2020,KOSDAQ,248,248,248,0,0,0,0
881,036630,2021,KOSDAQ,248,248,248,0,0,0,0
881,036630,2022,KOSDAQ,246,246,246,0,0,0,0
881,036630,2023,KOSDAQ,245,245,245,0,0,0,0
881,036630,2024,KOSDAQ,244,244,244,0,0,0,0
881,036630,2025,KOSDAQ,242,242,242,0,0,0,0
881,036630,2026,KOSDAQ,166,166,166,0,0,0,0
882,036640,2013,KOSDAQ,247,247,247,0,0,0,0
882,036640,2014,KOSDAQ,245,245,245,0,0,0,0
882,036640,2015,KOSDAQ,248,248,248,0,0,0,0
882,036640,2016,KOSDAQ,246,246,246,0,0,0,0
882,036640,2017,KOSDAQ,243,243,243,0,0,0,0
882,036640,2018,KOSDAQ,244,244,244,0,0,0,0
882,036640,2019,KOSDAQ,246,246,246,0,0,0,0
882,036640,2020,KOSDAQ,248,248,248,0,0,0,0
882,036640,2021,KOSDAQ,248,248,248,0,0,0,0
882,036640,2022,KOSDAQ,246,246,246,0,0,0,0
882,036640,2023,KOSDAQ,245,245,245,0,0,0,0
882,036640,2024,KOSDAQ,244,244,244,0,0,0,0
882,036640,2025,KOSDAQ,242,242,242,0,0,0,0
882,036640,2026,KOSDAQ,166,166,166,0,0,0,0
883,036670,2013,KOSDAQ,247,247,247,0,0,0,0
883,036670,2014,KOSDAQ,245,245,245,0,0,0,0
883,036670,2015,KOSDAQ,248,248,248,0,0,0,0
883,036670,2016,KOSDAQ,246,246,246,0,0,0,0
883,036670,2017,KOSDAQ,243,243,243,0,0,0,0
883,036670,2018,KOSDAQ,244,244,244,0,0,0,0
883,036670,2019,KOSDAQ,246,246,246,0,0,0,0
883,036670,2020,KOSDAQ,248,248,248,0,0,0,0
883,036670,2021,KOSDAQ,248,248,248,0,0,0,0
883,036670,2022,KOSDAQ,246,246,246,0,0,0,0
883,036670,2023,KOSDAQ,245,245,245,0,0,0,0
883,036670,2024,KOSDAQ,244,244,244,0,0,0,0
883,036670,2025,KOSDAQ,242,242,242,0,0,0,0
883,036670,2026,KOSDAQ,166,166,166,0,0,0,0
884,036690,2013,KOSDAQ,247,247,247,0,0,0,0
884,036690,2014,KOSDAQ,245,245,245,0,0,0,0
884,036690,2015,KOSDAQ,248,248,248,0,0,0,0
884,036690,2016,KOSDAQ,246,246,246,0,0,0,0
884,036690,2017,KOSDAQ,243,243,243,0,0,0,0
884,036690,2018,KOSDAQ,244,244,244,0,0,0,0
884,036690,2019,KOSDAQ,246,246,246,0,0,0,0
884,036690,2020,KOSDAQ,248,248,248,0,0,0,0
884,036690,2021,KOSDAQ,248,248,248,0,0,0,0
884,036690,2022,KOSDAQ,246,246,246,0,0,0,0
884,036690,2023,KOSDAQ,245,245,245,0,0,0,0
884,036690,2024,KOSDAQ,244,244,244,0,0,0,0
884,036690,2025,KOSDAQ,242,242,242,0,0,0,0
884,036690,2026,KOSDAQ,166,166,166,0,0,0,0
885,036710,2013,KOSDAQ,247,247,247,0,0,0,0
885,036710,2014,KOSDAQ,245,245,245,0,0,0,0
885,036710,2015,KOSDAQ,248,248,247,0,0,1,0
885,036710,2016,KOSDAQ,246,246,246,0,0,0,0
885,036710,2017,KOSDAQ,243,243,243,0,0,0,0
885,036710,2018,KOSDAQ,244,244,244,0,0,0,0
885,036710,2019,KOSDAQ,246,246,246,0,0,0,0
885,036710,2020,KOSDAQ,248,248,248,0,0,0,0
885,036710,2021,KOSDAQ,248,248,248,0,0,0,0
885,036710,2022,KOSDAQ,246,246,246,0,0,0,0
885,036710,2023,KOSDAQ,245,245,245,0,0,0,0
885,036710,2024,KOSDAQ,244,244,244,0,0,0,0
885,036710,2025,KOSDAQ,242,242,242,0,0,0,0
885,036710,2026,KOSDAQ,166,166,166,0,0,0,0
886,036800,2013,KOSDAQ,247,247,247,0,0,0,0
886,036800,2014,KOSDAQ,245,245,245,0,0,0,0
886,036800,2015,KOSDAQ,248,248,248,0,0,0,0
886,036800,2016,KOSDAQ,246,246,246,0,0,0,0
886,036800,2017,KOSDAQ,243,243,243,0,0,0,0
886,036800,2018,KOSDAQ,244,244,244,0,0,0,0
886,036800,2019,KOSDAQ,246,246,246,0,0,0,0
886,036800,2020,KOSDAQ,248,248,248,0,0,0,0
886,036800,2021,KOSDAQ,248,248,248,0,0,0,0
886,036800,2022,KOSDAQ,246,246,246,0,0,0,0
886,036800,2023,KOSDAQ,245,245,245,0,0,0,0
886,036800,2024,KOSDAQ,244,244,244,0,0,0,0
886,036800,2025,KOSDAQ,242,242,242,0,0,0,0
886,036800,2026,KOSDAQ,166,166,166,0,0,0,0
887,036810,2013,KOSDAQ,247,247,247,0,0,0,0
887,036810,2014,KOSDAQ,245,245,245,0,0,0,0
887,036810,2015,KOSDAQ,248,248,248,0,0,0,0
887,036810,2016,KOSDAQ,246,246,246,0,0,0,0
887,036810,2017,KOSDAQ,243,243,243,0,0,0,0
887,036810,2018,KOSDAQ,244,244,244,0,0,0,0
887,036810,2019,KOSDAQ,246,246,246,0,0,0,0
887,036810,2020,KOSDAQ,248,248,248,0,0,0,0
887,036810,2021,KOSDAQ,248,248,248,0,0,0,0
887,036810,2022,KOSDAQ,246,246,246,0,0,0,0
887,036810,2023,KOSDAQ,245,245,245,0,0,0,0
887,036810,2024,KOSDAQ,244,244,244,0,0,0,0
887,036810,2025,KOSDAQ,242,242,242,0,0,0,0
887,036810,2026,KOSDAQ,166,166,166,0,0,0,0
888,036830,2013,KOSDAQ,247,247,247,0,0,0,0
888,036830,2014,KOSDAQ,245,245,245,0,0,0,0
888,036830,2015,KOSDAQ,248,248,248,0,0,0,0
888,036830,2016,KOSDAQ,246,246,246,0,0,0,0
888,036830,2017,KOSDAQ,243,243,243,0,0,0,0
888,036830,2018,KOSDAQ,244,244,244,0,0,0,0
888,036830,2019,KOSDAQ,246,246,246,0,0,0,0
888,036830,2020,KOSDAQ,248,248,248,0,0,0,0
888,036830,2021,KOSDAQ,248,248,248,0,0,0,0
888,036830,2022,KOSDAQ,246,246,246,0,0,0,0
888,036830,2023,KOSDAQ,245,245,245,0,0,0,0
888,036830,2024,KOSDAQ,244,244,244,0,0,0,0
888,036830,2025,KOSDAQ,242,242,242,0,0,0,0
888,036830,2026,KOSDAQ,166,166,166,0,0,0,0
889,036890,2013,KOSDAQ,247,247,247,0,0,0,0
889,036890,2014,KOSDAQ,245,245,245,0,0,0,0
889,036890,2015,KOSDAQ,248,248,248,0,0,0,0
889,036890,2016,KOSDAQ,246,246,246,0,0,0,0
889,036890,2017,KOSDAQ,243,243,243,0,0,0,0
889,036890,2018,KOSDAQ,244,244,244,0,0,0,0
889,036890,2019,KOSDAQ,246,246,246,0,0,0,0
889,036890,2020,KOSDAQ,248,248,248,0,0,0,0
889,036890,2021,KOSDAQ,248,248,248,0,0,0,0
889,036890,2022,KOSDAQ,246,246,246,0,0,0,0
889,036890,2023,KOSDAQ,245,245,245,0,0,0,0
889,036890,2024,KOSDAQ,244,244,244,0,0,0,0
889,036890,2025,KOSDAQ,242,242,242,0,0,0,0
889,036890,2026,KOSDAQ,166,166,166,0,0,0,0
890,036930,2013,KOSDAQ,247,247,247,0,0,0,0
890,036930,2014,KOSDAQ,245,245,245,0,0,0,0
890,036930,2015,KOSDAQ,248,248,248,0,0,0,0
890,036930,2016,KOSDAQ,246,246,246,0,0,0,0
890,036930,2017,KOSDAQ,243,243,243,0,0,0,0
890,036930,2018,KOSDAQ,244,244,244,0,0,0,0
890,036930,2019,KOSDAQ,246,246,246,0,0,0,0
890,036930,2020,KOSDAQ,248,248,248,0,0,0,0
890,036930,2021,KOSDAQ,248,248,248,0,0,0,0
890,036930,2022,KOSDAQ,246,246,246,0,0,0,0
890,036930,2023,KOSDAQ,245,245,245,0,0,0,0
890,036930,2024,KOSDAQ,244,244,244,0,0,0,0
890,036930,2025,KOSDAQ,242,242,242,0,0,0,0
890,036930,2026,KOSDAQ,166,166,166,0,0,0,0
892,037070,2013,KOSDAQ,247,247,247,0,0,0,0
892,037070,2014,KOSDAQ,245,245,245,0,0,0,0
892,037070,2015,KOSDAQ,248,248,248,0,0,0,0
892,037070,2016,KOSDAQ,246,246,246,0,0,0,0
892,037070,2017,KOSDAQ,243,243,243,0,0,0,0
892,037070,2018,KOSDAQ,244,244,244,0,0,0,0
892,037070,2019,KOSDAQ,246,246,246,0,0,0,0
892,037070,2020,KOSDAQ,248,248,248,0,0,0,0
892,037070,2021,KOSDAQ,248,248,248,0,0,0,0
892,037070,2022,KOSDAQ,246,246,246,0,0,0,0
892,037070,2023,KOSDAQ,245,245,245,0,0,0,0
892,037070,2024,KOSDAQ,244,244,244,0,0,0,0
892,037070,2025,KOSDAQ,242,242,242,0,0,0,0
892,037070,2026,KOSDAQ,166,166,166,0,0,0,0
893,037230,2013,KOSDAQ,247,247,247,0,0,0,0
893,037230,2014,KOSDAQ,245,245,245,0,0,0,0
893,037230,2015,KOSDAQ,248,248,248,0,0,0,0
893,037230,2016,KOSDAQ,246,246,246,0,0,0,0
893,037230,2017,KOSDAQ,243,243,243,0,0,0,0
893,037230,2018,KOSDAQ,244,244,244,0,0,0,0
893,037230,2019,KOSDAQ,246,246,246,0,0,0,0
893,037230,2020,KOSDAQ,248,248,248,0,0,0,0
893,037230,2021,KOSDAQ,248,248,248,0,0,0,0
893,037230,2022,KOSDAQ,246,246,246,0,0,0,0
893,037230,2023,KOSDAQ,245,245,245,0,0,0,0
893,037230,2024,KOSDAQ,244,244,244,0,0,0,0
893,037230,2025,KOSDAQ,242,242,242,0,0,0,0
893,037230,2026,KOSDAQ,166,166,166,0,0,0,0
894,037270,2013,KOSPI,247,247,247,0,0,0,0
894,037270,2014,KOSPI,245,245,245,0,0,0,0
894,037270,2015,KOSPI,248,248,248,0,0,0,0
894,037270,2016,KOSPI,246,246,246,0,0,0,0
894,037270,2017,KOSPI,243,243,243,0,0,0,0
894,037270,2018,KOSPI,244,244,244,0,0,0,0
894,037270,2019,KOSPI,246,246,246,0,0,0,0
894,037270,2020,KOSPI,248,248,248,0,0,0,0
894,037270,2021,KOSPI,248,248,248,0,0,0,0
894,037270,2022,KOSPI,246,246,246,0,0,0,0
894,037270,2023,KOSPI,245,245,245,0,0,0,0
894,037270,2024,KOSPI,244,244,244,0,0,0,0
894,037270,2025,KOSPI,242,242,242,0,0,0,0
894,037270,2026,KOSPI,166,166,166,0,0,0,0
895,037330,2013,KOSDAQ,247,247,247,0,0,0,0
895,037330,2014,KOSDAQ,245,245,245,0,0,0,0
895,037330,2015,KOSDAQ,248,248,248,0,0,0,0
895,037330,2016,KOSDAQ,246,246,246,0,0,0,0
895,037330,2017,KOSDAQ,243,243,243,0,0,0,0
895,037330,2018,KOSDAQ,244,244,244,0,0,0,0
895,037330,2019,KOSDAQ,246,246,246,0,0,0,0
895,037330,2020,KOSDAQ,248,248,248,0,0,0,0
895,037330,2021,KOSDAQ,248,248,248,0,0,0,0
895,037330,2022,KOSDAQ,246,246,246,0,0,0,0
895,037330,2023,KOSDAQ,245,245,245,0,0,0,0
895,037330,2024,KOSDAQ,244,244,244,0,0,0,0
895,037330,2025,KOSDAQ,242,242,242,0,0,0,0
895,037330,2026,KOSDAQ,166,166,166,0,0,0,0
896,037350,2013,KOSDAQ,247,247,247,0,0,0,0
896,037350,2014,KOSDAQ,245,245,245,0,0,0,0
896,037350,2015,KOSDAQ,248,248,248,0,0,0,0
896,037350,2016,KOSDAQ,246,246,246,0,0,0,0
896,037350,2017,KOSDAQ,243,243,243,0,0,0,0
896,037350,2018,KOSDAQ,244,244,244,0,0,0,0
896,037350,2019,KOSDAQ,246,246,246,0,0,0,0
896,037350,2020,KOSDAQ,248,248,248,0,0,0,0
896,037350,2021,KOSDAQ,248,248,248,0,0,0,0
896,037350,2022,KOSDAQ,246,246,246,0,0,0,0
896,037350,2023,KOSDAQ,245,245,245,0,0,0,0
896,037350,2024,KOSDAQ,244,244,244,0,0,0,0
896,037350,2025,KOSDAQ,242,242,242,0,0,0,0
896,037350,2026,KOSDAQ,166,166,166,0,0,0,0
897,037370,2013,KOSDAQ,247,247,247,0,0,0,0
897,037370,2014,KOSDAQ,245,245,245,0,0,0,0
897,037370,2015,KOSDAQ,248,248,248,0,0,0,0
897,037370,2016,KOSDAQ,246,246,246,0,0,0,0
897,037370,2017,KOSDAQ,243,243,243,0,0,0,0
897,037370,2018,KOSDAQ,244,244,244,0,0,0,0
897,037370,2019,KOSDAQ,246,246,246,0,0,0,0
897,037370,2020,KOSDAQ,248,248,248,0,0,0,0
897,037370,2021,KOSDAQ,248,248,248,0,0,0,0
897,037370,2022,KOSDAQ,246,246,246,0,0,0,0
897,037370,2023,KOSDAQ,245,245,245,0,0,0,0
897,037370,2024,KOSDAQ,244,244,244,0,0,0,0
897,037370,2025,KOSDAQ,242,242,242,0,0,0,0
897,037370,2026,KOSDAQ,166,166,166,0,0,0,0
898,037400,2013,KOSDAQ,247,247,247,0,0,0,0
898,037400,2014,KOSDAQ,245,245,245,0,0,0,0
898,037400,2015,KOSDAQ,248,248,248,0,0,0,0
898,037400,2016,KOSDAQ,246,246,246,0,0,0,0
898,037400,2017,KOSDAQ,243,243,243,0,0,0,0
898,037400,2018,KOSDAQ,244,244,244,0,0,0,0
898,037400,2019,KOSDAQ,246,246,246,0,0,0,0
898,037400,2020,KOSDAQ,248,248,248,0,0,0,0
898,037400,2021,KOSDAQ,248,248,248,0,0,0,0
898,037400,2022,KOSDAQ,246,246,246,0,0,0,0
898,037400,2023,KOSDAQ,245,245,245,0,0,0,0
898,037400,2024,KOSDAQ,244,244,244,0,0,0,0
898,037400,2025,KOSDAQ,242,242,242,0,0,0,0
898,037400,2026,KOSDAQ,166,166,166,0,0,0,0
899,037440,2013,KOSDAQ,247,247,247,0,0,0,0
899,037440,2014,KOSDAQ,245,245,245,0,0,0,0
899,037440,2015,KOSDAQ,248,248,248,0,0,0,0
899,037440,2016,KOSDAQ,246,246,246,0,0,0,0
899,037440,2017,KOSDAQ,243,243,243,0,0,0,0
899,037440,2018,KOSDAQ,244,244,244,0,0,0,0
899,037440,2019,KOSDAQ,246,246,246,0,0,0,0
899,037440,2020,KOSDAQ,248,248,248,0,0,0,0
899,037440,2021,KOSDAQ,248,248,248,0,0,0,0
899,037440,2022,KOSDAQ,246,246,246,0,0,0,0
899,037440,2023,KOSDAQ,245,245,245,0,0,0,0
899,037440,2024,KOSDAQ,244,244,244,0,0,0,0
899,037440,2025,KOSDAQ,242,242,242,0,0,0,0
899,037440,2026,KOSDAQ,166,166,166,0,0,0,0
900,037460,2013,KOSDAQ,247,247,247,0,0,0,0
900,037460,2014,KOSDAQ,245,245,245,0,0,0,0
900,037460,2015,KOSDAQ,248,248,248,0,0,0,0
900,037460,2016,KOSDAQ,246,246,246,0,0,0,0
900,037460,2017,KOSDAQ,243,243,243,0,0,0,0
900,037460,2018,KOSDAQ,244,244,244,0,0,0,0
900,037460,2019,KOSDAQ,246,246,246,0,0,0,0
900,037460,2020,KOSDAQ,248,248,248,0,0,0,0
900,037460,2021,KOSDAQ,248,248,248,0,0,0,0
900,037460,2022,KOSDAQ,246,246,246,0,0,0,0
900,037460,2023,KOSDAQ,245,245,245,0,0,0,0
900,037460,2024,KOSDAQ,244,244,244,0,0,0,0
900,037460,2025,KOSDAQ,242,242,242,0,0,0,0
900,037460,2026,KOSDAQ,166,166,166,0,0,0,0
901,037560,2013,KOSPI,247,247,247,0,0,0,0
901,037560,2014,KOSPI,245,245,245,0,0,0,0
901,037560,2015,KOSPI,248,248,248,0,0,0,0
901,037560,2016,KOSPI,246,246,246,0,0,0,0
901,037560,2017,KOSPI,243,243,243,0,0,0,0
901,037560,2018,KOSPI,244,244,244,0,0,0,0
901,037560,2019,KOSPI,246,246,246,0,0,0,0
901,037560,2020,KOSPI,248,248,248,0,0,0,0
901,037560,2021,KOSPI,248,248,248,0,0,0,0
901,037560,2022,KOSPI,246,246,246,0,0,0,0
901,037560,2023,KOSPI,245,245,245,0,0,0,0
901,037560,2024,KOSPI,244,244,244,0,0,0,0
901,037560,2025,KOSPI,242,242,242,0,0,0,0
901,037560,2026,KOSPI,166,166,166,0,0,0,0
902,037710,2013,KOSPI,247,247,247,0,0,0,0
902,037710,2014,KOSPI,245,245,245,0,0,0,0
902,037710,2015,KOSPI,248,248,248,0,0,0,0
902,037710,2016,KOSPI,246,246,246,0,0,0,0
902,037710,2017,KOSPI,243,243,243,0,0,0,0
902,037710,2018,KOSPI,244,244,244,0,0,0,0
902,037710,2019,KOSPI,246,246,246,0,0,0,0
902,037710,2020,KOSPI,248,248,248,0,0,0,0
902,037710,2021,KOSPI,248,248,248,0,0,0,0
902,037710,2022,KOSPI,246,246,246,0,0,0,0
902,037710,2023,KOSPI,245,245,245,0,0,0,0
902,037710,2024,KOSPI,244,244,244,0,0,0,0
902,037710,2025,KOSPI,242,242,242,0,0,0,0
902,037710,2026,KOSPI,166,166,166,0,0,0,0
903,037760,2013,KOSDAQ,247,247,247,0,0,0,0
903,037760,2014,KOSDAQ,245,245,245,0,0,0,0
903,037760,2015,KOSDAQ,248,248,248,0,0,0,0
903,037760,2016,KOSDAQ,246,246,246,0,0,0,0
903,037760,2017,KOSDAQ,243,243,243,0,0,0,0
903,037760,2018,KOSDAQ,244,244,244,0,0,0,0
903,037760,2019,KOSDAQ,246,246,246,0,0,0,0
903,037760,2020,KOSDAQ,248,248,248,0,0,0,0
903,037760,2021,KOSDAQ,248,248,248,0,0,0,0
903,037760,2022,KOSDAQ,246,246,246,0,0,0,0
903,037760,2023,KOSDAQ,245,245,245,0,0,0,0
903,037760,2024,KOSDAQ,244,244,244,0,0,0,0
903,037760,2025,KOSDAQ,242,242,242,0,0,0,0
903,037760,2026,KOSDAQ,166,166,166,0,0,0,0
904,037950,2013,KOSDAQ,247,247,246,0,0,1,0
904,037950,2014,KOSDAQ,245,245,245,0,0,0,0
904,037950,2015,KOSDAQ,248,248,248,0,0,0,0
904,037950,2016,KOSDAQ,246,246,246,0,0,0,0
904,037950,2017,KOSDAQ,243,243,243,0,0,0,0
904,037950,2018,KOSDAQ,244,244,244,0,0,0,0
904,037950,2019,KOSDAQ,246,246,246,0,0,0,0
904,037950,2020,KOSDAQ,248,248,248,0,0,0,0
904,037950,2021,KOSDAQ,248,248,248,0,0,0,0
904,037950,2022,KOSDAQ,246,246,246,0,0,0,0
904,037950,2023,KOSDAQ,245,245,245,0,0,0,0
904,037950,2024,KOSDAQ,244,244,244,0,0,0,0
904,037950,2025,KOSDAQ,242,242,242,0,0,0,0
904,037950,2026,KOSDAQ,166,166,166,0,0,0,0
905,038010,2013,KOSDAQ,247,247,247,0,0,0,0
905,038010,2014,KOSDAQ,245,245,245,0,0,0,0
905,038010,2015,KOSDAQ,248,248,248,0,0,0,0
905,038010,2016,KOSDAQ,246,246,246,0,0,0,0
905,038010,2017,KOSDAQ,243,243,243,0,0,0,0
905,038010,2018,KOSDAQ,244,244,244,0,0,0,0
905,038010,2019,KOSDAQ,246,246,246,0,0,0,0
905,038010,2020,KOSDAQ,248,248,248,0,0,0,0
905,038010,2021,KOSDAQ,248,248,248,0,0,0,0
905,038010,2022,KOSDAQ,246,246,246,0,0,0,0
905,038010,2023,KOSDAQ,245,245,245,0,0,0,0
905,038010,2024,KOSDAQ,244,244,244,0,0,0,0
905,038010,2025,KOSDAQ,242,242,242,0,0,0,0
905,038010,2026,KOSDAQ,166,166,166,0,0,0,0
906,038060,2013,KOSDAQ,247,247,247,0,0,0,0
906,038060,2014,KOSDAQ,245,245,245,0,0,0,0
906,038060,2015,KOSDAQ,248,248,248,0,0,0,0
906,038060,2016,KOSDAQ,246,246,246,0,0,0,0
906,038060,2017,KOSDAQ,243,243,243,0,0,0,0
906,038060,2018,KOSDAQ,244,244,244,0,0,0,0
906,038060,2019,KOSDAQ,246,246,246,0,0,0,0
906,038060,2020,KOSDAQ,248,248,248,0,0,0,0
906,038060,2021,KOSDAQ,248,248,248,0,0,0,0
906,038060,2022,KOSDAQ,246,246,246,0,0,0,0
906,038060,2023,KOSDAQ,245,245,245,0,0,0,0
906,038060,2024,KOSDAQ,244,244,244,0,0,0,0
906,038060,2025,KOSDAQ,242,242,242,0,0,0,0
906,038060,2026,KOSDAQ,166,166,166,0,0,0,0
907,038070,2013,KOSDAQ,247,247,247,0,0,0,0
907,038070,2014,KOSDAQ,245,245,245,0,0,0,0
907,038070,2015,KOSDAQ,248,248,248,0,0,0,0
907,038070,2016,KOSDAQ,246,246,246,0,0,0,0
907,038070,2017,KOSDAQ,243,243,243,0,0,0,0
907,038070,2018,KOSDAQ,244,244,244,0,0,0,0
907,038070,2019,KOSDAQ,246,246,246,0,0,0,0
907,038070,2020,KOSDAQ,248,248,248,0,0,0,0
907,038070,2021,KOSDAQ,248,248,248,0,0,0,0
907,038070,2022,KOSDAQ,246,246,246,0,0,0,0
907,038070,2023,KOSDAQ,245,245,245,0,0,0,0
907,038070,2024,KOSDAQ,244,244,244,0,0,0,0
907,038070,2025,KOSDAQ,242,242,242,0,0,0,0
907,038070,2026,KOSDAQ,166,166,166,0,0,0,0
908,038110,2013,KOSDAQ,247,247,247,0,0,0,0
908,038110,2014,KOSDAQ,245,245,245,0,0,0,0
908,038110,2015,KOSDAQ,248,248,247,0,0,1,0
908,038110,2016,KOSDAQ,246,246,246,0,0,0,0
908,038110,2017,KOSDAQ,243,243,243,0,0,0,0
908,038110,2018,KOSDAQ,244,244,244,0,0,0,0
908,038110,2019,KOSDAQ,246,246,246,0,0,0,0
908,038110,2020,KOSDAQ,248,248,248,0,0,0,0
908,038110,2021,KOSDAQ,248,248,248,0,0,0,0
908,038110,2022,KOSDAQ,246,246,246,0,0,0,0
908,038110,2023,KOSDAQ,245,245,245,0,0,0,0
908,038110,2024,KOSDAQ,244,244,244,0,0,0,0
908,038110,2025,KOSDAQ,242,242,242,0,0,0,0
908,038110,2026,KOSDAQ,166,166,166,0,0,0,0
909,038290,2013,KOSDAQ,247,247,247,0,0,0,0
909,038290,2014,KOSDAQ,245,245,245,0,0,0,0
909,038290,2015,KOSDAQ,248,248,248,0,0,0,0
909,038290,2016,KOSDAQ,246,246,246,0,0,0,0
909,038290,2017,KOSDAQ,243,243,243,0,0,0,0
909,038290,2018,KOSDAQ,244,244,244,0,0,0,0
909,038290,2019,KOSDAQ,246,246,246,0,0,0,0
909,038290,2020,KOSDAQ,248,248,248,0,0,0,0
909,038290,2021,KOSDAQ,248,248,248,0,0,0,0
909,038290,2022,KOSDAQ,246,246,246,0,0,0,0
909,038290,2023,KOSDAQ,245,245,245,0,0,0,0
909,038290,2024,KOSDAQ,244,244,244,0,0,0,0
909,038290,2025,KOSDAQ,242,242,242,0,0,0,0
909,038290,2026,KOSDAQ,166,166,166,0,0,0,0
910,038390,2013,KOSDAQ,247,247,247,0,0,0,0
910,038390,2014,KOSDAQ,245,245,245,0,0,0,0
910,038390,2015,KOSDAQ,248,248,248,0,0,0,0
910,038390,2016,KOSDAQ,246,246,246,0,0,0,0
910,038390,2017,KOSDAQ,243,243,243,0,0,0,0
910,038390,2018,KOSDAQ,244,244,244,0,0,0,0
910,038390,2019,KOSDAQ,246,246,246,0,0,0,0
910,038390,2020,KOSDAQ,248,248,248,0,0,0,0
910,038390,2021,KOSDAQ,248,248,248,0,0,0,0
910,038390,2022,KOSDAQ,246,246,246,0,0,0,0
910,038390,2023,KOSDAQ,245,245,245,0,0,0,0
910,038390,2024,KOSDAQ,244,244,244,0,0,0,0
910,038390,2025,KOSDAQ,242,242,242,0,0,0,0
910,038390,2026,KOSDAQ,166,166,166,0,0,0,0
911,038460,2013,KOSDAQ,247,247,247,0,0,0,0
911,038460,2014,KOSDAQ,245,245,245,0,0,0,0
911,038460,2015,KOSDAQ,248,248,248,0,0,0,0
911,038460,2016,KOSDAQ,246,246,246,0,0,0,0
911,038460,2017,KOSDAQ,243,243,243,0,0,0,0
911,038460,2018,KOSDAQ,244,244,244,0,0,0,0
911,038460,2019,KOSDAQ,246,246,246,0,0,0,0
911,038460,2020,KOSDAQ,248,248,248,0,0,0,0
911,038460,2021,KOSDAQ,248,248,248,0,0,0,0
911,038460,2022,KOSDAQ,246,246,246,0,0,0,0
911,038460,2023,KOSDAQ,245,245,245,0,0,0,0
911,038460,2024,KOSDAQ,244,244,244,0,0,0,0
911,038460,2025,KOSDAQ,242,242,242,0,0,0,0
911,038460,2026,KOSDAQ,166,166,166,0,0,0,0
912,038500,2013,KOSDAQ,247,247,247,0,0,0,0
912,038500,2014,KOSDAQ,245,245,245,0,0,0,0
912,038500,2015,KOSDAQ,248,248,248,0,0,0,0
912,038500,2016,KOSDAQ,246,246,246,0,0,0,0
912,038500,2017,KOSDAQ,243,243,243,0,0,0,0
912,038500,2018,KOSDAQ,244,244,244,0,0,0,0
912,038500,2019,KOSDAQ,246,246,246,0,0,0,0
912,038500,2020,KOSDAQ,248,248,248,0,0,0,0
912,038500,2021,KOSDAQ,248,248,248,0,0,0,0
912,038500,2022,KOSDAQ,246,246,246,0,0,0,0
912,038500,2023,KOSDAQ,245,245,245,0,0,0,0
912,038500,2024,KOSDAQ,244,244,244,0,0,0,0
912,038500,2025,KOSDAQ,242,242,242,0,0,0,0
912,038500,2026,KOSDAQ,166,166,166,0,0,0,0
913,038530,2013,KOSDAQ,247,247,247,0,0,0,0
913,038530,2014,KOSDAQ,245,245,245,0,0,0,0
913,038530,2015,KOSDAQ,248,248,248,0,0,0,0
913,038530,2016,KOSDAQ,246,246,246,0,0,0,0
913,038530,2017,KOSDAQ,243,243,243,0,0,0,0
913,038530,2018,KOSDAQ,244,244,244,0,0,0,0
913,038530,2019,KOSDAQ,246,246,246,0,0,0,0
913,038530,2020,KOSDAQ,248,248,248,0,0,0,0
913,038530,2021,KOSDAQ,248,248,247,0,0,1,0
913,038530,2022,KOSDAQ,246,246,246,0,0,0,0
913,038530,2023,KOSDAQ,245,245,244,0,0,1,0
913,038530,2024,KOSDAQ,244,244,244,0,0,0,0
913,038530,2025,KOSDAQ,242,242,242,0,0,0,0
913,038530,2026,KOSDAQ,166,166,166,0,0,0,0
914,038540,2013,KOSDAQ,247,247,247,0,0,0,0
914,038540,2014,KOSDAQ,245,245,245,0,0,0,0
914,038540,2015,KOSDAQ,248,248,248,0,0,0,0
914,038540,2016,KOSDAQ,246,246,246,0,0,0,0
914,038540,2017,KOSDAQ,243,243,243,0,0,0,0
914,038540,2018,KOSDAQ,244,244,244,0,0,0,0
914,038540,2019,KOSDAQ,246,246,246,0,0,0,0
914,038540,2020,KOSDAQ,248,248,248,0,0,0,0
914,038540,2021,KOSDAQ,248,248,248,0,0,0,0
914,038540,2022,KOSDAQ,246,246,246,0,0,0,0
914,038540,2023,KOSDAQ,245,245,245,0,0,0,0
914,038540,2024,KOSDAQ,244,244,244,0,0,0,0
914,038540,2025,KOSDAQ,242,242,242,0,0,0,0
914,038540,2026,KOSDAQ,166,166,166,0,0,0,0
915,038620,2013,KOSDAQ,247,247,247,0,0,0,0
915,038620,2014,KOSDAQ,245,245,245,0,0,0,0
915,038620,2015,KOSDAQ,248,248,248,0,0,0,0
915,038620,2016,KOSDAQ,246,246,246,0,0,0,0
915,038620,2017,KOSDAQ,243,243,243,0,0,0,0
915,038620,2018,KOSDAQ,244,244,244,0,0,0,0
915,038620,2019,KOSDAQ,246,246,246,0,0,0,0
915,038620,2020,KOSDAQ,248,248,248,0,0,0,0
915,038620,2021,KOSDAQ,248,248,248,0,0,0,0
915,038620,2022,KOSDAQ,246,246,246,0,0,0,0
915,038620,2023,KOSDAQ,245,245,245,0,0,0,0
915,038620,2024,KOSDAQ,244,244,244,0,0,0,0
915,038620,2025,KOSDAQ,242,242,242,0,0,0,0
915,038620,2026,KOSDAQ,166,166,166,0,0,0,0
916,038680,2013,KOSDAQ,247,247,247,0,0,0,0
916,038680,2014,KOSDAQ,245,245,245,0,0,0,0
916,038680,2015,KOSDAQ,248,248,248,0,0,0,0
916,038680,2016,KOSDAQ,246,246,246,0,0,0,0
916,038680,2017,KOSDAQ,243,243,243,0,0,0,0
916,038680,2018,KOSDAQ,244,244,244,0,0,0,0
916,038680,2019,KOSDAQ,246,246,246,0,0,0,0
916,038680,2020,KOSDAQ,248,248,248,0,0,0,0
916,038680,2021,KOSDAQ,248,248,248,0,0,0,0
916,038680,2022,KOSDAQ,246,246,246,0,0,0,0
916,038680,2023,KOSDAQ,245,245,245,0,0,0,0
916,038680,2024,KOSDAQ,244,244,244,0,0,0,0
916,038680,2025,KOSDAQ,242,242,242,0,0,0,0
916,038680,2026,KOSDAQ,166,166,166,0,0,0,0
917,038870,2013,KOSDAQ,247,247,247,0,0,0,0
917,038870,2014,KOSDAQ,245,245,245,0,0,0,0
917,038870,2015,KOSDAQ,248,248,248,0,0,0,0
917,038870,2016,KOSDAQ,246,246,246,0,0,0,0
917,038870,2017,KOSDAQ,243,243,243,0,0,0,0
917,038870,2018,KOSDAQ,244,244,244,0,0,0,0
917,038870,2019,KOSDAQ,246,246,246,0,0,0,0
917,038870,2020,KOSDAQ,248,248,248,0,0,0,0
917,038870,2021,KOSDAQ,248,248,248,0,0,0,0
917,038870,2022,KOSDAQ,246,246,246,0,0,0,0
917,038870,2023,KOSDAQ,245,245,245,0,0,0,0
917,038870,2024,KOSDAQ,244,244,244,0,0,0,0
917,038870,2025,KOSDAQ,242,242,242,0,0,0,0
917,038870,2026,KOSDAQ,166,166,166,0,0,0,0
918,038880,2013,KOSDAQ,247,247,247,0,0,0,0
918,038880,2014,KOSDAQ,245,245,244,0,0,1,0
918,038880,2015,KOSDAQ,248,248,248,0,0,0,0
918,038880,2016,KOSDAQ,246,246,246,0,0,0,0
918,038880,2017,KOSDAQ,243,243,243,0,0,0,0
918,038880,2018,KOSDAQ,244,244,244,0,0,0,0
918,038880,2019,KOSDAQ,246,246,246,0,0,0,0
918,038880,2020,KOSDAQ,248,248,248,0,0,0,0
918,038880,2021,KOSDAQ,248,248,248,0,0,0,0
918,038880,2022,KOSDAQ,246,246,246,0,0,0,0
918,038880,2023,KOSDAQ,245,245,245,0,0,0,0
918,038880,2024,KOSDAQ,244,244,244,0,0,0,0
918,038880,2025,KOSDAQ,242,242,242,0,0,0,0
918,038880,2026,KOSDAQ,166,166,166,0,0,0,0
919,038950,2013,KOSDAQ,247,247,247,0,0,0,0
919,038950,2014,KOSDAQ,245,245,245,0,0,0,0
919,038950,2015,KOSDAQ,248,248,248,0,0,0,0
919,038950,2016,KOSDAQ,246,246,246,0,0,0,0
919,038950,2017,KOSDAQ,243,243,243,0,0,0,0
919,038950,2018,KOSDAQ,244,244,244,0,0,0,0
919,038950,2019,KOSDAQ,246,246,246,0,0,0,0
919,038950,2020,KOSDAQ,248,248,248,0,0,0,0
919,038950,2021,KOSDAQ,248,248,248,0,0,0,0
919,038950,2022,KOSDAQ,246,246,246,0,0,0,0
919,038950,2023,KOSDAQ,245,245,245,0,0,0,0
919,038950,2024,KOSDAQ,244,244,244,0,0,0,0
919,038950,2025,KOSDAQ,242,242,242,0,0,0,0
919,038950,2026,KOSDAQ,166,166,166,0,0,0,0
920,039010,2013,KOSDAQ,247,247,247,0,0,0,0
920,039010,2014,KOSDAQ,245,245,245,0,0,0,0
920,039010,2015,KOSDAQ,248,248,248,0,0,0,0
920,039010,2016,KOSDAQ,246,246,246,0,0,0,0
920,039010,2017,KOSDAQ,243,243,243,0,0,0,0
920,039010,2018,KOSDAQ,244,244,244,0,0,0,0
920,039010,2019,KOSDAQ,246,246,246,0,0,0,0
920,039010,2020,KOSDAQ,248,248,248,0,0,0,0
920,039010,2021,KOSDAQ,248,248,248,0,0,0,0
920,039010,2022,KOSDAQ,246,246,246,0,0,0,0
920,039010,2023,KOSDAQ,245,245,245,0,0,0,0
920,039010,2024,KOSDAQ,244,244,244,0,0,0,0
920,039010,2025,KOSDAQ,242,242,242,0,0,0,0
920,039010,2026,KOSDAQ,166,166,166,0,0,0,0
921,039020,2013,KOSDAQ,247,247,247,0,0,0,0
921,039020,2014,KOSDAQ,245,245,245,0,0,0,0
921,039020,2015,KOSDAQ,248,248,248,0,0,0,0
921,039020,2016,KOSDAQ,246,246,246,0,0,0,0
921,039020,2017,KOSDAQ,243,243,243,0,0,0,0
921,039020,2018,KOSDAQ,244,244,244,0,0,0,0
921,039020,2019,KOSDAQ,246,246,246,0,0,0,0
921,039020,2020,KOSDAQ,248,248,248,0,0,0,0
921,039020,2021,KOSDAQ,248,248,248,0,0,0,0
921,039020,2022,KOSDAQ,246,246,246,0,0,0,0
921,039020,2023,KOSDAQ,245,245,245,0,0,0,0
921,039020,2024,KOSDAQ,244,244,244,0,0,0,0
921,039020,2025,KOSDAQ,242,242,242,0,0,0,0
921,039020,2026,KOSDAQ,166,166,166,0,0,0,0
922,039030,2013,KOSDAQ,247,247,247,0,0,0,0
922,039030,2014,KOSDAQ,245,245,245,0,0,0,0
922,039030,2015,KOSDAQ,248,248,248,0,0,0,0
922,039030,2016,KOSDAQ,246,246,246,0,0,0,0
922,039030,2017,KOSDAQ,243,243,243,0,0,0,0
922,039030,2018,KOSDAQ,244,244,244,0,0,0,0
922,039030,2019,KOSDAQ,246,246,246,0,0,0,0
922,039030,2020,KOSDAQ,248,248,248,0,0,0,0
922,039030,2021,KOSDAQ,248,248,248,0,0,0,0
922,039030,2022,KOSDAQ,246,246,246,0,0,0,0
922,039030,2023,KOSDAQ,245,245,245,0,0,0,0
922,039030,2024,KOSDAQ,244,244,244,0,0,0,0
922,039030,2025,KOSDAQ,242,242,242,0,0,0,0
922,039030,2026,KOSDAQ,166,166,166,0,0,0,0
923,039130,2013,KOSPI,247,247,247,0,0,0,0
923,039130,2014,KOSPI,245,245,245,0,0,0,0
923,039130,2015,KOSPI,248,248,248,0,0,0,0
923,039130,2016,KOSPI,246,246,246,0,0,0,0
923,039130,2017,KOSPI,243,243,243,0,0,0,0
923,039130,2018,KOSPI,244,244,244,0,0,0,0
923,039130,2019,KOSPI,246,246,246,0,0,0,0
923,039130,2020,KOSPI,248,248,248,0,0,0,0
923,039130,2021,KOSPI,248,248,248,0,0,0,0
923,039130,2022,KOSPI,246,246,246,0,0,0,0
923,039130,2023,KOSPI,245,245,245,0,0,0,0
923,039130,2024,KOSPI,244,244,244,0,0,0,0
923,039130,2025,KOSPI,242,242,242,0,0,0,0
923,039130,2026,KOSPI,166,166,166,0,0,0,0
924,039200,2013,KOSDAQ,247,247,247,0,0,0,0
924,039200,2014,KOSDAQ,245,245,245,0,0,0,0
924,039200,2015,KOSDAQ,248,248,248,0,0,0,0
924,039200,2016,KOSDAQ,246,246,246,0,0,0,0
924,039200,2017,KOSDAQ,243,243,243,0,0,0,0
924,039200,2018,KOSDAQ,244,244,244,0,0,0,0
924,039200,2019,KOSDAQ,246,246,246,0,0,0,0
924,039200,2020,KOSDAQ,248,248,248,0,0,0,0
924,039200,2021,KOSDAQ,248,248,248,0,0,0,0
924,039200,2022,KOSDAQ,246,246,246,0,0,0,0
924,039200,2023,KOSDAQ,245,245,245,0,0,0,0
924,039200,2024,KOSDAQ,244,244,244,0,0,0,0
924,039200,2025,KOSDAQ,242,242,242,0,0,0,0
924,039200,2026,KOSDAQ,166,166,166,0,0,0,0
925,039240,2013,KOSDAQ,247,247,247,0,0,0,0
925,039240,2014,KOSDAQ,245,245,245,0,0,0,0
925,039240,2015,KOSDAQ,248,248,248,0,0,0,0
925,039240,2016,KOSDAQ,246,246,246,0,0,0,0
925,039240,2017,KOSDAQ,243,243,243,0,0,0,0
925,039240,2018,KOSDAQ,244,244,244,0,0,0,0
925,039240,2019,KOSDAQ,246,246,246,0,0,0,0
925,039240,2020,KOSDAQ,248,248,248,0,0,0,0
925,039240,2021,KOSDAQ,248,248,248,0,0,0,0
925,039240,2022,KOSDAQ,246,246,246,0,0,0,0
925,039240,2023,KOSDAQ,245,245,245,0,0,0,0
925,039240,2024,KOSDAQ,244,244,244,0,0,0,0
925,039240,2025,KOSDAQ,242,242,242,0,0,0,0
925,039240,2026,KOSDAQ,166,166,166,0,0,0,0
926,039290,2013,KOSDAQ,247,247,247,0,0,0,0
926,039290,2014,KOSDAQ,245,245,245,0,0,0,0
926,039290,2015,KOSDAQ,248,248,248,0,0,0,0
926,039290,2016,KOSDAQ,246,246,246,0,0,0,0
926,039290,2017,KOSDAQ,243,243,243,0,0,0,0
926,039290,2018,KOSDAQ,244,244,244,0,0,0,0
926,039290,2019,KOSDAQ,246,246,246,0,0,0,0
926,039290,2020,KOSDAQ,248,248,248,0,0,0,0
926,039290,2021,KOSDAQ,248,248,248,0,0,0,0
926,039290,2022,KOSDAQ,246,246,246,0,0,0,0
926,039290,2023,KOSDAQ,245,245,245,0,0,0,0
926,039290,2024,KOSDAQ,244,244,244,0,0,0,0
926,039290,2025,KOSDAQ,242,242,242,0,0,0,0
926,039290,2026,KOSDAQ,166,166,166,0,0,0,0
927,039310,2013,KOSDAQ,247,247,247,0,0,0,0
927,039310,2014,KOSDAQ,245,245,245,0,0,0,0
927,039310,2015,KOSDAQ,248,248,248,0,0,0,0
927,039310,2016,KOSDAQ,246,246,246,0,0,0,0
927,039310,2017,KOSDAQ,243,243,243,0,0,0,0
927,039310,2018,KOSDAQ,244,244,244,0,0,0,0
927,039310,2019,KOSDAQ,246,246,246,0,0,0,0
927,039310,2020,KOSDAQ,248,248,248,0,0,0,0
927,039310,2021,KOSDAQ,248,248,248,0,0,0,0
927,039310,2022,KOSDAQ,246,246,246,0,0,0,0
927,039310,2023,KOSDAQ,245,245,245,0,0,0,0
927,039310,2024,KOSDAQ,244,244,244,0,0,0,0
927,039310,2025,KOSDAQ,242,242,242,0,0,0,0
927,039310,2026,KOSDAQ,166,166,166,0,0,0,0
928,039340,2013,KOSDAQ,247,247,247,0,0,0,0
928,039340,2014,KOSDAQ,245,245,245,0,0,0,0
928,039340,2015,KOSDAQ,248,248,248,0,0,0,0
928,039340,2016,KOSDAQ,246,246,246,0,0,0,0
928,039340,2017,KOSDAQ,243,243,243,0,0,0,0
928,039340,2018,KOSDAQ,244,244,244,0,0,0,0
928,039340,2019,KOSDAQ,246,246,246,0,0,0,0
928,039340,2020,KOSDAQ,248,248,248,0,0,0,0
928,039340,2021,KOSDAQ,248,248,248,0,0,0,0
928,039340,2022,KOSDAQ,246,246,246,0,0,0,0
928,039340,2023,KOSDAQ,245,245,245,0,0,0,0
928,039340,2024,KOSDAQ,244,244,244,0,0,0,0
928,039340,2025,KOSDAQ,242,242,242,0,0,0,0
928,039340,2026,KOSDAQ,166,166,166,0,0,0,0
929,039420,2013,KOSDAQ,247,247,247,0,0,0,0
929,039420,2014,KOSDAQ,245,245,245,0,0,0,0
929,039420,2015,KOSDAQ,248,248,248,0,0,0,0
929,039420,2016,KOSDAQ,246,246,246,0,0,0,0
929,039420,2017,KOSDAQ,243,243,243,0,0,0,0
929,039420,2018,KOSDAQ,244,244,244,0,0,0,0
929,039420,2019,KOSDAQ,246,246,246,0,0,0,0
929,039420,2020,KOSDAQ,248,248,248,0,0,0,0
929,039420,2021,KOSDAQ,248,248,248,0,0,0,0
929,039420,2022,KOSDAQ,246,246,246,0,0,0,0
929,039420,2023,KOSDAQ,245,245,245,0,0,0,0
929,039420,2024,KOSDAQ,244,244,244,0,0,0,0
929,039420,2025,KOSDAQ,242,242,242,0,0,0,0
929,039420,2026,KOSDAQ,166,166,166,0,0,0,0
930,039440,2013,KOSDAQ,247,247,247,0,0,0,0
930,039440,2014,KOSDAQ,245,245,245,0,0,0,0
930,039440,2015,KOSDAQ,248,248,248,0,0,0,0
930,039440,2016,KOSDAQ,246,246,246,0,0,0,0
930,039440,2017,KOSDAQ,243,243,243,0,0,0,0
930,039440,2018,KOSDAQ,244,244,244,0,0,0,0
930,039440,2019,KOSDAQ,246,246,246,0,0,0,0
930,039440,2020,KOSDAQ,248,248,248,0,0,0,0
930,039440,2021,KOSDAQ,248,248,248,0,0,0,0
930,039440,2022,KOSDAQ,246,246,246,0,0,0,0
930,039440,2023,KOSDAQ,245,245,245,0,0,0,0
930,039440,2024,KOSDAQ,244,244,244,0,0,0,0
930,039440,2025,KOSDAQ,242,242,242,0,0,0,0
930,039440,2026,KOSDAQ,166,166,166,0,0,0,0
931,039490,2013,KOSPI,247,247,247,0,0,0,0
931,039490,2014,KOSPI,245,245,245,0,0,0,0
931,039490,2015,KOSPI,248,248,248,0,0,0,0
931,039490,2016,KOSPI,246,246,246,0,0,0,0
931,039490,2017,KOSPI,243,243,243,0,0,0,0
931,039490,2018,KOSPI,244,244,244,0,0,0,0
931,039490,2019,KOSPI,246,246,246,0,0,0,0
931,039490,2020,KOSPI,248,248,248,0,0,0,0
931,039490,2021,KOSPI,248,248,248,0,0,0,0
931,039490,2022,KOSPI,246,246,246,0,0,0,0
931,039490,2023,KOSPI,245,245,245,0,0,0,0
931,039490,2024,KOSPI,244,244,244,0,0,0,0
931,039490,2025,KOSPI,242,242,242,0,0,0,0
931,039490,2026,KOSPI,166,166,166,0,0,0,0
932,039560,2013,KOSDAQ,247,247,247,0,0,0,0
932,039560,2014,KOSDAQ,245,245,245,0,0,0,0
932,039560,2015,KOSDAQ,248,248,248,0,0,0,0
932,039560,2016,KOSDAQ,246,246,246,0,0,0,0
932,039560,2017,KOSDAQ,243,243,243,0,0,0,0
932,039560,2018,KOSDAQ,244,244,244,0,0,0,0
932,039560,2019,KOSDAQ,246,246,246,0,0,0,0
932,039560,2020,KOSDAQ,248,248,248,0,0,0,0
932,039560,2021,KOSDAQ,248,248,248,0,0,0,0
932,039560,2022,KOSDAQ,246,246,246,0,0,0,0
932,039560,2023,KOSDAQ,245,245,245,0,0,0,0
932,039560,2024,KOSDAQ,244,244,244,0,0,0,0
932,039560,2025,KOSDAQ,242,242,242,0,0,0,0
932,039560,2026,KOSDAQ,166,166,166,0,0,0,0
933,039570,2015,KOSPI,66,66,66,0,0,0,0
933,039570,2016,KOSPI,246,246,246,0,0,0,0
933,039570,2017,KOSPI,243,243,243,0,0,0,0
933,039570,2018,KOSPI,244,244,244,0,0,0,0
933,039570,2019,KOSPI,246,246,246,0,0,0,0
933,039570,2020,KOSPI,248,248,248,0,0,0,0
933,039570,2021,KOSPI,248,248,248,0,0,0,0
933,039570,2022,KOSPI,246,246,246,0,0,0,0
933,039570,2023,KOSPI,245,245,245,0,0,0,0
933,039570,2024,KOSPI,244,244,244,0,0,0,0
933,039570,2025,KOSPI,242,242,242,0,0,0,0
933,039570,2026,KOSPI,166,166,166,0,0,0,0
934,039610,2013,KOSDAQ,247,247,247,0,0,0,0
934,039610,2014,KOSDAQ,245,245,245,0,0,0,0
934,039610,2015,KOSDAQ,248,248,248,0,0,0,0
934,039610,2016,KOSDAQ,246,246,246,0,0,0,0
934,039610,2017,KOSDAQ,243,243,243,0,0,0,0
934,039610,2018,KOSDAQ,244,244,244,0,0,0,0
934,039610,2019,KOSDAQ,246,246,246,0,0,0,0
934,039610,2020,KOSDAQ,248,248,248,0,0,0,0
934,039610,2021,KOSDAQ,248,248,248,0,0,0,0
934,039610,2022,KOSDAQ,246,246,246,0,0,0,0
934,039610,2023,KOSDAQ,245,245,245,0,0,0,0
934,039610,2024,KOSDAQ,244,244,244,0,0,0,0
934,039610,2025,KOSDAQ,242,242,242,0,0,0,0
934,039610,2026,KOSDAQ,166,166,166,0,0,0,0
935,039740,2013,KOSDAQ,247,247,247,0,0,0,0
935,039740,2014,KOSDAQ,245,245,245,0,0,0,0
935,039740,2015,KOSDAQ,248,248,248,0,0,0,0
935,039740,2016,KOSDAQ,246,246,246,0,0,0,0
935,039740,2017,KOSDAQ,243,243,243,0,0,0,0
935,039740,2018,KOSDAQ,244,244,244,0,0,0,0
935,039740,2019,KOSDAQ,246,246,246,0,0,0,0
935,039740,2020,KOSDAQ,248,248,248,0,0,0,0
935,039740,2021,KOSDAQ,248,248,248,0,0,0,0
935,039740,2022,KOSDAQ,246,246,246,0,0,0,0
935,039740,2023,KOSDAQ,245,245,245,0,0,0,0
935,039740,2024,KOSDAQ,244,244,244,0,0,0,0
935,039740,2025,KOSDAQ,242,242,242,0,0,0,0
935,039740,2026,KOSDAQ,166,166,166,0,0,0,0
936,039830,2013,KOSDAQ,247,247,247,0,0,0,0
936,039830,2014,KOSDAQ,245,245,245,0,0,0,0
936,039830,2015,KOSDAQ,248,248,248,0,0,0,0
936,039830,2016,KOSDAQ,246,246,246,0,0,0,0
936,039830,2017,KOSDAQ,243,243,243,0,0,0,0
936,039830,2018,KOSDAQ,244,244,244,0,0,0,0
936,039830,2019,KOSDAQ,246,246,246,0,0,0,0
936,039830,2020,KOSDAQ,248,248,248,0,0,0,0
936,039830,2021,KOSDAQ,248,248,248,0,0,0,0
936,039830,2022,KOSDAQ,246,246,246,0,0,0,0
936,039830,2023,KOSDAQ,245,245,245,0,0,0,0
936,039830,2024,KOSDAQ,244,244,244,0,0,0,0
936,039830,2025,KOSDAQ,242,242,242,0,0,0,0
936,039830,2026,KOSDAQ,166,166,166,0,0,0,0
937,039840,2013,KOSDAQ,247,247,247,0,0,0,0
937,039840,2014,KOSDAQ,245,245,245,0,0,0,0
937,039840,2015,KOSDAQ,248,248,248,0,0,0,0
937,039840,2016,KOSDAQ,246,246,246,0,0,0,0
937,039840,2017,KOSDAQ,243,243,243,0,0,0,0
937,039840,2018,KOSDAQ,244,244,244,0,0,0,0
937,039840,2019,KOSDAQ,246,246,246,0,0,0,0
937,039840,2020,KOSDAQ,248,248,248,0,0,0,0
937,039840,2021,KOSDAQ,248,248,248,0,0,0,0
937,039840,2022,KOSDAQ,246,246,246,0,0,0,0
937,039840,2023,KOSDAQ,245,245,245,0,0,0,0
937,039840,2024,KOSDAQ,244,244,244,0,0,0,0
937,039840,2025,KOSDAQ,242,242,242,0,0,0,0
937,039840,2026,KOSDAQ,166,166,166,0,0,0,0
938,039860,2013,KOSDAQ,247,247,247,0,0,0,0
938,039860,2014,KOSDAQ,245,245,245,0,0,0,0
938,039860,2015,KOSDAQ,248,248,248,0,0,0,0
938,039860,2016,KOSDAQ,246,246,246,0,0,0,0
938,039860,2017,KOSDAQ,243,243,243,0,0,0,0
938,039860,2018,KOSDAQ,244,244,244,0,0,0,0
938,039860,2019,KOSDAQ,246,246,246,0,0,0,0
938,039860,2020,KOSDAQ,248,248,248,0,0,0,0
938,039860,2021,KOSDAQ,248,248,248,0,0,0,0
938,039860,2022,KOSDAQ,246,246,246,0,0,0,0
938,039860,2023,KOSDAQ,245,245,245,0,0,0,0
938,039860,2024,KOSDAQ,244,244,244,0,0,0,0
938,039860,2025,KOSDAQ,242,242,242,0,0,0,0
938,039860,2026,KOSDAQ,166,166,166,0,0,0,0
939,039980,2013,KOSDAQ,247,247,247,0,0,0,0
939,039980,2014,KOSDAQ,245,245,245,0,0,0,0
939,039980,2015,KOSDAQ,248,248,248,0,0,0,0
939,039980,2016,KOSDAQ,246,246,246,0,0,0,0
939,039980,2017,KOSDAQ,243,243,243,0,0,0,0
939,039980,2018,KOSDAQ,244,244,244,0,0,0,0
939,039980,2019,KOSDAQ,246,246,246,0,0,0,0
939,039980,2020,KOSDAQ,248,248,248,0,0,0,0
939,039980,2021,KOSDAQ,248,248,248,0,0,0,0
939,039980,2022,KOSDAQ,246,246,246,0,0,0,0
939,039980,2023,KOSDAQ,245,245,245,0,0,0,0
939,039980,2024,KOSDAQ,244,244,244,0,0,0,0
939,039980,2025,KOSDAQ,242,242,242,0,0,0,0
939,039980,2026,KOSDAQ,166,166,166,0,0,0,0
940,040160,2013,KOSDAQ,247,247,247,0,0,0,0
940,040160,2014,KOSDAQ,245,245,245,0,0,0,0
940,040160,2015,KOSDAQ,248,248,248,0,0,0,0
940,040160,2016,KOSDAQ,246,246,246,0,0,0,0
940,040160,2017,KOSDAQ,243,243,243,0,0,0,0
940,040160,2018,KOSDAQ,244,244,244,0,0,0,0
940,040160,2019,KOSDAQ,246,246,246,0,0,0,0
940,040160,2020,KOSDAQ,248,248,248,0,0,0,0
940,040160,2021,KOSDAQ,248,248,248,0,0,0,0
940,040160,2022,KOSDAQ,246,246,246,0,0,0,0
940,040160,2023,KOSDAQ,245,245,245,0,0,0,0
940,040160,2024,KOSDAQ,244,244,244,0,0,0,0
940,040160,2025,KOSDAQ,242,242,242,0,0,0,0
940,040160,2026,KOSDAQ,166,166,166,0,0,0,0
941,040300,2013,KOSDAQ,247,247,247,0,0,0,0
941,040300,2014,KOSDAQ,245,245,245,0,0,0,0
941,040300,2015,KOSDAQ,248,248,248,0,0,0,0
941,040300,2016,KOSDAQ,246,246,246,0,0,0,0
941,040300,2017,KOSDAQ,243,243,243,0,0,0,0
941,040300,2018,KOSDAQ,244,244,244,0,0,0,0
941,040300,2019,KOSDAQ,246,246,246,0,0,0,0
941,040300,2020,KOSDAQ,248,248,248,0,0,0,0
941,040300,2021,KOSDAQ,248,248,248,0,0,0,0
941,040300,2022,KOSDAQ,246,246,246,0,0,0,0
941,040300,2023,KOSDAQ,245,245,245,0,0,0,0
941,040300,2024,KOSDAQ,244,244,244,0,0,0,0
941,040300,2025,KOSDAQ,242,242,242,0,0,0,0
941,040300,2026,KOSDAQ,166,166,166,0,0,0,0
942,040350,2013,KOSDAQ,247,247,247,0,0,0,0
942,040350,2014,KOSDAQ,245,245,245,0,0,0,0
942,040350,2015,KOSDAQ,248,248,248,0,0,0,0
942,040350,2016,KOSDAQ,246,246,246,0,0,0,0
942,040350,2017,KOSDAQ,243,243,243,0,0,0,0
942,040350,2018,KOSDAQ,244,244,244,0,0,0,0
942,040350,2019,KOSDAQ,246,246,246,0,0,0,0
942,040350,2020,KOSDAQ,248,248,248,0,0,0,0
942,040350,2021,KOSDAQ,248,248,248,0,0,0,0
942,040350,2022,KOSDAQ,246,246,246,0,0,0,0
942,040350,2023,KOSDAQ,245,245,245,0,0,0,0
942,040350,2024,KOSDAQ,244,244,244,0,0,0,0
942,040350,2025,KOSDAQ,242,242,241,0,0,1,0
942,040350,2026,KOSDAQ,166,166,166,0,0,0,0
943,040420,2013,KOSDAQ,247,247,247,0,0,0,0
943,040420,2014,KOSDAQ,245,245,245,0,0,0,0
943,040420,2015,KOSDAQ,248,248,248,0,0,0,0
943,040420,2016,KOSDAQ,246,246,246,0,0,0,0
943,040420,2017,KOSDAQ,243,243,243,0,0,0,0
943,040420,2018,KOSDAQ,244,244,244,0,0,0,0
943,040420,2019,KOSDAQ,246,246,246,0,0,0,0
943,040420,2020,KOSDAQ,248,248,248,0,0,0,0
943,040420,2021,KOSDAQ,248,248,248,0,0,0,0
943,040420,2022,KOSDAQ,246,246,246,0,0,0,0
943,040420,2023,KOSDAQ,245,245,245,0,0,0,0
943,040420,2024,KOSDAQ,244,244,244,0,0,0,0
943,040420,2025,KOSDAQ,242,242,242,0,0,0,0
943,040420,2026,KOSDAQ,166,166,166,0,0,0,0
944,040610,2013,KOSDAQ,247,247,247,0,0,0,0
944,040610,2014,KOSDAQ,245,245,245,0,0,0,0
944,040610,2015,KOSDAQ,248,248,248,0,0,0,0
944,040610,2016,KOSDAQ,246,246,246,0,0,0,0
944,040610,2017,KOSDAQ,243,243,243,0,0,0,0
944,040610,2018,KOSDAQ,244,244,244,0,0,0,0
944,040610,2019,KOSDAQ,246,246,246,0,0,0,0
944,040610,2020,KOSDAQ,248,248,248,0,0,0,0
944,040610,2021,KOSDAQ,248,248,248,0,0,0,0
944,040610,2022,KOSDAQ,246,246,246,0,0,0,0
944,040610,2023,KOSDAQ,245,245,245,0,0,0,0
944,040610,2024,KOSDAQ,244,244,244,0,0,0,0
944,040610,2025,KOSDAQ,242,242,242,0,0,0,0
944,040610,2026,KOSDAQ,166,166,166,0,0,0,0
945,040910,2013,KOSDAQ,247,247,247,0,0,0,0
945,040910,2014,KOSDAQ,245,245,245,0,0,0,0
945,040910,2015,KOSDAQ,248,248,248,0,0,0,0
945,040910,2016,KOSDAQ,246,246,246,0,0,0,0
945,040910,2017,KOSDAQ,243,243,243,0,0,0,0
945,040910,2018,KOSDAQ,244,244,244,0,0,0,0
945,040910,2019,KOSDAQ,246,246,246,0,0,0,0
945,040910,2020,KOSDAQ,248,248,248,0,0,0,0
945,040910,2021,KOSDAQ,248,248,248,0,0,0,0
945,040910,2022,KOSDAQ,246,246,246,0,0,0,0
945,040910,2023,KOSDAQ,245,245,245,0,0,0,0
945,040910,2024,KOSDAQ,244,244,244,0,0,0,0
945,040910,2025,KOSDAQ,242,242,242,0,0,0,0
945,040910,2026,KOSDAQ,166,166,166,0,0,0,0
946,041020,2013,KOSDAQ,247,247,247,0,0,0,0
946,041020,2014,KOSDAQ,245,245,245,0,0,0,0
946,041020,2015,KOSDAQ,248,248,248,0,0,0,0
946,041020,2016,KOSDAQ,246,246,246,0,0,0,0
946,041020,2017,KOSDAQ,243,243,243,0,0,0,0
946,041020,2018,KOSDAQ,244,244,244,0,0,0,0
946,041020,2019,KOSDAQ,246,246,246,0,0,0,0
946,041020,2020,KOSDAQ,248,248,248,0,0,0,0
946,041020,2021,KOSDAQ,248,248,248,0,0,0,0
946,041020,2022,KOSDAQ,246,246,246,0,0,0,0
946,041020,2023,KOSDAQ,245,245,245,0,0,0,0
946,041020,2024,KOSDAQ,244,244,244,0,0,0,0
946,041020,2025,KOSDAQ,242,242,242,0,0,0,0
946,041020,2026,KOSDAQ,166,166,166,0,0,0,0
947,041190,2013,KOSDAQ,247,247,247,0,0,0,0
947,041190,2014,KOSDAQ,245,245,245,0,0,0,0
947,041190,2015,KOSDAQ,248,248,248,0,0,0,0
947,041190,2016,KOSDAQ,246,246,246,0,0,0,0
947,041190,2017,KOSDAQ,243,243,243,0,0,0,0
947,041190,2018,KOSDAQ,244,244,244,0,0,0,0
947,041190,2019,KOSDAQ,246,246,246,0,0,0,0
947,041190,2020,KOSDAQ,248,248,248,0,0,0,0
947,041190,2021,KOSDAQ,248,248,248,0,0,0,0
947,041190,2022,KOSDAQ,246,246,246,0,0,0,0
947,041190,2023,KOSDAQ,245,245,245,0,0,0,0
947,041190,2024,KOSDAQ,244,244,244,0,0,0,0
947,041190,2025,KOSDAQ,242,242,242,0,0,0,0
947,041190,2026,KOSDAQ,166,166,166,0,0,0,0
948,041440,2013,KOSDAQ,247,247,247,0,0,0,0
948,041440,2014,KOSDAQ,245,245,245,0,0,0,0
948,041440,2015,KOSDAQ,248,248,248,0,0,0,0
948,041440,2016,KOSDAQ,246,246,246,0,0,0,0
948,041440,2017,KOSDAQ,243,243,243,0,0,0,0
948,041440,2018,KOSDAQ,244,244,244,0,0,0,0
948,041440,2019,KOSDAQ,246,246,246,0,0,0,0
948,041440,2020,KOSDAQ,248,248,248,0,0,0,0
948,041440,2021,KOSDAQ,248,248,248,0,0,0,0
948,041440,2022,KOSDAQ,246,246,246,0,0,0,0
948,041440,2023,KOSDAQ,245,245,245,0,0,0,0
948,041440,2024,KOSDAQ,244,244,244,0,0,0,0
948,041440,2025,KOSDAQ,242,242,242,0,0,0,0
948,041440,2026,KOSDAQ,166,166,166,0,0,0,0
949,041460,2013,KOSDAQ,247,247,247,0,0,0,0
949,041460,2014,KOSDAQ,245,245,245,0,0,0,0
949,041460,2015,KOSDAQ,248,248,248,0,0,0,0
949,041460,2016,KOSDAQ,246,246,246,0,0,0,0
949,041460,2017,KOSDAQ,243,243,243,0,0,0,0
949,041460,2018,KOSDAQ,244,244,244,0,0,0,0
949,041460,2019,KOSDAQ,246,246,246,0,0,0,0
949,041460,2020,KOSDAQ,248,248,248,0,0,0,0
949,041460,2021,KOSDAQ,248,248,248,0,0,0,0
949,041460,2022,KOSDAQ,246,246,246,0,0,0,0
949,041460,2023,KOSDAQ,245,245,245,0,0,0,0
949,041460,2024,KOSDAQ,244,244,244,0,0,0,0
949,041460,2025,KOSDAQ,242,242,242,0,0,0,0
949,041460,2026,KOSDAQ,166,166,166,0,0,0,0
950,041510,2013,KOSDAQ,247,247,247,0,0,0,0
950,041510,2014,KOSDAQ,245,245,245,0,0,0,0
950,041510,2015,KOSDAQ,248,248,248,0,0,0,0
950,041510,2016,KOSDAQ,246,246,246,0,0,0,0
950,041510,2017,KOSDAQ,243,243,243,0,0,0,0
950,041510,2018,KOSDAQ,244,244,244,0,0,0,0
950,041510,2019,KOSDAQ,246,246,246,0,0,0,0
950,041510,2020,KOSDAQ,248,248,248,0,0,0,0
950,041510,2021,KOSDAQ,248,248,248,0,0,0,0
950,041510,2022,KOSDAQ,246,246,246,0,0,0,0
950,041510,2023,KOSDAQ,245,245,245,0,0,0,0
950,041510,2024,KOSDAQ,244,244,244,0,0,0,0
950,041510,2025,KOSDAQ,242,242,242,0,0,0,0
950,041510,2026,KOSDAQ,166,166,166,0,0,0,0
951,041520,2013,KOSDAQ,247,247,247,0,0,0,0
951,041520,2014,KOSDAQ,245,245,245,0,0,0,0
951,041520,2015,KOSDAQ,248,248,248,0,0,0,0
951,041520,2016,KOSDAQ,246,246,246,0,0,0,0
951,041520,2017,KOSDAQ,243,243,243,0,0,0,0
951,041520,2018,KOSDAQ,244,244,244,0,0,0,0
951,041520,2019,KOSDAQ,246,246,246,0,0,0,0
951,041520,2020,KOSDAQ,248,248,248,0,0,0,0
951,041520,2021,KOSDAQ,248,248,248,0,0,0,0
951,041520,2022,KOSDAQ,246,246,246,0,0,0,0
951,041520,2023,KOSDAQ,245,245,245,0,0,0,0
951,041520,2024,KOSDAQ,244,244,244,0,0,0,0
951,041520,2025,KOSDAQ,242,242,242,0,0,0,0
951,041520,2026,KOSDAQ,166,166,166,0,0,0,0
952,041590,2013,KOSDAQ,247,247,247,0,0,0,0
952,041590,2014,KOSDAQ,245,245,245,0,0,0,0
952,041590,2015,KOSDAQ,248,248,248,0,0,0,0
952,041590,2016,KOSDAQ,246,246,246,0,0,0,0
952,041590,2017,KOSDAQ,243,243,243,0,0,0,0
952,041590,2018,KOSDAQ,244,244,244,0,0,0,0
952,041590,2019,KOSDAQ,246,246,246,0,0,0,0
952,041590,2020,KOSDAQ,248,248,248,0,0,0,0
952,041590,2021,KOSDAQ,248,248,248,0,0,0,0
952,041590,2022,KOSDAQ,246,246,246,0,0,0,0
952,041590,2023,KOSDAQ,245,245,245,0,0,0,0
952,041590,2024,KOSDAQ,244,244,244,0,0,0,0
952,041590,2025,KOSDAQ,242,242,242,0,0,0,0
952,041590,2026,KOSDAQ,166,166,166,0,0,0,0
953,041650,2013,KOSPI,247,247,247,0,0,0,0
953,041650,2014,KOSPI,245,245,245,0,0,0,0
953,041650,2015,KOSPI,248,248,248,0,0,0,0
953,041650,2016,KOSPI,246,246,246,0,0,0,0
953,041650,2017,KOSPI,243,243,243,0,0,0,0
953,041650,2018,KOSPI,244,244,244,0,0,0,0
953,041650,2019,KOSPI,246,246,246,0,0,0,0
953,041650,2020,KOSPI,248,248,248,0,0,0,0
953,041650,2021,KOSPI,248,248,248,0,0,0,0
953,041650,2022,KOSPI,246,246,246,0,0,0,0
953,041650,2023,KOSPI,245,245,245,0,0,0,0
953,041650,2024,KOSPI,244,244,244,0,0,0,0
953,041650,2025,KOSPI,242,242,242,0,0,0,0
953,041650,2026,KOSPI,166,166,166,0,0,0,0
954,041830,2013,KOSDAQ,247,247,247,0,0,0,0
954,041830,2014,KOSDAQ,245,245,245,0,0,0,0
954,041830,2015,KOSDAQ,248,248,248,0,0,0,0
954,041830,2016,KOSDAQ,246,246,246,0,0,0,0
954,041830,2017,KOSDAQ,243,243,243,0,0,0,0
954,041830,2018,KOSDAQ,244,244,244,0,0,0,0
954,041830,2019,KOSDAQ,246,246,246,0,0,0,0
954,041830,2020,KOSDAQ,248,248,248,0,0,0,0
954,041830,2021,KOSDAQ,248,248,248,0,0,0,0
954,041830,2022,KOSDAQ,246,246,246,0,0,0,0
954,041830,2023,KOSDAQ,245,245,245,0,0,0,0
954,041830,2024,KOSDAQ,244,244,244,0,0,0,0
954,041830,2025,KOSDAQ,242,242,242,0,0,0,0
954,041830,2026,KOSDAQ,166,166,166,0,0,0,0
955,041910,2013,KOSDAQ,247,247,247,0,0,0,0
955,041910,2014,KOSDAQ,245,245,245,0,0,0,0
955,041910,2015,KOSDAQ,248,248,248,0,0,0,0
955,041910,2016,KOSDAQ,246,246,246,0,0,0,0
955,041910,2017,KOSDAQ,243,243,243,0,0,0,0
955,041910,2018,KOSDAQ,244,244,244,0,0,0,0
955,041910,2019,KOSDAQ,246,246,246,0,0,0,0
955,041910,2020,KOSDAQ,248,248,248,0,0,0,0
955,041910,2021,KOSDAQ,248,248,248,0,0,0,0
955,041910,2022,KOSDAQ,246,246,246,0,0,0,0
955,041910,2023,KOSDAQ,245,245,245,0,0,0,0
955,041910,2024,KOSDAQ,244,244,244,0,0,0,0
955,041910,2025,KOSDAQ,242,242,242,0,0,0,0
955,041910,2026,KOSDAQ,166,166,166,0,0,0,0
956,041920,2014,KOSDAQ,59,59,59,0,0,0,0
956,041920,2015,KOSDAQ,248,248,248,0,0,0,0
956,041920,2016,KOSDAQ,246,246,246,0,0,0,0
956,041920,2017,KOSDAQ,243,243,243,0,0,0,0
956,041920,2018,KOSDAQ,244,244,244,0,0,0,0
956,041920,2019,KOSDAQ,246,246,246,0,0,0,0
956,041920,2020,KOSDAQ,248,248,248,0,0,0,0
956,041920,2021,KOSDAQ,248,248,248,0,0,0,0
956,041920,2022,KOSDAQ,246,246,246,0,0,0,0
956,041920,2023,KOSDAQ,245,245,245,0,0,0,0
956,041920,2024,KOSDAQ,244,244,244,0,0,0,0
956,041920,2025,KOSDAQ,242,242,242,0,0,0,0
956,041920,2026,KOSDAQ,166,166,166,0,0,0,0
957,041930,2013,KOSDAQ,247,247,247,0,0,0,0
957,041930,2014,KOSDAQ,245,245,245,0,0,0,0
957,041930,2015,KOSDAQ,248,248,248,0,0,0,0
957,041930,2016,KOSDAQ,246,246,246,0,0,0,0
957,041930,2017,KOSDAQ,243,243,243,0,0,0,0
957,041930,2018,KOSDAQ,244,244,244,0,0,0,0
957,041930,2019,KOSDAQ,246,246,246,0,0,0,0
957,041930,2020,KOSDAQ,248,248,248,0,0,0,0
957,041930,2021,KOSDAQ,248,248,248,0,0,0,0
957,041930,2022,KOSDAQ,246,246,246,0,0,0,0
957,041930,2023,KOSDAQ,245,245,245,0,0,0,0
957,041930,2024,KOSDAQ,244,244,244,0,0,0,0
957,041930,2025,KOSDAQ,242,242,242,0,0,0,0
957,041930,2026,KOSDAQ,166,166,166,0,0,0,0
958,041960,2013,KOSDAQ,247,247,247,0,0,0,0
958,041960,2014,KOSDAQ,245,245,245,0,0,0,0
958,041960,2015,KOSDAQ,248,248,248,0,0,0,0
958,041960,2016,KOSDAQ,246,246,246,0,0,0,0
958,041960,2017,KOSDAQ,243,243,243,0,0,0,0
958,041960,2018,KOSDAQ,244,244,244,0,0,0,0
958,041960,2019,KOSDAQ,246,246,246,0,0,0,0
958,041960,2020,KOSDAQ,248,248,248,0,0,0,0
958,041960,2021,KOSDAQ,248,248,248,0,0,0,0
958,041960,2022,KOSDAQ,246,246,246,0,0,0,0
958,041960,2023,KOSDAQ,245,245,245,0,0,0,0
958,041960,2024,KOSDAQ,244,244,244,0,0,0,0
958,041960,2025,KOSDAQ,242,242,242,0,0,0,0
958,041960,2026,KOSDAQ,166,166,166,0,0,0,0
959,042000,2018,KOSDAQ,217,217,217,0,0,0,0
959,042000,2019,KOSDAQ,246,246,246,0,0,0,0
959,042000,2020,KOSDAQ,248,248,248,0,0,0,0
959,042000,2021,KOSDAQ,248,248,248,0,0,0,0
959,042000,2022,KOSDAQ,246,246,246,0,0,0,0
959,042000,2023,KOSDAQ,245,245,245,0,0,0,0
959,042000,2024,KOSDAQ,244,244,244,0,0,0,0
959,042000,2025,KOSDAQ,242,242,242,0,0,0,0
959,042000,2026,KOSDAQ,166,166,166,0,0,0,0
960,042040,2013,KOSDAQ,247,247,247,0,0,0,0
960,042040,2014,KOSDAQ,245,245,245,0,0,0,0
960,042040,2015,KOSDAQ,248,248,248,0,0,0,0
960,042040,2016,KOSDAQ,246,246,246,0,0,0,0
960,042040,2017,KOSDAQ,243,243,243,0,0,0,0
960,042040,2018,KOSDAQ,244,244,244,0,0,0,0
960,042040,2019,KOSDAQ,246,246,246,0,0,0,0
960,042040,2020,KOSDAQ,248,248,248,0,0,0,0
960,042040,2021,KOSDAQ,248,248,248,0,0,0,0
960,042040,2022,KOSDAQ,246,246,246,0,0,0,0
960,042040,2023,KOSDAQ,245,245,244,0,0,1,0
960,042040,2024,KOSDAQ,244,244,244,0,0,0,0
960,042040,2025,KOSDAQ,242,242,241,0,0,1,0
960,042040,2026,KOSDAQ,166,166,166,0,0,0,0
961,042110,2013,KOSDAQ,247,247,247,0,0,0,0
961,042110,2014,KOSDAQ,245,245,245,0,0,0,0
961,042110,2015,KOSDAQ,248,248,248,0,0,0,0
961,042110,2016,KOSDAQ,246,246,246,0,0,0,0
961,042110,2017,KOSDAQ,243,243,243,0,0,0,0
961,042110,2018,KOSDAQ,244,244,244,0,0,0,0
961,042110,2019,KOSDAQ,246,246,246,0,0,0,0
961,042110,2020,KOSDAQ,248,248,248,0,0,0,0
961,042110,2021,KOSDAQ,248,248,248,0,0,0,0
961,042110,2022,KOSDAQ,246,246,246,0,0,0,0
961,042110,2023,KOSDAQ,245,245,245,0,0,0,0
961,042110,2024,KOSDAQ,244,244,244,0,0,0,0
961,042110,2025,KOSDAQ,242,242,242,0,0,0,0
961,042110,2026,KOSDAQ,166,166,166,0,0,0,0
962,042370,2013,KOSDAQ,247,247,247,0,0,0,0
962,042370,2014,KOSDAQ,245,245,245,0,0,0,0
962,042370,2015,KOSDAQ,248,248,248,0,0,0,0
962,042370,2016,KOSDAQ,246,246,246,0,0,0,0
962,042370,2017,KOSDAQ,243,243,243,0,0,0,0
962,042370,2018,KOSDAQ,244,244,244,0,0,0,0
962,042370,2019,KOSDAQ,246,246,246,0,0,0,0
962,042370,2020,KOSDAQ,248,248,248,0,0,0,0
962,042370,2021,KOSDAQ,248,248,248,0,0,0,0
962,042370,2022,KOSDAQ,246,246,246,0,0,0,0
962,042370,2023,KOSDAQ,245,245,245,0,0,0,0
962,042370,2024,KOSDAQ,244,244,244,0,0,0,0
962,042370,2025,KOSDAQ,242,242,242,0,0,0,0
962,042370,2026,KOSDAQ,166,166,166,0,0,0,0
963,042420,2013,KOSDAQ,247,247,247,0,0,0,0
963,042420,2014,KOSDAQ,245,245,245,0,0,0,0
963,042420,2015,KOSDAQ,248,248,248,0,0,0,0
963,042420,2016,KOSDAQ,246,246,246,0,0,0,0
963,042420,2017,KOSDAQ,243,243,243,0,0,0,0
963,042420,2018,KOSDAQ,244,244,244,0,0,0,0
963,042420,2019,KOSDAQ,246,246,246,0,0,0,0
963,042420,2020,KOSDAQ,248,248,248,0,0,0,0
963,042420,2021,KOSDAQ,248,248,248,0,0,0,0
963,042420,2022,KOSDAQ,246,246,246,0,0,0,0
963,042420,2023,KOSDAQ,245,245,245,0,0,0,0
963,042420,2024,KOSDAQ,244,244,244,0,0,0,0
963,042420,2025,KOSDAQ,242,242,242,0,0,0,0
963,042420,2026,KOSDAQ,166,166,166,0,0,0,0
964,042500,2013,KOSDAQ,247,247,247,0,0,0,0
964,042500,2014,KOSDAQ,245,245,245,0,0,0,0
964,042500,2015,KOSDAQ,248,248,248,0,0,0,0
964,042500,2016,KOSDAQ,246,246,246,0,0,0,0
964,042500,2017,KOSDAQ,243,243,243,0,0,0,0
964,042500,2018,KOSDAQ,244,244,244,0,0,0,0
964,042500,2019,KOSDAQ,246,246,246,0,0,0,0
964,042500,2020,KOSDAQ,248,248,248,0,0,0,0
964,042500,2021,KOSDAQ,248,248,248,0,0,0,0
964,042500,2022,KOSDAQ,246,246,246,0,0,0,0
964,042500,2023,KOSDAQ,245,245,245,0,0,0,0
964,042500,2024,KOSDAQ,244,244,244,0,0,0,0
964,042500,2025,KOSDAQ,242,242,242,0,0,0,0
964,042500,2026,KOSDAQ,166,166,166,0,0,0,0
965,042510,2013,KOSDAQ,247,247,247,0,0,0,0
965,042510,2014,KOSDAQ,245,245,245,0,0,0,0
965,042510,2015,KOSDAQ,248,248,248,0,0,0,0
965,042510,2016,KOSDAQ,246,246,246,0,0,0,0
965,042510,2017,KOSDAQ,243,243,243,0,0,0,0
965,042510,2018,KOSDAQ,244,244,244,0,0,0,0
965,042510,2019,KOSDAQ,246,246,246,0,0,0,0
965,042510,2020,KOSDAQ,248,248,248,0,0,0,0
965,042510,2021,KOSDAQ,248,248,248,0,0,0,0
965,042510,2022,KOSDAQ,246,246,246,0,0,0,0
965,042510,2023,KOSDAQ,245,245,245,0,0,0,0
965,042510,2024,KOSDAQ,244,244,244,0,0,0,0
965,042510,2025,KOSDAQ,242,242,242,0,0,0,0
965,042510,2026,KOSDAQ,166,166,166,0,0,0,0
966,042520,2013,KOSDAQ,247,247,247,0,0,0,0
966,042520,2014,KOSDAQ,245,245,245,0,0,0,0
966,042520,2015,KOSDAQ,248,248,248,0,0,0,0
966,042520,2016,KOSDAQ,246,246,246,0,0,0,0
966,042520,2017,KOSDAQ,243,243,243,0,0,0,0
966,042520,2018,KOSDAQ,244,244,244,0,0,0,0
966,042520,2019,KOSDAQ,246,246,246,0,0,0,0
966,042520,2020,KOSDAQ,248,248,248,0,0,0,0
966,042520,2021,KOSDAQ,248,248,248,0,0,0,0
966,042520,2022,KOSDAQ,246,246,246,0,0,0,0
966,042520,2023,KOSDAQ,245,245,245,0,0,0,0
966,042520,2024,KOSDAQ,244,244,244,0,0,0,0
966,042520,2025,KOSDAQ,242,242,242,0,0,0,0
966,042520,2026,KOSDAQ,166,166,166,0,0,0,0
967,042600,2013,KOSDAQ,247,247,247,0,0,0,0
967,042600,2014,KOSDAQ,245,245,245,0,0,0,0
967,042600,2015,KOSDAQ,248,248,248,0,0,0,0
967,042600,2016,KOSDAQ,246,246,246,0,0,0,0
967,042600,2017,KOSDAQ,243,243,243,0,0,0,0
967,042600,2018,KOSDAQ,244,244,244,0,0,0,0
967,042600,2019,KOSDAQ,246,246,246,0,0,0,0
967,042600,2020,KOSDAQ,248,248,248,0,0,0,0
967,042600,2021,KOSDAQ,248,248,248,0,0,0,0
967,042600,2022,KOSDAQ,246,246,246,0,0,0,0
967,042600,2023,KOSDAQ,245,245,245,0,0,0,0
967,042600,2024,KOSDAQ,244,244,244,0,0,0,0
967,042600,2025,KOSDAQ,242,242,242,0,0,0,0
967,042600,2026,KOSDAQ,166,166,166,0,0,0,0
968,042660,2013,KOSPI,247,247,247,0,0,0,0
968,042660,2014,KOSPI,245,245,245,0,0,0,0
968,042660,2015,KOSPI,248,248,248,0,0,0,0
968,042660,2016,KOSPI,246,246,246,0,0,0,0
968,042660,2017,KOSPI,243,243,243,0,0,0,0
968,042660,2018,KOSPI,244,244,244,0,0,0,0
968,042660,2019,KOSPI,246,246,246,0,0,0,0
968,042660,2020,KOSPI,248,248,248,0,0,0,0
968,042660,2021,KOSPI,248,248,248,0,0,0,0
968,042660,2022,KOSPI,246,246,246,0,0,0,0
968,042660,2023,KOSPI,245,245,245,0,0,0,0
968,042660,2024,KOSPI,244,244,244,0,0,0,0
968,042660,2025,KOSPI,242,242,242,0,0,0,0
968,042660,2026,KOSPI,166,166,166,0,0,0,0
969,042700,2013,KOSPI,247,247,247,0,0,0,0
969,042700,2014,KOSPI,245,245,245,0,0,0,0
969,042700,2015,KOSPI,248,248,248,0,0,0,0
969,042700,2016,KOSPI,246,246,246,0,0,0,0
969,042700,2017,KOSPI,243,243,243,0,0,0,0
969,042700,2018,KOSPI,244,244,244,0,0,0,0
969,042700,2019,KOSPI,246,246,246,0,0,0,0
969,042700,2020,KOSPI,248,248,248,0,0,0,0
969,042700,2021,KOSPI,248,248,248,0,0,0,0
969,042700,2022,KOSPI,246,246,246,0,0,0,0
969,042700,2023,KOSPI,245,245,245,0,0,0,0
969,042700,2024,KOSPI,244,244,244,0,0,0,0
969,042700,2025,KOSPI,242,242,242,0,0,0,0
969,042700,2026,KOSPI,166,166,166,0,0,0,0
970,042940,2013,KOSDAQ,247,247,247,0,0,0,0
970,042940,2014,KOSDAQ,245,245,245,0,0,0,0
970,042940,2015,KOSDAQ,248,248,248,0,0,0,0
970,042940,2016,KOSDAQ,246,246,246,0,0,0,0
970,042940,2017,KOSDAQ,243,243,243,0,0,0,0
970,042940,2018,KOSDAQ,244,244,244,0,0,0,0
970,042940,2019,KOSDAQ,246,246,246,0,0,0,0
970,042940,2020,KOSDAQ,248,248,248,0,0,0,0
970,042940,2021,KOSDAQ,248,248,248,0,0,0,0
970,042940,2022,KOSDAQ,246,246,246,0,0,0,0
970,042940,2023,KOSDAQ,245,245,245,0,0,0,0
970,042940,2024,KOSDAQ,244,244,244,0,0,0,0
970,042940,2025,KOSDAQ,242,242,242,0,0,0,0
970,042940,2026,KOSDAQ,166,166,166,0,0,0,0
971,043100,2013,KOSDAQ,247,247,247,0,0,0,0
971,043100,2014,KOSDAQ,245,245,245,0,0,0,0
971,043100,2015,KOSDAQ,248,248,248,0,0,0,0
971,043100,2016,KOSDAQ,246,246,246,0,0,0,0
971,043100,2017,KOSDAQ,243,243,243,0,0,0,0
971,043100,2018,KOSDAQ,244,244,244,0,0,0,0
971,043100,2019,KOSDAQ,246,246,246,0,0,0,0
971,043100,2020,KOSDAQ,248,248,248,0,0,0,0
971,043100,2021,KOSDAQ,248,248,248,0,0,0,0
971,043100,2022,KOSDAQ,246,246,246,0,0,0,0
971,043100,2023,KOSDAQ,245,245,245,0,0,0,0
971,043100,2024,KOSDAQ,244,244,243,0,0,1,0
971,043100,2025,KOSDAQ,242,242,242,0,0,0,0
971,043100,2026,KOSDAQ,166,166,166,0,0,0,0
972,043150,2013,KOSDAQ,247,247,247,0,0,0,0
972,043150,2014,KOSDAQ,245,245,245,0,0,0,0
972,043150,2015,KOSDAQ,248,248,248,0,0,0,0
972,043150,2016,KOSDAQ,246,246,246,0,0,0,0
972,043150,2017,KOSDAQ,243,243,243,0,0,0,0
972,043150,2018,KOSDAQ,244,244,244,0,0,0,0
972,043150,2019,KOSDAQ,246,246,246,0,0,0,0
972,043150,2020,KOSDAQ,248,248,248,0,0,0,0
972,043150,2021,KOSDAQ,248,248,248,0,0,0,0
972,043150,2022,KOSDAQ,246,246,246,0,0,0,0
972,043150,2023,KOSDAQ,245,245,245,0,0,0,0
972,043150,2024,KOSDAQ,244,244,244,0,0,0,0
972,043150,2025,KOSDAQ,242,242,242,0,0,0,0
972,043150,2026,KOSDAQ,166,166,166,0,0,0,0
973,043200,2013,KOSDAQ,247,247,247,0,0,0,0
973,043200,2014,KOSDAQ,245,245,245,0,0,0,0
973,043200,2015,KOSDAQ,248,248,248,0,0,0,0
973,043200,2016,KOSDAQ,246,246,246,0,0,0,0
973,043200,2017,KOSDAQ,243,243,243,0,0,0,0
973,043200,2018,KOSDAQ,244,244,244,0,0,0,0
973,043200,2019,KOSDAQ,246,246,246,0,0,0,0
973,043200,2020,KOSDAQ,248,248,248,0,0,0,0
973,043200,2021,KOSDAQ,248,248,248,0,0,0,0
973,043200,2022,KOSDAQ,246,246,246,0,0,0,0
973,043200,2023,KOSDAQ,245,245,245,0,0,0,0
973,043200,2024,KOSDAQ,244,244,244,0,0,0,0
973,043200,2025,KOSDAQ,242,242,242,0,0,0,0
973,043200,2026,KOSDAQ,166,166,166,0,0,0,0
974,043220,2013,KOSDAQ,247,247,247,0,0,0,0
974,043220,2014,KOSDAQ,245,245,245,0,0,0,0
974,043220,2015,KOSDAQ,248,248,248,0,0,0,0
974,043220,2016,KOSDAQ,246,246,246,0,0,0,0
974,043220,2017,KOSDAQ,243,243,243,0,0,0,0
974,043220,2018,KOSDAQ,244,244,244,0,0,0,0
974,043220,2019,KOSDAQ,246,246,246,0,0,0,0
974,043220,2020,KOSDAQ,248,248,248,0,0,0,0
974,043220,2021,KOSDAQ,248,248,248,0,0,0,0
974,043220,2022,KOSDAQ,246,246,246,0,0,0,0
974,043220,2023,KOSDAQ,245,245,245,0,0,0,0
974,043220,2024,KOSDAQ,244,244,244,0,0,0,0
974,043220,2025,KOSDAQ,242,242,242,0,0,0,0
974,043220,2026,KOSDAQ,166,166,166,0,0,0,0
975,043260,2013,KOSDAQ,247,247,247,0,0,0,0
975,043260,2014,KOSDAQ,245,245,245,0,0,0,0
975,043260,2015,KOSDAQ,248,248,248,0,0,0,0
975,043260,2016,KOSDAQ,246,246,246,0,0,0,0
975,043260,2017,KOSDAQ,243,243,243,0,0,0,0
975,043260,2018,KOSDAQ,244,244,244,0,0,0,0
975,043260,2019,KOSDAQ,246,246,246,0,0,0,0
975,043260,2020,KOSDAQ,248,248,248,0,0,0,0
975,043260,2021,KOSDAQ,248,248,248,0,0,0,0
975,043260,2022,KOSDAQ,246,246,246,0,0,0,0
975,043260,2023,KOSDAQ,245,245,245,0,0,0,0
975,043260,2024,KOSDAQ,244,244,244,0,0,0,0
975,043260,2025,KOSDAQ,242,242,242,0,0,0,0
975,043260,2026,KOSDAQ,166,166,166,0,0,0,0
976,043340,2013,KOSDAQ,247,247,247,0,0,0,0
976,043340,2014,KOSDAQ,245,245,245,0,0,0,0
976,043340,2015,KOSDAQ,248,248,248,0,0,0,0
976,043340,2016,KOSDAQ,246,246,246,0,0,0,0
976,043340,2017,KOSDAQ,243,243,243,0,0,0,0
976,043340,2018,KOSDAQ,244,244,244,0,0,0,0
976,043340,2019,KOSDAQ,246,246,246,0,0,0,0
976,043340,2020,KOSDAQ,248,248,248,0,0,0,0
976,043340,2021,KOSDAQ,248,248,248,0,0,0,0
976,043340,2022,KOSDAQ,246,246,246,0,0,0,0
976,043340,2023,KOSDAQ,245,245,245,0,0,0,0
976,043340,2024,KOSDAQ,244,244,244,0,0,0,0
976,043340,2025,KOSDAQ,242,242,242,0,0,0,0
976,043340,2026,KOSDAQ,166,166,166,0,0,0,0
977,043360,2013,KOSDAQ,247,247,247,0,0,0,0
977,043360,2014,KOSDAQ,245,245,245,0,0,0,0
977,043360,2015,KOSDAQ,248,248,248,0,0,0,0
977,043360,2016,KOSDAQ,246,246,246,0,0,0,0
977,043360,2017,KOSDAQ,243,243,243,0,0,0,0
977,043360,2018,KOSDAQ,244,244,244,0,0,0,0
977,043360,2019,KOSDAQ,246,246,246,0,0,0,0
977,043360,2020,KOSDAQ,248,248,248,0,0,0,0
977,043360,2021,KOSDAQ,248,248,248,0,0,0,0
977,043360,2022,KOSDAQ,246,246,246,0,0,0,0
977,043360,2023,KOSDAQ,245,245,245,0,0,0,0
977,043360,2024,KOSDAQ,244,244,244,0,0,0,0
977,043360,2025,KOSDAQ,242,242,242,0,0,0,0
977,043360,2026,KOSDAQ,166,166,166,0,0,0,0
978,043370,2013,KOSDAQ,247,247,247,0,0,0,0
978,043370,2014,KOSDAQ,245,245,245,0,0,0,0
978,043370,2015,KOSDAQ,248,248,248,0,0,0,0
978,043370,2016,KOSDAQ,246,246,246,0,0,0,0
978,043370,2017,KOSDAQ,243,243,243,0,0,0,0
978,043370,2018,KOSDAQ,244,244,244,0,0,0,0
978,043370,2019,KOSDAQ,246,246,246,0,0,0,0
978,043370,2020,KOSDAQ,248,248,248,0,0,0,0
978,043370,2021,KOSDAQ,248,248,248,0,0,0,0
978,043370,2022,KOSDAQ,246,246,246,0,0,0,0
978,043370,2023,KOSDAQ,245,245,245,0,0,0,0
978,043370,2024,KOSDAQ,244,244,244,0,0,0,0
978,043370,2025,KOSDAQ,242,242,242,0,0,0,0
978,043370,2026,KOSDAQ,166,166,166,0,0,0,0
979,043590,2013,KOSDAQ,247,247,247,0,0,0,0
979,043590,2014,KOSDAQ,245,245,245,0,0,0,0
979,043590,2015,KOSDAQ,248,248,248,0,0,0,0
979,043590,2016,KOSDAQ,246,246,246,0,0,0,0
979,043590,2017,KOSDAQ,243,243,243,0,0,0,0
979,043590,2018,KOSDAQ,244,244,244,0,0,0,0
979,043590,2019,KOSDAQ,246,246,246,0,0,0,0
979,043590,2020,KOSDAQ,248,248,248,0,0,0,0
979,043590,2021,KOSDAQ,248,248,248,0,0,0,0
979,043590,2022,KOSDAQ,246,246,246,0,0,0,0
979,043590,2023,KOSDAQ,245,245,244,0,0,1,0
979,043590,2024,KOSDAQ,244,244,244,0,0,0,0
979,043590,2025,KOSDAQ,242,242,242,0,0,0,0
979,043590,2026,KOSDAQ,166,166,166,0,0,0,0
980,043610,2013,KOSDAQ,247,247,247,0,0,0,0
980,043610,2014,KOSDAQ,245,245,245,0,0,0,0
980,043610,2015,KOSDAQ,248,248,248,0,0,0,0
980,043610,2016,KOSDAQ,246,246,246,0,0,0,0
980,043610,2017,KOSDAQ,243,243,243,0,0,0,0
980,043610,2018,KOSDAQ,244,244,244,0,0,0,0
980,043610,2019,KOSDAQ,246,246,246,0,0,0,0
980,043610,2020,KOSDAQ,248,248,248,0,0,0,0
980,043610,2021,KOSDAQ,248,248,248,0,0,0,0
980,043610,2022,KOSDAQ,246,246,246,0,0,0,0
980,043610,2023,KOSDAQ,245,245,245,0,0,0,0
980,043610,2024,KOSDAQ,244,244,244,0,0,0,0
980,043610,2025,KOSDAQ,242,242,242,0,0,0,0
980,043610,2026,KOSDAQ,166,166,166,0,0,0,0
981,043650,2013,KOSDAQ,247,247,247,0,0,0,0
981,043650,2014,KOSDAQ,245,245,245,0,0,0,0
981,043650,2015,KOSDAQ,248,248,248,0,0,0,0
981,043650,2016,KOSDAQ,246,246,246,0,0,0,0
981,043650,2017,KOSDAQ,243,243,243,0,0,0,0
981,043650,2018,KOSDAQ,244,244,244,0,0,0,0
981,043650,2019,KOSDAQ,246,246,246,0,0,0,0
981,043650,2020,KOSDAQ,248,248,248,0,0,0,0
981,043650,2021,KOSDAQ,248,248,248,0,0,0,0
981,043650,2022,KOSDAQ,246,246,246,0,0,0,0
981,043650,2023,KOSDAQ,245,245,245,0,0,0,0
981,043650,2024,KOSDAQ,244,244,244,0,0,0,0
981,043650,2025,KOSDAQ,242,242,242,0,0,0,0
981,043650,2026,KOSDAQ,166,166,166,0,0,0,0
982,043710,2013,KOSDAQ,247,247,247,0,0,0,0
982,043710,2014,KOSDAQ,245,245,244,0,0,1,0
982,043710,2015,KOSDAQ,248,248,248,0,0,0,0
982,043710,2016,KOSDAQ,246,246,246,0,0,0,0
982,043710,2017,KOSDAQ,243,243,243,0,0,0,0
982,043710,2018,KOSDAQ,244,244,244,0,0,0,0
982,043710,2019,KOSDAQ,246,246,246,0,0,0,0
982,043710,2020,KOSDAQ,248,248,248,0,0,0,0
982,043710,2021,KOSDAQ,248,248,248,0,0,0,0
982,043710,2022,KOSDAQ,246,246,246,0,0,0,0
982,043710,2023,KOSDAQ,245,245,245,0,0,0,0
982,043710,2024,KOSDAQ,244,244,244,0,0,0,0
982,043710,2025,KOSDAQ,242,242,242,0,0,0,0
982,043710,2026,KOSDAQ,166,166,166,0,0,0,0
983,043910,2013,KOSDAQ,247,247,247,0,0,0,0
983,043910,2014,KOSDAQ,245,245,245,0,0,0,0
983,043910,2015,KOSDAQ,248,248,248,0,0,0,0
983,043910,2016,KOSDAQ,246,246,246,0,0,0,0
983,043910,2017,KOSDAQ,243,243,242,0,0,1,0
983,043910,2018,KOSDAQ,244,244,243,0,0,1,0
983,043910,2019,KOSDAQ,246,246,246,0,0,0,0
983,043910,2020,KOSDAQ,248,248,248,0,0,0,0
983,043910,2021,KOSDAQ,248,248,248,0,0,0,0
983,043910,2022,KOSDAQ,246,246,246,0,0,0,0
983,043910,2023,KOSDAQ,245,245,245,0,0,0,0
983,043910,2024,KOSDAQ,244,244,244,0,0,0,0
983,043910,2025,KOSDAQ,242,242,242,0,0,0,0
983,043910,2026,KOSDAQ,166,166,166,0,0,0,0
984,044180,2013,KOSDAQ,247,247,247,0,0,0,0
984,044180,2014,KOSDAQ,245,245,245,0,0,0,0
984,044180,2015,KOSDAQ,248,248,248,0,0,0,0
984,044180,2016,KOSDAQ,246,246,246,0,0,0,0
984,044180,2017,KOSDAQ,243,243,243,0,0,0,0
984,044180,2018,KOSDAQ,244,244,244,0,0,0,0
984,044180,2019,KOSDAQ,246,246,246,0,0,0,0
984,044180,2020,KOSDAQ,248,248,248,0,0,0,0
984,044180,2021,KOSDAQ,248,248,248,0,0,0,0
984,044180,2022,KOSDAQ,246,246,246,0,0,0,0
984,044180,2023,KOSDAQ,245,245,245,0,0,0,0
984,044180,2024,KOSDAQ,244,244,244,0,0,0,0
984,044180,2025,KOSDAQ,242,242,242,0,0,0,0
984,044180,2026,KOSDAQ,166,166,166,0,0,0,0
985,044340,2013,KOSDAQ,247,247,247,0,0,0,0
985,044340,2014,KOSDAQ,245,245,245,0,0,0,0
985,044340,2015,KOSDAQ,248,248,248,0,0,0,0
985,044340,2016,KOSDAQ,246,246,246,0,0,0,0
985,044340,2017,KOSDAQ,243,243,243,0,0,0,0
985,044340,2018,KOSDAQ,244,244,244,0,0,0,0
985,044340,2019,KOSDAQ,246,246,246,0,0,0,0
985,044340,2020,KOSDAQ,248,248,248,0,0,0,0
985,044340,2021,KOSDAQ,248,248,248,0,0,0,0
985,044340,2022,KOSDAQ,246,246,246,0,0,0,0
985,044340,2023,KOSDAQ,245,245,245,0,0,0,0
985,044340,2024,KOSDAQ,244,244,244,0,0,0,0
985,044340,2025,KOSDAQ,242,242,242,0,0,0,0
985,044340,2026,KOSDAQ,166,166,166,0,0,0,0
986,044380,2013,KOSPI,247,247,247,0,0,0,0
986,044380,2014,KOSPI,245,245,245,0,0,0,0
986,044380,2015,KOSPI,248,248,248,0,0,0,0
986,044380,2016,KOSPI,246,246,246,0,0,0,0
986,044380,2017,KOSPI,243,243,243,0,0,0,0
986,044380,2018,KOSPI,244,244,244,0,0,0,0
986,044380,2019,KOSPI,246,246,246,0,0,0,0
986,044380,2020,KOSPI,248,248,248,0,0,0,0
986,044380,2021,KOSPI,248,248,248,0,0,0,0
986,044380,2022,KOSPI,246,246,246,0,0,0,0
986,044380,2023,KOSPI,245,245,245,0,0,0,0
986,044380,2024,KOSPI,244,244,244,0,0,0,0
986,044380,2025,KOSPI,242,242,242,0,0,0,0
986,044380,2026,KOSPI,166,166,166,0,0,0,0
987,044450,2013,KOSPI,247,247,247,0,0,0,0
987,044450,2014,KOSPI,245,245,245,0,0,0,0
987,044450,2015,KOSPI,248,248,248,0,0,0,0
987,044450,2016,KOSPI,246,246,246,0,0,0,0
987,044450,2017,KOSPI,243,243,243,0,0,0,0
987,044450,2018,KOSPI,244,244,244,0,0,0,0
987,044450,2019,KOSPI,246,246,246,0,0,0,0
987,044450,2020,KOSPI,248,248,248,0,0,0,0
987,044450,2021,KOSPI,248,248,248,0,0,0,0
987,044450,2022,KOSPI,246,246,246,0,0,0,0
987,044450,2023,KOSPI,245,245,245,0,0,0,0
987,044450,2024,KOSPI,244,244,244,0,0,0,0
987,044450,2025,KOSPI,242,242,242,0,0,0,0
987,044450,2026,KOSPI,166,166,166,0,0,0,0
988,044480,2013,KOSDAQ,247,247,247,0,0,0,0
988,044480,2014,KOSDAQ,245,245,245,0,0,0,0
988,044480,2015,KOSDAQ,248,248,248,0,0,0,0
988,044480,2016,KOSDAQ,246,246,245,0,0,1,0
988,044480,2017,KOSDAQ,243,243,243,0,0,0,0
988,044480,2018,KOSDAQ,244,244,244,0,0,0,0
988,044480,2019,KOSDAQ,246,246,246,0,0,0,0
988,044480,2020,KOSDAQ,248,248,248,0,0,0,0
988,044480,2021,KOSDAQ,248,248,248,0,0,0,0
988,044480,2022,KOSDAQ,246,246,246,0,0,0,0
988,044480,2023,KOSDAQ,245,245,245,0,0,0,0
988,044480,2024,KOSDAQ,244,244,244,0,0,0,0
988,044480,2025,KOSDAQ,242,242,242,0,0,0,0
988,044480,2026,KOSDAQ,166,166,166,0,0,0,0
989,044490,2013,KOSDAQ,247,247,247,0,0,0,0
989,044490,2014,KOSDAQ,245,245,245,0,0,0,0
989,044490,2015,KOSDAQ,248,248,248,0,0,0,0
989,044490,2016,KOSDAQ,246,246,246,0,0,0,0
989,044490,2017,KOSDAQ,243,243,243,0,0,0,0
989,044490,2018,KOSDAQ,244,244,244,0,0,0,0
989,044490,2019,KOSDAQ,246,246,246,0,0,0,0
989,044490,2020,KOSDAQ,248,248,248,0,0,0,0
989,044490,2021,KOSDAQ,248,248,248,0,0,0,0
989,044490,2022,KOSDAQ,246,246,246,0,0,0,0
989,044490,2023,KOSDAQ,245,245,245,0,0,0,0
989,044490,2024,KOSDAQ,244,244,244,0,0,0,0
989,044490,2025,KOSDAQ,242,242,242,0,0,0,0
989,044490,2026,KOSDAQ,166,166,166,0,0,0,0
990,044780,2013,KOSDAQ,247,247,247,0,0,0,0
990,044780,2014,KOSDAQ,245,245,245,0,0,0,0
990,044780,2015,KOSDAQ,248,248,248,0,0,0,0
990,044780,2016,KOSDAQ,246,246,246,0,0,0,0
990,044780,2017,KOSDAQ,243,243,243,0,0,0,0
990,044780,2018,KOSDAQ,244,244,244,0,0,0,0
990,044780,2019,KOSDAQ,246,246,246,0,0,0,0
990,044780,2020,KOSDAQ,248,248,248,0,0,0,0
990,044780,2021,KOSDAQ,248,248,248,0,0,0,0
990,044780,2022,KOSDAQ,246,246,246,0,0,0,0
990,044780,2023,KOSDAQ,245,245,245,0,0,0,0
990,044780,2024,KOSDAQ,244,244,244,0,0,0,0
990,044780,2025,KOSDAQ,242,242,242,0,0,0,0
990,044780,2026,KOSDAQ,166,166,166,0,0,0,0
991,044820,2013,KOSPI,247,247,247,0,0,0,0
991,044820,2014,KOSPI,245,245,245,0,0,0,0
991,044820,2015,KOSPI,248,248,248,0,0,0,0
991,044820,2016,KOSPI,246,246,246,0,0,0,0
991,044820,2017,KOSPI,243,243,243,0,0,0,0
991,044820,2018,KOSPI,244,244,244,0,0,0,0
991,044820,2019,KOSPI,246,246,246,0,0,0,0
991,044820,2020,KOSPI,248,248,248,0,0,0,0
991,044820,2021,KOSPI,248,248,248,0,0,0,0
991,044820,2022,KOSPI,246,246,246,0,0,0,0
991,044820,2023,KOSPI,245,245,245,0,0,0,0
991,044820,2024,KOSPI,244,244,244,0,0,0,0
991,044820,2025,KOSPI,242,242,242,0,0,0,0
991,044820,2026,KOSPI,166,166,166,0,0,0,0
992,044960,2013,KOSDAQ,247,247,247,0,0,0,0
992,044960,2014,KOSDAQ,245,245,245,0,0,0,0
992,044960,2015,KOSDAQ,248,248,248,0,0,0,0
992,044960,2016,KOSDAQ,246,246,246,0,0,0,0
992,044960,2017,KOSDAQ,243,243,243,0,0,0,0
992,044960,2018,KOSDAQ,244,244,244,0,0,0,0
992,044960,2019,KOSDAQ,246,246,246,0,0,0,0
992,044960,2020,KOSDAQ,248,248,248,0,0,0,0
992,044960,2021,KOSDAQ,248,248,248,0,0,0,0
992,044960,2022,KOSDAQ,246,246,246,0,0,0,0
992,044960,2023,KOSDAQ,245,245,245,0,0,0,0
992,044960,2024,KOSDAQ,244,244,244,0,0,0,0
992,044960,2025,KOSDAQ,242,242,242,0,0,0,0
992,044960,2026,KOSDAQ,166,166,166,0,0,0,0
993,044990,2024,KOSDAQ,46,46,46,0,0,0,0
993,044990,2025,KOSDAQ,242,242,242,0,0,0,0
993,044990,2026,KOSDAQ,166,166,166,0,0,0,0
994,045060,2013,KOSDAQ,247,247,247,0,0,0,0
994,045060,2014,KOSDAQ,245,245,245,0,0,0,0
994,045060,2015,KOSDAQ,248,248,248,0,0,0,0
994,045060,2016,KOSDAQ,246,246,246,0,0,0,0
994,045060,2017,KOSDAQ,243,243,243,0,0,0,0
994,045060,2018,KOSDAQ,244,244,244,0,0,0,0
994,045060,2019,KOSDAQ,246,246,246,0,0,0,0
994,045060,2020,KOSDAQ,248,248,248,0,0,0,0
994,045060,2021,KOSDAQ,248,248,248,0,0,0,0
994,045060,2022,KOSDAQ,246,246,246,0,0,0,0
994,045060,2023,KOSDAQ,245,245,245,0,0,0,0
994,045060,2024,KOSDAQ,244,244,244,0,0,0,0
994,045060,2025,KOSDAQ,242,242,242,0,0,0,0
994,045060,2026,KOSDAQ,166,166,166,0,0,0,0
995,045100,2013,KOSDAQ,247,247,247,0,0,0,0
995,045100,2014,KOSDAQ,245,245,245,0,0,0,0
995,045100,2015,KOSDAQ,248,248,248,0,0,0,0
995,045100,2016,KOSDAQ,246,246,246,0,0,0,0
995,045100,2017,KOSDAQ,243,243,243,0,0,0,0
995,045100,2018,KOSDAQ,244,244,244,0,0,0,0
995,045100,2019,KOSDAQ,246,246,246,0,0,0,0
995,045100,2020,KOSDAQ,248,248,248,0,0,0,0
995,045100,2021,KOSDAQ,248,248,248,0,0,0,0
995,045100,2022,KOSDAQ,246,246,246,0,0,0,0
995,045100,2023,KOSDAQ,245,245,245,0,0,0,0
995,045100,2024,KOSDAQ,244,244,244,0,0,0,0
995,045100,2025,KOSDAQ,242,242,242,0,0,0,0
995,045100,2026,KOSDAQ,166,166,166,0,0,0,0
996,045300,2013,KOSDAQ,247,247,247,0,0,0,0
996,045300,2014,KOSDAQ,245,245,245,0,0,0,0
996,045300,2015,KOSDAQ,248,248,248,0,0,0,0
996,045300,2016,KOSDAQ,246,246,246,0,0,0,0
996,045300,2017,KOSDAQ,243,243,243,0,0,0,0
996,045300,2018,KOSDAQ,244,244,244,0,0,0,0
996,045300,2019,KOSDAQ,246,246,246,0,0,0,0
996,045300,2020,KOSDAQ,248,248,248,0,0,0,0
996,045300,2021,KOSDAQ,248,248,248,0,0,0,0
996,045300,2022,KOSDAQ,246,246,246,0,0,0,0
996,045300,2023,KOSDAQ,245,245,245,0,0,0,0
996,045300,2024,KOSDAQ,244,244,244,0,0,0,0
996,045300,2025,KOSDAQ,242,242,242,0,0,0,0
996,045300,2026,KOSDAQ,166,166,166,0,0,0,0
997,045340,2013,KOSDAQ,247,247,247,0,0,0,0
997,045340,2014,KOSDAQ,245,245,245,0,0,0,0
997,045340,2015,KOSDAQ,248,248,248,0,0,0,0
997,045340,2016,KOSDAQ,246,246,246,0,0,0,0
997,045340,2017,KOSDAQ,243,243,243,0,0,0,0
997,045340,2018,KOSDAQ,244,244,244,0,0,0,0
997,045340,2019,KOSDAQ,246,246,246,0,0,0,0
997,045340,2020,KOSDAQ,248,248,248,0,0,0,0
997,045340,2021,KOSDAQ,248,248,248,0,0,0,0
997,045340,2022,KOSDAQ,246,246,246,0,0,0,0
997,045340,2023,KOSDAQ,245,245,245,0,0,0,0
997,045340,2024,KOSDAQ,244,244,244,0,0,0,0
997,045340,2025,KOSDAQ,242,242,242,0,0,0,0
997,045340,2026,KOSDAQ,166,166,166,0,0,0,0
998,045390,2013,KOSDAQ,247,247,247,0,0,0,0
998,045390,2014,KOSDAQ,245,245,245,0,0,0,0
998,045390,2015,KOSDAQ,248,248,248,0,0,0,0
998,045390,2016,KOSDAQ,246,246,246,0,0,0,0
998,045390,2017,KOSDAQ,243,243,243,0,0,0,0
998,045390,2018,KOSDAQ,244,244,244,0,0,0,0
998,045390,2019,KOSDAQ,246,246,246,0,0,0,0
998,045390,2020,KOSDAQ,248,248,248,0,0,0,0
998,045390,2021,KOSDAQ,248,248,248,0,0,0,0
998,045390,2022,KOSDAQ,246,246,246,0,0,0,0
998,045390,2023,KOSDAQ,245,245,245,0,0,0,0
998,045390,2024,KOSDAQ,244,244,244,0,0,0,0
998,045390,2025,KOSDAQ,242,242,242,0,0,0,0
998,045390,2026,KOSDAQ,166,166,166,0,0,0,0
999,045510,2013,KOSDAQ,247,247,247,0,0,0,0
999,045510,2014,KOSDAQ,245,245,245,0,0,0,0
999,045510,2015,KOSDAQ,248,248,248,0,0,0,0
999,045510,2016,KOSDAQ,246,246,246,0,0,0,0
999,045510,2017,KOSDAQ,243,243,243,0,0,0,0
999,045510,2018,KOSDAQ,244,244,244,0,0,0,0
999,045510,2019,KOSDAQ,246,246,246,0,0,0,0
999,045510,2020,KOSDAQ,248,248,248,0,0,0,0
999,045510,2021,KOSDAQ,248,248,248,0,0,0,0
999,045510,2022,KOSDAQ,246,246,246,0,0,0,0
999,045510,2023,KOSDAQ,245,245,245,0,0,0,0
999,045510,2024,KOSDAQ,244,244,244,0,0,0,0
999,045510,2025,KOSDAQ,242,242,242,0,0,0,0
999,045510,2026,KOSDAQ,166,166,166,0,0,0,0
1000,045520,2013,KOSDAQ,247,247,247,0,0,0,0
1000,045520,2014,KOSDAQ,245,245,245,0,0,0,0
1000,045520,2015,KOSDAQ,248,248,248,0,0,0,0
1000,045520,2016,KOSDAQ,246,246,246,0,0,0,0
1000,045520,2017,KOSDAQ,243,243,243,0,0,0,0
1000,045520,2018,KOSDAQ,244,244,244,0,0,0,0
1000,045520,2019,KOSDAQ,246,246,246,0,0,0,0
1000,045520,2020,KOSDAQ,248,248,248,0,0,0,0
1000,045520,2021,KOSDAQ,248,248,248,0,0,0,0
1000,045520,2022,KOSDAQ,246,246,246,0,0,0,0
1000,045520,2023,KOSDAQ,245,245,245,0,0,0,0
1000,045520,2024,KOSDAQ,244,244,244,0,0,0,0
1000,045520,2025,KOSDAQ,242,242,242,0,0,0,0
1000,045520,2026,KOSDAQ,166,166,166,0,0,0,0
1001,045660,2013,KOSDAQ,247,247,247,0,0,0,0
1001,045660,2014,KOSDAQ,245,245,245,0,0,0,0
1001,045660,2015,KOSDAQ,248,248,247,0,0,1,0
1001,045660,2016,KOSDAQ,246,246,246,0,0,0,0
1001,045660,2017,KOSDAQ,243,243,243,0,0,0,0
1001,045660,2018,KOSDAQ,244,244,244,0,0,0,0
1001,045660,2019,KOSDAQ,246,246,246,0,0,0,0
1001,045660,2020,KOSDAQ,248,248,248,0,0,0,0
1001,045660,2021,KOSDAQ,248,248,248,0,0,0,0
1001,045660,2022,KOSDAQ,246,246,246,0,0,0,0
1001,045660,2023,KOSDAQ,245,245,245,0,0,0,0
1001,045660,2024,KOSDAQ,244,244,244,0,0,0,0
1001,045660,2025,KOSDAQ,242,242,242,0,0,0,0
1001,045660,2026,KOSDAQ,166,166,166,0,0,0,0
1002,045970,2013,KOSDAQ,247,247,247,0,0,0,0
1002,045970,2014,KOSDAQ,245,245,245,0,0,0,0
1002,045970,2015,KOSDAQ,248,248,248,0,0,0,0
1002,045970,2016,KOSDAQ,246,246,246,0,0,0,0
1002,045970,2017,KOSDAQ,243,243,243,0,0,0,0
1002,045970,2018,KOSDAQ,244,244,244,0,0,0,0
1002,045970,2019,KOSDAQ,246,246,246,0,0,0,0
1002,045970,2020,KOSDAQ,248,248,248,0,0,0,0
1002,045970,2021,KOSDAQ,248,248,248,0,0,0,0
1002,045970,2022,KOSDAQ,246,246,246,0,0,0,0
1002,045970,2023,KOSDAQ,245,245,245,0,0,0,0
1002,045970,2024,KOSDAQ,244,244,244,0,0,0,0
1002,045970,2025,KOSDAQ,242,242,242,0,0,0,0
1002,045970,2026,KOSDAQ,166,166,166,0,0,0,0
1003,046070,2013,KOSDAQ,247,247,247,0,0,0,0
1003,046070,2014,KOSDAQ,245,245,245,0,0,0,0
1003,046070,2015,KOSDAQ,248,248,248,0,0,0,0
1003,046070,2016,KOSDAQ,246,246,246,0,0,0,0
1003,046070,2017,KOSDAQ,243,243,243,0,0,0,0
1003,046070,2018,KOSDAQ,244,244,244,0,0,0,0
1003,046070,2019,KOSDAQ,246,246,246,0,0,0,0
1003,046070,2020,KOSDAQ,248,248,248,0,0,0,0
1003,046070,2021,KOSDAQ,248,248,248,0,0,0,0
1003,046070,2022,KOSDAQ,246,246,246,0,0,0,0
1003,046070,2023,KOSDAQ,245,245,245,0,0,0,0
1003,046070,2024,KOSDAQ,244,244,244,0,0,0,0
1003,046070,2025,KOSDAQ,242,242,242,0,0,0,0
1003,046070,2026,KOSDAQ,166,166,166,0,0,0,0
1004,046120,2013,KOSDAQ,247,247,247,0,0,0,0
1004,046120,2014,KOSDAQ,245,245,245,0,0,0,0
1004,046120,2015,KOSDAQ,248,248,248,0,0,0,0
1004,046120,2016,KOSDAQ,246,246,246,0,0,0,0
1004,046120,2017,KOSDAQ,243,243,243,0,0,0,0
1004,046120,2018,KOSDAQ,244,244,244,0,0,0,0
1004,046120,2019,KOSDAQ,246,246,246,0,0,0,0
1004,046120,2020,KOSDAQ,248,248,248,0,0,0,0
1004,046120,2021,KOSDAQ,248,248,248,0,0,0,0
1004,046120,2022,KOSDAQ,246,246,246,0,0,0,0
1004,046120,2023,KOSDAQ,245,245,245,0,0,0,0
1004,046120,2024,KOSDAQ,244,244,244,0,0,0,0
1004,046120,2025,KOSDAQ,242,242,242,0,0,0,0
1004,046120,2026,KOSDAQ,166,166,166,0,0,0,0
1005,046210,2013,KOSDAQ,247,247,246,0,0,1,0
1005,046210,2014,KOSDAQ,245,245,245,0,0,0,0
1005,046210,2015,KOSDAQ,248,248,248,0,0,0,0
1005,046210,2016,KOSDAQ,246,246,246,0,0,0,0
1005,046210,2017,KOSDAQ,243,243,243,0,0,0,0
1005,046210,2018,KOSDAQ,244,244,244,0,0,0,0
1005,046210,2019,KOSDAQ,246,246,246,0,0,0,0
1005,046210,2020,KOSDAQ,248,248,248,0,0,0,0
1005,046210,2021,KOSDAQ,248,248,248,0,0,0,0
1005,046210,2022,KOSDAQ,246,246,246,0,0,0,0
1005,046210,2023,KOSDAQ,245,245,245,0,0,0,0
1005,046210,2024,KOSDAQ,244,244,244,0,0,0,0
1005,046210,2025,KOSDAQ,242,242,242,0,0,0,0
1005,046210,2026,KOSDAQ,166,166,166,0,0,0,0
1006,046310,2013,KOSDAQ,247,247,247,0,0,0,0
1006,046310,2014,KOSDAQ,245,245,245,0,0,0,0
1006,046310,2015,KOSDAQ,248,248,248,0,0,0,0
1006,046310,2016,KOSDAQ,246,246,246,0,0,0,0
1006,046310,2017,KOSDAQ,243,243,243,0,0,0,0
1006,046310,2018,KOSDAQ,244,244,244,0,0,0,0
1006,046310,2019,KOSDAQ,246,246,246,0,0,0,0
1006,046310,2020,KOSDAQ,248,248,248,0,0,0,0
1006,046310,2021,KOSDAQ,248,248,248,0,0,0,0
1006,046310,2022,KOSDAQ,246,246,246,0,0,0,0
1006,046310,2023,KOSDAQ,245,245,245,0,0,0,0
1006,046310,2024,KOSDAQ,244,244,244,0,0,0,0
1006,046310,2025,KOSDAQ,242,242,242,0,0,0,0
1006,046310,2026,KOSDAQ,166,166,166,0,0,0,0
1007,046390,2013,KOSDAQ,247,247,247,0,0,0,0
1007,046390,2014,KOSDAQ,245,245,245,0,0,0,0
1007,046390,2015,KOSDAQ,248,248,248,0,0,0,0
1007,046390,2016,KOSDAQ,246,246,246,0,0,0,0
1007,046390,2017,KOSDAQ,243,243,243,0,0,0,0
1007,046390,2018,KOSDAQ,244,244,244,0,0,0,0
1007,046390,2019,KOSDAQ,246,246,246,0,0,0,0
1007,046390,2020,KOSDAQ,248,248,248,0,0,0,0
1007,046390,2021,KOSDAQ,248,248,248,0,0,0,0
1007,046390,2022,KOSDAQ,246,246,246,0,0,0,0
1007,046390,2023,KOSDAQ,245,245,245,0,0,0,0
1007,046390,2024,KOSDAQ,244,244,244,0,0,0,0
1007,046390,2025,KOSDAQ,242,242,242,0,0,0,0
1007,046390,2026,KOSDAQ,166,166,166,0,0,0,0
1008,046440,2013,KOSDAQ,247,247,247,0,0,0,0
1008,046440,2014,KOSDAQ,245,245,245,0,0,0,0
1008,046440,2015,KOSDAQ,248,248,248,0,0,0,0
1008,046440,2016,KOSDAQ,246,246,246,0,0,0,0
1008,046440,2017,KOSDAQ,243,243,243,0,0,0,0
1008,046440,2018,KOSDAQ,244,244,244,0,0,0,0
1008,046440,2019,KOSDAQ,246,246,246,0,0,0,0
1008,046440,2020,KOSDAQ,248,248,248,0,0,0,0
1008,046440,2021,KOSDAQ,248,248,248,0,0,0,0
1008,046440,2022,KOSDAQ,246,246,246,0,0,0,0
1008,046440,2023,KOSDAQ,245,245,245,0,0,0,0
1008,046440,2024,KOSDAQ,244,244,244,0,0,0,0
1008,046440,2025,KOSDAQ,242,242,242,0,0,0,0
1008,046440,2026,KOSDAQ,166,166,166,0,0,0,0
1009,046890,2013,KOSDAQ,247,247,247,0,0,0,0
1009,046890,2014,KOSDAQ,245,245,245,0,0,0,0
1009,046890,2015,KOSDAQ,248,248,248,0,0,0,0
1009,046890,2016,KOSDAQ,246,246,246,0,0,0,0
1009,046890,2017,KOSDAQ,243,243,243,0,0,0,0
1009,046890,2018,KOSDAQ,244,244,244,0,0,0,0
1009,046890,2019,KOSDAQ,246,246,246,0,0,0,0
1009,046890,2020,KOSDAQ,248,248,248,0,0,0,0
1009,046890,2021,KOSDAQ,248,248,248,0,0,0,0
1009,046890,2022,KOSDAQ,246,246,246,0,0,0,0
1009,046890,2023,KOSDAQ,245,245,245,0,0,0,0
1009,046890,2024,KOSDAQ,244,244,244,0,0,0,0
1009,046890,2025,KOSDAQ,242,242,242,0,0,0,0
1009,046890,2026,KOSDAQ,166,166,166,0,0,0,0
1010,046940,2013,KOSDAQ,247,247,247,0,0,0,0
1010,046940,2014,KOSDAQ,245,245,245,0,0,0,0
1010,046940,2015,KOSDAQ,248,248,248,0,0,0,0
1010,046940,2016,KOSDAQ,246,246,246,0,0,0,0
1010,046940,2017,KOSDAQ,243,243,243,0,0,0,0
1010,046940,2018,KOSDAQ,244,244,244,0,0,0,0
1010,046940,2019,KOSDAQ,246,246,246,0,0,0,0
1010,046940,2020,KOSDAQ,248,248,248,0,0,0,0
1010,046940,2021,KOSDAQ,248,248,248,0,0,0,0
1010,046940,2022,KOSDAQ,246,246,246,0,0,0,0
1010,046940,2023,KOSDAQ,245,245,245,0,0,0,0
1010,046940,2024,KOSDAQ,244,244,244,0,0,0,0
1010,046940,2025,KOSDAQ,242,242,242,0,0,0,0
1010,046940,2026,KOSDAQ,166,166,166,0,0,0,0
1011,046970,2013,KOSDAQ,247,247,247,0,0,0,0
1011,046970,2014,KOSDAQ,245,245,245,0,0,0,0
1011,046970,2015,KOSDAQ,248,248,248,0,0,0,0
1011,046970,2016,KOSDAQ,246,246,246,0,0,0,0
1011,046970,2017,KOSDAQ,243,243,243,0,0,0,0
1011,046970,2018,KOSDAQ,244,244,244,0,0,0,0
1011,046970,2019,KOSDAQ,246,246,246,0,0,0,0
1011,046970,2020,KOSDAQ,248,248,248,0,0,0,0
1011,046970,2021,KOSDAQ,248,248,248,0,0,0,0
1011,046970,2022,KOSDAQ,246,246,246,0,0,0,0
1011,046970,2023,KOSDAQ,245,245,245,0,0,0,0
1011,046970,2024,KOSDAQ,244,244,244,0,0,0,0
1011,046970,2025,KOSDAQ,242,242,242,0,0,0,0
1011,046970,2026,KOSDAQ,166,166,166,0,0,0,0
1012,047040,2013,KOSPI,247,247,247,0,0,0,0
1012,047040,2014,KOSPI,245,245,245,0,0,0,0
1012,047040,2015,KOSPI,248,248,248,0,0,0,0
1012,047040,2016,KOSPI,246,246,246,0,0,0,0
1012,047040,2017,KOSPI,243,243,243,0,0,0,0
1012,047040,2018,KOSPI,244,244,244,0,0,0,0
1012,047040,2019,KOSPI,246,246,246,0,0,0,0
1012,047040,2020,KOSPI,248,248,248,0,0,0,0
1012,047040,2021,KOSPI,248,248,248,0,0,0,0
1012,047040,2022,KOSPI,246,246,246,0,0,0,0
1012,047040,2023,KOSPI,245,245,245,0,0,0,0
1012,047040,2024,KOSPI,244,244,244,0,0,0,0
1012,047040,2025,KOSPI,242,242,242,0,0,0,0
1012,047040,2026,KOSPI,166,166,166,0,0,0,0
1013,047050,2013,KOSPI,247,247,247,0,0,0,0
1013,047050,2014,KOSPI,245,245,245,0,0,0,0
1013,047050,2015,KOSPI,248,248,248,0,0,0,0
1013,047050,2016,KOSPI,246,246,246,0,0,0,0
1013,047050,2017,KOSPI,243,243,243,0,0,0,0
1013,047050,2018,KOSPI,244,244,244,0,0,0,0
1013,047050,2019,KOSPI,246,246,246,0,0,0,0
1013,047050,2020,KOSPI,248,248,248,0,0,0,0
1013,047050,2021,KOSPI,248,248,248,0,0,0,0
1013,047050,2022,KOSPI,246,246,246,0,0,0,0
1013,047050,2023,KOSPI,245,245,245,0,0,0,0
1013,047050,2024,KOSPI,244,244,244,0,0,0,0
1013,047050,2025,KOSPI,242,242,242,0,0,0,0
1013,047050,2026,KOSPI,166,166,166,0,0,0,0
1014,047080,2013,KOSDAQ,247,247,247,0,0,0,0
1014,047080,2014,KOSDAQ,245,245,245,0,0,0,0
1014,047080,2015,KOSDAQ,248,248,248,0,0,0,0
1014,047080,2016,KOSDAQ,246,246,246,0,0,0,0
1014,047080,2017,KOSDAQ,243,243,243,0,0,0,0
1014,047080,2018,KOSDAQ,244,244,244,0,0,0,0
1014,047080,2019,KOSDAQ,246,246,246,0,0,0,0
1014,047080,2020,KOSDAQ,248,248,248,0,0,0,0
1014,047080,2021,KOSDAQ,248,248,248,0,0,0,0
1014,047080,2022,KOSDAQ,246,246,246,0,0,0,0
1014,047080,2023,KOSDAQ,245,245,245,0,0,0,0
1014,047080,2024,KOSDAQ,244,244,244,0,0,0,0
1014,047080,2025,KOSDAQ,242,242,242,0,0,0,0
1014,047080,2026,KOSDAQ,166,166,166,0,0,0,0
1015,047310,2013,KOSDAQ,247,247,247,0,0,0,0
1015,047310,2014,KOSDAQ,245,245,245,0,0,0,0
1015,047310,2015,KOSDAQ,248,248,248,0,0,0,0
1015,047310,2016,KOSDAQ,246,246,246,0,0,0,0
1015,047310,2017,KOSDAQ,243,243,243,0,0,0,0
1015,047310,2018,KOSDAQ,244,244,244,0,0,0,0
1015,047310,2019,KOSDAQ,246,246,246,0,0,0,0
1015,047310,2020,KOSDAQ,248,248,248,0,0,0,0
1015,047310,2021,KOSDAQ,248,248,248,0,0,0,0
1015,047310,2022,KOSDAQ,246,246,246,0,0,0,0
1015,047310,2023,KOSDAQ,245,245,245,0,0,0,0
1015,047310,2024,KOSDAQ,244,244,244,0,0,0,0
1015,047310,2025,KOSDAQ,242,242,242,0,0,0,0
1015,047310,2026,KOSDAQ,166,166,166,0,0,0,0
1016,047400,2013,KOSPI,247,247,247,0,0,0,0
1016,047400,2014,KOSPI,245,245,245,0,0,0,0
1016,047400,2015,KOSPI,248,248,248,0,0,0,0
1016,047400,2016,KOSPI,246,246,246,0,0,0,0
1016,047400,2017,KOSPI,243,243,243,0,0,0,0
1016,047400,2018,KOSPI,244,244,244,0,0,0,0
1016,047400,2019,KOSPI,246,246,246,0,0,0,0
1016,047400,2020,KOSPI,248,248,248,0,0,0,0
1016,047400,2021,KOSPI,248,248,248,0,0,0,0
1016,047400,2022,KOSPI,246,246,246,0,0,0,0
1016,047400,2023,KOSPI,245,245,245,0,0,0,0
1016,047400,2024,KOSPI,244,244,244,0,0,0,0
1016,047400,2025,KOSPI,242,242,242,0,0,0,0
1016,047400,2026,KOSPI,166,166,166,0,0,0,0
1017,047560,2013,KOSDAQ,247,247,247,0,0,0,0
1017,047560,2014,KOSDAQ,245,245,245,0,0,0,0
1017,047560,2015,KOSDAQ,248,248,248,0,0,0,0
1017,047560,2016,KOSDAQ,246,246,246,0,0,0,0
1017,047560,2017,KOSDAQ,243,243,243,0,0,0,0
1017,047560,2018,KOSDAQ,244,244,244,0,0,0,0
1017,047560,2019,KOSDAQ,246,246,246,0,0,0,0
1017,047560,2020,KOSDAQ,248,248,248,0,0,0,0
1017,047560,2021,KOSDAQ,248,248,248,0,0,0,0
1017,047560,2022,KOSDAQ,246,246,246,0,0,0,0
1017,047560,2023,KOSDAQ,245,245,245,0,0,0,0
1017,047560,2024,KOSDAQ,244,244,244,0,0,0,0
1017,047560,2025,KOSDAQ,242,242,242,0,0,0,0
1017,047560,2026,KOSDAQ,166,166,166,0,0,0,0
1018,047770,2013,KOSDAQ,247,247,247,0,0,0,0
1018,047770,2014,KOSDAQ,245,245,245,0,0,0,0
1018,047770,2015,KOSDAQ,248,248,247,0,0,1,0
1018,047770,2016,KOSDAQ,246,246,246,0,0,0,0
1018,047770,2017,KOSDAQ,243,243,243,0,0,0,0
1018,047770,2018,KOSDAQ,244,244,244,0,0,0,0
1018,047770,2019,KOSDAQ,246,246,246,0,0,0,0
1018,047770,2020,KOSDAQ,248,248,248,0,0,0,0
1018,047770,2021,KOSDAQ,248,248,248,0,0,0,0
1018,047770,2022,KOSDAQ,246,246,246,0,0,0,0
1018,047770,2023,KOSDAQ,245,245,245,0,0,0,0
1018,047770,2024,KOSDAQ,244,244,244,0,0,0,0
1018,047770,2025,KOSDAQ,242,242,242,0,0,0,0
1018,047770,2026,KOSDAQ,166,166,166,0,0,0,0
1019,047810,2013,KOSPI,247,247,247,0,0,0,0
1019,047810,2014,KOSPI,245,245,245,0,0,0,0
1019,047810,2015,KOSPI,248,248,248,0,0,0,0
1019,047810,2016,KOSPI,246,246,246,0,0,0,0
1019,047810,2017,KOSPI,243,243,243,0,0,0,0
1019,047810,2018,KOSPI,244,244,244,0,0,0,0
1019,047810,2019,KOSPI,246,246,246,0,0,0,0
1019,047810,2020,KOSPI,248,248,248,0,0,0,0
1019,047810,2021,KOSPI,248,248,248,0,0,0,0
1019,047810,2022,KOSPI,246,246,246,0,0,0,0
1019,047810,2023,KOSPI,245,245,245,0,0,0,0
1019,047810,2024,KOSPI,244,244,244,0,0,0,0
1019,047810,2025,KOSPI,242,242,242,0,0,0,0
1019,047810,2026,KOSPI,166,166,166,0,0,0,0
1020,047820,2013,KOSDAQ,247,247,247,0,0,0,0
1020,047820,2014,KOSDAQ,245,245,245,0,0,0,0
1020,047820,2015,KOSDAQ,248,248,248,0,0,0,0
1020,047820,2016,KOSDAQ,246,246,246,0,0,0,0
1020,047820,2017,KOSDAQ,243,243,243,0,0,0,0
1020,047820,2018,KOSDAQ,244,244,244,0,0,0,0
1020,047820,2019,KOSDAQ,246,246,246,0,0,0,0
1020,047820,2020,KOSDAQ,248,248,247,0,0,1,0
1020,047820,2021,KOSDAQ,248,248,248,0,0,0,0
1020,047820,2022,KOSDAQ,246,246,246,0,0,0,0
1020,047820,2023,KOSDAQ,245,245,245,0,0,0,0
1020,047820,2024,KOSDAQ,244,244,244,0,0,0,0
1020,047820,2025,KOSDAQ,242,242,242,0,0,0,0
1020,047820,2026,KOSDAQ,166,166,166,0,0,0,0
1021,047920,2015,KOSDAQ,7,7,7,0,0,0,0
1021,047920,2016,KOSDAQ,246,246,246,0,0,0,0
1021,047920,2017,KOSDAQ,243,243,243,0,0,0,0
1021,047920,2018,KOSDAQ,244,244,244,0,0,0,0
1021,047920,2019,KOSDAQ,246,246,246,0,0,0,0
1021,047920,2020,KOSDAQ,248,248,248,0,0,0,0
1021,047920,2021,KOSDAQ,248,248,248,0,0,0,0
1021,047920,2022,KOSDAQ,246,246,246,0,0,0,0
1021,047920,2023,KOSDAQ,245,245,245,0,0,0,0
1021,047920,2024,KOSDAQ,244,244,243,0,0,1,0
1021,047920,2025,KOSDAQ,242,242,242,0,0,0,0
1021,047920,2026,KOSDAQ,166,166,166,0,0,0,0
1022,048410,2013,KOSDAQ,247,247,247,0,0,0,0
1022,048410,2014,KOSDAQ,245,245,245,0,0,0,0
1022,048410,2015,KOSDAQ,248,248,247,0,0,1,0
1022,048410,2016,KOSDAQ,246,246,246,0,0,0,0
1022,048410,2017,KOSDAQ,243,243,243,0,0,0,0
1022,048410,2018,KOSDAQ,244,244,244,0,0,0,0
1022,048410,2019,KOSDAQ,246,246,246,0,0,0,0
1022,048410,2020,KOSDAQ,248,248,248,0,0,0,0
1022,048410,2021,KOSDAQ,248,248,248,0,0,0,0
1022,048410,2022,KOSDAQ,246,246,246,0,0,0,0
1022,048410,2023,KOSDAQ,245,245,245,0,0,0,0
1022,048410,2024,KOSDAQ,244,244,244,0,0,0,0
1022,048410,2025,KOSDAQ,242,242,242,0,0,0,0
1022,048410,2026,KOSDAQ,166,166,166,0,0,0,0
1023,048430,2013,KOSDAQ,247,247,247,0,0,0,0
1023,048430,2014,KOSDAQ,245,245,245,0,0,0,0
1023,048430,2015,KOSDAQ,248,248,248,0,0,0,0
1023,048430,2016,KOSDAQ,246,246,246,0,0,0,0
1023,048430,2017,KOSDAQ,243,243,243,0,0,0,0
1023,048430,2018,KOSDAQ,244,244,244,0,0,0,0
1023,048430,2019,KOSDAQ,246,246,246,0,0,0,0
1023,048430,2020,KOSDAQ,248,248,248,0,0,0,0
1023,048430,2021,KOSDAQ,248,248,248,0,0,0,0
1023,048430,2022,KOSDAQ,246,246,246,0,0,0,0
1023,048430,2023,KOSDAQ,245,245,245,0,0,0,0
1023,048430,2024,KOSDAQ,244,244,244,0,0,0,0
1023,048430,2025,KOSDAQ,242,242,242,0,0,0,0
1023,048430,2026,KOSDAQ,166,166,166,0,0,0,0
1024,048470,2013,KOSDAQ,247,247,247,0,0,0,0
1024,048470,2014,KOSDAQ,245,245,245,0,0,0,0
1024,048470,2015,KOSDAQ,248,248,248,0,0,0,0
1024,048470,2016,KOSDAQ,246,246,246,0,0,0,0
1024,048470,2017,KOSDAQ,243,243,243,0,0,0,0
1024,048470,2018,KOSDAQ,244,244,244,0,0,0,0
1024,048470,2019,KOSDAQ,246,246,246,0,0,0,0
1024,048470,2020,KOSDAQ,248,248,248,0,0,0,0
1024,048470,2021,KOSDAQ,248,248,248,0,0,0,0
1024,048470,2022,KOSDAQ,246,246,246,0,0,0,0
1024,048470,2023,KOSDAQ,245,245,245,0,0,0,0
1024,048470,2024,KOSDAQ,244,244,244,0,0,0,0
1024,048470,2025,KOSDAQ,242,242,242,0,0,0,0
1024,048470,2026,KOSDAQ,166,166,166,0,0,0,0
1025,048530,2013,KOSDAQ,247,247,247,0,0,0,0
1025,048530,2014,KOSDAQ,245,245,245,0,0,0,0
1025,048530,2015,KOSDAQ,248,248,248,0,0,0,0
1025,048530,2016,KOSDAQ,246,246,246,0,0,0,0
1025,048530,2017,KOSDAQ,243,243,243,0,0,0,0
1025,048530,2018,KOSDAQ,244,244,244,0,0,0,0
1025,048530,2019,KOSDAQ,246,246,246,0,0,0,0
1025,048530,2020,KOSDAQ,248,248,248,0,0,0,0
1025,048530,2021,KOSDAQ,248,248,248,0,0,0,0
1025,048530,2022,KOSDAQ,246,246,246,0,0,0,0
1025,048530,2023,KOSDAQ,245,245,245,0,0,0,0
1025,048530,2024,KOSDAQ,244,244,244,0,0,0,0
1025,048530,2025,KOSDAQ,242,242,242,0,0,0,0
1025,048530,2026,KOSDAQ,166,166,166,0,0,0,0
1026,048550,2013,KOSDAQ,247,247,247,0,0,0,0
1026,048550,2014,KOSDAQ,245,245,245,0,0,0,0
1026,048550,2015,KOSDAQ,248,248,248,0,0,0,0
1026,048550,2016,KOSDAQ,246,246,246,0,0,0,0
1026,048550,2017,KOSDAQ,243,243,243,0,0,0,0
1026,048550,2018,KOSDAQ,244,244,244,0,0,0,0
1026,048550,2019,KOSDAQ,246,246,246,0,0,0,0
1026,048550,2020,KOSDAQ,248,248,248,0,0,0,0
1026,048550,2021,KOSDAQ,248,248,248,0,0,0,0
1026,048550,2022,KOSDAQ,246,246,246,0,0,0,0
1026,048550,2023,KOSDAQ,245,245,245,0,0,0,0
1026,048550,2024,KOSDAQ,244,244,244,0,0,0,0
1026,048550,2025,KOSDAQ,242,242,242,0,0,0,0
1026,048550,2026,KOSDAQ,166,166,166,0,0,0,0
1027,048770,2013,KOSDAQ,247,247,247,0,0,0,0
1027,048770,2014,KOSDAQ,245,245,245,0,0,0,0
1027,048770,2015,KOSDAQ,248,248,248,0,0,0,0
1027,048770,2016,KOSDAQ,246,246,246,0,0,0,0
1027,048770,2017,KOSDAQ,243,243,243,0,0,0,0
1027,048770,2018,KOSDAQ,244,244,244,0,0,0,0
1027,048770,2019,KOSDAQ,246,246,246,0,0,0,0
1027,048770,2020,KOSDAQ,248,248,248,0,0,0,0
1027,048770,2021,KOSDAQ,248,248,248,0,0,0,0
1027,048770,2022,KOSDAQ,246,246,246,0,0,0,0
1027,048770,2023,KOSDAQ,245,245,245,0,0,0,0
1027,048770,2024,KOSDAQ,244,244,244,0,0,0,0
1027,048770,2025,KOSDAQ,242,242,242,0,0,0,0
1027,048770,2026,KOSDAQ,166,166,166,0,0,0,0
1028,048830,2013,KOSDAQ,247,247,247,0,0,0,0
1028,048830,2014,KOSDAQ,245,245,245,0,0,0,0
1028,048830,2015,KOSDAQ,248,248,248,0,0,0,0
1028,048830,2016,KOSDAQ,246,246,246,0,0,0,0
1028,048830,2017,KOSDAQ,243,243,243,0,0,0,0
1028,048830,2018,KOSDAQ,244,244,244,0,0,0,0
1028,048830,2019,KOSDAQ,246,246,246,0,0,0,0
1028,048830,2020,KOSDAQ,248,248,248,0,0,0,0
1028,048830,2021,KOSDAQ,248,248,248,0,0,0,0
1028,048830,2022,KOSDAQ,246,246,246,0,0,0,0
1028,048830,2023,KOSDAQ,245,245,245,0,0,0,0
1028,048830,2024,KOSDAQ,244,244,244,0,0,0,0
1028,048830,2025,KOSDAQ,242,242,242,0,0,0,0
1028,048830,2026,KOSDAQ,166,166,166,0,0,0,0
1029,048870,2013,KOSDAQ,247,247,247,0,0,0,0
1029,048870,2014,KOSDAQ,245,245,245,0,0,0,0
1029,048870,2015,KOSDAQ,248,248,244,0,0,4,0
1029,048870,2016,KOSDAQ,246,246,245,0,0,1,0
1029,048870,2017,KOSDAQ,243,243,243,0,0,0,0
1029,048870,2018,KOSDAQ,244,244,244,0,0,0,0
1029,048870,2019,KOSDAQ,246,246,246,0,0,0,0
1029,048870,2020,KOSDAQ,248,248,248,0,0,0,0
1029,048870,2021,KOSDAQ,248,248,248,0,0,0,0
1029,048870,2022,KOSDAQ,246,246,246,0,0,0,0
1029,048870,2023,KOSDAQ,245,245,245,0,0,0,0
1029,048870,2024,KOSDAQ,244,244,244,0,0,0,0
1029,048870,2025,KOSDAQ,242,242,242,0,0,0,0
1029,048870,2026,KOSDAQ,166,166,166,0,0,0,0
1030,048910,2013,KOSDAQ,247,247,247,0,0,0,0
1030,048910,2014,KOSDAQ,245,245,245,0,0,0,0
1030,048910,2015,KOSDAQ,248,248,248,0,0,0,0
1030,048910,2016,KOSDAQ,246,246,246,0,0,0,0
1030,048910,2017,KOSDAQ,243,243,243,0,0,0,0
1030,048910,2018,KOSDAQ,244,244,244,0,0,0,0
1030,048910,2019,KOSDAQ,246,246,246,0,0,0,0
1030,048910,2020,KOSDAQ,248,248,248,0,0,0,0
1030,048910,2021,KOSDAQ,248,248,248,0,0,0,0
1030,048910,2022,KOSDAQ,246,246,246,0,0,0,0
1030,048910,2023,KOSDAQ,245,245,245,0,0,0,0
1030,048910,2024,KOSDAQ,244,244,244,0,0,0,0
1030,048910,2025,KOSDAQ,242,242,242,0,0,0,0
1030,048910,2026,KOSDAQ,166,166,166,0,0,0,0
1031,049070,2013,KOSDAQ,247,247,247,0,0,0,0
1031,049070,2014,KOSDAQ,245,245,245,0,0,0,0
1031,049070,2015,KOSDAQ,248,248,248,0,0,0,0
1031,049070,2016,KOSDAQ,246,246,246,0,0,0,0
1031,049070,2017,KOSDAQ,243,243,243,0,0,0,0
1031,049070,2018,KOSDAQ,244,244,244,0,0,0,0
1031,049070,2019,KOSDAQ,246,246,246,0,0,0,0
1031,049070,2020,KOSDAQ,248,248,248,0,0,0,0
1031,049070,2021,KOSDAQ,248,248,248,0,0,0,0
1031,049070,2022,KOSDAQ,246,246,246,0,0,0,0
1031,049070,2023,KOSDAQ,245,245,245,0,0,0,0
1031,049070,2024,KOSDAQ,244,244,244,0,0,0,0
1031,049070,2025,KOSDAQ,242,242,242,0,0,0,0
1031,049070,2026,KOSDAQ,166,166,166,0,0,0,0
1032,049080,2013,KOSDAQ,7,7,7,0,0,0,0
1032,049080,2014,KOSDAQ,245,245,245,0,0,0,0
1032,049080,2015,KOSDAQ,248,248,248,0,0,0,0
1032,049080,2016,KOSDAQ,246,246,246,0,0,0,0
1032,049080,2017,KOSDAQ,243,243,243,0,0,0,0
1032,049080,2018,KOSDAQ,244,244,244,0,0,0,0
1032,049080,2019,KOSDAQ,246,246,246,0,0,0,0
1032,049080,2020,KOSDAQ,248,248,248,0,0,0,0
1032,049080,2021,KOSDAQ,248,248,248,0,0,0,0
1032,049080,2022,KOSDAQ,246,246,246,0,0,0,0
1032,049080,2023,KOSDAQ,245,245,245,0,0,0,0
1032,049080,2024,KOSDAQ,244,244,244,0,0,0,0
1032,049080,2025,KOSDAQ,242,242,242,0,0,0,0
1032,049080,2026,KOSDAQ,166,166,166,0,0,0,0
1033,049120,2013,KOSDAQ,247,247,247,0,0,0,0
1033,049120,2014,KOSDAQ,245,245,245,0,0,0,0
1033,049120,2015,KOSDAQ,248,248,248,0,0,0,0
1033,049120,2016,KOSDAQ,246,246,246,0,0,0,0
1033,049120,2017,KOSDAQ,243,243,243,0,0,0,0
1033,049120,2018,KOSDAQ,244,244,244,0,0,0,0
1033,049120,2019,KOSDAQ,246,246,246,0,0,0,0
1033,049120,2020,KOSDAQ,248,248,248,0,0,0,0
1033,049120,2021,KOSDAQ,248,248,248,0,0,0,0
1033,049120,2022,KOSDAQ,246,246,246,0,0,0,0
1033,049120,2023,KOSDAQ,245,245,245,0,0,0,0
1033,049120,2024,KOSDAQ,244,244,244,0,0,0,0
1033,049120,2025,KOSDAQ,242,242,242,0,0,0,0
1033,049120,2026,KOSDAQ,166,166,166,0,0,0,0
1034,049180,2013,KOSDAQ,247,247,247,0,0,0,0
1034,049180,2014,KOSDAQ,245,245,245,0,0,0,0
1034,049180,2015,KOSDAQ,248,248,248,0,0,0,0
1034,049180,2016,KOSDAQ,246,246,246,0,0,0,0
1034,049180,2017,KOSDAQ,243,243,243,0,0,0,0
1034,049180,2018,KOSDAQ,244,244,243,0,0,1,0
1034,049180,2019,KOSDAQ,246,246,246,0,0,0,0
1034,049180,2020,KOSDAQ,248,248,248,0,0,0,0
1034,049180,2021,KOSDAQ,248,248,248,0,0,0,0
1034,049180,2022,KOSDAQ,246,246,246,0,0,0,0
1034,049180,2023,KOSDAQ,245,245,245,0,0,0,0
1034,049180,2024,KOSDAQ,244,244,244,0,0,0,0
1034,049180,2025,KOSDAQ,242,242,242,0,0,0,0
1034,049180,2026,KOSDAQ,166,166,166,0,0,0,0
1035,049430,2013,KOSDAQ,247,247,247,0,0,0,0
1035,049430,2014,KOSDAQ,245,245,245,0,0,0,0
1035,049430,2015,KOSDAQ,248,248,248,0,0,0,0
1035,049430,2016,KOSDAQ,246,246,246,0,0,0,0
1035,049430,2017,KOSDAQ,243,243,243,0,0,0,0
1035,049430,2018,KOSDAQ,244,244,244,0,0,0,0
1035,049430,2019,KOSDAQ,246,246,246,0,0,0,0
1035,049430,2020,KOSDAQ,248,248,248,0,0,0,0
1035,049430,2021,KOSDAQ,248,248,248,0,0,0,0
1035,049430,2022,KOSDAQ,246,246,246,0,0,0,0
1035,049430,2023,KOSDAQ,245,245,245,0,0,0,0
1035,049430,2024,KOSDAQ,244,244,244,0,0,0,0
1035,049430,2025,KOSDAQ,242,242,242,0,0,0,0
1035,049430,2026,KOSDAQ,166,166,166,0,0,0,0
1036,049470,2013,KOSDAQ,247,247,247,0,0,0,0
1036,049470,2014,KOSDAQ,245,245,245,0,0,0,0
1036,049470,2015,KOSDAQ,248,248,248,0,0,0,0
1036,049470,2016,KOSDAQ,246,246,246,0,0,0,0
1036,049470,2017,KOSDAQ,243,243,243,0,0,0,0
1036,049470,2018,KOSDAQ,244,244,244,0,0,0,0
1036,049470,2019,KOSDAQ,246,246,246,0,0,0,0
1036,049470,2020,KOSDAQ,248,248,248,0,0,0,0
1036,049470,2021,KOSDAQ,248,248,248,0,0,0,0
1036,049470,2022,KOSDAQ,246,246,246,0,0,0,0
1036,049470,2023,KOSDAQ,245,245,245,0,0,0,0
1036,049470,2024,KOSDAQ,244,244,244,0,0,0,0
1036,049470,2025,KOSDAQ,242,242,242,0,0,0,0
1036,049470,2026,KOSDAQ,166,166,166,0,0,0,0
1037,049480,2013,KOSDAQ,247,247,247,0,0,0,0
1037,049480,2014,KOSDAQ,245,245,245,0,0,0,0
1037,049480,2015,KOSDAQ,248,248,248,0,0,0,0
1037,049480,2016,KOSDAQ,246,246,246,0,0,0,0
1037,049480,2017,KOSDAQ,243,243,243,0,0,0,0
1037,049480,2018,KOSDAQ,244,244,244,0,0,0,0
1037,049480,2019,KOSDAQ,246,246,246,0,0,0,0
1037,049480,2020,KOSDAQ,248,248,248,0,0,0,0
1037,049480,2021,KOSDAQ,248,248,248,0,0,0,0
1037,049480,2022,KOSDAQ,246,246,246,0,0,0,0
1037,049480,2023,KOSDAQ,245,245,245,0,0,0,0
1037,049480,2024,KOSDAQ,244,244,244,0,0,0,0
1037,049480,2025,KOSDAQ,242,242,242,0,0,0,0
1037,049480,2026,KOSDAQ,166,166,166,0,0,0,0
1038,049520,2013,KOSDAQ,247,247,247,0,0,0,0
1038,049520,2014,KOSDAQ,245,245,245,0,0,0,0
1038,049520,2015,KOSDAQ,248,248,248,0,0,0,0
1038,049520,2016,KOSDAQ,246,246,246,0,0,0,0
1038,049520,2017,KOSDAQ,243,243,243,0,0,0,0
1038,049520,2018,KOSDAQ,244,244,244,0,0,0,0
1038,049520,2019,KOSDAQ,246,246,246,0,0,0,0
1038,049520,2020,KOSDAQ,248,248,248,0,0,0,0
1038,049520,2021,KOSDAQ,248,248,248,0,0,0,0
1038,049520,2022,KOSDAQ,246,246,246,0,0,0,0
1038,049520,2023,KOSDAQ,245,245,245,0,0,0,0
1038,049520,2024,KOSDAQ,244,244,244,0,0,0,0
1038,049520,2025,KOSDAQ,242,242,242,0,0,0,0
1038,049520,2026,KOSDAQ,166,166,166,0,0,0,0
1039,049550,2013,KOSDAQ,247,247,247,0,0,0,0
1039,049550,2014,KOSDAQ,245,245,245,0,0,0,0
1039,049550,2015,KOSDAQ,248,248,248,0,0,0,0
1039,049550,2016,KOSDAQ,246,246,245,0,0,1,0
1039,049550,2017,KOSDAQ,243,243,243,0,0,0,0
1039,049550,2018,KOSDAQ,244,244,244,0,0,0,0
1039,049550,2019,KOSDAQ,246,246,246,0,0,0,0
1039,049550,2020,KOSDAQ,248,248,248,0,0,0,0
1039,049550,2021,KOSDAQ,248,248,248,0,0,0,0
1039,049550,2022,KOSDAQ,246,246,246,0,0,0,0
1039,049550,2023,KOSDAQ,245,245,245,0,0,0,0
1039,049550,2024,KOSDAQ,244,244,244,0,0,0,0
1039,049550,2025,KOSDAQ,242,242,242,0,0,0,0
1039,049550,2026,KOSDAQ,166,166,166,0,0,0,0
1040,049630,2013,KOSDAQ,247,247,247,0,0,0,0
1040,049630,2014,KOSDAQ,245,245,245,0,0,0,0
1040,049630,2015,KOSDAQ,248,248,248,0,0,0,0
1040,049630,2016,KOSDAQ,246,246,245,0,0,1,0
1040,049630,2017,KOSDAQ,243,243,243,0,0,0,0
1040,049630,2018,KOSDAQ,244,244,244,0,0,0,0
1040,049630,2019,KOSDAQ,246,246,246,0,0,0,0
1040,049630,2020,KOSDAQ,248,248,248,0,0,0,0
1040,049630,2021,KOSDAQ,248,248,248,0,0,0,0
1040,049630,2022,KOSDAQ,246,246,246,0,0,0,0
1040,049630,2023,KOSDAQ,245,245,245,0,0,0,0
1040,049630,2024,KOSDAQ,244,244,244,0,0,0,0
1040,049630,2025,KOSDAQ,242,242,242,0,0,0,0
1040,049630,2026,KOSDAQ,166,166,166,0,0,0,0
1041,049720,2013,KOSDAQ,247,247,247,0,0,0,0
1041,049720,2014,KOSDAQ,245,245,245,0,0,0,0
1041,049720,2015,KOSDAQ,248,248,248,0,0,0,0
1041,049720,2016,KOSDAQ,246,246,246,0,0,0,0
1041,049720,2017,KOSDAQ,243,243,243,0,0,0,0
1041,049720,2018,KOSDAQ,244,244,244,0,0,0,0
1041,049720,2019,KOSDAQ,246,246,246,0,0,0,0
1041,049720,2020,KOSDAQ,248,248,248,0,0,0,0
1041,049720,2021,KOSDAQ,248,248,248,0,0,0,0
1041,049720,2022,KOSDAQ,246,246,246,0,0,0,0
1041,049720,2023,KOSDAQ,245,245,245,0,0,0,0
1041,049720,2024,KOSDAQ,244,244,244,0,0,0,0
1041,049720,2025,KOSDAQ,242,242,242,0,0,0,0
1041,049720,2026,KOSDAQ,166,166,166,0,0,0,0
1042,049800,2013,KOSPI,247,247,247,0,0,0,0
1042,049800,2014,KOSPI,245,245,245,0,0,0,0
1042,049800,2015,KOSPI,248,248,248,0,0,0,0
1042,049800,2016,KOSPI,246,246,246,0,0,0,0
1042,049800,2017,KOSPI,243,243,243,0,0,0,0
1042,049800,2018,KOSPI,244,244,244,0,0,0,0
1042,049800,2019,KOSPI,246,246,246,0,0,0,0
1042,049800,2020,KOSPI,248,248,248,0,0,0,0
1042,049800,2021,KOSPI,248,248,248,0,0,0,0
1042,049800,2022,KOSPI,246,246,246,0,0,0,0
1042,049800,2023,KOSPI,245,245,245,0,0,0,0
1042,049800,2024,KOSPI,244,244,244,0,0,0,0
1042,049800,2025,KOSPI,242,242,242,0,0,0,0
1042,049800,2026,KOSPI,166,166,166,0,0,0,0
1043,049830,2013,KOSDAQ,247,247,247,0,0,0,0
1043,049830,2014,KOSDAQ,245,245,245,0,0,0,0
1043,049830,2015,KOSDAQ,248,248,248,0,0,0,0
1043,049830,2016,KOSDAQ,246,246,246,0,0,0,0
1043,049830,2017,KOSDAQ,243,243,243,0,0,0,0
1043,049830,2018,KOSDAQ,244,244,244,0,0,0,0
1043,049830,2019,KOSDAQ,246,246,246,0,0,0,0
1043,049830,2020,KOSDAQ,248,248,248,0,0,0,0
1043,049830,2021,KOSDAQ,248,248,248,0,0,0,0
1043,049830,2022,KOSDAQ,246,246,246,0,0,0,0
1043,049830,2023,KOSDAQ,245,245,245,0,0,0,0
1043,049830,2024,KOSDAQ,244,244,244,0,0,0,0
1043,049830,2025,KOSDAQ,242,242,242,0,0,0,0
1043,049830,2026,KOSDAQ,166,166,166,0,0,0,0
1044,049950,2013,KOSDAQ,247,247,247,0,0,0,0
1044,049950,2014,KOSDAQ,245,245,245,0,0,0,0
1044,049950,2015,KOSDAQ,248,248,248,0,0,0,0
1044,049950,2016,KOSDAQ,246,246,246,0,0,0,0
1044,049950,2017,KOSDAQ,243,243,243,0,0,0,0
1044,049950,2018,KOSDAQ,244,244,244,0,0,0,0
1044,049950,2019,KOSDAQ,246,246,246,0,0,0,0
1044,049950,2020,KOSDAQ,248,248,248,0,0,0,0
1044,049950,2021,KOSDAQ,248,248,248,0,0,0,0
1044,049950,2022,KOSDAQ,246,246,246,0,0,0,0
1044,049950,2023,KOSDAQ,245,245,245,0,0,0,0
1044,049950,2024,KOSDAQ,244,244,244,0,0,0,0
1044,049950,2025,KOSDAQ,242,242,242,0,0,0,0
1044,049950,2026,KOSDAQ,166,166,166,0,0,0,0
1045,049960,2013,KOSDAQ,247,247,247,0,0,0,0
1045,049960,2014,KOSDAQ,245,245,245,0,0,0,0
1045,049960,2015,KOSDAQ,248,248,248,0,0,0,0
1045,049960,2016,KOSDAQ,246,246,246,0,0,0,0
1045,049960,2017,KOSDAQ,243,243,243,0,0,0,0
1045,049960,2018,KOSDAQ,244,244,244,0,0,0,0
1045,049960,2019,KOSDAQ,246,246,246,0,0,0,0
1045,049960,2020,KOSDAQ,248,248,248,0,0,0,0
1045,049960,2021,KOSDAQ,248,248,248,0,0,0,0
1045,049960,2022,KOSDAQ,246,246,246,0,0,0,0
1045,049960,2023,KOSDAQ,245,245,245,0,0,0,0
1045,049960,2024,KOSDAQ,244,244,244,0,0,0,0
1045,049960,2025,KOSDAQ,242,242,242,0,0,0,0
1045,049960,2026,KOSDAQ,166,166,166,0,0,0,0
1046,050090,2013,KOSDAQ,247,247,247,0,0,0,0
1046,050090,2014,KOSDAQ,245,245,245,0,0,0,0
1046,050090,2015,KOSDAQ,248,248,248,0,0,0,0
1046,050090,2016,KOSDAQ,246,246,246,0,0,0,0
1046,050090,2017,KOSDAQ,243,243,243,0,0,0,0
1046,050090,2018,KOSDAQ,244,244,244,0,0,0,0
1046,050090,2019,KOSDAQ,246,246,246,0,0,0,0
1046,050090,2020,KOSDAQ,248,248,248,0,0,0,0
1046,050090,2021,KOSDAQ,248,248,248,0,0,0,0
1046,050090,2022,KOSDAQ,246,246,246,0,0,0,0
1046,050090,2023,KOSDAQ,245,245,245,0,0,0,0
1046,050090,2024,KOSDAQ,244,244,244,0,0,0,0
1046,050090,2025,KOSDAQ,242,242,242,0,0,0,0
1046,050090,2026,KOSDAQ,166,166,166,0,0,0,0
1047,050110,2013,KOSDAQ,247,247,247,0,0,0,0
1047,050110,2014,KOSDAQ,245,245,245,0,0,0,0
1047,050110,2015,KOSDAQ,248,248,248,0,0,0,0
1047,050110,2016,KOSDAQ,246,246,245,0,0,1,0
1047,050110,2017,KOSDAQ,243,243,243,0,0,0,0
1047,050110,2018,KOSDAQ,244,244,244,0,0,0,0
1047,050110,2019,KOSDAQ,246,246,246,0,0,0,0
1047,050110,2020,KOSDAQ,248,248,248,0,0,0,0
1047,050110,2021,KOSDAQ,248,248,248,0,0,0,0
1047,050110,2022,KOSDAQ,246,246,246,0,0,0,0
1047,050110,2023,KOSDAQ,245,245,245,0,0,0,0
1047,050110,2024,KOSDAQ,244,244,244,0,0,0,0
1047,050110,2025,KOSDAQ,242,242,242,0,0,0,0
1047,050110,2026,KOSDAQ,166,166,165,0,0,1,0
1048,050120,2013,KOSDAQ,247,247,247,0,0,0,0
1048,050120,2014,KOSDAQ,245,245,245,0,0,0,0
1048,050120,2015,KOSDAQ,248,248,248,0,0,0,0
1048,050120,2016,KOSDAQ,246,246,246,0,0,0,0
1048,050120,2017,KOSDAQ,243,243,243,0,0,0,0
1048,050120,2018,KOSDAQ,244,244,244,0,0,0,0
1048,050120,2019,KOSDAQ,246,246,246,0,0,0,0
1048,050120,2020,KOSDAQ,248,248,248,0,0,0,0
1048,050120,2021,KOSDAQ,248,248,248,0,0,0,0
1048,050120,2022,KOSDAQ,246,246,246,0,0,0,0
1048,050120,2023,KOSDAQ,245,245,245,0,0,0,0
1048,050120,2024,KOSDAQ,244,244,244,0,0,0,0
1048,050120,2025,KOSDAQ,242,242,242,0,0,0,0
1048,050120,2026,KOSDAQ,166,166,166,0,0,0,0
1049,050760,2013,KOSDAQ,247,247,247,0,0,0,0
1049,050760,2014,KOSDAQ,245,245,245,0,0,0,0
1049,050760,2015,KOSDAQ,248,248,248,0,0,0,0
1049,050760,2016,KOSDAQ,246,246,246,0,0,0,0
1049,050760,2017,KOSDAQ,243,243,243,0,0,0,0
1049,050760,2018,KOSDAQ,244,244,244,0,0,0,0
1049,050760,2019,KOSDAQ,246,246,246,0,0,0,0
1049,050760,2020,KOSDAQ,248,248,248,0,0,0,0
1049,050760,2021,KOSDAQ,248,248,248,0,0,0,0
1049,050760,2022,KOSDAQ,246,246,246,0,0,0,0
1049,050760,2023,KOSDAQ,245,245,245,0,0,0,0
1049,050760,2024,KOSDAQ,244,244,244,0,0,0,0
1049,050760,2025,KOSDAQ,242,242,242,0,0,0,0
1049,050760,2026,KOSDAQ,166,166,166,0,0,0,0
1050,050860,2013,KOSDAQ,247,247,247,0,0,0,0
1050,050860,2014,KOSDAQ,245,245,245,0,0,0,0
1050,050860,2015,KOSDAQ,248,248,248,0,0,0,0
1050,050860,2016,KOSDAQ,246,246,246,0,0,0,0
1050,050860,2017,KOSDAQ,243,243,243,0,0,0,0
1050,050860,2018,KOSDAQ,244,244,244,0,0,0,0
1050,050860,2019,KOSDAQ,246,246,246,0,0,0,0
1050,050860,2020,KOSDAQ,248,248,248,0,0,0,0
1050,050860,2021,KOSDAQ,248,248,248,0,0,0,0
1050,050860,2022,KOSDAQ,246,246,246,0,0,0,0
1050,050860,2023,KOSDAQ,245,245,245,0,0,0,0
1050,050860,2024,KOSDAQ,244,244,244,0,0,0,0
1050,050860,2025,KOSDAQ,242,242,242,0,0,0,0
1050,050860,2026,KOSDAQ,166,166,166,0,0,0,0
1051,050890,2013,KOSDAQ,247,247,247,0,0,0,0
1051,050890,2014,KOSDAQ,245,245,245,0,0,0,0
1051,050890,2015,KOSDAQ,248,248,248,0,0,0,0
1051,050890,2016,KOSDAQ,246,246,245,0,0,1,0
1051,050890,2017,KOSDAQ,243,243,243,0,0,0,0
1051,050890,2018,KOSDAQ,244,244,244,0,0,0,0
1051,050890,2019,KOSDAQ,246,246,246,0,0,0,0
1051,050890,2020,KOSDAQ,248,248,248,0,0,0,0
1051,050890,2021,KOSDAQ,248,248,248,0,0,0,0
1051,050890,2022,KOSDAQ,246,246,246,0,0,0,0
1051,050890,2023,KOSDAQ,245,245,245,0,0,0,0
1051,050890,2024,KOSDAQ,244,244,244,0,0,0,0
1051,050890,2025,KOSDAQ,242,242,242,0,0,0,0
1051,050890,2026,KOSDAQ,166,166,166,0,0,0,0
1052,050960,2016,KOSDAQ,58,58,58,0,0,0,0
1052,050960,2017,KOSDAQ,243,243,243,0,0,0,0
1052,050960,2018,KOSDAQ,244,244,244,0,0,0,0
1052,050960,2019,KOSDAQ,246,246,246,0,0,0,0
1052,050960,2020,KOSDAQ,248,248,248,0,0,0,0
1052,050960,2021,KOSDAQ,248,248,248,0,0,0,0
1052,050960,2022,KOSDAQ,246,246,246,0,0,0,0
1052,050960,2023,KOSDAQ,245,245,245,0,0,0,0
1052,050960,2024,KOSDAQ,244,244,244,0,0,0,0
1052,050960,2025,KOSDAQ,242,242,242,0,0,0,0
1052,050960,2026,KOSDAQ,166,166,166,0,0,0,0
1053,051160,2013,KOSDAQ,247,247,247,0,0,0,0
1053,051160,2014,KOSDAQ,245,245,245,0,0,0,0
1053,051160,2015,KOSDAQ,248,248,248,0,0,0,0
1053,051160,2016,KOSDAQ,246,246,246,0,0,0,0
1053,051160,2017,KOSDAQ,243,243,243,0,0,0,0
1053,051160,2018,KOSDAQ,244,244,244,0,0,0,0
1053,051160,2019,KOSDAQ,246,246,246,0,0,0,0
1053,051160,2020,KOSDAQ,248,248,248,0,0,0,0
1053,051160,2021,KOSDAQ,248,248,248,0,0,0,0
1053,051160,2022,KOSDAQ,246,246,246,0,0,0,0
1053,051160,2023,KOSDAQ,245,245,245,0,0,0,0
1053,051160,2024,KOSDAQ,244,244,244,0,0,0,0
1053,051160,2025,KOSDAQ,242,242,242,0,0,0,0
1053,051160,2026,KOSDAQ,166,166,166,0,0,0,0
1054,051360,2013,KOSDAQ,247,247,247,0,0,0,0
1054,051360,2014,KOSDAQ,245,245,245,0,0,0,0
1054,051360,2015,KOSDAQ,248,248,248,0,0,0,0
1054,051360,2016,KOSDAQ,246,246,246,0,0,0,0
1054,051360,2017,KOSDAQ,243,243,243,0,0,0,0
1054,051360,2018,KOSDAQ,244,244,244,0,0,0,0
1054,051360,2019,KOSDAQ,246,246,246,0,0,0,0
1054,051360,2020,KOSDAQ,248,248,248,0,0,0,0
1054,051360,2021,KOSDAQ,248,248,248,0,0,0,0
1054,051360,2022,KOSDAQ,246,246,246,0,0,0,0
1054,051360,2023,KOSDAQ,245,245,245,0,0,0,0
1054,051360,2024,KOSDAQ,244,244,244,0,0,0,0
1054,051360,2025,KOSDAQ,242,242,242,0,0,0,0
1054,051360,2026,KOSDAQ,166,166,166,0,0,0,0
1055,051370,2013,KOSDAQ,247,247,247,0,0,0,0
1055,051370,2014,KOSDAQ,245,245,245,0,0,0,0
1055,051370,2015,KOSDAQ,248,248,248,0,0,0,0
1055,051370,2016,KOSDAQ,246,246,246,0,0,0,0
1055,051370,2017,KOSDAQ,243,243,243,0,0,0,0
1055,051370,2018,KOSDAQ,244,244,244,0,0,0,0
1055,051370,2019,KOSDAQ,246,246,246,0,0,0,0
1055,051370,2020,KOSDAQ,248,248,248,0,0,0,0
1055,051370,2021,KOSDAQ,248,248,248,0,0,0,0
1055,051370,2022,KOSDAQ,246,246,246,0,0,0,0
1055,051370,2023,KOSDAQ,245,245,245,0,0,0,0
1055,051370,2024,KOSDAQ,244,244,244,0,0,0,0
1055,051370,2025,KOSDAQ,242,242,242,0,0,0,0
1055,051370,2026,KOSDAQ,166,166,166,0,0,0,0
1056,051380,2013,KOSDAQ,247,247,247,0,0,0,0
1056,051380,2014,KOSDAQ,245,245,245,0,0,0,0
1056,051380,2015,KOSDAQ,248,248,248,0,0,0,0
1056,051380,2016,KOSDAQ,246,246,246,0,0,0,0
1056,051380,2017,KOSDAQ,243,243,243,0,0,0,0
1056,051380,2018,KOSDAQ,244,244,244,0,0,0,0
1056,051380,2019,KOSDAQ,246,246,246,0,0,0,0
1056,051380,2020,KOSDAQ,248,248,248,0,0,0,0
1056,051380,2021,KOSDAQ,248,248,248,0,0,0,0
1056,051380,2022,KOSDAQ,246,246,246,0,0,0,0
1056,051380,2023,KOSDAQ,245,245,245,0,0,0,0
1056,051380,2024,KOSDAQ,244,244,244,0,0,0,0
1056,051380,2025,KOSDAQ,242,242,242,0,0,0,0
1056,051380,2026,KOSDAQ,166,166,166,0,0,0,0
1057,051390,2013,KOSDAQ,247,247,247,0,0,0,0
1057,051390,2014,KOSDAQ,245,245,245,0,0,0,0
1057,051390,2015,KOSDAQ,248,248,248,0,0,0,0
1057,051390,2016,KOSDAQ,246,246,246,0,0,0,0
1057,051390,2017,KOSDAQ,243,243,243,0,0,0,0
1057,051390,2018,KOSDAQ,244,244,244,0,0,0,0
1057,051390,2019,KOSDAQ,246,246,246,0,0,0,0
1057,051390,2020,KOSDAQ,248,248,248,0,0,0,0
1057,051390,2021,KOSDAQ,248,248,248,0,0,0,0
1057,051390,2022,KOSDAQ,246,246,246,0,0,0,0
1057,051390,2023,KOSDAQ,245,245,245,0,0,0,0
1057,051390,2024,KOSDAQ,244,244,244,0,0,0,0
1057,051390,2025,KOSDAQ,242,242,242,0,0,0,0
1057,051390,2026,KOSDAQ,166,166,166,0,0,0,0
1058,051490,2013,KOSDAQ,247,247,247,0,0,0,0
1058,051490,2014,KOSDAQ,245,245,245,0,0,0,0
1058,051490,2015,KOSDAQ,248,248,248,0,0,0,0
1058,051490,2016,KOSDAQ,246,246,246,0,0,0,0
1058,051490,2017,KOSDAQ,243,243,243,0,0,0,0
1058,051490,2018,KOSDAQ,244,244,244,0,0,0,0
1058,051490,2019,KOSDAQ,246,246,246,0,0,0,0
1058,051490,2020,KOSDAQ,248,248,248,0,0,0,0
1058,051490,2021,KOSDAQ,248,248,248,0,0,0,0
1058,051490,2022,KOSDAQ,246,246,246,0,0,0,0
1058,051490,2023,KOSDAQ,245,245,245,0,0,0,0
1058,051490,2024,KOSDAQ,244,244,244,0,0,0,0
1058,051490,2025,KOSDAQ,242,242,242,0,0,0,0
1058,051490,2026,KOSDAQ,166,166,166,0,0,0,0
1059,051500,2013,KOSDAQ,247,247,247,0,0,0,0
1059,051500,2014,KOSDAQ,245,245,245,0,0,0,0
1059,051500,2015,KOSDAQ,248,248,248,0,0,0,0
1059,051500,2016,KOSDAQ,246,246,246,0,0,0,0
1059,051500,2017,KOSDAQ,243,243,243,0,0,0,0
1059,051500,2018,KOSDAQ,244,244,244,0,0,0,0
1059,051500,2019,KOSDAQ,246,246,246,0,0,0,0
1059,051500,2020,KOSDAQ,248,248,248,0,0,0,0
1059,051500,2021,KOSDAQ,248,248,248,0,0,0,0
1059,051500,2022,KOSDAQ,246,246,246,0,0,0,0
1059,051500,2023,KOSDAQ,245,245,245,0,0,0,0
1059,051500,2024,KOSDAQ,244,244,244,0,0,0,0
1059,051500,2025,KOSDAQ,242,242,242,0,0,0,0
1059,051500,2026,KOSDAQ,166,166,166,0,0,0,0
1060,051600,2013,KOSPI,247,247,247,0,0,0,0
1060,051600,2014,KOSPI,245,245,245,0,0,0,0
1060,051600,2015,KOSPI,248,248,248,0,0,0,0
1060,051600,2016,KOSPI,246,246,246,0,0,0,0
1060,051600,2017,KOSPI,243,243,243,0,0,0,0
1060,051600,2018,KOSPI,244,244,244,0,0,0,0
1060,051600,2019,KOSPI,246,246,246,0,0,0,0
1060,051600,2020,KOSPI,248,248,248,0,0,0,0
1060,051600,2021,KOSPI,248,248,248,0,0,0,0
1060,051600,2022,KOSPI,246,246,246,0,0,0,0
1060,051600,2023,KOSPI,245,245,245,0,0,0,0
1060,051600,2024,KOSPI,244,244,244,0,0,0,0
1060,051600,2025,KOSPI,242,242,242,0,0,0,0
1060,051600,2026,KOSPI,166,166,166,0,0,0,0
1061,051630,2013,KOSPI,247,247,247,0,0,0,0
1061,051630,2014,KOSPI,245,245,245,0,0,0,0
1061,051630,2015,KOSPI,248,248,248,0,0,0,0
1061,051630,2016,KOSPI,246,246,246,0,0,0,0
1061,051630,2017,KOSPI,243,243,243,0,0,0,0
1061,051630,2018,KOSPI,244,244,244,0,0,0,0
1061,051630,2019,KOSPI,246,246,246,0,0,0,0
1061,051630,2020,KOSPI,248,248,248,0,0,0,0
1061,051630,2021,KOSPI,248,248,248,0,0,0,0
1061,051630,2022,KOSPI,246,246,246,0,0,0,0
1061,051630,2023,KOSPI,245,245,245,0,0,0,0
1061,051630,2024,KOSPI,244,244,244,0,0,0,0
1061,051630,2025,KOSPI,242,242,242,0,0,0,0
1061,051630,2026,KOSPI,166,166,166,0,0,0,0
1062,051780,2013,KOSDAQ,247,247,247,0,0,0,0
1062,051780,2014,KOSDAQ,245,245,245,0,0,0,0
1062,051780,2015,KOSDAQ,248,248,248,0,0,0,0
1062,051780,2016,KOSDAQ,246,246,246,0,0,0,0
1062,051780,2017,KOSDAQ,243,243,243,0,0,0,0
1062,051780,2018,KOSDAQ,244,244,244,0,0,0,0
1062,051780,2019,KOSDAQ,246,246,246,0,0,0,0
1062,051780,2020,KOSDAQ,248,248,248,0,0,0,0
1062,051780,2021,KOSDAQ,248,248,248,0,0,0,0
1062,051780,2022,KOSDAQ,246,246,246,0,0,0,0
1062,051780,2023,KOSDAQ,245,245,245,0,0,0,0
1062,051780,2024,KOSDAQ,244,244,244,0,0,0,0
1062,051780,2025,KOSDAQ,242,242,242,0,0,0,0
1062,051780,2026,KOSDAQ,166,166,166,0,0,0,0
1063,051900,2013,KOSPI,247,247,247,0,0,0,0
1063,051900,2014,KOSPI,245,245,245,0,0,0,0
1063,051900,2015,KOSPI,248,248,248,0,0,0,0
1063,051900,2016,KOSPI,246,246,246,0,0,0,0
1063,051900,2017,KOSPI,243,243,243,0,0,0,0
1063,051900,2018,KOSPI,244,244,244,0,0,0,0
1063,051900,2019,KOSPI,246,246,246,0,0,0,0
1063,051900,2020,KOSPI,248,248,248,0,0,0,0
1063,051900,2021,KOSPI,248,248,248,0,0,0,0
1063,051900,2022,KOSPI,246,246,246,0,0,0,0
1063,051900,2023,KOSPI,245,245,245,0,0,0,0
1063,051900,2024,KOSPI,244,244,244,0,0,0,0
1063,051900,2025,KOSPI,242,242,242,0,0,0,0
1063,051900,2026,KOSPI,166,166,166,0,0,0,0
1065,051910,2013,KOSPI,247,247,247,0,0,0,0
1065,051910,2014,KOSPI,245,245,245,0,0,0,0
1065,051910,2015,KOSPI,248,248,248,0,0,0,0
1065,051910,2016,KOSPI,246,246,246,0,0,0,0
1065,051910,2017,KOSPI,243,243,243,0,0,0,0
1065,051910,2018,KOSPI,244,244,244,0,0,0,0
1065,051910,2019,KOSPI,246,246,246,0,0,0,0
1065,051910,2020,KOSPI,248,248,248,0,0,0,0
1065,051910,2021,KOSPI,248,248,248,0,0,0,0
1065,051910,2022,KOSPI,246,246,246,0,0,0,0
1065,051910,2023,KOSPI,245,245,245,0,0,0,0
1065,051910,2024,KOSPI,244,244,244,0,0,0,0
1065,051910,2025,KOSPI,242,242,242,0,0,0,0
1065,051910,2026,KOSPI,166,166,166,0,0,0,0
1067,051980,2013,KOSDAQ,247,247,247,0,0,0,0
1067,051980,2014,KOSDAQ,245,245,245,0,0,0,0
1067,051980,2015,KOSDAQ,248,248,248,0,0,0,0
1067,051980,2016,KOSDAQ,246,246,246,0,0,0,0
1067,051980,2017,KOSDAQ,243,243,243,0,0,0,0
1067,051980,2018,KOSDAQ,244,244,244,0,0,0,0
1067,051980,2019,KOSDAQ,246,246,246,0,0,0,0
1067,051980,2020,KOSDAQ,248,248,248,0,0,0,0
1067,051980,2021,KOSDAQ,248,248,247,0,0,1,0
1067,051980,2022,KOSDAQ,246,246,246,0,0,0,0
1067,051980,2023,KOSDAQ,245,245,245,0,0,0,0
1067,051980,2024,KOSDAQ,244,244,244,0,0,0,0
1067,051980,2025,KOSDAQ,242,242,242,0,0,0,0
1067,051980,2026,KOSDAQ,166,166,166,0,0,0,0
1068,052020,2013,KOSDAQ,247,247,247,0,0,0,0
1068,052020,2014,KOSDAQ,245,245,245,0,0,0,0
1068,052020,2015,KOSDAQ,248,248,248,0,0,0,0
1068,052020,2016,KOSDAQ,246,246,246,0,0,0,0
1068,052020,2017,KOSDAQ,243,243,243,0,0,0,0
1068,052020,2018,KOSDAQ,244,244,243,0,0,1,0
1068,052020,2019,KOSDAQ,246,246,246,0,0,0,0
1068,052020,2020,KOSDAQ,248,248,248,0,0,0,0
1068,052020,2021,KOSDAQ,248,248,248,0,0,0,0
1068,052020,2022,KOSDAQ,246,246,246,0,0,0,0
1068,052020,2023,KOSDAQ,245,245,245,0,0,0,0
1068,052020,2024,KOSDAQ,244,244,244,0,0,0,0
1068,052020,2025,KOSDAQ,242,242,242,0,0,0,0
1068,052020,2026,KOSDAQ,166,166,166,0,0,0,0
1069,052220,2013,KOSDAQ,247,247,247,0,0,0,0
1069,052220,2014,KOSDAQ,245,245,245,0,0,0,0
1069,052220,2015,KOSDAQ,248,248,248,0,0,0,0
1069,052220,2016,KOSDAQ,246,246,246,0,0,0,0
1069,052220,2017,KOSDAQ,243,243,243,0,0,0,0
1069,052220,2018,KOSDAQ,244,244,244,0,0,0,0
1069,052220,2019,KOSDAQ,246,246,246,0,0,0,0
1069,052220,2020,KOSDAQ,248,248,248,0,0,0,0
1069,052220,2021,KOSDAQ,248,248,248,0,0,0,0
1069,052220,2022,KOSDAQ,246,246,246,0,0,0,0
1069,052220,2023,KOSDAQ,245,245,245,0,0,0,0
1069,052220,2024,KOSDAQ,244,244,244,0,0,0,0
1069,052220,2025,KOSDAQ,242,242,242,0,0,0,0
1069,052220,2026,KOSDAQ,166,166,166,0,0,0,0
1070,052260,2013,KOSDAQ,247,247,247,0,0,0,0
1070,052260,2014,KOSDAQ,245,245,245,0,0,0,0
1070,052260,2015,KOSDAQ,248,248,248,0,0,0,0
1070,052260,2016,KOSDAQ,246,246,246,0,0,0,0
1070,052260,2017,KOSDAQ,243,243,243,0,0,0,0
1070,052260,2018,KOSDAQ,244,244,244,0,0,0,0
1070,052260,2019,KOSDAQ,246,246,246,0,0,0,0
1070,052260,2020,KOSDAQ,248,248,248,0,0,0,0
1070,052260,2021,KOSDAQ,248,248,248,0,0,0,0
1070,052260,2022,KOSDAQ,246,246,246,0,0,0,0
1070,052260,2023,KOSDAQ,245,245,245,0,0,0,0
1070,052260,2024,KOSDAQ,244,244,244,0,0,0,0
1070,052260,2025,KOSDAQ,242,242,242,0,0,0,0
1070,052260,2026,KOSDAQ,166,166,166,0,0,0,0
1071,052300,2013,KOSDAQ,247,247,247,0,0,0,0
1071,052300,2014,KOSDAQ,245,245,245,0,0,0,0
1071,052300,2015,KOSDAQ,248,248,248,0,0,0,0
1071,052300,2016,KOSDAQ,246,246,246,0,0,0,0
1071,052300,2017,KOSDAQ,243,243,243,0,0,0,0
1071,052300,2018,KOSDAQ,244,244,244,0,0,0,0
1071,052300,2019,KOSDAQ,246,246,246,0,0,0,0
1071,052300,2020,KOSDAQ,248,248,248,0,0,0,0
1071,052300,2021,KOSDAQ,248,248,248,0,0,0,0
1071,052300,2022,KOSDAQ,246,246,246,0,0,0,0
1071,052300,2023,KOSDAQ,245,245,245,0,0,0,0
1071,052300,2024,KOSDAQ,244,244,244,0,0,0,0
1071,052300,2025,KOSDAQ,242,242,242,0,0,0,0
1071,052300,2026,KOSDAQ,166,166,166,0,0,0,0
1072,052330,2013,KOSDAQ,247,247,247,0,0,0,0
1072,052330,2014,KOSDAQ,245,245,245,0,0,0,0
1072,052330,2015,KOSDAQ,248,248,248,0,0,0,0
1072,052330,2016,KOSDAQ,246,246,246,0,0,0,0
1072,052330,2017,KOSDAQ,243,243,243,0,0,0,0
1072,052330,2018,KOSDAQ,244,244,244,0,0,0,0
1072,052330,2019,KOSDAQ,246,246,246,0,0,0,0
1072,052330,2020,KOSDAQ,248,248,248,0,0,0,0
1072,052330,2021,KOSDAQ,248,248,248,0,0,0,0
1072,052330,2022,KOSDAQ,246,246,246,0,0,0,0
1072,052330,2023,KOSDAQ,245,245,245,0,0,0,0
1072,052330,2024,KOSDAQ,244,244,244,0,0,0,0
1072,052330,2025,KOSDAQ,242,242,242,0,0,0,0
1072,052330,2026,KOSDAQ,166,166,166,0,0,0,0
1073,052400,2013,KOSDAQ,247,247,247,0,0,0,0
1073,052400,2014,KOSDAQ,245,245,245,0,0,0,0
1073,052400,2015,KOSDAQ,248,248,248,0,0,0,0
1073,052400,2016,KOSDAQ,246,246,246,0,0,0,0
1073,052400,2017,KOSDAQ,243,243,243,0,0,0,0
1073,052400,2018,KOSDAQ,244,244,244,0,0,0,0
1073,052400,2019,KOSDAQ,246,246,246,0,0,0,0
1073,052400,2020,KOSDAQ,248,248,248,0,0,0,0
1073,052400,2021,KOSDAQ,248,248,248,0,0,0,0
1073,052400,2022,KOSDAQ,246,246,246,0,0,0,0
1073,052400,2023,KOSDAQ,245,245,245,0,0,0,0
1073,052400,2024,KOSDAQ,244,244,244,0,0,0,0
1073,052400,2025,KOSDAQ,242,242,242,0,0,0,0
1073,052400,2026,KOSDAQ,166,166,166,0,0,0,0
1074,052420,2013,KOSDAQ,247,247,247,0,0,0,0
1074,052420,2014,KOSDAQ,245,245,245,0,0,0,0
1074,052420,2015,KOSDAQ,248,248,248,0,0,0,0
1074,052420,2016,KOSDAQ,246,246,246,0,0,0,0
1074,052420,2017,KOSDAQ,243,243,242,0,0,1,0
1074,052420,2018,KOSDAQ,244,244,244,0,0,0,0
1074,052420,2019,KOSDAQ,246,246,245,0,0,1,0
1074,052420,2020,KOSDAQ,248,248,248,0,0,0,0
1074,052420,2021,KOSDAQ,248,248,248,0,0,0,0
1074,052420,2022,KOSDAQ,246,246,246,0,0,0,0
1074,052420,2023,KOSDAQ,245,245,245,0,0,0,0
1074,052420,2024,KOSDAQ,244,244,244,0,0,0,0
1074,052420,2025,KOSDAQ,242,242,242,0,0,0,0
1074,052420,2026,KOSDAQ,166,166,166,0,0,0,0
1075,052460,2013,KOSDAQ,247,247,247,0,0,0,0
1075,052460,2014,KOSDAQ,245,245,245,0,0,0,0
1075,052460,2015,KOSDAQ,248,248,248,0,0,0,0
1075,052460,2016,KOSDAQ,246,246,246,0,0,0,0
1075,052460,2017,KOSDAQ,243,243,243,0,0,0,0
1075,052460,2018,KOSDAQ,244,244,244,0,0,0,0
1075,052460,2019,KOSDAQ,246,246,246,0,0,0,0
1075,052460,2020,KOSDAQ,248,248,248,0,0,0,0
1075,052460,2021,KOSDAQ,248,248,248,0,0,0,0
1075,052460,2022,KOSDAQ,246,246,246,0,0,0,0
1075,052460,2023,KOSDAQ,245,245,245,0,0,0,0
1075,052460,2024,KOSDAQ,244,244,244,0,0,0,0
1075,052460,2025,KOSDAQ,242,242,242,0,0,0,0
1075,052460,2026,KOSDAQ,166,166,166,0,0,0,0
1076,052600,2013,KOSDAQ,247,247,247,0,0,0,0
1076,052600,2014,KOSDAQ,245,245,245,0,0,0,0
1076,052600,2015,KOSDAQ,248,248,248,0,0,0,0
1076,052600,2016,KOSDAQ,246,246,246,0,0,0,0
1076,052600,2017,KOSDAQ,243,243,243,0,0,0,0
1076,052600,2018,KOSDAQ,244,244,244,0,0,0,0
1076,052600,2019,KOSDAQ,246,246,246,0,0,0,0
1076,052600,2020,KOSDAQ,248,248,248,0,0,0,0
1076,052600,2021,KOSDAQ,248,248,248,0,0,0,0
1076,052600,2022,KOSDAQ,246,246,246,0,0,0,0
1076,052600,2023,KOSDAQ,245,245,245,0,0,0,0
1076,052600,2024,KOSDAQ,244,244,244,0,0,0,0
1076,052600,2025,KOSDAQ,242,242,242,0,0,0,0
1076,052600,2026,KOSDAQ,166,166,166,0,0,0,0
1077,052690,2013,KOSPI,247,247,247,0,0,0,0
1077,052690,2014,KOSPI,245,245,245,0,0,0,0
1077,052690,2015,KOSPI,248,248,248,0,0,0,0
1077,052690,2016,KOSPI,246,246,246,0,0,0,0
1077,052690,2017,KOSPI,243,243,243,0,0,0,0
1077,052690,2018,KOSPI,244,244,244,0,0,0,0
1077,052690,2019,KOSPI,246,246,246,0,0,0,0
1077,052690,2020,KOSPI,248,248,248,0,0,0,0
1077,052690,2021,KOSPI,248,248,248,0,0,0,0
1077,052690,2022,KOSPI,246,246,246,0,0,0,0
1077,052690,2023,KOSPI,245,245,245,0,0,0,0
1077,052690,2024,KOSPI,244,244,244,0,0,0,0
1077,052690,2025,KOSPI,242,242,242,0,0,0,0
1077,052690,2026,KOSPI,166,166,166,0,0,0,0
1078,052710,2013,KOSDAQ,247,247,247,0,0,0,0
1078,052710,2014,KOSDAQ,245,245,245,0,0,0,0
1078,052710,2015,KOSDAQ,248,248,248,0,0,0,0
1078,052710,2016,KOSDAQ,246,246,246,0,0,0,0
1078,052710,2017,KOSDAQ,243,243,243,0,0,0,0
1078,052710,2018,KOSDAQ,244,244,244,0,0,0,0
1078,052710,2019,KOSDAQ,246,246,246,0,0,0,0
1078,052710,2020,KOSDAQ,248,248,248,0,0,0,0
1078,052710,2021,KOSDAQ,248,248,248,0,0,0,0
1078,052710,2022,KOSDAQ,246,246,246,0,0,0,0
1078,052710,2023,KOSDAQ,245,245,245,0,0,0,0
1078,052710,2024,KOSDAQ,244,244,244,0,0,0,0
1078,052710,2025,KOSDAQ,242,242,242,0,0,0,0
1078,052710,2026,KOSDAQ,166,166,166,0,0,0,0
1079,052770,2013,KOSDAQ,247,247,247,0,0,0,0
1079,052770,2014,KOSDAQ,245,245,245,0,0,0,0
1079,052770,2015,KOSDAQ,248,248,248,0,0,0,0
1079,052770,2016,KOSDAQ,246,246,246,0,0,0,0
1079,052770,2017,KOSDAQ,243,243,243,0,0,0,0
1079,052770,2018,KOSDAQ,244,244,244,0,0,0,0
1079,052770,2019,KOSDAQ,246,246,246,0,0,0,0
1079,052770,2020,KOSDAQ,248,248,248,0,0,0,0
1079,052770,2021,KOSDAQ,248,248,248,0,0,0,0
1079,052770,2022,KOSDAQ,246,246,246,0,0,0,0
1079,052770,2023,KOSDAQ,245,245,245,0,0,0,0
1079,052770,2024,KOSDAQ,244,244,244,0,0,0,0
1079,052770,2025,KOSDAQ,242,242,242,0,0,0,0
1079,052770,2026,KOSDAQ,166,166,166,0,0,0,0
1080,052790,2013,KOSDAQ,247,247,247,0,0,0,0
1080,052790,2014,KOSDAQ,245,245,245,0,0,0,0
1080,052790,2015,KOSDAQ,248,248,248,0,0,0,0
1080,052790,2016,KOSDAQ,246,246,246,0,0,0,0
1080,052790,2017,KOSDAQ,243,243,243,0,0,0,0
1080,052790,2018,KOSDAQ,244,244,244,0,0,0,0
1080,052790,2019,KOSDAQ,246,246,246,0,0,0,0
1080,052790,2020,KOSDAQ,248,248,248,0,0,0,0
1080,052790,2021,KOSDAQ,248,248,248,0,0,0,0
1080,052790,2022,KOSDAQ,246,246,246,0,0,0,0
1080,052790,2023,KOSDAQ,245,245,245,0,0,0,0
1080,052790,2024,KOSDAQ,244,244,244,0,0,0,0
1080,052790,2025,KOSDAQ,242,242,242,0,0,0,0
1080,052790,2026,KOSDAQ,166,166,166,0,0,0,0
1081,052860,2013,KOSDAQ,247,247,247,0,0,0,0
1081,052860,2014,KOSDAQ,245,245,245,0,0,0,0
1081,052860,2015,KOSDAQ,248,248,248,0,0,0,0
1081,052860,2016,KOSDAQ,246,246,246,0,0,0,0
1081,052860,2017,KOSDAQ,243,243,243,0,0,0,0
1081,052860,2018,KOSDAQ,244,244,244,0,0,0,0
1081,052860,2019,KOSDAQ,246,246,246,0,0,0,0
1081,052860,2020,KOSDAQ,248,248,248,0,0,0,0
1081,052860,2021,KOSDAQ,248,248,248,0,0,0,0
1081,052860,2022,KOSDAQ,246,246,246,0,0,0,0
1081,052860,2023,KOSDAQ,245,245,245,0,0,0,0
1081,052860,2024,KOSDAQ,244,244,244,0,0,0,0
1081,052860,2025,KOSDAQ,242,242,242,0,0,0,0
1081,052860,2026,KOSDAQ,166,166,166,0,0,0,0
1082,052900,2013,KOSDAQ,247,247,247,0,0,0,0
1082,052900,2014,KOSDAQ,245,245,245,0,0,0,0
1082,052900,2015,KOSDAQ,248,248,248,0,0,0,0
1082,052900,2016,KOSDAQ,246,246,246,0,0,0,0
1082,052900,2017,KOSDAQ,243,243,243,0,0,0,0
1082,052900,2018,KOSDAQ,244,244,244,0,0,0,0
1082,052900,2019,KOSDAQ,246,246,246,0,0,0,0
1082,052900,2020,KOSDAQ,248,248,248,0,0,0,0
1082,052900,2021,KOSDAQ,248,248,248,0,0,0,0
1082,052900,2022,KOSDAQ,246,246,246,0,0,0,0
1082,052900,2023,KOSDAQ,245,245,245,0,0,0,0
1082,052900,2024,KOSDAQ,244,244,244,0,0,0,0
1082,052900,2025,KOSDAQ,242,242,242,0,0,0,0
1082,052900,2026,KOSDAQ,166,166,166,0,0,0,0
1083,053030,2013,KOSDAQ,247,247,247,0,0,0,0
1083,053030,2014,KOSDAQ,245,245,245,0,0,0,0
1083,053030,2015,KOSDAQ,248,248,248,0,0,0,0
1083,053030,2016,KOSDAQ,246,246,246,0,0,0,0
1083,053030,2017,KOSDAQ,243,243,243,0,0,0,0
1083,053030,2018,KOSDAQ,244,244,244,0,0,0,0
1083,053030,2019,KOSDAQ,246,246,246,0,0,0,0
1083,053030,2020,KOSDAQ,248,248,248,0,0,0,0
1083,053030,2021,KOSDAQ,248,248,248,0,0,0,0
1083,053030,2022,KOSDAQ,246,246,246,0,0,0,0
1083,053030,2023,KOSDAQ,245,245,245,0,0,0,0
1083,053030,2024,KOSDAQ,244,244,244,0,0,0,0
1083,053030,2025,KOSDAQ,242,242,242,0,0,0,0
1083,053030,2026,KOSDAQ,166,166,166,0,0,0,0
1084,053050,2013,KOSDAQ,247,247,247,0,0,0,0
1084,053050,2014,KOSDAQ,245,245,245,0,0,0,0
1084,053050,2015,KOSDAQ,248,248,248,0,0,0,0
1084,053050,2016,KOSDAQ,246,246,246,0,0,0,0
1084,053050,2017,KOSDAQ,243,243,243,0,0,0,0
1084,053050,2018,KOSDAQ,244,244,244,0,0,0,0
1084,053050,2019,KOSDAQ,246,246,246,0,0,0,0
1084,053050,2020,KOSDAQ,248,248,248,0,0,0,0
1084,053050,2021,KOSDAQ,248,248,248,0,0,0,0
1084,053050,2022,KOSDAQ,246,246,246,0,0,0,0
1084,053050,2023,KOSDAQ,245,245,245,0,0,0,0
1084,053050,2024,KOSDAQ,244,244,244,0,0,0,0
1084,053050,2025,KOSDAQ,242,242,242,0,0,0,0
1084,053050,2026,KOSDAQ,166,166,166,0,0,0,0
1085,053060,2013,KOSDAQ,247,247,247,0,0,0,0
1085,053060,2014,KOSDAQ,245,245,245,0,0,0,0
1085,053060,2015,KOSDAQ,248,248,248,0,0,0,0
1085,053060,2016,KOSDAQ,246,246,245,0,0,1,0
1085,053060,2017,KOSDAQ,243,243,243,0,0,0,0
1085,053060,2018,KOSDAQ,244,244,244,0,0,0,0
1085,053060,2019,KOSDAQ,246,246,246,0,0,0,0
1085,053060,2020,KOSDAQ,248,248,248,0,0,0,0
1085,053060,2021,KOSDAQ,248,248,248,0,0,0,0
1085,053060,2022,KOSDAQ,246,246,246,0,0,0,0
1085,053060,2023,KOSDAQ,245,245,245,0,0,0,0
1085,053060,2024,KOSDAQ,244,244,244,0,0,0,0
1085,053060,2025,KOSDAQ,242,242,242,0,0,0,0
1085,053060,2026,KOSDAQ,166,166,166,0,0,0,0
1086,053080,2020,KOSDAQ,65,65,65,0,0,0,0
1086,053080,2021,KOSDAQ,248,248,248,0,0,0,0
1086,053080,2022,KOSDAQ,246,246,246,0,0,0,0
1086,053080,2023,KOSDAQ,245,245,245,0,0,0,0
1086,053080,2024,KOSDAQ,244,244,244,0,0,0,0
1086,053080,2025,KOSDAQ,242,242,242,0,0,0,0
1086,053080,2026,KOSDAQ,166,166,166,0,0,0,0
1087,053160,2013,KOSDAQ,247,247,247,0,0,0,0
1087,053160,2014,KOSDAQ,245,245,245,0,0,0,0
1087,053160,2015,KOSDAQ,248,248,248,0,0,0,0
1087,053160,2016,KOSDAQ,246,246,246,0,0,0,0
1087,053160,2017,KOSDAQ,243,243,243,0,0,0,0
1087,053160,2018,KOSDAQ,244,244,244,0,0,0,0
1087,053160,2019,KOSDAQ,246,246,246,0,0,0,0
1087,053160,2020,KOSDAQ,248,248,248,0,0,0,0
1087,053160,2021,KOSDAQ,248,248,248,0,0,0,0
1087,053160,2022,KOSDAQ,246,246,246,0,0,0,0
1087,053160,2023,KOSDAQ,245,245,245,0,0,0,0
1087,053160,2024,KOSDAQ,244,244,244,0,0,0,0
1087,053160,2025,KOSDAQ,242,242,242,0,0,0,0
1087,053160,2026,KOSDAQ,166,166,166,0,0,0,0
1088,053210,2013,KOSPI,247,247,247,0,0,0,0
1088,053210,2014,KOSPI,245,245,245,0,0,0,0
1088,053210,2015,KOSPI,248,248,248,0,0,0,0
1088,053210,2016,KOSPI,246,246,246,0,0,0,0
1088,053210,2017,KOSPI,243,243,243,0,0,0,0
1088,053210,2018,KOSPI,244,244,244,0,0,0,0
1088,053210,2019,KOSPI,246,246,246,0,0,0,0
1088,053210,2020,KOSPI,248,248,248,0,0,0,0
1088,053210,2021,KOSPI,248,248,248,0,0,0,0
1088,053210,2022,KOSPI,246,246,246,0,0,0,0
1088,053210,2023,KOSPI,245,245,245,0,0,0,0
1088,053210,2024,KOSPI,244,244,244,0,0,0,0
1088,053210,2025,KOSPI,242,242,242,0,0,0,0
1088,053210,2026,KOSPI,166,166,166,0,0,0,0
1089,053260,2013,KOSDAQ,247,247,247,0,0,0,0
1089,053260,2014,KOSDAQ,245,245,245,0,0,0,0
1089,053260,2015,KOSDAQ,248,248,248,0,0,0,0
1089,053260,2016,KOSDAQ,246,246,246,0,0,0,0
1089,053260,2017,KOSDAQ,243,243,243,0,0,0,0
1089,053260,2018,KOSDAQ,244,244,244,0,0,0,0
1089,053260,2019,KOSDAQ,246,246,246,0,0,0,0
1089,053260,2020,KOSDAQ,248,248,248,0,0,0,0
1089,053260,2021,KOSDAQ,248,248,248,0,0,0,0
1089,053260,2022,KOSDAQ,246,246,246,0,0,0,0
1089,053260,2023,KOSDAQ,245,245,245,0,0,0,0
1089,053260,2024,KOSDAQ,244,244,244,0,0,0,0
1089,053260,2025,KOSDAQ,242,242,242,0,0,0,0
1089,053260,2026,KOSDAQ,166,166,166,0,0,0,0
1090,053270,2013,KOSDAQ,247,247,247,0,0,0,0
1090,053270,2014,KOSDAQ,245,245,245,0,0,0,0
1090,053270,2015,KOSDAQ,248,248,248,0,0,0,0
1090,053270,2016,KOSDAQ,246,246,246,0,0,0,0
1090,053270,2017,KOSDAQ,243,243,243,0,0,0,0
1090,053270,2018,KOSDAQ,244,244,244,0,0,0,0
1090,053270,2019,KOSDAQ,246,246,246,0,0,0,0
1090,053270,2020,KOSDAQ,248,248,248,0,0,0,0
1090,053270,2021,KOSDAQ,248,248,248,0,0,0,0
1090,053270,2022,KOSDAQ,246,246,246,0,0,0,0
1090,053270,2023,KOSDAQ,245,245,245,0,0,0,0
1090,053270,2024,KOSDAQ,244,244,244,0,0,0,0
1090,053270,2025,KOSDAQ,242,242,242,0,0,0,0
1090,053270,2026,KOSDAQ,166,166,166,0,0,0,0
1091,053280,2013,KOSDAQ,247,247,247,0,0,0,0
1091,053280,2014,KOSDAQ,245,245,245,0,0,0,0
1091,053280,2015,KOSDAQ,248,248,248,0,0,0,0
1091,053280,2016,KOSDAQ,246,246,246,0,0,0,0
1091,053280,2017,KOSDAQ,243,243,243,0,0,0,0
1091,053280,2018,KOSDAQ,244,244,244,0,0,0,0
1091,053280,2019,KOSDAQ,246,246,245,0,0,1,0
1091,053280,2020,KOSDAQ,248,248,248,0,0,0,0
1091,053280,2021,KOSDAQ,248,248,248,0,0,0,0
1091,053280,2022,KOSDAQ,246,246,246,0,0,0,0
1091,053280,2023,KOSDAQ,245,245,245,0,0,0,0
1091,053280,2024,KOSDAQ,244,244,244,0,0,0,0
1091,053280,2025,KOSDAQ,242,242,242,0,0,0,0
1091,053280,2026,KOSDAQ,166,166,166,0,0,0,0
1092,053290,2013,KOSDAQ,247,247,247,0,0,0,0
1092,053290,2014,KOSDAQ,245,245,245,0,0,0,0
1092,053290,2015,KOSDAQ,248,248,248,0,0,0,0
1092,053290,2016,KOSDAQ,246,246,246,0,0,0,0
1092,053290,2017,KOSDAQ,243,243,243,0,0,0,0
1092,053290,2018,KOSDAQ,244,244,244,0,0,0,0
1092,053290,2019,KOSDAQ,246,246,246,0,0,0,0
1092,053290,2020,KOSDAQ,248,248,248,0,0,0,0
1092,053290,2021,KOSDAQ,248,248,248,0,0,0,0
1092,053290,2022,KOSDAQ,246,246,246,0,0,0,0
1092,053290,2023,KOSDAQ,245,245,245,0,0,0,0
1092,053290,2024,KOSDAQ,244,244,244,0,0,0,0
1092,053290,2025,KOSDAQ,242,242,242,0,0,0,0
1092,053290,2026,KOSDAQ,166,166,166,0,0,0,0
1093,053300,2014,KOSDAQ,224,224,224,0,0,0,0
1093,053300,2015,KOSDAQ,248,248,248,0,0,0,0
1093,053300,2016,KOSDAQ,246,246,246,0,0,0,0
1093,053300,2017,KOSDAQ,243,243,243,0,0,0,0
1093,053300,2018,KOSDAQ,244,244,244,0,0,0,0
1093,053300,2019,KOSDAQ,246,246,246,0,0,0,0
1093,053300,2020,KOSDAQ,248,248,248,0,0,0,0
1093,053300,2021,KOSDAQ,248,248,248,0,0,0,0
1093,053300,2022,KOSDAQ,246,246,246,0,0,0,0
1093,053300,2023,KOSDAQ,245,245,245,0,0,0,0
1093,053300,2024,KOSDAQ,244,244,244,0,0,0,0
1093,053300,2025,KOSDAQ,242,242,242,0,0,0,0
1093,053300,2026,KOSDAQ,166,166,166,0,0,0,0
1094,053350,2013,KOSDAQ,247,247,247,0,0,0,0
1094,053350,2014,KOSDAQ,245,245,245,0,0,0,0
1094,053350,2015,KOSDAQ,248,248,248,0,0,0,0
1094,053350,2016,KOSDAQ,246,246,246,0,0,0,0
1094,053350,2017,KOSDAQ,243,243,243,0,0,0,0
1094,053350,2018,KOSDAQ,244,244,244,0,0,0,0
1094,053350,2019,KOSDAQ,246,246,246,0,0,0,0
1094,053350,2020,KOSDAQ,248,248,248,0,0,0,0
1094,053350,2021,KOSDAQ,248,248,248,0,0,0,0
1094,053350,2022,KOSDAQ,246,246,246,0,0,0,0
1094,053350,2023,KOSDAQ,245,245,245,0,0,0,0
1094,053350,2024,KOSDAQ,244,244,244,0,0,0,0
1094,053350,2025,KOSDAQ,242,242,242,0,0,0,0
1094,053350,2026,KOSDAQ,166,166,166,0,0,0,0
1095,053450,2013,KOSDAQ,247,247,247,0,0,0,0
1095,053450,2014,KOSDAQ,245,245,245,0,0,0,0
1095,053450,2015,KOSDAQ,248,248,248,0,0,0,0
1095,053450,2016,KOSDAQ,246,246,246,0,0,0,0
1095,053450,2017,KOSDAQ,243,243,243,0,0,0,0
1095,053450,2018,KOSDAQ,244,244,244,0,0,0,0
1095,053450,2019,KOSDAQ,246,246,246,0,0,0,0
1095,053450,2020,KOSDAQ,248,248,248,0,0,0,0
1095,053450,2021,KOSDAQ,248,248,248,0,0,0,0
1095,053450,2022,KOSDAQ,246,246,246,0,0,0,0
1095,053450,2023,KOSDAQ,245,245,245,0,0,0,0
1095,053450,2024,KOSDAQ,244,244,244,0,0,0,0
1095,053450,2025,KOSDAQ,242,242,242,0,0,0,0
1095,053450,2026,KOSDAQ,166,166,166,0,0,0,0
1096,053580,2019,KOSDAQ,229,229,229,0,0,0,0
1096,053580,2020,KOSDAQ,248,248,248,0,0,0,0
1096,053580,2021,KOSDAQ,248,248,248,0,0,0,0
1096,053580,2022,KOSDAQ,246,246,246,0,0,0,0
1096,053580,2023,KOSDAQ,245,245,245,0,0,0,0
1096,053580,2024,KOSDAQ,244,244,244,0,0,0,0
1096,053580,2025,KOSDAQ,242,242,242,0,0,0,0
1096,053580,2026,KOSDAQ,166,166,166,0,0,0,0
1097,053610,2013,KOSDAQ,247,247,247,0,0,0,0
1097,053610,2014,KOSDAQ,245,245,245,0,0,0,0
1097,053610,2015,KOSDAQ,248,248,248,0,0,0,0
1097,053610,2016,KOSDAQ,246,246,246,0,0,0,0
1097,053610,2017,KOSDAQ,243,243,243,0,0,0,0
1097,053610,2018,KOSDAQ,244,244,244,0,0,0,0
1097,053610,2019,KOSDAQ,246,246,246,0,0,0,0
1097,053610,2020,KOSDAQ,248,248,248,0,0,0,0
1097,053610,2021,KOSDAQ,248,248,248,0,0,0,0
1097,053610,2022,KOSDAQ,246,246,246,0,0,0,0
1097,053610,2023,KOSDAQ,245,245,245,0,0,0,0
1097,053610,2024,KOSDAQ,244,244,244,0,0,0,0
1097,053610,2025,KOSDAQ,242,242,242,0,0,0,0
1097,053610,2026,KOSDAQ,166,166,166,0,0,0,0
1098,053620,2013,KOSDAQ,247,247,247,0,0,0,0
1098,053620,2014,KOSDAQ,245,245,245,0,0,0,0
1098,053620,2015,KOSDAQ,248,248,248,0,0,0,0
1098,053620,2016,KOSDAQ,246,246,246,0,0,0,0
1098,053620,2017,KOSDAQ,243,243,243,0,0,0,0
1098,053620,2018,KOSDAQ,244,244,244,0,0,0,0
1098,053620,2019,KOSDAQ,246,246,246,0,0,0,0
1098,053620,2020,KOSDAQ,248,248,248,0,0,0,0
1098,053620,2021,KOSDAQ,248,248,248,0,0,0,0
1098,053620,2022,KOSDAQ,246,246,246,0,0,0,0
1098,053620,2023,KOSDAQ,245,245,245,0,0,0,0
1098,053620,2024,KOSDAQ,244,244,244,0,0,0,0
1098,053620,2025,KOSDAQ,242,242,242,0,0,0,0
1098,053620,2026,KOSDAQ,166,166,166,0,0,0,0
1099,053690,2013,KOSPI,247,247,247,0,0,0,0
1099,053690,2014,KOSPI,245,245,245,0,0,0,0
1099,053690,2015,KOSPI,248,248,248,0,0,0,0
1099,053690,2016,KOSPI,246,246,246,0,0,0,0
1099,053690,2017,KOSPI,243,243,243,0,0,0,0
1099,053690,2018,KOSPI,244,244,244,0,0,0,0
1099,053690,2019,KOSPI,246,246,246,0,0,0,0
1099,053690,2020,KOSPI,248,248,248,0,0,0,0
1099,053690,2021,KOSPI,248,248,248,0,0,0,0
1099,053690,2022,KOSPI,246,246,246,0,0,0,0
1099,053690,2023,KOSPI,245,245,245,0,0,0,0
1099,053690,2024,KOSPI,244,244,244,0,0,0,0
1099,053690,2025,KOSPI,242,242,242,0,0,0,0
1099,053690,2026,KOSPI,166,166,166,0,0,0,0
1100,053700,2013,KOSDAQ,247,247,247,0,0,0,0
1100,053700,2014,KOSDAQ,245,245,245,0,0,0,0
1100,053700,2015,KOSDAQ,248,248,248,0,0,0,0
1100,053700,2016,KOSDAQ,246,246,246,0,0,0,0
1100,053700,2017,KOSDAQ,243,243,243,0,0,0,0
1100,053700,2018,KOSDAQ,244,244,244,0,0,0,0
1100,053700,2019,KOSDAQ,246,246,246,0,0,0,0
1100,053700,2020,KOSDAQ,248,248,248,0,0,0,0
1100,053700,2021,KOSDAQ,248,248,248,0,0,0,0
1100,053700,2022,KOSDAQ,246,246,246,0,0,0,0
1100,053700,2023,KOSDAQ,245,245,245,0,0,0,0
1100,053700,2024,KOSDAQ,244,244,244,0,0,0,0
1100,053700,2025,KOSDAQ,242,242,242,0,0,0,0
1100,053700,2026,KOSDAQ,166,166,166,0,0,0,0
1101,053800,2013,KOSDAQ,247,247,247,0,0,0,0
1101,053800,2014,KOSDAQ,245,245,245,0,0,0,0
1101,053800,2015,KOSDAQ,248,248,248,0,0,0,0
1101,053800,2016,KOSDAQ,246,246,246,0,0,0,0
1101,053800,2017,KOSDAQ,243,243,243,0,0,0,0
1101,053800,2018,KOSDAQ,244,244,244,0,0,0,0
1101,053800,2019,KOSDAQ,246,246,246,0,0,0,0
1101,053800,2020,KOSDAQ,248,248,248,0,0,0,0
1101,053800,2021,KOSDAQ,248,248,248,0,0,0,0
1101,053800,2022,KOSDAQ,246,246,246,0,0,0,0
1101,053800,2023,KOSDAQ,245,245,245,0,0,0,0
1101,053800,2024,KOSDAQ,244,244,244,0,0,0,0
1101,053800,2025,KOSDAQ,242,242,242,0,0,0,0
1101,053800,2026,KOSDAQ,166,166,166,0,0,0,0
1102,053950,2013,KOSDAQ,247,247,247,0,0,0,0
1102,053950,2014,KOSDAQ,245,245,245,0,0,0,0
1102,053950,2015,KOSDAQ,248,248,248,0,0,0,0
1102,053950,2016,KOSDAQ,246,246,246,0,0,0,0
1102,053950,2017,KOSDAQ,243,243,243,0,0,0,0
1102,053950,2018,KOSDAQ,244,244,244,0,0,0,0
1102,053950,2019,KOSDAQ,246,246,246,0,0,0,0
1102,053950,2020,KOSDAQ,248,248,248,0,0,0,0
1102,053950,2021,KOSDAQ,248,248,248,0,0,0,0
1102,053950,2022,KOSDAQ,246,246,246,0,0,0,0
1102,053950,2023,KOSDAQ,245,245,245,0,0,0,0
1102,053950,2024,KOSDAQ,244,244,244,0,0,0,0
1102,053950,2025,KOSDAQ,242,242,242,0,0,0,0
1102,053950,2026,KOSDAQ,166,166,166,0,0,0,0
1103,053980,2013,KOSDAQ,247,247,247,0,0,0,0
1103,053980,2014,KOSDAQ,245,245,245,0,0,0,0
1103,053980,2015,KOSDAQ,248,248,248,0,0,0,0
1103,053980,2016,KOSDAQ,246,246,246,0,0,0,0
1103,053980,2017,KOSDAQ,243,243,243,0,0,0,0
1103,053980,2018,KOSDAQ,244,244,244,0,0,0,0
1103,053980,2019,KOSDAQ,246,246,246,0,0,0,0
1103,053980,2020,KOSDAQ,248,248,247,0,0,1,0
1103,053980,2021,KOSDAQ,248,248,248,0,0,0,0
1103,053980,2022,KOSDAQ,246,246,246,0,0,0,0
1103,053980,2023,KOSDAQ,245,245,245,0,0,0,0
1103,053980,2024,KOSDAQ,244,244,244,0,0,0,0
1103,053980,2025,KOSDAQ,242,242,242,0,0,0,0
1103,053980,2026,KOSDAQ,166,166,166,0,0,0,0
1104,054040,2013,KOSDAQ,247,247,247,0,0,0,0
1104,054040,2014,KOSDAQ,245,245,245,0,0,0,0
1104,054040,2015,KOSDAQ,248,248,248,0,0,0,0
1104,054040,2016,KOSDAQ,246,246,246,0,0,0,0
1104,054040,2017,KOSDAQ,243,243,243,0,0,0,0
1104,054040,2018,KOSDAQ,244,244,244,0,0,0,0
1104,054040,2019,KOSDAQ,246,246,246,0,0,0,0
1104,054040,2020,KOSDAQ,248,248,248,0,0,0,0
1104,054040,2021,KOSDAQ,248,248,248,0,0,0,0
1104,054040,2022,KOSDAQ,246,246,246,0,0,0,0
1104,054040,2023,KOSDAQ,245,245,245,0,0,0,0
1104,054040,2024,KOSDAQ,244,244,244,0,0,0,0
1104,054040,2025,KOSDAQ,242,242,242,0,0,0,0
1104,054040,2026,KOSDAQ,166,166,166,0,0,0,0
1105,054050,2013,KOSDAQ,247,247,247,0,0,0,0
1105,054050,2014,KOSDAQ,245,245,245,0,0,0,0
1105,054050,2015,KOSDAQ,248,248,248,0,0,0,0
1105,054050,2016,KOSDAQ,246,246,246,0,0,0,0
1105,054050,2017,KOSDAQ,243,243,243,0,0,0,0
1105,054050,2018,KOSDAQ,244,244,244,0,0,0,0
1105,054050,2019,KOSDAQ,246,246,246,0,0,0,0
1105,054050,2020,KOSDAQ,248,248,248,0,0,0,0
1105,054050,2021,KOSDAQ,248,248,248,0,0,0,0
1105,054050,2022,KOSDAQ,246,246,246,0,0,0,0
1105,054050,2023,KOSDAQ,245,245,245,0,0,0,0
1105,054050,2024,KOSDAQ,244,244,244,0,0,0,0
1105,054050,2025,KOSDAQ,242,242,242,0,0,0,0
1105,054050,2026,KOSDAQ,166,166,166,0,0,0,0
1106,054090,2013,KOSDAQ,247,247,247,0,0,0,0
1106,054090,2014,KOSDAQ,245,245,245,0,0,0,0
1106,054090,2015,KOSDAQ,248,248,248,0,0,0,0
1106,054090,2016,KOSDAQ,246,246,246,0,0,0,0
1106,054090,2017,KOSDAQ,243,243,243,0,0,0,0
1106,054090,2018,KOSDAQ,244,244,244,0,0,0,0
1106,054090,2019,KOSDAQ,246,246,246,0,0,0,0
1106,054090,2020,KOSDAQ,248,248,248,0,0,0,0
1106,054090,2021,KOSDAQ,248,248,248,0,0,0,0
1106,054090,2022,KOSDAQ,246,246,246,0,0,0,0
1106,054090,2023,KOSDAQ,245,245,245,0,0,0,0
1106,054090,2024,KOSDAQ,244,244,244,0,0,0,0
1106,054090,2025,KOSDAQ,242,242,242,0,0,0,0
1106,054090,2026,KOSDAQ,166,166,166,0,0,0,0
1107,054180,2013,KOSDAQ,247,247,247,0,0,0,0
1107,054180,2014,KOSDAQ,245,245,245,0,0,0,0
1107,054180,2015,KOSDAQ,248,248,248,0,0,0,0
1107,054180,2016,KOSDAQ,246,246,246,0,0,0,0
1107,054180,2017,KOSDAQ,243,243,243,0,0,0,0
1107,054180,2018,KOSDAQ,244,244,244,0,0,0,0
1107,054180,2019,KOSDAQ,246,246,245,0,0,1,0
1107,054180,2020,KOSDAQ,248,248,247,0,0,1,0
1107,054180,2021,KOSDAQ,248,248,248,0,0,0,0
1107,054180,2022,KOSDAQ,246,246,246,0,0,0,0
1107,054180,2023,KOSDAQ,245,245,245,0,0,0,0
1107,054180,2024,KOSDAQ,244,244,244,0,0,0,0
1107,054180,2025,KOSDAQ,242,242,242,0,0,0,0
1107,054180,2026,KOSDAQ,166,166,166,0,0,0,0
1108,054210,2013,KOSDAQ,247,247,247,0,0,0,0
1108,054210,2014,KOSDAQ,245,245,245,0,0,0,0
1108,054210,2015,KOSDAQ,248,248,248,0,0,0,0
1108,054210,2016,KOSDAQ,246,246,246,0,0,0,0
1108,054210,2017,KOSDAQ,243,243,243,0,0,0,0
1108,054210,2018,KOSDAQ,244,244,244,0,0,0,0
1108,054210,2019,KOSDAQ,246,246,246,0,0,0,0
1108,054210,2020,KOSDAQ,248,248,248,0,0,0,0
1108,054210,2021,KOSDAQ,248,248,248,0,0,0,0
1108,054210,2022,KOSDAQ,246,246,246,0,0,0,0
1108,054210,2023,KOSDAQ,245,245,245,0,0,0,0
1108,054210,2024,KOSDAQ,244,244,244,0,0,0,0
1108,054210,2025,KOSDAQ,242,242,242,0,0,0,0
1108,054210,2026,KOSDAQ,166,166,166,0,0,0,0
1109,054220,2013,KOSDAQ,247,247,247,0,0,0,0
1109,054220,2014,KOSDAQ,245,245,245,0,0,0,0
1109,054220,2015,KOSDAQ,248,248,248,0,0,0,0
1109,054220,2016,KOSDAQ,246,246,246,0,0,0,0
1109,054220,2017,KOSDAQ,243,243,243,0,0,0,0
1109,054220,2018,KOSDAQ,244,244,244,0,0,0,0
1109,054220,2019,KOSDAQ,246,246,246,0,0,0,0
1109,054220,2020,KOSDAQ,248,248,248,0,0,0,0
1109,054220,2021,KOSDAQ,248,248,248,0,0,0,0
1109,054220,2022,KOSDAQ,246,246,246,0,0,0,0
1109,054220,2023,KOSDAQ,245,245,245,0,0,0,0
1109,054220,2024,KOSDAQ,244,244,244,0,0,0,0
1109,054220,2025,KOSDAQ,242,242,242,0,0,0,0
1109,054220,2026,KOSDAQ,166,166,166,0,0,0,0
1110,054300,2013,KOSDAQ,247,247,246,0,0,1,0
1110,054300,2014,KOSDAQ,245,245,245,0,0,0,0
1110,054300,2015,KOSDAQ,248,248,248,0,0,0,0
1110,054300,2016,KOSDAQ,246,246,246,0,0,0,0
1110,054300,2017,KOSDAQ,243,243,243,0,0,0,0
1110,054300,2018,KOSDAQ,244,244,244,0,0,0,0
1110,054300,2019,KOSDAQ,246,246,246,0,0,0,0
1110,054300,2020,KOSDAQ,248,248,248,0,0,0,0
1110,054300,2021,KOSDAQ,248,248,248,0,0,0,0
1110,054300,2022,KOSDAQ,246,246,246,0,0,0,0
1110,054300,2023,KOSDAQ,245,245,245,0,0,0,0
1110,054300,2024,KOSDAQ,244,244,244,0,0,0,0
1110,054300,2025,KOSDAQ,242,242,242,0,0,0,0
1110,054300,2026,KOSDAQ,166,166,166,0,0,0,0
1111,054410,2013,KOSDAQ,247,247,247,0,0,0,0
1111,054410,2014,KOSDAQ,245,245,245,0,0,0,0
1111,054410,2015,KOSDAQ,248,248,248,0,0,0,0
1111,054410,2016,KOSDAQ,246,246,246,0,0,0,0
1111,054410,2017,KOSDAQ,243,243,243,0,0,0,0
1111,054410,2018,KOSDAQ,244,244,244,0,0,0,0
1111,054410,2019,KOSDAQ,246,246,246,0,0,0,0
1111,054410,2020,KOSDAQ,248,248,248,0,0,0,0
1111,054410,2021,KOSDAQ,248,248,248,0,0,0,0
1111,054410,2022,KOSDAQ,246,246,246,0,0,0,0
1111,054410,2023,KOSDAQ,245,245,245,0,0,0,0
1111,054410,2024,KOSDAQ,244,244,244,0,0,0,0
1111,054410,2025,KOSDAQ,242,242,242,0,0,0,0
1111,054410,2026,KOSDAQ,166,166,166,0,0,0,0
1112,054450,2013,KOSDAQ,247,247,247,0,0,0,0
1112,054450,2014,KOSDAQ,245,245,245,0,0,0,0
1112,054450,2015,KOSDAQ,248,248,248,0,0,0,0
1112,054450,2016,KOSDAQ,246,246,246,0,0,0,0
1112,054450,2017,KOSDAQ,243,243,243,0,0,0,0
1112,054450,2018,KOSDAQ,244,244,244,0,0,0,0
1112,054450,2019,KOSDAQ,246,246,246,0,0,0,0
1112,054450,2020,KOSDAQ,248,248,248,0,0,0,0
1112,054450,2021,KOSDAQ,248,248,248,0,0,0,0
1112,054450,2022,KOSDAQ,246,246,246,0,0,0,0
1112,054450,2023,KOSDAQ,245,245,245,0,0,0,0
1112,054450,2024,KOSDAQ,244,244,244,0,0,0,0
1112,054450,2025,KOSDAQ,242,242,242,0,0,0,0
1112,054450,2026,KOSDAQ,166,166,166,0,0,0,0
1113,054540,2013,KOSDAQ,247,247,247,0,0,0,0
1113,054540,2014,KOSDAQ,245,245,245,0,0,0,0
1113,054540,2015,KOSDAQ,248,248,248,0,0,0,0
1113,054540,2016,KOSDAQ,246,246,246,0,0,0,0
1113,054540,2017,KOSDAQ,243,243,243,0,0,0,0
1113,054540,2018,KOSDAQ,244,244,244,0,0,0,0
1113,054540,2019,KOSDAQ,246,246,246,0,0,0,0
1113,054540,2020,KOSDAQ,248,248,248,0,0,0,0
1113,054540,2021,KOSDAQ,248,248,248,0,0,0,0
1113,054540,2022,KOSDAQ,246,246,246,0,0,0,0
1113,054540,2023,KOSDAQ,245,245,245,0,0,0,0
1113,054540,2024,KOSDAQ,244,244,244,0,0,0,0
1113,054540,2025,KOSDAQ,242,242,242,0,0,0,0
1113,054540,2026,KOSDAQ,166,166,166,0,0,0,0
1114,054620,2013,KOSDAQ,247,247,247,0,0,0,0
1114,054620,2014,KOSDAQ,245,245,245,0,0,0,0
1114,054620,2015,KOSDAQ,248,248,248,0,0,0,0
1114,054620,2016,KOSDAQ,246,246,246,0,0,0,0
1114,054620,2017,KOSDAQ,243,243,243,0,0,0,0
1114,054620,2018,KOSDAQ,244,244,244,0,0,0,0
1114,054620,2019,KOSDAQ,246,246,246,0,0,0,0
1114,054620,2020,KOSDAQ,248,248,248,0,0,0,0
1114,054620,2021,KOSDAQ,248,248,248,0,0,0,0
1114,054620,2022,KOSDAQ,246,246,246,0,0,0,0
1114,054620,2023,KOSDAQ,245,245,245,0,0,0,0
1114,054620,2024,KOSDAQ,244,244,244,0,0,0,0
1114,054620,2025,KOSDAQ,242,242,242,0,0,0,0
1114,054620,2026,KOSDAQ,166,166,166,0,0,0,0
1115,054670,2013,KOSDAQ,247,247,247,0,0,0,0
1115,054670,2014,KOSDAQ,245,245,245,0,0,0,0
1115,054670,2015,KOSDAQ,248,248,248,0,0,0,0
1115,054670,2016,KOSDAQ,246,246,246,0,0,0,0
1115,054670,2017,KOSDAQ,243,243,243,0,0,0,0
1115,054670,2018,KOSDAQ,244,244,244,0,0,0,0
1115,054670,2019,KOSDAQ,246,246,246,0,0,0,0
1115,054670,2020,KOSDAQ,248,248,248,0,0,0,0
1115,054670,2021,KOSDAQ,248,248,248,0,0,0,0
1115,054670,2022,KOSDAQ,246,246,246,0,0,0,0
1115,054670,2023,KOSDAQ,245,245,245,0,0,0,0
1115,054670,2024,KOSDAQ,244,244,244,0,0,0,0
1115,054670,2025,KOSDAQ,242,242,242,0,0,0,0
1115,054670,2026,KOSDAQ,166,166,166,0,0,0,0
1116,054780,2013,KOSDAQ,247,247,247,0,0,0,0
1116,054780,2014,KOSDAQ,245,245,245,0,0,0,0
1116,054780,2015,KOSDAQ,248,248,248,0,0,0,0
1116,054780,2016,KOSDAQ,246,246,246,0,0,0,0
1116,054780,2017,KOSDAQ,243,243,243,0,0,0,0
1116,054780,2018,KOSDAQ,244,244,244,0,0,0,0
1116,054780,2019,KOSDAQ,246,246,246,0,0,0,0
1116,054780,2020,KOSDAQ,248,248,248,0,0,0,0
1116,054780,2021,KOSDAQ,248,248,248,0,0,0,0
1116,054780,2022,KOSDAQ,246,246,246,0,0,0,0
1116,054780,2023,KOSDAQ,245,245,245,0,0,0,0
1116,054780,2024,KOSDAQ,244,244,244,0,0,0,0
1116,054780,2025,KOSDAQ,242,242,242,0,0,0,0
1116,054780,2026,KOSDAQ,166,166,166,0,0,0,0
1117,054800,2013,KOSDAQ,247,247,247,0,0,0,0
1117,054800,2014,KOSDAQ,245,245,245,0,0,0,0
1117,054800,2015,KOSDAQ,248,248,248,0,0,0,0
1117,054800,2016,KOSDAQ,246,246,246,0,0,0,0
1117,054800,2017,KOSDAQ,243,243,243,0,0,0,0
1117,054800,2018,KOSDAQ,244,244,244,0,0,0,0
1117,054800,2019,KOSDAQ,246,246,246,0,0,0,0
1117,054800,2020,KOSDAQ,248,248,248,0,0,0,0
1117,054800,2021,KOSDAQ,248,248,248,0,0,0,0
1117,054800,2022,KOSDAQ,246,246,246,0,0,0,0
1117,054800,2023,KOSDAQ,245,245,245,0,0,0,0
1117,054800,2024,KOSDAQ,244,244,244,0,0,0,0
1117,054800,2025,KOSDAQ,242,242,242,0,0,0,0
1117,054800,2026,KOSDAQ,166,166,166,0,0,0,0
1118,054920,2013,KOSDAQ,247,247,247,0,0,0,0
1118,054920,2014,KOSDAQ,245,245,245,0,0,0,0
1118,054920,2015,KOSDAQ,248,248,248,0,0,0,0
1118,054920,2016,KOSDAQ,246,246,246,0,0,0,0
1118,054920,2017,KOSDAQ,243,243,243,0,0,0,0
1118,054920,2018,KOSDAQ,244,244,244,0,0,0,0
1118,054920,2019,KOSDAQ,246,246,246,0,0,0,0
1118,054920,2020,KOSDAQ,248,248,248,0,0,0,0
1118,054920,2021,KOSDAQ,248,248,248,0,0,0,0
1118,054920,2022,KOSDAQ,246,246,246,0,0,0,0
1118,054920,2023,KOSDAQ,245,245,245,0,0,0,0
1118,054920,2024,KOSDAQ,244,244,244,0,0,0,0
1118,054920,2025,KOSDAQ,242,242,242,0,0,0,0
1118,054920,2026,KOSDAQ,166,166,166,0,0,0,0
1119,054930,2013,KOSDAQ,247,247,247,0,0,0,0
1119,054930,2014,KOSDAQ,245,245,245,0,0,0,0
1119,054930,2015,KOSDAQ,248,248,248,0,0,0,0
1119,054930,2016,KOSDAQ,246,246,246,0,0,0,0
1119,054930,2017,KOSDAQ,243,243,243,0,0,0,0
1119,054930,2018,KOSDAQ,244,244,244,0,0,0,0
1119,054930,2019,KOSDAQ,246,246,246,0,0,0,0
1119,054930,2020,KOSDAQ,248,248,248,0,0,0,0
1119,054930,2021,KOSDAQ,248,248,248,0,0,0,0
1119,054930,2022,KOSDAQ,246,246,246,0,0,0,0
1119,054930,2023,KOSDAQ,245,245,245,0,0,0,0
1119,054930,2024,KOSDAQ,244,244,244,0,0,0,0
1119,054930,2025,KOSDAQ,242,242,242,0,0,0,0
1119,054930,2026,KOSDAQ,166,166,166,0,0,0,0
1120,054940,2013,KOSDAQ,247,247,247,0,0,0,0
1120,054940,2014,KOSDAQ,245,245,245,0,0,0,0
1120,054940,2015,KOSDAQ,248,248,248,0,0,0,0
1120,054940,2016,KOSDAQ,246,246,246,0,0,0,0
1120,054940,2017,KOSDAQ,243,243,243,0,0,0,0
1120,054940,2018,KOSDAQ,244,244,244,0,0,0,0
1120,054940,2019,KOSDAQ,246,246,246,0,0,0,0
1120,054940,2020,KOSDAQ,248,248,248,0,0,0,0
1120,054940,2021,KOSDAQ,248,248,248,0,0,0,0
1120,054940,2022,KOSDAQ,246,246,246,0,0,0,0
1120,054940,2023,KOSDAQ,245,245,245,0,0,0,0
1120,054940,2024,KOSDAQ,244,244,244,0,0,0,0
1120,054940,2025,KOSDAQ,242,242,242,0,0,0,0
1120,054940,2026,KOSDAQ,166,166,166,0,0,0,0
1121,054950,2013,KOSDAQ,247,247,247,0,0,0,0
1121,054950,2014,KOSDAQ,245,245,245,0,0,0,0
1121,054950,2015,KOSDAQ,248,248,248,0,0,0,0
1121,054950,2016,KOSDAQ,246,246,246,0,0,0,0
1121,054950,2017,KOSDAQ,243,243,243,0,0,0,0
1121,054950,2018,KOSDAQ,244,244,244,0,0,0,0
1121,054950,2019,KOSDAQ,246,246,246,0,0,0,0
1121,054950,2020,KOSDAQ,248,248,248,0,0,0,0
1121,054950,2021,KOSDAQ,248,248,248,0,0,0,0
1121,054950,2022,KOSDAQ,246,246,246,0,0,0,0
1121,054950,2023,KOSDAQ,245,245,245,0,0,0,0
1121,054950,2024,KOSDAQ,244,244,244,0,0,0,0
1121,054950,2025,KOSDAQ,242,242,242,0,0,0,0
1121,054950,2026,KOSDAQ,166,166,166,0,0,0,0
1122,055490,2017,KOSPI,42,42,42,0,0,0,0
1122,055490,2018,KOSPI,244,244,244,0,0,0,0
1122,055490,2019,KOSPI,246,246,246,0,0,0,0
1122,055490,2020,KOSPI,248,248,248,0,0,0,0
1122,055490,2021,KOSPI,248,248,248,0,0,0,0
1122,055490,2022,KOSPI,246,246,246,0,0,0,0
1122,055490,2023,KOSPI,245,245,245,0,0,0,0
1122,055490,2024,KOSPI,244,244,244,0,0,0,0
1122,055490,2025,KOSPI,242,242,242,0,0,0,0
1122,055490,2026,KOSPI,166,166,166,0,0,0,0
1123,055550,2013,KOSPI,247,247,247,0,0,0,0
1123,055550,2014,KOSPI,245,245,245,0,0,0,0
1123,055550,2015,KOSPI,248,248,248,0,0,0,0
1123,055550,2016,KOSPI,246,246,246,0,0,0,0
1123,055550,2017,KOSPI,243,243,243,0,0,0,0
1123,055550,2018,KOSPI,244,244,244,0,0,0,0
1123,055550,2019,KOSPI,246,246,246,0,0,0,0
1123,055550,2020,KOSPI,248,248,248,0,0,0,0
1123,055550,2021,KOSPI,248,248,248,0,0,0,0
1123,055550,2022,KOSPI,246,246,246,0,0,0,0
1123,055550,2023,KOSPI,245,245,245,0,0,0,0
1123,055550,2024,KOSPI,244,244,244,0,0,0,0
1123,055550,2025,KOSPI,242,242,242,0,0,0,0
1123,055550,2026,KOSPI,166,166,166,0,0,0,0
1124,056080,2013,KOSDAQ,247,247,247,0,0,0,0
1124,056080,2014,KOSDAQ,245,245,245,0,0,0,0
1124,056080,2015,KOSDAQ,248,248,248,0,0,0,0
1124,056080,2016,KOSDAQ,246,246,246,0,0,0,0
1124,056080,2017,KOSDAQ,243,243,243,0,0,0,0
1124,056080,2018,KOSDAQ,244,244,244,0,0,0,0
1124,056080,2019,KOSDAQ,246,246,246,0,0,0,0
1124,056080,2020,KOSDAQ,248,248,248,0,0,0,0
1124,056080,2021,KOSDAQ,248,248,248,0,0,0,0
1124,056080,2022,KOSDAQ,246,246,246,0,0,0,0
1124,056080,2023,KOSDAQ,245,245,245,0,0,0,0
1124,056080,2024,KOSDAQ,244,244,244,0,0,0,0
1124,056080,2025,KOSDAQ,242,242,242,0,0,0,0
1124,056080,2026,KOSDAQ,166,166,166,0,0,0,0
1125,056090,2015,KOSDAQ,34,34,34,0,0,0,0
1125,056090,2016,KOSDAQ,246,246,246,0,0,0,0
1125,056090,2017,KOSDAQ,243,243,243,0,0,0,0
1125,056090,2018,KOSDAQ,244,244,244,0,0,0,0
1125,056090,2019,KOSDAQ,246,246,246,0,0,0,0
1125,056090,2020,KOSDAQ,248,248,248,0,0,0,0
1125,056090,2021,KOSDAQ,248,248,248,0,0,0,0
1125,056090,2022,KOSDAQ,246,246,246,0,0,0,0
1125,056090,2023,KOSDAQ,245,245,245,0,0,0,0
1125,056090,2024,KOSDAQ,244,244,244,0,0,0,0
1125,056090,2025,KOSDAQ,242,242,242,0,0,0,0
1125,056090,2026,KOSDAQ,166,166,166,0,0,0,0
1126,056190,2013,KOSDAQ,247,247,247,0,0,0,0
1126,056190,2014,KOSDAQ,245,245,245,0,0,0,0
1126,056190,2015,KOSDAQ,248,248,248,0,0,0,0
1126,056190,2016,KOSDAQ,246,246,246,0,0,0,0
1126,056190,2017,KOSDAQ,243,243,243,0,0,0,0
1126,056190,2018,KOSDAQ,244,244,244,0,0,0,0
1126,056190,2019,KOSDAQ,246,246,246,0,0,0,0
1126,056190,2020,KOSDAQ,248,248,248,0,0,0,0
1126,056190,2021,KOSDAQ,248,248,248,0,0,0,0
1126,056190,2022,KOSDAQ,246,246,246,0,0,0,0
1126,056190,2023,KOSDAQ,245,245,245,0,0,0,0
1126,056190,2024,KOSDAQ,244,244,244,0,0,0,0
1126,056190,2025,KOSDAQ,242,242,242,0,0,0,0
1126,056190,2026,KOSDAQ,166,166,166,0,0,0,0
1127,056360,2013,KOSDAQ,247,247,247,0,0,0,0
1127,056360,2014,KOSDAQ,245,245,245,0,0,0,0
1127,056360,2015,KOSDAQ,248,248,248,0,0,0,0
1127,056360,2016,KOSDAQ,246,246,246,0,0,0,0
1127,056360,2017,KOSDAQ,243,243,243,0,0,0,0
1127,056360,2018,KOSDAQ,244,244,244,0,0,0,0
1127,056360,2019,KOSDAQ,246,246,246,0,0,0,0
1127,056360,2020,KOSDAQ,248,248,248,0,0,0,0
1127,056360,2021,KOSDAQ,248,248,248,0,0,0,0
1127,056360,2022,KOSDAQ,246,246,246,0,0,0,0
1127,056360,2023,KOSDAQ,245,245,245,0,0,0,0
1127,056360,2024,KOSDAQ,244,244,244,0,0,0,0
1127,056360,2025,KOSDAQ,242,242,242,0,0,0,0
1127,056360,2026,KOSDAQ,166,166,166,0,0,0,0
1128,056700,2013,KOSDAQ,247,247,247,0,0,0,0
1128,056700,2014,KOSDAQ,245,245,245,0,0,0,0
1128,056700,2015,KOSDAQ,248,248,248,0,0,0,0
1128,056700,2016,KOSDAQ,246,246,246,0,0,0,0
1128,056700,2017,KOSDAQ,243,243,243,0,0,0,0
1128,056700,2018,KOSDAQ,244,244,244,0,0,0,0
1128,056700,2019,KOSDAQ,246,246,246,0,0,0,0
1128,056700,2020,KOSDAQ,248,248,248,0,0,0,0
1128,056700,2021,KOSDAQ,248,248,248,0,0,0,0
1128,056700,2022,KOSDAQ,246,246,246,0,0,0,0
1128,056700,2023,KOSDAQ,245,245,245,0,0,0,0
1128,056700,2024,KOSDAQ,244,244,244,0,0,0,0
1128,056700,2025,KOSDAQ,242,242,242,0,0,0,0
1128,056700,2026,KOSDAQ,166,166,166,0,0,0,0
1129,056730,2013,KOSDAQ,247,247,247,0,0,0,0
1129,056730,2014,KOSDAQ,245,245,245,0,0,0,0
1129,056730,2015,KOSDAQ,248,248,248,0,0,0,0
1129,056730,2016,KOSDAQ,246,246,246,0,0,0,0
1129,056730,2017,KOSDAQ,243,243,242,0,0,1,0
1129,056730,2018,KOSDAQ,244,244,244,0,0,0,0
1129,056730,2019,KOSDAQ,246,246,246,0,0,0,0
1129,056730,2020,KOSDAQ,248,248,248,0,0,0,0
1129,056730,2021,KOSDAQ,248,248,248,0,0,0,0
1129,056730,2022,KOSDAQ,246,246,246,0,0,0,0
1129,056730,2023,KOSDAQ,245,245,245,0,0,0,0
1129,056730,2024,KOSDAQ,244,244,244,0,0,0,0
1129,056730,2025,KOSDAQ,242,242,242,0,0,0,0
1129,056730,2026,KOSDAQ,166,166,166,0,0,0,0
1130,057030,2013,KOSDAQ,247,247,247,0,0,0,0
1130,057030,2014,KOSDAQ,245,245,245,0,0,0,0
1130,057030,2015,KOSDAQ,248,248,248,0,0,0,0
1130,057030,2016,KOSDAQ,246,246,246,0,0,0,0
1130,057030,2017,KOSDAQ,243,243,243,0,0,0,0
1130,057030,2018,KOSDAQ,244,244,244,0,0,0,0
1130,057030,2019,KOSDAQ,246,246,246,0,0,0,0
1130,057030,2020,KOSDAQ,248,248,248,0,0,0,0
1130,057030,2021,KOSDAQ,248,248,248,0,0,0,0
1130,057030,2022,KOSDAQ,246,246,246,0,0,0,0
1130,057030,2023,KOSDAQ,245,245,245,0,0,0,0
1130,057030,2024,KOSDAQ,244,244,244,0,0,0,0
1130,057030,2025,KOSDAQ,242,242,242,0,0,0,0
1130,057030,2026,KOSDAQ,166,166,166,0,0,0,0
1131,057540,2013,KOSDAQ,247,247,247,0,0,0,0
1131,057540,2014,KOSDAQ,245,245,245,0,0,0,0
1131,057540,2015,KOSDAQ,248,248,247,0,0,1,0
1131,057540,2016,KOSDAQ,246,246,246,0,0,0,0
1131,057540,2017,KOSDAQ,243,243,243,0,0,0,0
1131,057540,2018,KOSDAQ,244,244,244,0,0,0,0
1131,057540,2019,KOSDAQ,246,246,246,0,0,0,0
1131,057540,2020,KOSDAQ,248,248,248,0,0,0,0
1131,057540,2021,KOSDAQ,248,248,248,0,0,0,0
1131,057540,2022,KOSDAQ,246,246,246,0,0,0,0
1131,057540,2023,KOSDAQ,245,245,245,0,0,0,0
1131,057540,2024,KOSDAQ,244,244,244,0,0,0,0
1131,057540,2025,KOSDAQ,242,242,242,0,0,0,0
1131,057540,2026,KOSDAQ,166,166,166,0,0,0,0
1132,057680,2013,KOSDAQ,247,247,247,0,0,0,0
1132,057680,2014,KOSDAQ,245,245,245,0,0,0,0
1132,057680,2015,KOSDAQ,248,248,248,0,0,0,0
1132,057680,2016,KOSDAQ,246,246,246,0,0,0,0
1132,057680,2017,KOSDAQ,243,243,243,0,0,0,0
1132,057680,2018,KOSDAQ,244,244,244,0,0,0,0
1132,057680,2019,KOSDAQ,246,246,246,0,0,0,0
1132,057680,2020,KOSDAQ,248,248,248,0,0,0,0
1132,057680,2021,KOSDAQ,248,248,248,0,0,0,0
1132,057680,2022,KOSDAQ,246,246,246,0,0,0,0
1132,057680,2023,KOSDAQ,245,245,245,0,0,0,0
1132,057680,2024,KOSDAQ,244,244,244,0,0,0,0
1132,057680,2025,KOSDAQ,242,242,242,0,0,0,0
1132,057680,2026,KOSDAQ,166,166,166,0,0,0,0
1133,058110,2015,KOSDAQ,12,12,12,0,0,0,0
1133,058110,2016,KOSDAQ,246,246,246,0,0,0,0
1133,058110,2017,KOSDAQ,243,243,243,0,0,0,0
1133,058110,2018,KOSDAQ,244,244,244,0,0,0,0
1133,058110,2019,KOSDAQ,246,246,246,0,0,0,0
1133,058110,2020,KOSDAQ,248,248,247,0,0,1,0
1133,058110,2021,KOSDAQ,248,248,248,0,0,0,0
1133,058110,2022,KOSDAQ,246,246,246,0,0,0,0
1133,058110,2023,KOSDAQ,245,245,245,0,0,0,0
1133,058110,2024,KOSDAQ,244,244,244,0,0,0,0
1133,058110,2025,KOSDAQ,242,242,242,0,0,0,0
1133,058110,2026,KOSDAQ,166,166,166,0,0,0,0
1134,058400,2013,KOSDAQ,247,247,247,0,0,0,0
1134,058400,2014,KOSDAQ,245,245,245,0,0,0,0
1134,058400,2015,KOSDAQ,248,248,248,0,0,0,0
1134,058400,2016,KOSDAQ,246,246,246,0,0,0,0
1134,058400,2017,KOSDAQ,243,243,243,0,0,0,0
1134,058400,2018,KOSDAQ,244,244,244,0,0,0,0
1134,058400,2019,KOSDAQ,246,246,246,0,0,0,0
1134,058400,2020,KOSDAQ,248,248,248,0,0,0,0
1134,058400,2021,KOSDAQ,248,248,248,0,0,0,0
1134,058400,2022,KOSDAQ,246,246,246,0,0,0,0
1134,058400,2023,KOSDAQ,245,245,245,0,0,0,0
1134,058400,2024,KOSDAQ,244,244,244,0,0,0,0
1134,058400,2025,KOSDAQ,242,242,242,0,0,0,0
1134,058400,2026,KOSDAQ,166,166,166,0,0,0,0
1135,058430,2013,KOSPI,247,247,247,0,0,0,0
1135,058430,2014,KOSPI,245,245,245,0,0,0,0
1135,058430,2015,KOSPI,248,248,248,0,0,0,0
1135,058430,2016,KOSPI,246,246,246,0,0,0,0
1135,058430,2017,KOSPI,243,243,243,0,0,0,0
1135,058430,2018,KOSPI,244,244,244,0,0,0,0
1135,058430,2019,KOSPI,246,246,246,0,0,0,0
1135,058430,2020,KOSPI,248,248,248,0,0,0,0
1135,058430,2021,KOSPI,248,248,248,0,0,0,0
1135,058430,2022,KOSPI,246,246,246,0,0,0,0
1135,058430,2023,KOSPI,245,245,245,0,0,0,0
1135,058430,2024,KOSPI,244,244,244,0,0,0,0
1135,058430,2025,KOSPI,242,242,242,0,0,0,0
1135,058430,2026,KOSPI,166,166,166,0,0,0,0
1136,058450,2013,KOSDAQ,247,247,247,0,0,0,0
1136,058450,2014,KOSDAQ,245,245,245,0,0,0,0
1136,058450,2015,KOSDAQ,248,248,248,0,0,0,0
1136,058450,2016,KOSDAQ,246,246,246,0,0,0,0
1136,058450,2017,KOSDAQ,243,243,243,0,0,0,0
1136,058450,2018,KOSDAQ,244,244,244,0,0,0,0
1136,058450,2019,KOSDAQ,246,246,246,0,0,0,0
1136,058450,2020,KOSDAQ,248,248,248,0,0,0,0
1136,058450,2021,KOSDAQ,248,248,248,0,0,0,0
1136,058450,2022,KOSDAQ,246,246,246,0,0,0,0
1136,058450,2023,KOSDAQ,245,245,245,0,0,0,0
1136,058450,2024,KOSDAQ,244,244,243,0,0,1,0
1136,058450,2025,KOSDAQ,242,242,241,0,0,1,0
1136,058450,2026,KOSDAQ,166,166,165,0,0,1,0
1137,058470,2013,KOSDAQ,247,247,247,0,0,0,0
1137,058470,2014,KOSDAQ,245,245,245,0,0,0,0
1137,058470,2015,KOSDAQ,248,248,248,0,0,0,0
1137,058470,2016,KOSDAQ,246,246,246,0,0,0,0
1137,058470,2017,KOSDAQ,243,243,243,0,0,0,0
1137,058470,2018,KOSDAQ,244,244,244,0,0,0,0
1137,058470,2019,KOSDAQ,246,246,246,0,0,0,0
1137,058470,2020,KOSDAQ,248,248,248,0,0,0,0
1137,058470,2021,KOSDAQ,248,248,248,0,0,0,0
1137,058470,2022,KOSDAQ,246,246,246,0,0,0,0
1137,058470,2023,KOSDAQ,245,245,245,0,0,0,0
1137,058470,2024,KOSDAQ,244,244,244,0,0,0,0
1137,058470,2025,KOSDAQ,242,242,242,0,0,0,0
1137,058470,2026,KOSDAQ,166,166,166,0,0,0,0
1138,058610,2013,KOSDAQ,247,247,247,0,0,0,0
1138,058610,2014,KOSDAQ,245,245,245,0,0,0,0
1138,058610,2015,KOSDAQ,248,248,248,0,0,0,0
1138,058610,2016,KOSDAQ,246,246,246,0,0,0,0
1138,058610,2017,KOSDAQ,243,243,243,0,0,0,0
1138,058610,2018,KOSDAQ,244,244,244,0,0,0,0
1138,058610,2019,KOSDAQ,246,246,246,0,0,0,0
1138,058610,2020,KOSDAQ,248,248,248,0,0,0,0
1138,058610,2021,KOSDAQ,248,248,248,0,0,0,0
1138,058610,2022,KOSDAQ,246,246,246,0,0,0,0
1138,058610,2023,KOSDAQ,245,245,245,0,0,0,0
1138,058610,2024,KOSDAQ,244,244,244,0,0,0,0
1138,058610,2025,KOSDAQ,242,242,242,0,0,0,0
1138,058610,2026,KOSDAQ,166,166,166,0,0,0,0
1139,058630,2013,KOSDAQ,247,247,247,0,0,0,0
1139,058630,2014,KOSDAQ,245,245,245,0,0,0,0
1139,058630,2015,KOSDAQ,248,248,248,0,0,0,0
1139,058630,2016,KOSDAQ,246,246,246,0,0,0,0
1139,058630,2017,KOSDAQ,243,243,243,0,0,0,0
1139,058630,2018,KOSDAQ,244,244,244,0,0,0,0
1139,058630,2019,KOSDAQ,246,246,246,0,0,0,0
1139,058630,2020,KOSDAQ,248,248,248,0,0,0,0
1139,058630,2021,KOSDAQ,248,248,248,0,0,0,0
1139,058630,2022,KOSDAQ,246,246,246,0,0,0,0
1139,058630,2023,KOSDAQ,245,245,245,0,0,0,0
1139,058630,2024,KOSDAQ,244,244,244,0,0,0,0
1139,058630,2025,KOSDAQ,242,242,242,0,0,0,0
1139,058630,2026,KOSDAQ,166,166,166,0,0,0,0
1140,058650,2013,KOSPI,247,247,247,0,0,0,0
1140,058650,2014,KOSPI,245,245,245,0,0,0,0
1140,058650,2015,KOSPI,248,248,248,0,0,0,0
1140,058650,2016,KOSPI,246,246,246,0,0,0,0
1140,058650,2017,KOSPI,243,243,243,0,0,0,0
1140,058650,2018,KOSPI,244,244,244,0,0,0,0
1140,058650,2019,KOSPI,246,246,246,0,0,0,0
1140,058650,2020,KOSPI,248,248,248,0,0,0,0
1140,058650,2021,KOSPI,248,248,248,0,0,0,0
1140,058650,2022,KOSPI,246,246,246,0,0,0,0
1140,058650,2023,KOSPI,245,245,245,0,0,0,0
1140,058650,2024,KOSPI,244,244,244,0,0,0,0
1140,058650,2025,KOSPI,242,242,242,0,0,0,0
1140,058650,2026,KOSPI,166,166,166,0,0,0,0
1141,058730,2013,KOSPI,247,247,247,0,0,0,0
1141,058730,2014,KOSPI,245,245,245,0,0,0,0
1141,058730,2015,KOSPI,248,248,248,0,0,0,0
1141,058730,2016,KOSPI,246,246,246,0,0,0,0
1141,058730,2017,KOSPI,243,243,243,0,0,0,0
1141,058730,2018,KOSPI,244,244,244,0,0,0,0
1141,058730,2019,KOSPI,246,246,246,0,0,0,0
1141,058730,2020,KOSPI,248,248,248,0,0,0,0
1141,058730,2021,KOSPI,248,248,248,0,0,0,0
1141,058730,2022,KOSPI,246,246,246,0,0,0,0
1141,058730,2023,KOSPI,245,245,245,0,0,0,0
1141,058730,2024,KOSPI,244,244,244,0,0,0,0
1141,058730,2025,KOSPI,242,242,242,0,0,0,0
1141,058730,2026,KOSPI,166,166,166,0,0,0,0
1142,058820,2013,KOSDAQ,247,247,247,0,0,0,0
1142,058820,2014,KOSDAQ,245,245,245,0,0,0,0
1142,058820,2015,KOSDAQ,248,248,248,0,0,0,0
1142,058820,2016,KOSDAQ,246,246,246,0,0,0,0
1142,058820,2017,KOSDAQ,243,243,243,0,0,0,0
1142,058820,2018,KOSDAQ,244,244,244,0,0,0,0
1142,058820,2019,KOSDAQ,246,246,246,0,0,0,0
1142,058820,2020,KOSDAQ,248,248,248,0,0,0,0
1142,058820,2021,KOSDAQ,248,248,248,0,0,0,0
1142,058820,2022,KOSDAQ,246,246,246,0,0,0,0
1142,058820,2023,KOSDAQ,245,245,245,0,0,0,0
1142,058820,2024,KOSDAQ,244,244,244,0,0,0,0
1142,058820,2025,KOSDAQ,242,242,242,0,0,0,0
1142,058820,2026,KOSDAQ,166,166,166,0,0,0,0
1143,058850,2013,KOSPI,247,247,247,0,0,0,0
1143,058850,2014,KOSPI,245,245,245,0,0,0,0
1143,058850,2015,KOSPI,248,248,248,0,0,0,0
1143,058850,2016,KOSPI,246,246,246,0,0,0,0
1143,058850,2017,KOSPI,243,243,243,0,0,0,0
1143,058850,2018,KOSPI,244,244,244,0,0,0,0
1143,058850,2019,KOSPI,246,246,246,0,0,0,0
1143,058850,2020,KOSPI,248,248,248,0,0,0,0
1143,058850,2021,KOSPI,248,248,248,0,0,0,0
1143,058850,2022,KOSPI,246,246,246,0,0,0,0
1143,058850,2023,KOSPI,245,245,245,0,0,0,0
1143,058850,2024,KOSPI,244,244,244,0,0,0,0
1143,058850,2025,KOSPI,242,242,242,0,0,0,0
1143,058850,2026,KOSPI,166,166,166,0,0,0,0
1144,058860,2013,KOSPI,247,247,247,0,0,0,0
1144,058860,2014,KOSPI,245,245,245,0,0,0,0
1144,058860,2015,KOSPI,248,248,248,0,0,0,0
1144,058860,2016,KOSPI,246,246,246,0,0,0,0
1144,058860,2017,KOSPI,243,243,243,0,0,0,0
1144,058860,2018,KOSPI,244,244,244,0,0,0,0
1144,058860,2019,KOSPI,246,246,246,0,0,0,0
1144,058860,2020,KOSPI,248,248,248,0,0,0,0
1144,058860,2021,KOSPI,248,248,248,0,0,0,0
1144,058860,2022,KOSPI,246,246,246,0,0,0,0
1144,058860,2023,KOSPI,245,245,245,0,0,0,0
1144,058860,2024,KOSPI,244,244,244,0,0,0,0
1144,058860,2025,KOSPI,242,242,242,0,0,0,0
1144,058860,2026,KOSPI,166,166,166,0,0,0,0
1145,058970,2021,KOSDAQ,94,94,94,0,0,0,0
1145,058970,2022,KOSDAQ,246,246,246,0,0,0,0
1145,058970,2023,KOSDAQ,245,245,245,0,0,0,0
1145,058970,2024,KOSDAQ,244,244,244,0,0,0,0
1145,058970,2025,KOSDAQ,242,242,242,0,0,0,0
1145,058970,2026,KOSDAQ,166,166,166,0,0,0,0
1146,059090,2013,KOSDAQ,247,247,247,0,0,0,0
1146,059090,2014,KOSDAQ,245,245,245,0,0,0,0
1146,059090,2015,KOSDAQ,248,248,248,0,0,0,0
1146,059090,2016,KOSDAQ,246,246,246,0,0,0,0
1146,059090,2017,KOSDAQ,243,243,243,0,0,0,0
1146,059090,2018,KOSDAQ,244,244,244,0,0,0,0
1146,059090,2019,KOSDAQ,246,246,246,0,0,0,0
1146,059090,2020,KOSDAQ,248,248,248,0,0,0,0
1146,059090,2021,KOSDAQ,248,248,248,0,0,0,0
1146,059090,2022,KOSDAQ,246,246,246,0,0,0,0
1146,059090,2023,KOSDAQ,245,245,245,0,0,0,0
1146,059090,2024,KOSDAQ,244,244,244,0,0,0,0
1146,059090,2025,KOSDAQ,242,242,242,0,0,0,0
1146,059090,2026,KOSDAQ,166,166,166,0,0,0,0
1147,059100,2013,KOSDAQ,247,247,247,0,0,0,0
1147,059100,2014,KOSDAQ,245,245,245,0,0,0,0
1147,059100,2015,KOSDAQ,248,248,248,0,0,0,0
1147,059100,2016,KOSDAQ,246,246,246,0,0,0,0
1147,059100,2017,KOSDAQ,243,243,243,0,0,0,0
1147,059100,2018,KOSDAQ,244,244,244,0,0,0,0
1147,059100,2019,KOSDAQ,246,246,246,0,0,0,0
1147,059100,2020,KOSDAQ,248,248,248,0,0,0,0
1147,059100,2021,KOSDAQ,248,248,248,0,0,0,0
1147,059100,2022,KOSDAQ,246,246,246,0,0,0,0
1147,059100,2023,KOSDAQ,245,245,245,0,0,0,0
1147,059100,2024,KOSDAQ,244,244,244,0,0,0,0
1147,059100,2025,KOSDAQ,242,242,242,0,0,0,0
1147,059100,2026,KOSDAQ,166,166,166,0,0,0,0
1148,059120,2014,KOSDAQ,107,107,107,0,0,0,0
1148,059120,2015,KOSDAQ,248,248,248,0,0,0,0
1148,059120,2016,KOSDAQ,246,246,246,0,0,0,0
1148,059120,2017,KOSDAQ,243,243,243,0,0,0,0
1148,059120,2018,KOSDAQ,244,244,244,0,0,0,0
1148,059120,2019,KOSDAQ,246,246,246,0,0,0,0
1148,059120,2020,KOSDAQ,248,248,248,0,0,0,0
1148,059120,2021,KOSDAQ,248,248,248,0,0,0,0
1148,059120,2022,KOSDAQ,246,246,246,0,0,0,0
1148,059120,2023,KOSDAQ,245,245,245,0,0,0,0
1148,059120,2024,KOSDAQ,244,244,244,0,0,0,0
1148,059120,2025,KOSDAQ,242,242,242,0,0,0,0
1148,059120,2026,KOSDAQ,166,166,166,0,0,0,0
1149,059210,2013,KOSDAQ,247,247,247,0,0,0,0
1149,059210,2014,KOSDAQ,245,245,245,0,0,0,0
1149,059210,2015,KOSDAQ,248,248,248,0,0,0,0
1149,059210,2016,KOSDAQ,246,246,246,0,0,0,0
1149,059210,2017,KOSDAQ,243,243,243,0,0,0,0
1149,059210,2018,KOSDAQ,244,244,244,0,0,0,0
1149,059210,2019,KOSDAQ,246,246,246,0,0,0,0
1149,059210,2020,KOSDAQ,248,248,248,0,0,0,0
1149,059210,2021,KOSDAQ,248,248,248,0,0,0,0
1149,059210,2022,KOSDAQ,246,246,246,0,0,0,0
1149,059210,2023,KOSDAQ,245,245,245,0,0,0,0
1149,059210,2024,KOSDAQ,244,244,244,0,0,0,0
1149,059210,2025,KOSDAQ,242,242,242,0,0,0,0
1149,059210,2026,KOSDAQ,166,166,166,0,0,0,0
1150,059270,2021,KOSDAQ,174,174,174,0,0,0,0
1150,059270,2022,KOSDAQ,246,246,246,0,0,0,0
1150,059270,2023,KOSDAQ,245,245,245,0,0,0,0
1150,059270,2024,KOSDAQ,244,244,244,0,0,0,0
1150,059270,2025,KOSDAQ,242,242,242,0,0,0,0
1150,059270,2026,KOSDAQ,166,166,166,0,0,0,0
1151,060150,2013,KOSDAQ,247,247,247,0,0,0,0
1151,060150,2014,KOSDAQ,245,245,245,0,0,0,0
1151,060150,2015,KOSDAQ,248,248,248,0,0,0,0
1151,060150,2016,KOSDAQ,246,246,246,0,0,0,0
1151,060150,2017,KOSDAQ,243,243,243,0,0,0,0
1151,060150,2018,KOSDAQ,244,244,244,0,0,0,0
1151,060150,2019,KOSDAQ,246,246,246,0,0,0,0
1151,060150,2020,KOSDAQ,248,248,248,0,0,0,0
1151,060150,2021,KOSDAQ,248,248,248,0,0,0,0
1151,060150,2022,KOSDAQ,246,246,246,0,0,0,0
1151,060150,2023,KOSDAQ,245,245,245,0,0,0,0
1151,060150,2024,KOSDAQ,244,244,244,0,0,0,0
1151,060150,2025,KOSDAQ,242,242,242,0,0,0,0
1151,060150,2026,KOSDAQ,166,166,166,0,0,0,0
1152,060230,2013,KOSDAQ,247,247,247,0,0,0,0
1152,060230,2014,KOSDAQ,245,245,245,0,0,0,0
1152,060230,2015,KOSDAQ,248,248,248,0,0,0,0
1152,060230,2016,KOSDAQ,246,246,246,0,0,0,0
1152,060230,2017,KOSDAQ,243,243,243,0,0,0,0
1152,060230,2018,KOSDAQ,244,244,244,0,0,0,0
1152,060230,2019,KOSDAQ,246,246,246,0,0,0,0
1152,060230,2020,KOSDAQ,248,248,248,0,0,0,0
1152,060230,2021,KOSDAQ,248,248,248,0,0,0,0
1152,060230,2022,KOSDAQ,246,246,246,0,0,0,0
1152,060230,2023,KOSDAQ,245,245,245,0,0,0,0
1152,060230,2024,KOSDAQ,244,244,244,0,0,0,0
1152,060230,2025,KOSDAQ,242,242,242,0,0,0,0
1152,060230,2026,KOSDAQ,166,166,166,0,0,0,0
1153,060250,2013,KOSDAQ,247,247,247,0,0,0,0
1153,060250,2014,KOSDAQ,245,245,245,0,0,0,0
1153,060250,2015,KOSDAQ,248,248,248,0,0,0,0
1153,060250,2016,KOSDAQ,246,246,246,0,0,0,0
1153,060250,2017,KOSDAQ,243,243,243,0,0,0,0
1153,060250,2018,KOSDAQ,244,244,244,0,0,0,0
1153,060250,2019,KOSDAQ,246,246,246,0,0,0,0
1153,060250,2020,KOSDAQ,248,248,248,0,0,0,0
1153,060250,2021,KOSDAQ,248,248,248,0,0,0,0
1153,060250,2022,KOSDAQ,246,246,246,0,0,0,0
1153,060250,2023,KOSDAQ,245,245,245,0,0,0,0
1153,060250,2024,KOSDAQ,244,244,244,0,0,0,0
1153,060250,2025,KOSDAQ,242,242,242,0,0,0,0
1153,060250,2026,KOSDAQ,166,166,166,0,0,0,0
1154,060260,2013,KOSDAQ,247,247,247,0,0,0,0
1154,060260,2014,KOSDAQ,245,245,245,0,0,0,0
1154,060260,2015,KOSDAQ,248,248,248,0,0,0,0
1154,060260,2016,KOSDAQ,246,246,246,0,0,0,0
1154,060260,2017,KOSDAQ,243,243,243,0,0,0,0
1154,060260,2018,KOSDAQ,244,244,244,0,0,0,0
1154,060260,2019,KOSDAQ,246,246,246,0,0,0,0
1154,060260,2020,KOSDAQ,248,248,248,0,0,0,0
1154,060260,2021,KOSDAQ,248,248,248,0,0,0,0
1154,060260,2022,KOSDAQ,246,246,246,0,0,0,0
1154,060260,2023,KOSDAQ,245,245,245,0,0,0,0
1154,060260,2024,KOSDAQ,244,244,244,0,0,0,0
1154,060260,2025,KOSDAQ,242,242,242,0,0,0,0
1154,060260,2026,KOSDAQ,166,166,166,0,0,0,0
1155,060280,2013,KOSDAQ,247,247,247,0,0,0,0
1155,060280,2014,KOSDAQ,245,245,245,0,0,0,0
1155,060280,2015,KOSDAQ,248,248,248,0,0,0,0
1155,060280,2016,KOSDAQ,246,246,246,0,0,0,0
1155,060280,2017,KOSDAQ,243,243,243,0,0,0,0
1155,060280,2018,KOSDAQ,244,244,244,0,0,0,0
1155,060280,2019,KOSDAQ,246,246,246,0,0,0,0
1155,060280,2020,KOSDAQ,248,248,248,0,0,0,0
1155,060280,2021,KOSDAQ,248,248,248,0,0,0,0
1155,060280,2022,KOSDAQ,246,246,246,0,0,0,0
1155,060280,2023,KOSDAQ,245,245,245,0,0,0,0
1155,060280,2024,KOSDAQ,244,244,244,0,0,0,0
1155,060280,2025,KOSDAQ,242,242,242,0,0,0,0
1155,060280,2026,KOSDAQ,166,166,166,0,0,0,0
1156,060310,2013,KOSDAQ,247,247,247,0,0,0,0
1156,060310,2014,KOSDAQ,245,245,245,0,0,0,0
1156,060310,2015,KOSDAQ,248,248,248,0,0,0,0
1156,060310,2016,KOSDAQ,246,246,246,0,0,0,0
1156,060310,2017,KOSDAQ,243,243,243,0,0,0,0
1156,060310,2018,KOSDAQ,244,244,244,0,0,0,0
1156,060310,2019,KOSDAQ,246,246,246,0,0,0,0
1156,060310,2020,KOSDAQ,248,248,248,0,0,0,0
1156,060310,2021,KOSDAQ,248,248,248,0,0,0,0
1156,060310,2022,KOSDAQ,246,246,246,0,0,0,0
1156,060310,2023,KOSDAQ,245,245,245,0,0,0,0
1156,060310,2024,KOSDAQ,244,244,244,0,0,0,0
1156,060310,2025,KOSDAQ,242,242,242,0,0,0,0
1156,060310,2026,KOSDAQ,166,166,166,0,0,0,0
1157,060370,2013,KOSDAQ,247,247,247,0,0,0,0
1157,060370,2014,KOSDAQ,245,245,245,0,0,0,0
1157,060370,2015,KOSDAQ,248,248,247,0,0,1,0
1157,060370,2016,KOSDAQ,246,246,246,0,0,0,0
1157,060370,2017,KOSDAQ,243,243,243,0,0,0,0
1157,060370,2018,KOSDAQ,244,244,244,0,0,0,0
1157,060370,2019,KOSDAQ,246,246,246,0,0,0,0
1157,060370,2020,KOSDAQ,248,248,248,0,0,0,0
1157,060370,2021,KOSDAQ,248,248,248,0,0,0,0
1157,060370,2022,KOSDAQ,246,246,246,0,0,0,0
1157,060370,2023,KOSDAQ,245,245,245,0,0,0,0
1157,060370,2024,KOSDAQ,244,244,244,0,0,0,0
1157,060370,2025,KOSDAQ,242,242,242,0,0,0,0
1157,060370,2026,KOSDAQ,166,166,166,0,0,0,0
1158,060380,2013,KOSDAQ,247,247,247,0,0,0,0
1158,060380,2014,KOSDAQ,245,245,245,0,0,0,0
1158,060380,2015,KOSDAQ,248,248,248,0,0,0,0
1158,060380,2016,KOSDAQ,246,246,246,0,0,0,0
1158,060380,2017,KOSDAQ,243,243,243,0,0,0,0
1158,060380,2018,KOSDAQ,244,244,244,0,0,0,0
1158,060380,2019,KOSDAQ,246,246,246,0,0,0,0
1158,060380,2020,KOSDAQ,248,248,248,0,0,0,0
1158,060380,2021,KOSDAQ,248,248,248,0,0,0,0
1158,060380,2022,KOSDAQ,246,246,246,0,0,0,0
1158,060380,2023,KOSDAQ,245,245,245,0,0,0,0
1158,060380,2024,KOSDAQ,244,244,244,0,0,0,0
1158,060380,2025,KOSDAQ,242,242,242,0,0,0,0
1158,060380,2026,KOSDAQ,166,166,166,0,0,0,0
1159,060480,2014,KOSDAQ,2,2,2,0,0,0,0
1159,060480,2015,KOSDAQ,248,248,248,0,0,0,0
1159,060480,2016,KOSDAQ,246,246,246,0,0,0,0
1159,060480,2017,KOSDAQ,243,243,243,0,0,0,0
1159,060480,2018,KOSDAQ,244,244,244,0,0,0,0
1159,060480,2019,KOSDAQ,246,246,246,0,0,0,0
1159,060480,2020,KOSDAQ,248,248,248,0,0,0,0
1159,060480,2021,KOSDAQ,248,248,248,0,0,0,0
1159,060480,2022,KOSDAQ,246,246,246,0,0,0,0
1159,060480,2023,KOSDAQ,245,245,245,0,0,0,0
1159,060480,2024,KOSDAQ,244,244,244,0,0,0,0
1159,060480,2025,KOSDAQ,242,242,242,0,0,0,0
1159,060480,2026,KOSDAQ,166,166,166,0,0,0,0
1160,060540,2013,KOSDAQ,247,247,247,0,0,0,0
1160,060540,2014,KOSDAQ,245,245,245,0,0,0,0
1160,060540,2015,KOSDAQ,248,248,248,0,0,0,0
1160,060540,2016,KOSDAQ,246,246,246,0,0,0,0
1160,060540,2017,KOSDAQ,243,243,243,0,0,0,0
1160,060540,2018,KOSDAQ,244,244,244,0,0,0,0
1160,060540,2019,KOSDAQ,246,246,246,0,0,0,0
1160,060540,2020,KOSDAQ,248,248,248,0,0,0,0
1160,060540,2021,KOSDAQ,248,248,248,0,0,0,0
1160,060540,2022,KOSDAQ,246,246,246,0,0,0,0
1160,060540,2023,KOSDAQ,245,245,245,0,0,0,0
1160,060540,2024,KOSDAQ,244,244,244,0,0,0,0
1160,060540,2025,KOSDAQ,242,242,242,0,0,0,0
1160,060540,2026,KOSDAQ,166,166,166,0,0,0,0
1161,060560,2013,KOSDAQ,247,247,247,0,0,0,0
1161,060560,2014,KOSDAQ,245,245,245,0,0,0,0
1161,060560,2015,KOSDAQ,248,248,248,0,0,0,0
1161,060560,2016,KOSDAQ,246,246,246,0,0,0,0
1161,060560,2017,KOSDAQ,243,243,243,0,0,0,0
1161,060560,2018,KOSDAQ,244,244,244,0,0,0,0
1161,060560,2019,KOSDAQ,246,246,246,0,0,0,0
1161,060560,2020,KOSDAQ,248,248,248,0,0,0,0
1161,060560,2021,KOSDAQ,248,248,248,0,0,0,0
1161,060560,2022,KOSDAQ,246,246,246,0,0,0,0
1161,060560,2023,KOSDAQ,245,245,245,0,0,0,0
1161,060560,2024,KOSDAQ,244,244,244,0,0,0,0
1161,060560,2025,KOSDAQ,242,242,242,0,0,0,0
1161,060560,2026,KOSDAQ,166,166,166,0,0,0,0
1162,060570,2013,KOSDAQ,247,247,247,0,0,0,0
1162,060570,2014,KOSDAQ,245,245,245,0,0,0,0
1162,060570,2015,KOSDAQ,248,248,248,0,0,0,0
1162,060570,2016,KOSDAQ,246,246,246,0,0,0,0
1162,060570,2017,KOSDAQ,243,243,243,0,0,0,0
1162,060570,2018,KOSDAQ,244,244,244,0,0,0,0
1162,060570,2019,KOSDAQ,246,246,246,0,0,0,0
1162,060570,2020,KOSDAQ,248,248,248,0,0,0,0
1162,060570,2021,KOSDAQ,248,248,248,0,0,0,0
1162,060570,2022,KOSDAQ,246,246,246,0,0,0,0
1162,060570,2023,KOSDAQ,245,245,245,0,0,0,0
1162,060570,2024,KOSDAQ,244,244,244,0,0,0,0
1162,060570,2025,KOSDAQ,242,242,242,0,0,0,0
1162,060570,2026,KOSDAQ,166,166,166,0,0,0,0
1163,060590,2013,KOSDAQ,247,247,247,0,0,0,0
1163,060590,2014,KOSDAQ,245,245,245,0,0,0,0
1163,060590,2015,KOSDAQ,248,248,248,0,0,0,0
1163,060590,2016,KOSDAQ,246,246,246,0,0,0,0
1163,060590,2017,KOSDAQ,243,243,243,0,0,0,0
1163,060590,2018,KOSDAQ,244,244,244,0,0,0,0
1163,060590,2019,KOSDAQ,246,246,246,0,0,0,0
1163,060590,2020,KOSDAQ,248,248,248,0,0,0,0
1163,060590,2021,KOSDAQ,248,248,248,0,0,0,0
1163,060590,2022,KOSDAQ,246,246,246,0,0,0,0
1163,060590,2023,KOSDAQ,245,245,245,0,0,0,0
1163,060590,2024,KOSDAQ,244,244,244,0,0,0,0
1163,060590,2025,KOSDAQ,242,242,242,0,0,0,0
1163,060590,2026,KOSDAQ,166,166,166,0,0,0,0
1164,060720,2013,KOSDAQ,247,247,247,0,0,0,0
1164,060720,2014,KOSDAQ,245,245,245,0,0,0,0
1164,060720,2015,KOSDAQ,248,248,248,0,0,0,0
1164,060720,2016,KOSDAQ,246,246,246,0,0,0,0
1164,060720,2017,KOSDAQ,243,243,243,0,0,0,0
1164,060720,2018,KOSDAQ,244,244,244,0,0,0,0
1164,060720,2019,KOSDAQ,246,246,246,0,0,0,0
1164,060720,2020,KOSDAQ,248,248,248,0,0,0,0
1164,060720,2021,KOSDAQ,248,248,248,0,0,0,0
1164,060720,2022,KOSDAQ,246,246,246,0,0,0,0
1164,060720,2023,KOSDAQ,245,245,245,0,0,0,0
1164,060720,2024,KOSDAQ,244,244,244,0,0,0,0
1164,060720,2025,KOSDAQ,242,242,242,0,0,0,0
1164,060720,2026,KOSDAQ,166,166,166,0,0,0,0
1165,060850,2020,KOSDAQ,95,95,95,0,0,0,0
1165,060850,2021,KOSDAQ,248,248,248,0,0,0,0
1165,060850,2022,KOSDAQ,246,246,246,0,0,0,0
1165,060850,2023,KOSDAQ,245,245,245,0,0,0,0
1165,060850,2024,KOSDAQ,244,244,244,0,0,0,0
1165,060850,2025,KOSDAQ,242,242,242,0,0,0,0
1165,060850,2026,KOSDAQ,166,166,166,0,0,0,0
1166,060900,2013,KOSDAQ,247,247,247,0,0,0,0
1166,060900,2014,KOSDAQ,245,245,245,0,0,0,0
1166,060900,2015,KOSDAQ,248,248,248,0,0,0,0
1166,060900,2016,KOSDAQ,246,246,246,0,0,0,0
1166,060900,2017,KOSDAQ,243,243,243,0,0,0,0
1166,060900,2018,KOSDAQ,244,244,244,0,0,0,0
1166,060900,2019,KOSDAQ,246,246,246,0,0,0,0
1166,060900,2020,KOSDAQ,248,248,248,0,0,0,0
1166,060900,2021,KOSDAQ,248,248,248,0,0,0,0
1166,060900,2022,KOSDAQ,246,246,246,0,0,0,0
1166,060900,2023,KOSDAQ,245,245,245,0,0,0,0
1166,060900,2024,KOSDAQ,244,244,244,0,0,0,0
1166,060900,2025,KOSDAQ,242,242,242,0,0,0,0
1166,060900,2026,KOSDAQ,166,166,166,0,0,0,0
1167,060980,2013,KOSPI,247,247,247,0,0,0,0
1167,060980,2014,KOSPI,245,245,244,0,0,1,0
1167,060980,2015,KOSPI,248,248,248,0,0,0,0
1167,060980,2016,KOSPI,246,246,246,0,0,0,0
1167,060980,2017,KOSPI,243,243,243,0,0,0,0
1167,060980,2018,KOSPI,244,244,244,0,0,0,0
1167,060980,2019,KOSPI,246,246,246,0,0,0,0
1167,060980,2020,KOSPI,248,248,248,0,0,0,0
1167,060980,2021,KOSPI,248,248,248,0,0,0,0
1167,060980,2022,KOSPI,246,246,246,0,0,0,0
1167,060980,2023,KOSPI,245,245,245,0,0,0,0
1167,060980,2024,KOSPI,244,244,244,0,0,0,0
1167,060980,2025,KOSPI,242,242,242,0,0,0,0
1167,060980,2026,KOSPI,166,166,166,0,0,0,0
1168,061040,2013,KOSDAQ,247,247,247,0,0,0,0
1168,061040,2014,KOSDAQ,245,245,245,0,0,0,0
1168,061040,2015,KOSDAQ,248,248,248,0,0,0,0
1168,061040,2016,KOSDAQ,246,246,246,0,0,0,0
1168,061040,2017,KOSDAQ,243,243,243,0,0,0,0
1168,061040,2018,KOSDAQ,244,244,244,0,0,0,0
1168,061040,2019,KOSDAQ,246,246,246,0,0,0,0
1168,061040,2020,KOSDAQ,248,248,248,0,0,0,0
1168,061040,2021,KOSDAQ,248,248,248,0,0,0,0
1168,061040,2022,KOSDAQ,246,246,246,0,0,0,0
1168,061040,2023,KOSDAQ,245,245,245,0,0,0,0
1168,061040,2024,KOSDAQ,244,244,244,0,0,0,0
1168,061040,2025,KOSDAQ,242,242,242,0,0,0,0
1168,061040,2026,KOSDAQ,166,166,166,0,0,0,0
1169,061090,2025,KOSDAQ,32,32,32,0,0,0,0
1169,061090,2026,KOSDAQ,166,166,166,0,0,0,0
1170,061250,2013,KOSDAQ,247,247,247,0,0,0,0
1170,061250,2014,KOSDAQ,245,245,245,0,0,0,0
1170,061250,2015,KOSDAQ,248,248,248,0,0,0,0
1170,061250,2016,KOSDAQ,246,246,246,0,0,0,0
1170,061250,2017,KOSDAQ,243,243,243,0,0,0,0
1170,061250,2018,KOSDAQ,244,244,244,0,0,0,0
1170,061250,2019,KOSDAQ,246,246,246,0,0,0,0
1170,061250,2020,KOSDAQ,248,248,248,0,0,0,0
1170,061250,2021,KOSDAQ,248,248,248,0,0,0,0
1170,061250,2022,KOSDAQ,246,246,246,0,0,0,0
1170,061250,2023,KOSDAQ,245,245,245,0,0,0,0
1170,061250,2024,KOSDAQ,244,244,244,0,0,0,0
1170,061250,2025,KOSDAQ,242,242,242,0,0,0,0
1170,061250,2026,KOSDAQ,166,166,166,0,0,0,0
1171,061970,2013,KOSDAQ,247,247,247,0,0,0,0
1171,061970,2014,KOSDAQ,245,245,245,0,0,0,0
1171,061970,2015,KOSDAQ,248,248,248,0,0,0,0
1171,061970,2016,KOSDAQ,246,246,246,0,0,0,0
1171,061970,2017,KOSDAQ,243,243,243,0,0,0,0
1171,061970,2018,KOSDAQ,244,244,243,0,0,1,0
1171,061970,2019,KOSDAQ,246,246,246,0,0,0,0
1171,061970,2020,KOSDAQ,248,248,248,0,0,0,0
1171,061970,2021,KOSDAQ,248,248,248,0,0,0,0
1171,061970,2022,KOSDAQ,246,246,246,0,0,0,0
1171,061970,2023,KOSDAQ,245,245,245,0,0,0,0
1171,061970,2024,KOSDAQ,244,244,244,0,0,0,0
1171,061970,2025,KOSDAQ,242,242,242,0,0,0,0
1171,061970,2026,KOSDAQ,166,166,166,0,0,0,0
1172,062040,2024,KOSPI,103,103,103,0,0,0,0
1172,062040,2025,KOSPI,242,242,242,0,0,0,0
1172,062040,2026,KOSPI,166,166,166,0,0,0,0
1173,062970,2019,KOSDAQ,3,3,3,0,0,0,0
1173,062970,2020,KOSDAQ,248,248,248,0,0,0,0
1173,062970,2021,KOSDAQ,248,248,248,0,0,0,0
1173,062970,2022,KOSDAQ,246,246,246,0,0,0,0
1173,062970,2023,KOSDAQ,245,245,245,0,0,0,0
1173,062970,2024,KOSDAQ,244,244,243,0,0,1,0
1173,062970,2025,KOSDAQ,242,242,242,0,0,0,0
1173,062970,2026,KOSDAQ,166,166,165,0,0,1,0
1174,063080,2013,KOSDAQ,247,247,247,0,0,0,0
1174,063080,2014,KOSDAQ,245,245,245,0,0,0,0
1174,063080,2015,KOSDAQ,248,248,248,0,0,0,0
1174,063080,2016,KOSDAQ,246,246,246,0,0,0,0
1174,063080,2017,KOSDAQ,243,243,243,0,0,0,0
1174,063080,2018,KOSDAQ,244,244,244,0,0,0,0
1174,063080,2019,KOSDAQ,246,246,246,0,0,0,0
1174,063080,2020,KOSDAQ,248,248,248,0,0,0,0
1174,063080,2021,KOSDAQ,248,248,248,0,0,0,0
1174,063080,2022,KOSDAQ,246,246,246,0,0,0,0
1174,063080,2023,KOSDAQ,245,245,245,0,0,0,0
1174,063080,2024,KOSDAQ,244,244,244,0,0,0,0
1174,063080,2025,KOSDAQ,242,242,242,0,0,0,0
1174,063080,2026,KOSDAQ,166,166,166,0,0,0,0
1175,063160,2013,KOSPI,247,247,247,0,0,0,0
1175,063160,2014,KOSPI,245,245,245,0,0,0,0
1175,063160,2015,KOSPI,248,248,248,0,0,0,0
1175,063160,2016,KOSPI,246,246,246,0,0,0,0
1175,063160,2017,KOSPI,243,243,243,0,0,0,0
1175,063160,2018,KOSPI,244,244,244,0,0,0,0
1175,063160,2019,KOSPI,246,246,246,0,0,0,0
1175,063160,2020,KOSPI,248,248,248,0,0,0,0
1175,063160,2021,KOSPI,248,248,248,0,0,0,0
1175,063160,2022,KOSPI,246,246,246,0,0,0,0
1175,063160,2023,KOSPI,245,245,245,0,0,0,0
1175,063160,2024,KOSPI,244,244,244,0,0,0,0
1175,063160,2025,KOSPI,242,242,242,0,0,0,0
1175,063160,2026,KOSPI,166,166,166,0,0,0,0
1176,063170,2013,KOSDAQ,247,247,247,0,0,0,0
1176,063170,2014,KOSDAQ,245,245,245,0,0,0,0
1176,063170,2015,KOSDAQ,248,248,248,0,0,0,0
1176,063170,2016,KOSDAQ,246,246,246,0,0,0,0
1176,063170,2017,KOSDAQ,243,243,243,0,0,0,0
1176,063170,2018,KOSDAQ,244,244,244,0,0,0,0
1176,063170,2019,KOSDAQ,246,246,246,0,0,0,0
1176,063170,2020,KOSDAQ,248,248,248,0,0,0,0
1176,063170,2021,KOSDAQ,248,248,248,0,0,0,0
1176,063170,2022,KOSDAQ,246,246,246,0,0,0,0
1176,063170,2023,KOSDAQ,245,245,245,0,0,0,0
1176,063170,2024,KOSDAQ,244,244,244,0,0,0,0
1176,063170,2025,KOSDAQ,242,242,242,0,0,0,0
1176,063170,2026,KOSDAQ,166,166,166,0,0,0,0
1177,063440,2013,KOSDAQ,247,247,247,0,0,0,0
1177,063440,2014,KOSDAQ,245,245,245,0,0,0,0
1177,063440,2015,KOSDAQ,248,248,248,0,0,0,0
1177,063440,2016,KOSDAQ,246,246,246,0,0,0,0
1177,063440,2017,KOSDAQ,243,243,243,0,0,0,0
1177,063440,2018,KOSDAQ,244,244,244,0,0,0,0
1177,063440,2019,KOSDAQ,246,246,246,0,0,0,0
1177,063440,2020,KOSDAQ,248,248,248,0,0,0,0
1177,063440,2021,KOSDAQ,248,248,248,0,0,0,0
1177,063440,2022,KOSDAQ,246,246,246,0,0,0,0
1177,063440,2023,KOSDAQ,245,245,245,0,0,0,0
1177,063440,2024,KOSDAQ,244,244,244,0,0,0,0
1177,063440,2025,KOSDAQ,242,242,242,0,0,0,0
1177,063440,2026,KOSDAQ,166,166,166,0,0,0,0
1178,063570,2013,KOSDAQ,247,247,247,0,0,0,0
1178,063570,2014,KOSDAQ,245,245,245,0,0,0,0
1178,063570,2015,KOSDAQ,248,248,248,0,0,0,0
1178,063570,2016,KOSDAQ,246,246,246,0,0,0,0
1178,063570,2017,KOSDAQ,243,243,243,0,0,0,0
1178,063570,2018,KOSDAQ,244,244,244,0,0,0,0
1178,063570,2019,KOSDAQ,246,246,246,0,0,0,0
1178,063570,2020,KOSDAQ,248,248,248,0,0,0,0
1178,063570,2021,KOSDAQ,248,248,248,0,0,0,0
1178,063570,2022,KOSDAQ,246,246,246,0,0,0,0
1178,063570,2023,KOSDAQ,245,245,245,0,0,0,0
1178,063570,2024,KOSDAQ,244,244,244,0,0,0,0
1178,063570,2025,KOSDAQ,242,242,242,0,0,0,0
1178,063570,2026,KOSDAQ,166,166,166,0,0,0,0
1179,063760,2017,KOSDAQ,178,178,178,0,0,0,0
1179,063760,2018,KOSDAQ,244,244,244,0,0,0,0
1179,063760,2019,KOSDAQ,246,246,246,0,0,0,0
1179,063760,2020,KOSDAQ,248,248,248,0,0,0,0
1179,063760,2021,KOSDAQ,248,248,248,0,0,0,0
1179,063760,2022,KOSDAQ,246,246,246,0,0,0,0
1179,063760,2023,KOSDAQ,245,245,245,0,0,0,0
1179,063760,2024,KOSDAQ,244,244,244,0,0,0,0
1179,063760,2025,KOSDAQ,242,242,242,0,0,0,0
1179,063760,2026,KOSDAQ,166,166,166,0,0,0,0
1180,064090,2013,KOSDAQ,247,247,247,0,0,0,0
1180,064090,2014,KOSDAQ,245,245,245,0,0,0,0
1180,064090,2015,KOSDAQ,248,248,248,0,0,0,0
1180,064090,2016,KOSDAQ,246,246,246,0,0,0,0
1180,064090,2017,KOSDAQ,243,243,242,0,0,1,0
1180,064090,2018,KOSDAQ,244,244,244,0,0,0,0
1180,064090,2019,KOSDAQ,246,246,246,0,0,0,0
1180,064090,2020,KOSDAQ,248,248,248,0,0,0,0
1180,064090,2021,KOSDAQ,248,248,248,0,0,0,0
1180,064090,2022,KOSDAQ,246,246,246,0,0,0,0
1180,064090,2023,KOSDAQ,245,245,245,0,0,0,0
1180,064090,2024,KOSDAQ,244,244,244,0,0,0,0
1180,064090,2025,KOSDAQ,242,242,242,0,0,0,0
1180,064090,2026,KOSDAQ,166,166,166,0,0,0,0
1181,064240,2013,KOSDAQ,247,247,247,0,0,0,0
1181,064240,2014,KOSDAQ,245,245,245,0,0,0,0
1181,064240,2015,KOSDAQ,248,248,248,0,0,0,0
1181,064240,2016,KOSDAQ,246,246,246,0,0,0,0
1181,064240,2017,KOSDAQ,243,243,243,0,0,0,0
1181,064240,2018,KOSDAQ,244,244,244,0,0,0,0
1181,064240,2019,KOSDAQ,246,246,246,0,0,0,0
1181,064240,2020,KOSDAQ,248,248,248,0,0,0,0
1181,064240,2021,KOSDAQ,248,248,248,0,0,0,0
1181,064240,2022,KOSDAQ,246,246,246,0,0,0,0
1181,064240,2023,KOSDAQ,245,245,245,0,0,0,0
1181,064240,2024,KOSDAQ,244,244,244,0,0,0,0
1181,064240,2025,KOSDAQ,242,242,242,0,0,0,0
1181,064240,2026,KOSDAQ,166,166,166,0,0,0,0
1182,064260,2013,KOSDAQ,247,247,247,0,0,0,0
1182,064260,2014,KOSDAQ,245,245,245,0,0,0,0
1182,064260,2015,KOSDAQ,248,248,248,0,0,0,0
1182,064260,2016,KOSDAQ,246,246,246,0,0,0,0
1182,064260,2017,KOSDAQ,243,243,243,0,0,0,0
1182,064260,2018,KOSDAQ,244,244,244,0,0,0,0
1182,064260,2019,KOSDAQ,246,246,246,0,0,0,0
1182,064260,2020,KOSDAQ,248,248,248,0,0,0,0
1182,064260,2021,KOSDAQ,248,248,248,0,0,0,0
1182,064260,2022,KOSDAQ,246,246,246,0,0,0,0
1182,064260,2023,KOSDAQ,245,245,245,0,0,0,0
1182,064260,2024,KOSDAQ,244,244,244,0,0,0,0
1182,064260,2025,KOSDAQ,242,242,242,0,0,0,0
1182,064260,2026,KOSDAQ,166,166,166,0,0,0,0
1183,064290,2013,KOSDAQ,247,247,247,0,0,0,0
1183,064290,2014,KOSDAQ,245,245,245,0,0,0,0
1183,064290,2015,KOSDAQ,248,248,248,0,0,0,0
1183,064290,2016,KOSDAQ,246,246,246,0,0,0,0
1183,064290,2017,KOSDAQ,243,243,243,0,0,0,0
1183,064290,2018,KOSDAQ,244,244,244,0,0,0,0
1183,064290,2019,KOSDAQ,246,246,246,0,0,0,0
1183,064290,2020,KOSDAQ,248,248,248,0,0,0,0
1183,064290,2021,KOSDAQ,248,248,248,0,0,0,0
1183,064290,2022,KOSDAQ,246,246,246,0,0,0,0
1183,064290,2023,KOSDAQ,245,245,245,0,0,0,0
1183,064290,2024,KOSDAQ,244,244,244,0,0,0,0
1183,064290,2025,KOSDAQ,242,242,242,0,0,0,0
1183,064290,2026,KOSDAQ,166,166,166,0,0,0,0
1184,064350,2013,KOSPI,43,43,43,0,0,0,0
1184,064350,2014,KOSPI,245,245,245,0,0,0,0
1184,064350,2015,KOSPI,248,248,248,0,0,0,0
1184,064350,2016,KOSPI,246,246,246,0,0,0,0
1184,064350,2017,KOSPI,243,243,243,0,0,0,0
1184,064350,2018,KOSPI,244,244,244,0,0,0,0
1184,064350,2019,KOSPI,246,246,246,0,0,0,0
1184,064350,2020,KOSPI,248,248,248,0,0,0,0
1184,064350,2021,KOSPI,248,248,248,0,0,0,0
1184,064350,2022,KOSPI,246,246,246,0,0,0,0
1184,064350,2023,KOSPI,245,245,245,0,0,0,0
1184,064350,2024,KOSPI,244,244,244,0,0,0,0
1184,064350,2025,KOSPI,242,242,242,0,0,0,0
1184,064350,2026,KOSPI,166,166,166,0,0,0,0
1185,064400,2025,KOSPI,222,222,222,0,0,0,0
1185,064400,2026,KOSPI,166,166,166,0,0,0,0
1186,064480,2013,KOSDAQ,247,247,247,0,0,0,0
1186,064480,2014,KOSDAQ,245,245,245,0,0,0,0
1186,064480,2015,KOSDAQ,248,248,248,0,0,0,0
1186,064480,2016,KOSDAQ,246,246,246,0,0,0,0
1186,064480,2017,KOSDAQ,243,243,243,0,0,0,0
1186,064480,2018,KOSDAQ,244,244,244,0,0,0,0
1186,064480,2019,KOSDAQ,246,246,246,0,0,0,0
1186,064480,2020,KOSDAQ,248,248,248,0,0,0,0
1186,064480,2021,KOSDAQ,248,248,248,0,0,0,0
1186,064480,2022,KOSDAQ,246,246,246,0,0,0,0
1186,064480,2023,KOSDAQ,245,245,245,0,0,0,0
1186,064480,2024,KOSDAQ,244,244,244,0,0,0,0
1186,064480,2025,KOSDAQ,242,242,242,0,0,0,0
1186,064480,2026,KOSDAQ,166,166,166,0,0,0,0
1187,064520,2013,KOSDAQ,247,247,247,0,0,0,0
1187,064520,2014,KOSDAQ,245,245,245,0,0,0,0
1187,064520,2015,KOSDAQ,248,248,247,0,0,1,0
1187,064520,2016,KOSDAQ,246,246,246,0,0,0,0
1187,064520,2017,KOSDAQ,243,243,243,0,0,0,0
1187,064520,2018,KOSDAQ,244,244,244,0,0,0,0
1187,064520,2019,KOSDAQ,246,246,246,0,0,0,0
1187,064520,2020,KOSDAQ,248,248,248,0,0,0,0
1187,064520,2021,KOSDAQ,248,248,248,0,0,0,0
1187,064520,2022,KOSDAQ,246,246,246,0,0,0,0
1187,064520,2023,KOSDAQ,245,245,245,0,0,0,0
1187,064520,2024,KOSDAQ,244,244,244,0,0,0,0
1187,064520,2025,KOSDAQ,242,242,242,0,0,0,0
1187,064520,2026,KOSDAQ,166,166,166,0,0,0,0
1188,064550,2013,KOSDAQ,247,247,247,0,0,0,0
1188,064550,2014,KOSDAQ,245,245,245,0,0,0,0
1188,064550,2015,KOSDAQ,248,248,248,0,0,0,0
1188,064550,2016,KOSDAQ,246,246,246,0,0,0,0
1188,064550,2017,KOSDAQ,243,243,243,0,0,0,0
1188,064550,2018,KOSDAQ,244,244,244,0,0,0,0
1188,064550,2019,KOSDAQ,246,246,246,0,0,0,0
1188,064550,2020,KOSDAQ,248,248,248,0,0,0,0
1188,064550,2021,KOSDAQ,248,248,248,0,0,0,0
1188,064550,2022,KOSDAQ,246,246,246,0,0,0,0
1188,064550,2023,KOSDAQ,245,245,245,0,0,0,0
1188,064550,2024,KOSDAQ,244,244,244,0,0,0,0
1188,064550,2025,KOSDAQ,242,242,242,0,0,0,0
1188,064550,2026,KOSDAQ,166,166,166,0,0,0,0
1189,064760,2013,KOSDAQ,247,247,247,0,0,0,0
1189,064760,2014,KOSDAQ,245,245,245,0,0,0,0
1189,064760,2015,KOSDAQ,248,248,248,0,0,0,0
1189,064760,2016,KOSDAQ,246,246,246,0,0,0,0
1189,064760,2017,KOSDAQ,243,243,243,0,0,0,0
1189,064760,2018,KOSDAQ,244,244,244,0,0,0,0
1189,064760,2019,KOSDAQ,246,246,246,0,0,0,0
1189,064760,2020,KOSDAQ,248,248,248,0,0,0,0
1189,064760,2021,KOSDAQ,248,248,248,0,0,0,0
1189,064760,2022,KOSDAQ,246,246,246,0,0,0,0
1189,064760,2023,KOSDAQ,245,245,245,0,0,0,0
1189,064760,2024,KOSDAQ,244,244,244,0,0,0,0
1189,064760,2025,KOSDAQ,242,242,242,0,0,0,0
1189,064760,2026,KOSDAQ,166,166,166,0,0,0,0
1190,064800,2013,KOSDAQ,247,247,247,0,0,0,0
1190,064800,2014,KOSDAQ,245,245,245,0,0,0,0
1190,064800,2015,KOSDAQ,248,248,248,0,0,0,0
1190,064800,2016,KOSDAQ,246,246,246,0,0,0,0
1190,064800,2017,KOSDAQ,243,243,243,0,0,0,0
1190,064800,2018,KOSDAQ,244,244,244,0,0,0,0
1190,064800,2019,KOSDAQ,246,246,246,0,0,0,0
1190,064800,2020,KOSDAQ,248,248,248,0,0,0,0
1190,064800,2021,KOSDAQ,248,248,248,0,0,0,0
1190,064800,2022,KOSDAQ,246,246,246,0,0,0,0
1190,064800,2023,KOSDAQ,245,245,245,0,0,0,0
1190,064800,2024,KOSDAQ,244,244,244,0,0,0,0
1190,064800,2025,KOSDAQ,242,242,242,0,0,0,0
1190,064800,2026,KOSDAQ,166,166,166,0,0,0,0
1191,064820,2013,KOSDAQ,247,247,247,0,0,0,0
1191,064820,2014,KOSDAQ,245,245,245,0,0,0,0
1191,064820,2015,KOSDAQ,248,248,248,0,0,0,0
1191,064820,2016,KOSDAQ,246,246,246,0,0,0,0
1191,064820,2017,KOSDAQ,243,243,243,0,0,0,0
1191,064820,2018,KOSDAQ,244,244,244,0,0,0,0
1191,064820,2019,KOSDAQ,246,246,246,0,0,0,0
1191,064820,2020,KOSDAQ,248,248,248,0,0,0,0
1191,064820,2021,KOSDAQ,248,248,248,0,0,0,0
1191,064820,2022,KOSDAQ,246,246,246,0,0,0,0
1191,064820,2023,KOSDAQ,245,245,245,0,0,0,0
1191,064820,2024,KOSDAQ,244,244,244,0,0,0,0
1191,064820,2025,KOSDAQ,242,242,242,0,0,0,0
1191,064820,2026,KOSDAQ,166,166,166,0,0,0,0
1192,064850,2020,KOSDAQ,9,9,9,0,0,0,0
1192,064850,2021,KOSDAQ,248,248,248,0,0,0,0
1192,064850,2022,KOSDAQ,246,246,246,0,0,0,0
1192,064850,2023,KOSDAQ,245,245,245,0,0,0,0
1192,064850,2024,KOSDAQ,244,244,244,0,0,0,0
1192,064850,2025,KOSDAQ,242,242,242,0,0,0,0
1192,064850,2026,KOSDAQ,166,166,166,0,0,0,0
1193,064960,2013,KOSPI,247,247,247,0,0,0,0
1193,064960,2014,KOSPI,245,245,245,0,0,0,0
1193,064960,2015,KOSPI,248,248,248,0,0,0,0
1193,064960,2016,KOSPI,246,246,246,0,0,0,0
1193,064960,2017,KOSPI,243,243,243,0,0,0,0
1193,064960,2018,KOSPI,244,244,244,0,0,0,0
1193,064960,2019,KOSPI,246,246,246,0,0,0,0
1193,064960,2020,KOSPI,248,248,248,0,0,0,0
1193,064960,2021,KOSPI,248,248,248,0,0,0,0
1193,064960,2022,KOSPI,246,246,246,0,0,0,0
1193,064960,2023,KOSPI,245,245,245,0,0,0,0
1193,064960,2024,KOSPI,244,244,244,0,0,0,0
1193,064960,2025,KOSPI,242,242,242,0,0,0,0
1193,064960,2026,KOSPI,166,166,166,0,0,0,0
1194,065060,2013,KOSDAQ,247,247,247,0,0,0,0
1194,065060,2014,KOSDAQ,245,245,245,0,0,0,0
1194,065060,2015,KOSDAQ,248,248,248,0,0,0,0
1194,065060,2016,KOSDAQ,246,246,246,0,0,0,0
1194,065060,2017,KOSDAQ,243,243,243,0,0,0,0
1194,065060,2018,KOSDAQ,244,244,244,0,0,0,0
1194,065060,2019,KOSDAQ,246,246,246,0,0,0,0
1194,065060,2020,KOSDAQ,248,248,248,0,0,0,0
1194,065060,2021,KOSDAQ,248,248,247,0,0,1,0
1194,065060,2022,KOSDAQ,246,246,246,0,0,0,0
1194,065060,2023,KOSDAQ,245,245,245,0,0,0,0
1194,065060,2024,KOSDAQ,244,244,244,0,0,0,0
1194,065060,2025,KOSDAQ,242,242,242,0,0,0,0
1194,065060,2026,KOSDAQ,166,166,166,0,0,0,0
1195,065130,2013,KOSDAQ,247,247,247,0,0,0,0
1195,065130,2014,KOSDAQ,245,245,245,0,0,0,0
1195,065130,2015,KOSDAQ,248,248,248,0,0,0,0
1195,065130,2016,KOSDAQ,246,246,246,0,0,0,0
1195,065130,2017,KOSDAQ,243,243,243,0,0,0,0
1195,065130,2018,KOSDAQ,244,244,244,0,0,0,0
1195,065130,2019,KOSDAQ,246,246,246,0,0,0,0
1195,065130,2020,KOSDAQ,248,248,248,0,0,0,0
1195,065130,2021,KOSDAQ,248,248,248,0,0,0,0
1195,065130,2022,KOSDAQ,246,246,246,0,0,0,0
1195,065130,2023,KOSDAQ,245,245,245,0,0,0,0
1195,065130,2024,KOSDAQ,244,244,244,0,0,0,0
1195,065130,2025,KOSDAQ,242,242,242,0,0,0,0
1195,065130,2026,KOSDAQ,166,166,166,0,0,0,0
1196,065150,2013,KOSDAQ,247,247,247,0,0,0,0
1196,065150,2014,KOSDAQ,245,245,245,0,0,0,0
1196,065150,2015,KOSDAQ,248,248,248,0,0,0,0
1196,065150,2016,KOSDAQ,246,246,246,0,0,0,0
1196,065150,2017,KOSDAQ,243,243,243,0,0,0,0
1196,065150,2018,KOSDAQ,244,244,244,0,0,0,0
1196,065150,2019,KOSDAQ,246,246,246,0,0,0,0
1196,065150,2020,KOSDAQ,248,248,248,0,0,0,0
1196,065150,2021,KOSDAQ,248,248,248,0,0,0,0
1196,065150,2022,KOSDAQ,246,246,246,0,0,0,0
1196,065150,2023,KOSDAQ,245,245,245,0,0,0,0
1196,065150,2024,KOSDAQ,244,244,244,0,0,0,0
1196,065150,2025,KOSDAQ,242,242,242,0,0,0,0
1196,065150,2026,KOSDAQ,166,166,166,0,0,0,0
1197,065170,2013,KOSDAQ,247,247,247,0,0,0,0
1197,065170,2014,KOSDAQ,245,245,245,0,0,0,0
1197,065170,2015,KOSDAQ,248,248,248,0,0,0,0
1197,065170,2016,KOSDAQ,246,246,246,0,0,0,0
1197,065170,2017,KOSDAQ,243,243,243,0,0,0,0
1197,065170,2018,KOSDAQ,244,244,244,0,0,0,0
1197,065170,2019,KOSDAQ,246,246,246,0,0,0,0
1197,065170,2020,KOSDAQ,248,248,248,0,0,0,0
1197,065170,2021,KOSDAQ,248,248,248,0,0,0,0
1197,065170,2022,KOSDAQ,246,246,246,0,0,0,0
1197,065170,2023,KOSDAQ,245,245,245,0,0,0,0
1197,065170,2024,KOSDAQ,244,244,244,0,0,0,0
1197,065170,2025,KOSDAQ,242,242,242,0,0,0,0
1197,065170,2026,KOSDAQ,166,166,166,0,0,0,0
1198,065350,2013,KOSDAQ,247,247,247,0,0,0,0
1198,065350,2014,KOSDAQ,245,245,245,0,0,0,0
1198,065350,2015,KOSDAQ,248,248,248,0,0,0,0
1198,065350,2016,KOSDAQ,246,246,246,0,0,0,0
1198,065350,2017,KOSDAQ,243,243,243,0,0,0,0
1198,065350,2018,KOSDAQ,244,244,244,0,0,0,0
1198,065350,2019,KOSDAQ,246,246,246,0,0,0,0
1198,065350,2020,KOSDAQ,248,248,248,0,0,0,0
1198,065350,2021,KOSDAQ,248,248,248,0,0,0,0
1198,065350,2022,KOSDAQ,246,246,246,0,0,0,0
1198,065350,2023,KOSDAQ,245,245,245,0,0,0,0
1198,065350,2024,KOSDAQ,244,244,244,0,0,0,0
1198,065350,2025,KOSDAQ,242,242,242,0,0,0,0
1198,065350,2026,KOSDAQ,166,166,166,0,0,0,0
1199,065370,2020,KOSDAQ,223,223,223,0,0,0,0
1199,065370,2021,KOSDAQ,248,248,248,0,0,0,0
1199,065370,2022,KOSDAQ,246,246,246,0,0,0,0
1199,065370,2023,KOSDAQ,245,245,245,0,0,0,0
1199,065370,2024,KOSDAQ,244,244,244,0,0,0,0
1199,065370,2025,KOSDAQ,242,242,242,0,0,0,0
1199,065370,2026,KOSDAQ,166,166,166,0,0,0,0
1200,065420,2013,KOSDAQ,247,247,247,0,0,0,0
1200,065420,2014,KOSDAQ,245,245,245,0,0,0,0
1200,065420,2015,KOSDAQ,248,248,248,0,0,0,0
1200,065420,2016,KOSDAQ,246,246,246,0,0,0,0
1200,065420,2017,KOSDAQ,243,243,243,0,0,0,0
1200,065420,2018,KOSDAQ,244,244,244,0,0,0,0
1200,065420,2019,KOSDAQ,246,246,246,0,0,0,0
1200,065420,2020,KOSDAQ,248,248,248,0,0,0,0
1200,065420,2021,KOSDAQ,248,248,248,0,0,0,0
1200,065420,2022,KOSDAQ,246,246,246,0,0,0,0
1200,065420,2023,KOSDAQ,245,245,245,0,0,0,0
1200,065420,2024,KOSDAQ,244,244,244,0,0,0,0
1200,065420,2025,KOSDAQ,242,242,242,0,0,0,0
1200,065420,2026,KOSDAQ,166,166,166,0,0,0,0
1201,065440,2013,KOSDAQ,247,247,247,0,0,0,0
1201,065440,2014,KOSDAQ,245,245,245,0,0,0,0
1201,065440,2015,KOSDAQ,248,248,248,0,0,0,0
1201,065440,2016,KOSDAQ,246,246,246,0,0,0,0
1201,065440,2017,KOSDAQ,243,243,243,0,0,0,0
1201,065440,2018,KOSDAQ,244,244,244,0,0,0,0
1201,065440,2019,KOSDAQ,246,246,246,0,0,0,0
1201,065440,2020,KOSDAQ,248,248,248,0,0,0,0
1201,065440,2021,KOSDAQ,248,248,248,0,0,0,0
1201,065440,2022,KOSDAQ,246,246,246,0,0,0,0
1201,065440,2023,KOSDAQ,245,245,245,0,0,0,0
1201,065440,2024,KOSDAQ,244,244,244,0,0,0,0
1201,065440,2025,KOSDAQ,242,242,242,0,0,0,0
1201,065440,2026,KOSDAQ,166,166,166,0,0,0,0
1202,065450,2013,KOSDAQ,247,247,247,0,0,0,0
1202,065450,2014,KOSDAQ,245,245,245,0,0,0,0
1202,065450,2015,KOSDAQ,248,248,248,0,0,0,0
1202,065450,2016,KOSDAQ,246,246,246,0,0,0,0
1202,065450,2017,KOSDAQ,243,243,243,0,0,0,0
1202,065450,2018,KOSDAQ,244,244,244,0,0,0,0
1202,065450,2019,KOSDAQ,246,246,246,0,0,0,0
1202,065450,2020,KOSDAQ,248,248,248,0,0,0,0
1202,065450,2021,KOSDAQ,248,248,248,0,0,0,0
1202,065450,2022,KOSDAQ,246,246,246,0,0,0,0
1202,065450,2023,KOSDAQ,245,245,245,0,0,0,0
1202,065450,2024,KOSDAQ,244,244,244,0,0,0,0
1202,065450,2025,KOSDAQ,242,242,242,0,0,0,0
1202,065450,2026,KOSDAQ,166,166,166,0,0,0,0
1203,065500,2013,KOSDAQ,247,247,247,0,0,0,0
1203,065500,2014,KOSDAQ,245,245,245,0,0,0,0
1203,065500,2015,KOSDAQ,248,248,247,0,0,1,0
1203,065500,2016,KOSDAQ,246,246,246,0,0,0,0
1203,065500,2017,KOSDAQ,243,243,243,0,0,0,0
1203,065500,2018,KOSDAQ,244,244,244,0,0,0,0
1203,065500,2019,KOSDAQ,246,246,246,0,0,0,0
1203,065500,2020,KOSDAQ,248,248,248,0,0,0,0
1203,065500,2021,KOSDAQ,248,248,248,0,0,0,0
1203,065500,2022,KOSDAQ,246,246,246,0,0,0,0
1203,065500,2023,KOSDAQ,245,245,245,0,0,0,0
1203,065500,2024,KOSDAQ,244,244,244,0,0,0,0
1203,065500,2025,KOSDAQ,242,242,242,0,0,0,0
1203,065500,2026,KOSDAQ,166,166,166,0,0,0,0
1204,065510,2013,KOSDAQ,247,247,247,0,0,0,0
1204,065510,2014,KOSDAQ,245,245,245,0,0,0,0
1204,065510,2015,KOSDAQ,248,248,248,0,0,0,0
1204,065510,2016,KOSDAQ,246,246,246,0,0,0,0
1204,065510,2017,KOSDAQ,243,243,243,0,0,0,0
1204,065510,2018,KOSDAQ,244,244,244,0,0,0,0
1204,065510,2019,KOSDAQ,246,246,246,0,0,0,0
1204,065510,2020,KOSDAQ,248,248,248,0,0,0,0
1204,065510,2021,KOSDAQ,248,248,248,0,0,0,0
1204,065510,2022,KOSDAQ,246,246,246,0,0,0,0
1204,065510,2023,KOSDAQ,245,245,245,0,0,0,0
1204,065510,2024,KOSDAQ,244,244,244,0,0,0,0
1204,065510,2025,KOSDAQ,242,242,242,0,0,0,0
1204,065510,2026,KOSDAQ,166,166,166,0,0,0,0
1205,065530,2013,KOSDAQ,247,247,247,0,0,0,0
1205,065530,2014,KOSDAQ,245,245,245,0,0,0,0
1205,065530,2015,KOSDAQ,248,248,248,0,0,0,0
1205,065530,2016,KOSDAQ,246,246,246,0,0,0,0
1205,065530,2017,KOSDAQ,243,243,243,0,0,0,0
1205,065530,2018,KOSDAQ,244,244,244,0,0,0,0
1205,065530,2019,KOSDAQ,246,246,246,0,0,0,0
1205,065530,2020,KOSDAQ,248,248,248,0,0,0,0
1205,065530,2021,KOSDAQ,248,248,248,0,0,0,0
1205,065530,2022,KOSDAQ,246,246,246,0,0,0,0
1205,065530,2023,KOSDAQ,245,245,245,0,0,0,0
1205,065530,2024,KOSDAQ,244,244,244,0,0,0,0
1205,065530,2025,KOSDAQ,242,242,242,0,0,0,0
1205,065530,2026,KOSDAQ,166,166,166,0,0,0,0
1206,065570,2013,KOSDAQ,247,247,247,0,0,0,0
1206,065570,2014,KOSDAQ,245,245,245,0,0,0,0
1206,065570,2015,KOSDAQ,248,248,248,0,0,0,0
1206,065570,2016,KOSDAQ,246,246,246,0,0,0,0
1206,065570,2017,KOSDAQ,243,243,243,0,0,0,0
1206,065570,2018,KOSDAQ,244,244,244,0,0,0,0
1206,065570,2019,KOSDAQ,246,246,246,0,0,0,0
1206,065570,2020,KOSDAQ,248,248,248,0,0,0,0
1206,065570,2021,KOSDAQ,248,248,248,0,0,0,0
1206,065570,2022,KOSDAQ,246,246,246,0,0,0,0
1206,065570,2023,KOSDAQ,245,245,245,0,0,0,0
1206,065570,2024,KOSDAQ,244,244,244,0,0,0,0
1206,065570,2025,KOSDAQ,242,242,242,0,0,0,0
1206,065570,2026,KOSDAQ,166,166,166,0,0,0,0
1207,065650,2013,KOSDAQ,247,247,247,0,0,0,0
1207,065650,2014,KOSDAQ,245,245,245,0,0,0,0
1207,065650,2015,KOSDAQ,248,248,248,0,0,0,0
1207,065650,2016,KOSDAQ,246,246,246,0,0,0,0
1207,065650,2017,KOSDAQ,243,243,243,0,0,0,0
1207,065650,2018,KOSDAQ,244,244,244,0,0,0,0
1207,065650,2019,KOSDAQ,246,246,246,0,0,0,0
1207,065650,2020,KOSDAQ,248,248,248,0,0,0,0
1207,065650,2021,KOSDAQ,248,248,248,0,0,0,0
1207,065650,2022,KOSDAQ,246,246,246,0,0,0,0
1207,065650,2023,KOSDAQ,245,245,245,0,0,0,0
1207,065650,2024,KOSDAQ,244,244,244,0,0,0,0
1207,065650,2025,KOSDAQ,242,242,241,0,0,1,0
1207,065650,2026,KOSDAQ,166,166,166,0,0,0,0
1208,065660,2016,KOSDAQ,219,219,219,0,0,0,0
1208,065660,2017,KOSDAQ,243,243,243,0,0,0,0
1208,065660,2018,KOSDAQ,244,244,244,0,0,0,0
1208,065660,2019,KOSDAQ,246,246,246,0,0,0,0
1208,065660,2020,KOSDAQ,248,248,248,0,0,0,0
1208,065660,2021,KOSDAQ,248,248,248,0,0,0,0
1208,065660,2022,KOSDAQ,246,246,246,0,0,0,0
1208,065660,2023,KOSDAQ,245,245,245,0,0,0,0
1208,065660,2024,KOSDAQ,244,244,244,0,0,0,0
1208,065660,2025,KOSDAQ,242,242,242,0,0,0,0
1208,065660,2026,KOSDAQ,166,166,166,0,0,0,0
1209,065680,2013,KOSDAQ,247,247,247,0,0,0,0
1209,065680,2014,KOSDAQ,245,245,245,0,0,0,0
1209,065680,2015,KOSDAQ,248,248,248,0,0,0,0
1209,065680,2016,KOSDAQ,246,246,246,0,0,0,0
1209,065680,2017,KOSDAQ,243,243,243,0,0,0,0
1209,065680,2018,KOSDAQ,244,244,244,0,0,0,0
1209,065680,2019,KOSDAQ,246,246,246,0,0,0,0
1209,065680,2020,KOSDAQ,248,248,248,0,0,0,0
1209,065680,2021,KOSDAQ,248,248,248,0,0,0,0
1209,065680,2022,KOSDAQ,246,246,246,0,0,0,0
1209,065680,2023,KOSDAQ,245,245,245,0,0,0,0
1209,065680,2024,KOSDAQ,244,244,244,0,0,0,0
1209,065680,2025,KOSDAQ,242,242,242,0,0,0,0
1209,065680,2026,KOSDAQ,166,166,166,0,0,0,0
1210,065690,2013,KOSDAQ,247,247,247,0,0,0,0
1210,065690,2014,KOSDAQ,245,245,245,0,0,0,0
1210,065690,2015,KOSDAQ,248,248,248,0,0,0,0
1210,065690,2016,KOSDAQ,246,246,246,0,0,0,0
1210,065690,2017,KOSDAQ,243,243,243,0,0,0,0
1210,065690,2018,KOSDAQ,244,244,244,0,0,0,0
1210,065690,2019,KOSDAQ,246,246,246,0,0,0,0
1210,065690,2020,KOSDAQ,248,248,248,0,0,0,0
1210,065690,2021,KOSDAQ,248,248,248,0,0,0,0
1210,065690,2022,KOSDAQ,246,246,246,0,0,0,0
1210,065690,2023,KOSDAQ,245,245,245,0,0,0,0
1210,065690,2024,KOSDAQ,244,244,244,0,0,0,0
1210,065690,2025,KOSDAQ,242,242,242,0,0,0,0
1210,065690,2026,KOSDAQ,166,166,166,0,0,0,0
1211,065710,2013,KOSDAQ,247,247,247,0,0,0,0
1211,065710,2014,KOSDAQ,245,245,245,0,0,0,0
1211,065710,2015,KOSDAQ,248,248,248,0,0,0,0
1211,065710,2016,KOSDAQ,246,246,246,0,0,0,0
1211,065710,2017,KOSDAQ,243,243,243,0,0,0,0
1211,065710,2018,KOSDAQ,244,244,244,0,0,0,0
1211,065710,2019,KOSDAQ,246,246,246,0,0,0,0
1211,065710,2020,KOSDAQ,248,248,248,0,0,0,0
1211,065710,2021,KOSDAQ,248,248,248,0,0,0,0
1211,065710,2022,KOSDAQ,246,246,246,0,0,0,0
1211,065710,2023,KOSDAQ,245,245,245,0,0,0,0
1211,065710,2024,KOSDAQ,244,244,244,0,0,0,0
1211,065710,2025,KOSDAQ,242,242,242,0,0,0,0
1211,065710,2026,KOSDAQ,166,166,166,0,0,0,0
1212,065770,2013,KOSDAQ,247,247,247,0,0,0,0
1212,065770,2014,KOSDAQ,245,245,245,0,0,0,0
1212,065770,2015,KOSDAQ,248,248,248,0,0,0,0
1212,065770,2016,KOSDAQ,246,246,246,0,0,0,0
1212,065770,2017,KOSDAQ,243,243,243,0,0,0,0
1212,065770,2018,KOSDAQ,244,244,244,0,0,0,0
1212,065770,2019,KOSDAQ,246,246,246,0,0,0,0
1212,065770,2020,KOSDAQ,248,248,248,0,0,0,0
1212,065770,2021,KOSDAQ,248,248,247,0,0,1,0
1212,065770,2022,KOSDAQ,246,246,246,0,0,0,0
1212,065770,2023,KOSDAQ,245,245,245,0,0,0,0
1212,065770,2024,KOSDAQ,244,244,243,0,0,1,0
1212,065770,2025,KOSDAQ,242,242,242,0,0,0,0
1212,065770,2026,KOSDAQ,166,166,166,0,0,0,0
1213,065950,2013,KOSDAQ,247,247,247,0,0,0,0
1213,065950,2014,KOSDAQ,245,245,245,0,0,0,0
1213,065950,2015,KOSDAQ,248,248,248,0,0,0,0
1213,065950,2016,KOSDAQ,246,246,246,0,0,0,0
1213,065950,2017,KOSDAQ,243,243,243,0,0,0,0
1213,065950,2018,KOSDAQ,244,244,244,0,0,0,0
1213,065950,2019,KOSDAQ,246,246,246,0,0,0,0
1213,065950,2020,KOSDAQ,248,248,248,0,0,0,0
1213,065950,2021,KOSDAQ,248,248,248,0,0,0,0
1213,065950,2022,KOSDAQ,246,246,246,0,0,0,0
1213,065950,2023,KOSDAQ,245,245,245,0,0,0,0
1213,065950,2024,KOSDAQ,244,244,244,0,0,0,0
1213,065950,2025,KOSDAQ,242,242,242,0,0,0,0
1213,065950,2026,KOSDAQ,166,166,166,0,0,0,0
1214,066130,2013,KOSDAQ,247,247,247,0,0,0,0
1214,066130,2014,KOSDAQ,245,245,245,0,0,0,0
1214,066130,2015,KOSDAQ,248,248,248,0,0,0,0
1214,066130,2016,KOSDAQ,246,246,246,0,0,0,0
1214,066130,2017,KOSDAQ,243,243,243,0,0,0,0
1214,066130,2018,KOSDAQ,244,244,244,0,0,0,0
1214,066130,2019,KOSDAQ,246,246,246,0,0,0,0
1214,066130,2020,KOSDAQ,248,248,248,0,0,0,0
1214,066130,2021,KOSDAQ,248,248,248,0,0,0,0
1214,066130,2022,KOSDAQ,246,246,246,0,0,0,0
1214,066130,2023,KOSDAQ,245,245,245,0,0,0,0
1214,066130,2024,KOSDAQ,244,244,244,0,0,0,0
1214,066130,2025,KOSDAQ,242,242,242,0,0,0,0
1214,066130,2026,KOSDAQ,166,166,166,0,0,0,0
1215,066310,2013,KOSDAQ,247,247,247,0,0,0,0
1215,066310,2014,KOSDAQ,245,245,245,0,0,0,0
1215,066310,2015,KOSDAQ,248,248,248,0,0,0,0
1215,066310,2016,KOSDAQ,246,246,246,0,0,0,0
1215,066310,2017,KOSDAQ,243,243,243,0,0,0,0
1215,066310,2018,KOSDAQ,244,244,244,0,0,0,0
1215,066310,2019,KOSDAQ,246,246,246,0,0,0,0
1215,066310,2020,KOSDAQ,248,248,248,0,0,0,0
1215,066310,2021,KOSDAQ,248,248,248,0,0,0,0
1215,066310,2022,KOSDAQ,246,246,246,0,0,0,0
1215,066310,2023,KOSDAQ,245,245,245,0,0,0,0
1215,066310,2024,KOSDAQ,244,244,244,0,0,0,0
1215,066310,2025,KOSDAQ,242,242,242,0,0,0,0
1215,066310,2026,KOSDAQ,166,166,166,0,0,0,0
1216,066360,2017,KOSDAQ,18,18,18,0,0,0,0
1216,066360,2018,KOSDAQ,244,244,244,0,0,0,0
1216,066360,2019,KOSDAQ,246,246,246,0,0,0,0
1216,066360,2020,KOSDAQ,248,248,248,0,0,0,0
1216,066360,2021,KOSDAQ,248,248,248,0,0,0,0
1216,066360,2022,KOSDAQ,246,246,246,0,0,0,0
1216,066360,2023,KOSDAQ,245,245,245,0,0,0,0
1216,066360,2024,KOSDAQ,244,244,244,0,0,0,0
1216,066360,2025,KOSDAQ,242,242,242,0,0,0,0
1216,066360,2026,KOSDAQ,166,166,166,0,0,0,0
1217,066410,2013,KOSDAQ,247,247,247,0,0,0,0
1217,066410,2014,KOSDAQ,245,245,245,0,0,0,0
1217,066410,2015,KOSDAQ,248,248,248,0,0,0,0
1217,066410,2016,KOSDAQ,246,246,245,0,0,1,0
1217,066410,2017,KOSDAQ,243,243,243,0,0,0,0
1217,066410,2018,KOSDAQ,244,244,243,0,0,1,0
1217,066410,2019,KOSDAQ,246,246,246,0,0,0,0
1217,066410,2020,KOSDAQ,248,248,248,0,0,0,0
1217,066410,2021,KOSDAQ,248,248,248,0,0,0,0
1217,066410,2022,KOSDAQ,246,246,246,0,0,0,0
1217,066410,2023,KOSDAQ,245,245,245,0,0,0,0
1217,066410,2024,KOSDAQ,244,244,244,0,0,0,0
1217,066410,2025,KOSDAQ,242,242,242,0,0,0,0
1217,066410,2026,KOSDAQ,166,166,166,0,0,0,0
1218,066430,2013,KOSDAQ,247,247,247,0,0,0,0
1218,066430,2014,KOSDAQ,245,245,245,0,0,0,0
1218,066430,2015,KOSDAQ,248,248,248,0,0,0,0
1218,066430,2016,KOSDAQ,246,246,246,0,0,0,0
1218,066430,2017,KOSDAQ,243,243,243,0,0,0,0
1218,066430,2018,KOSDAQ,244,244,244,0,0,0,0
1218,066430,2019,KOSDAQ,246,246,246,0,0,0,0
1218,066430,2020,KOSDAQ,248,248,248,0,0,0,0
1218,066430,2021,KOSDAQ,248,248,248,0,0,0,0
1218,066430,2022,KOSDAQ,246,246,246,0,0,0,0
1218,066430,2023,KOSDAQ,245,245,245,0,0,0,0
1218,066430,2024,KOSDAQ,244,244,244,0,0,0,0
1218,066430,2025,KOSDAQ,242,242,242,0,0,0,0
1218,066430,2026,KOSDAQ,166,166,166,0,0,0,0
1219,066570,2013,KOSPI,247,247,247,0,0,0,0
1219,066570,2014,KOSPI,245,245,245,0,0,0,0
1219,066570,2015,KOSPI,248,248,248,0,0,0,0
1219,066570,2016,KOSPI,246,246,246,0,0,0,0
1219,066570,2017,KOSPI,243,243,243,0,0,0,0
1219,066570,2018,KOSPI,244,244,244,0,0,0,0
1219,066570,2019,KOSPI,246,246,246,0,0,0,0
1219,066570,2020,KOSPI,248,248,248,0,0,0,0
1219,066570,2021,KOSPI,248,248,248,0,0,0,0
1219,066570,2022,KOSPI,246,246,246,0,0,0,0
1219,066570,2023,KOSPI,245,245,245,0,0,0,0
1219,066570,2024,KOSPI,244,244,244,0,0,0,0
1219,066570,2025,KOSPI,242,242,242,0,0,0,0
1219,066570,2026,KOSPI,166,166,166,0,0,0,0
1221,066590,2013,KOSDAQ,247,247,247,0,0,0,0
1221,066590,2014,KOSDAQ,245,245,245,0,0,0,0
1221,066590,2015,KOSDAQ,248,248,248,0,0,0,0
1221,066590,2016,KOSDAQ,246,246,246,0,0,0,0
1221,066590,2017,KOSDAQ,243,243,243,0,0,0,0
1221,066590,2018,KOSDAQ,244,244,244,0,0,0,0
1221,066590,2019,KOSDAQ,246,246,246,0,0,0,0
1221,066590,2020,KOSDAQ,248,248,248,0,0,0,0
1221,066590,2021,KOSDAQ,248,248,248,0,0,0,0
1221,066590,2022,KOSDAQ,246,246,246,0,0,0,0
1221,066590,2023,KOSDAQ,245,245,245,0,0,0,0
1221,066590,2024,KOSDAQ,244,244,244,0,0,0,0
1221,066590,2025,KOSDAQ,242,242,242,0,0,0,0
1221,066590,2026,KOSDAQ,166,166,166,0,0,0,0
1222,066620,2013,KOSDAQ,247,247,247,0,0,0,0
1222,066620,2014,KOSDAQ,245,245,245,0,0,0,0
1222,066620,2015,KOSDAQ,248,248,248,0,0,0,0
1222,066620,2016,KOSDAQ,246,246,246,0,0,0,0
1222,066620,2017,KOSDAQ,243,243,243,0,0,0,0
1222,066620,2018,KOSDAQ,244,244,244,0,0,0,0
1222,066620,2019,KOSDAQ,246,246,246,0,0,0,0
1222,066620,2020,KOSDAQ,248,248,248,0,0,0,0
1222,066620,2021,KOSDAQ,248,248,248,0,0,0,0
1222,066620,2022,KOSDAQ,246,246,246,0,0,0,0
1222,066620,2023,KOSDAQ,245,245,245,0,0,0,0
1222,066620,2024,KOSDAQ,244,244,244,0,0,0,0
1222,066620,2025,KOSDAQ,242,242,242,0,0,0,0
1222,066620,2026,KOSDAQ,166,166,166,0,0,0,0
1223,066670,2013,KOSDAQ,247,247,247,0,0,0,0
1223,066670,2014,KOSDAQ,245,245,245,0,0,0,0
1223,066670,2015,KOSDAQ,248,248,248,0,0,0,0
1223,066670,2016,KOSDAQ,246,246,246,0,0,0,0
1223,066670,2017,KOSDAQ,243,243,243,0,0,0,0
1223,066670,2018,KOSDAQ,244,244,244,0,0,0,0
1223,066670,2019,KOSDAQ,246,246,246,0,0,0,0
1223,066670,2020,KOSDAQ,248,248,248,0,0,0,0
1223,066670,2021,KOSDAQ,248,248,248,0,0,0,0
1223,066670,2022,KOSDAQ,246,246,246,0,0,0,0
1223,066670,2023,KOSDAQ,245,245,245,0,0,0,0
1223,066670,2024,KOSDAQ,244,244,244,0,0,0,0
1223,066670,2025,KOSDAQ,242,242,242,0,0,0,0
1223,066670,2026,KOSDAQ,166,166,166,0,0,0,0
1224,066700,2013,KOSDAQ,247,247,247,0,0,0,0
1224,066700,2014,KOSDAQ,245,245,245,0,0,0,0
1224,066700,2015,KOSDAQ,248,248,248,0,0,0,0
1224,066700,2016,KOSDAQ,246,246,246,0,0,0,0
1224,066700,2017,KOSDAQ,243,243,243,0,0,0,0
1224,066700,2018,KOSDAQ,244,244,244,0,0,0,0
1224,066700,2019,KOSDAQ,246,246,246,0,0,0,0
1224,066700,2020,KOSDAQ,248,248,248,0,0,0,0
1224,066700,2021,KOSDAQ,248,248,248,0,0,0,0
1224,066700,2022,KOSDAQ,246,246,246,0,0,0,0
1224,066700,2023,KOSDAQ,245,245,245,0,0,0,0
1224,066700,2024,KOSDAQ,244,244,244,0,0,0,0
1224,066700,2025,KOSDAQ,242,242,242,0,0,0,0
1224,066700,2026,KOSDAQ,166,166,166,0,0,0,0
1225,066790,2013,KOSDAQ,247,247,247,0,0,0,0
1225,066790,2014,KOSDAQ,245,245,245,0,0,0,0
1225,066790,2015,KOSDAQ,248,248,248,0,0,0,0
1225,066790,2016,KOSDAQ,246,246,246,0,0,0,0
1225,066790,2017,KOSDAQ,243,243,243,0,0,0,0
1225,066790,2018,KOSDAQ,244,244,244,0,0,0,0
1225,066790,2019,KOSDAQ,246,246,246,0,0,0,0
1225,066790,2020,KOSDAQ,248,248,248,0,0,0,0
1225,066790,2021,KOSDAQ,248,248,248,0,0,0,0
1225,066790,2022,KOSDAQ,246,246,245,0,0,1,0
1225,066790,2023,KOSDAQ,245,245,242,0,0,3,0
1225,066790,2024,KOSDAQ,244,244,244,0,0,0,0
1225,066790,2025,KOSDAQ,242,242,242,0,0,0,0
1225,066790,2026,KOSDAQ,166,166,166,0,0,0,0
1226,066900,2013,KOSDAQ,247,247,247,0,0,0,0
1226,066900,2014,KOSDAQ,245,245,245,0,0,0,0
1226,066900,2015,KOSDAQ,248,248,248,0,0,0,0
1226,066900,2016,KOSDAQ,246,246,246,0,0,0,0
1226,066900,2017,KOSDAQ,243,243,243,0,0,0,0
1226,066900,2018,KOSDAQ,244,244,244,0,0,0,0
1226,066900,2019,KOSDAQ,246,246,246,0,0,0,0
1226,066900,2020,KOSDAQ,248,248,248,0,0,0,0
1226,066900,2021,KOSDAQ,248,248,248,0,0,0,0
1226,066900,2022,KOSDAQ,246,246,246,0,0,0,0
1226,066900,2023,KOSDAQ,245,245,245,0,0,0,0
1226,066900,2024,KOSDAQ,244,244,244,0,0,0,0
1226,066900,2025,KOSDAQ,242,242,242,0,0,0,0
1226,066900,2026,KOSDAQ,166,166,166,0,0,0,0
1227,066910,2013,KOSDAQ,247,247,247,0,0,0,0
1227,066910,2014,KOSDAQ,245,245,245,0,0,0,0
1227,066910,2015,KOSDAQ,248,248,248,0,0,0,0
1227,066910,2016,KOSDAQ,246,246,246,0,0,0,0
1227,066910,2017,KOSDAQ,243,243,243,0,0,0,0
1227,066910,2018,KOSDAQ,244,244,244,0,0,0,0
1227,066910,2019,KOSDAQ,246,246,246,0,0,0,0
1227,066910,2020,KOSDAQ,248,248,248,0,0,0,0
1227,066910,2021,KOSDAQ,248,248,248,0,0,0,0
1227,066910,2022,KOSDAQ,246,246,246,0,0,0,0
1227,066910,2023,KOSDAQ,245,245,245,0,0,0,0
1227,066910,2024,KOSDAQ,244,244,244,0,0,0,0
1227,066910,2025,KOSDAQ,242,242,242,0,0,0,0
1227,066910,2026,KOSDAQ,166,166,166,0,0,0,0
1228,066970,2024,KOSPI,225,225,225,0,0,0,0
1228,066970,2025,KOSPI,242,242,242,0,0,0,0
1228,066970,2026,KOSPI,166,166,166,0,0,0,0
1229,066980,2013,KOSDAQ,247,247,247,0,0,0,0
1229,066980,2014,KOSDAQ,245,245,245,0,0,0,0
1229,066980,2015,KOSDAQ,248,248,248,0,0,0,0
1229,066980,2016,KOSDAQ,246,246,246,0,0,0,0
1229,066980,2017,KOSDAQ,243,243,243,0,0,0,0
1229,066980,2018,KOSDAQ,244,244,244,0,0,0,0
1229,066980,2019,KOSDAQ,246,246,246,0,0,0,0
1229,066980,2020,KOSDAQ,248,248,248,0,0,0,0
1229,066980,2021,KOSDAQ,248,248,248,0,0,0,0
1229,066980,2022,KOSDAQ,246,246,246,0,0,0,0
1229,066980,2023,KOSDAQ,245,245,245,0,0,0,0
1229,066980,2024,KOSDAQ,244,244,244,0,0,0,0
1229,066980,2025,KOSDAQ,242,242,242,0,0,0,0
1229,066980,2026,KOSDAQ,166,166,166,0,0,0,0
1230,067000,2013,KOSDAQ,247,247,247,0,0,0,0
1230,067000,2014,KOSDAQ,245,245,245,0,0,0,0
1230,067000,2015,KOSDAQ,248,248,248,0,0,0,0
1230,067000,2016,KOSDAQ,246,246,246,0,0,0,0
1230,067000,2017,KOSDAQ,243,243,243,0,0,0,0
1230,067000,2018,KOSDAQ,244,244,244,0,0,0,0
1230,067000,2019,KOSDAQ,246,246,246,0,0,0,0
1230,067000,2020,KOSDAQ,248,248,248,0,0,0,0
1230,067000,2021,KOSDAQ,248,248,248,0,0,0,0
1230,067000,2022,KOSDAQ,246,246,246,0,0,0,0
1230,067000,2023,KOSDAQ,245,245,245,0,0,0,0
1230,067000,2024,KOSDAQ,244,244,244,0,0,0,0
1230,067000,2025,KOSDAQ,242,242,242,0,0,0,0
1230,067000,2026,KOSDAQ,166,166,166,0,0,0,0
1231,067010,2013,KOSDAQ,247,247,247,0,0,0,0
1231,067010,2014,KOSDAQ,245,245,245,0,0,0,0
1231,067010,2015,KOSDAQ,248,248,248,0,0,0,0
1231,067010,2016,KOSDAQ,246,246,246,0,0,0,0
1231,067010,2017,KOSDAQ,243,243,243,0,0,0,0
1231,067010,2018,KOSDAQ,244,244,244,0,0,0,0
1231,067010,2019,KOSDAQ,246,246,246,0,0,0,0
1231,067010,2020,KOSDAQ,248,248,248,0,0,0,0
1231,067010,2021,KOSDAQ,248,248,248,0,0,0,0
1231,067010,2022,KOSDAQ,246,246,246,0,0,0,0
1231,067010,2023,KOSDAQ,245,245,245,0,0,0,0
1231,067010,2024,KOSDAQ,244,244,244,0,0,0,0
1231,067010,2025,KOSDAQ,242,242,242,0,0,0,0
1231,067010,2026,KOSDAQ,166,166,166,0,0,0,0
1232,067080,2013,KOSDAQ,247,247,247,0,0,0,0
1232,067080,2014,KOSDAQ,245,245,245,0,0,0,0
1232,067080,2015,KOSDAQ,248,248,248,0,0,0,0
1232,067080,2016,KOSDAQ,246,246,246,0,0,0,0
1232,067080,2017,KOSDAQ,243,243,243,0,0,0,0
1232,067080,2018,KOSDAQ,244,244,244,0,0,0,0
1232,067080,2019,KOSDAQ,246,246,246,0,0,0,0
1232,067080,2020,KOSDAQ,248,248,248,0,0,0,0
1232,067080,2021,KOSDAQ,248,248,248,0,0,0,0
1232,067080,2022,KOSDAQ,246,246,246,0,0,0,0
1232,067080,2023,KOSDAQ,245,245,245,0,0,0,0
1232,067080,2024,KOSDAQ,244,244,244,0,0,0,0
1232,067080,2025,KOSDAQ,242,242,242,0,0,0,0
1232,067080,2026,KOSDAQ,166,166,166,0,0,0,0
1233,067160,2013,KOSDAQ,247,247,247,0,0,0,0
1233,067160,2014,KOSDAQ,245,245,245,0,0,0,0
1233,067160,2015,KOSDAQ,248,248,248,0,0,0,0
1233,067160,2016,KOSDAQ,246,246,246,0,0,0,0
1233,067160,2017,KOSDAQ,243,243,243,0,0,0,0
1233,067160,2018,KOSDAQ,244,244,244,0,0,0,0
1233,067160,2019,KOSDAQ,246,246,246,0,0,0,0
1233,067160,2020,KOSDAQ,248,248,248,0,0,0,0
1233,067160,2021,KOSDAQ,248,248,248,0,0,0,0
1233,067160,2022,KOSDAQ,246,246,246,0,0,0,0
1233,067160,2023,KOSDAQ,245,245,245,0,0,0,0
1233,067160,2024,KOSDAQ,244,244,244,0,0,0,0
1233,067160,2025,KOSDAQ,242,242,242,0,0,0,0
1233,067160,2026,KOSDAQ,166,166,166,0,0,0,0
1234,067170,2013,KOSDAQ,247,247,247,0,0,0,0
1234,067170,2014,KOSDAQ,245,245,245,0,0,0,0
1234,067170,2015,KOSDAQ,248,248,248,0,0,0,0
1234,067170,2016,KOSDAQ,246,246,246,0,0,0,0
1234,067170,2017,KOSDAQ,243,243,243,0,0,0,0
1234,067170,2018,KOSDAQ,244,244,244,0,0,0,0
1234,067170,2019,KOSDAQ,246,246,246,0,0,0,0
1234,067170,2020,KOSDAQ,248,248,248,0,0,0,0
1234,067170,2021,KOSDAQ,248,248,248,0,0,0,0
1234,067170,2022,KOSDAQ,246,246,246,0,0,0,0
1234,067170,2023,KOSDAQ,245,245,245,0,0,0,0
1234,067170,2024,KOSDAQ,244,244,244,0,0,0,0
1234,067170,2025,KOSDAQ,242,242,242,0,0,0,0
1234,067170,2026,KOSDAQ,166,166,166,0,0,0,0
1235,067280,2013,KOSDAQ,247,247,247,0,0,0,0
1235,067280,2014,KOSDAQ,245,245,245,0,0,0,0
1235,067280,2015,KOSDAQ,248,248,248,0,0,0,0
1235,067280,2016,KOSDAQ,246,246,246,0,0,0,0
1235,067280,2017,KOSDAQ,243,243,243,0,0,0,0
1235,067280,2018,KOSDAQ,244,244,244,0,0,0,0
1235,067280,2019,KOSDAQ,246,246,246,0,0,0,0
1235,067280,2020,KOSDAQ,248,248,248,0,0,0,0
1235,067280,2021,KOSDAQ,248,248,248,0,0,0,0
1235,067280,2022,KOSDAQ,246,246,246,0,0,0,0
1235,067280,2023,KOSDAQ,245,245,245,0,0,0,0
1235,067280,2024,KOSDAQ,244,244,244,0,0,0,0
1235,067280,2025,KOSDAQ,242,242,242,0,0,0,0
1235,067280,2026,KOSDAQ,166,166,166,0,0,0,0
1236,067290,2013,KOSDAQ,247,247,247,0,0,0,0
1236,067290,2014,KOSDAQ,245,245,245,0,0,0,0
1236,067290,2015,KOSDAQ,248,248,248,0,0,0,0
1236,067290,2016,KOSDAQ,246,246,246,0,0,0,0
1236,067290,2017,KOSDAQ,243,243,243,0,0,0,0
1236,067290,2018,KOSDAQ,244,244,244,0,0,0,0
1236,067290,2019,KOSDAQ,246,246,246,0,0,0,0
1236,067290,2020,KOSDAQ,248,248,248,0,0,0,0
1236,067290,2021,KOSDAQ,248,248,248,0,0,0,0
1236,067290,2022,KOSDAQ,246,246,246,0,0,0,0
1236,067290,2023,KOSDAQ,245,245,245,0,0,0,0
1236,067290,2024,KOSDAQ,244,244,244,0,0,0,0
1236,067290,2025,KOSDAQ,242,242,242,0,0,0,0
1236,067290,2026,KOSDAQ,166,166,166,0,0,0,0
1237,067310,2013,KOSDAQ,247,247,247,0,0,0,0
1237,067310,2014,KOSDAQ,245,245,245,0,0,0,0
1237,067310,2015,KOSDAQ,248,248,248,0,0,0,0
1237,067310,2016,KOSDAQ,246,246,246,0,0,0,0
1237,067310,2017,KOSDAQ,243,243,243,0,0,0,0
1237,067310,2018,KOSDAQ,244,244,244,0,0,0,0
1237,067310,2019,KOSDAQ,246,246,246,0,0,0,0
1237,067310,2020,KOSDAQ,248,248,248,0,0,0,0
1237,067310,2021,KOSDAQ,248,248,248,0,0,0,0
1237,067310,2022,KOSDAQ,246,246,246,0,0,0,0
1237,067310,2023,KOSDAQ,245,245,245,0,0,0,0
1237,067310,2024,KOSDAQ,244,244,244,0,0,0,0
1237,067310,2025,KOSDAQ,242,242,242,0,0,0,0
1237,067310,2026,KOSDAQ,166,166,166,0,0,0,0
1238,067370,2022,KOSDAQ,61,61,61,0,0,0,0
1238,067370,2023,KOSDAQ,245,245,245,0,0,0,0
1238,067370,2024,KOSDAQ,244,244,244,0,0,0,0
1238,067370,2025,KOSDAQ,242,242,242,0,0,0,0
1238,067370,2026,KOSDAQ,166,166,166,0,0,0,0
1239,067390,2014,KOSDAQ,4,4,4,0,0,0,0
1239,067390,2015,KOSDAQ,248,248,248,0,0,0,0
1239,067390,2016,KOSDAQ,246,246,246,0,0,0,0
1239,067390,2017,KOSDAQ,243,243,243,0,0,0,0
1239,067390,2018,KOSDAQ,244,244,244,0,0,0,0
1239,067390,2019,KOSDAQ,246,246,246,0,0,0,0
1239,067390,2020,KOSDAQ,248,248,248,0,0,0,0
1239,067390,2021,KOSDAQ,248,248,248,0,0,0,0
1239,067390,2022,KOSDAQ,246,246,246,0,0,0,0
1239,067390,2023,KOSDAQ,245,245,245,0,0,0,0
1239,067390,2024,KOSDAQ,244,244,244,0,0,0,0
1239,067390,2025,KOSDAQ,242,242,242,0,0,0,0
1239,067390,2026,KOSDAQ,166,166,166,0,0,0,0
1240,067570,2013,KOSDAQ,19,19,19,0,0,0,0
1240,067570,2014,KOSDAQ,245,245,245,0,0,0,0
1240,067570,2015,KOSDAQ,248,248,248,0,0,0,0
1240,067570,2016,KOSDAQ,246,246,246,0,0,0,0
1240,067570,2017,KOSDAQ,243,243,243,0,0,0,0
1240,067570,2018,KOSDAQ,244,244,244,0,0,0,0
1240,067570,2019,KOSDAQ,246,246,246,0,0,0,0
1240,067570,2020,KOSDAQ,248,248,248,0,0,0,0
1240,067570,2021,KOSDAQ,248,248,248,0,0,0,0
1240,067570,2022,KOSDAQ,246,246,246,0,0,0,0
1240,067570,2023,KOSDAQ,245,245,245,0,0,0,0
1240,067570,2024,KOSDAQ,244,244,244,0,0,0,0
1240,067570,2025,KOSDAQ,242,242,242,0,0,0,0
1240,067570,2026,KOSDAQ,166,166,166,0,0,0,0
1241,067630,2013,KOSDAQ,247,247,247,0,0,0,0
1241,067630,2014,KOSDAQ,245,245,245,0,0,0,0
1241,067630,2015,KOSDAQ,248,248,248,0,0,0,0
1241,067630,2016,KOSDAQ,246,246,246,0,0,0,0
1241,067630,2017,KOSDAQ,243,243,243,0,0,0,0
1241,067630,2018,KOSDAQ,244,244,244,0,0,0,0
1241,067630,2019,KOSDAQ,246,246,246,0,0,0,0
1241,067630,2020,KOSDAQ,248,248,248,0,0,0,0
1241,067630,2021,KOSDAQ,248,248,248,0,0,0,0
1241,067630,2022,KOSDAQ,246,246,246,0,0,0,0
1241,067630,2023,KOSDAQ,245,245,245,0,0,0,0
1241,067630,2024,KOSDAQ,244,244,244,0,0,0,0
1241,067630,2025,KOSDAQ,242,242,242,0,0,0,0
1241,067630,2026,KOSDAQ,166,166,166,0,0,0,0
1242,067730,2015,KOSDAQ,106,106,106,0,0,0,0
1242,067730,2016,KOSDAQ,246,246,246,0,0,0,0
1242,067730,2017,KOSDAQ,243,243,243,0,0,0,0
1242,067730,2018,KOSDAQ,244,244,244,0,0,0,0
1242,067730,2019,KOSDAQ,246,246,246,0,0,0,0
1242,067730,2020,KOSDAQ,248,248,248,0,0,0,0
1242,067730,2021,KOSDAQ,248,248,248,0,0,0,0
1242,067730,2022,KOSDAQ,246,246,246,0,0,0,0
1242,067730,2023,KOSDAQ,245,245,245,0,0,0,0
1242,067730,2024,KOSDAQ,244,244,244,0,0,0,0
1242,067730,2025,KOSDAQ,242,242,242,0,0,0,0
1242,067730,2026,KOSDAQ,166,166,166,0,0,0,0
1243,067770,2013,KOSDAQ,247,247,247,0,0,0,0
1243,067770,2014,KOSDAQ,245,245,245,0,0,0,0
1243,067770,2015,KOSDAQ,248,248,248,0,0,0,0
1243,067770,2016,KOSDAQ,246,246,246,0,0,0,0
1243,067770,2017,KOSDAQ,243,243,243,0,0,0,0
1243,067770,2018,KOSDAQ,244,244,244,0,0,0,0
1243,067770,2019,KOSDAQ,246,246,246,0,0,0,0
1243,067770,2020,KOSDAQ,248,248,248,0,0,0,0
1243,067770,2021,KOSDAQ,248,248,248,0,0,0,0
1243,067770,2022,KOSDAQ,246,246,246,0,0,0,0
1243,067770,2023,KOSDAQ,245,245,245,0,0,0,0
1243,067770,2024,KOSDAQ,244,244,244,0,0,0,0
1243,067770,2025,KOSDAQ,242,242,242,0,0,0,0
1243,067770,2026,KOSDAQ,166,166,166,0,0,0,0
1244,067830,2013,KOSPI,247,247,247,0,0,0,0
1244,067830,2014,KOSPI,245,245,245,0,0,0,0
1244,067830,2015,KOSPI,248,248,248,0,0,0,0
1244,067830,2016,KOSPI,246,246,246,0,0,0,0
1244,067830,2017,KOSPI,243,243,243,0,0,0,0
1244,067830,2018,KOSPI,244,244,244,0,0,0,0
1244,067830,2019,KOSPI,246,246,246,0,0,0,0
1244,067830,2020,KOSPI,248,248,248,0,0,0,0
1244,067830,2021,KOSPI,248,248,248,0,0,0,0
1244,067830,2022,KOSPI,246,246,246,0,0,0,0
1244,067830,2023,KOSPI,245,245,245,0,0,0,0
1244,067830,2024,KOSPI,244,244,244,0,0,0,0
1244,067830,2025,KOSPI,242,242,242,0,0,0,0
1244,067830,2026,KOSPI,166,166,166,0,0,0,0
1245,067900,2013,KOSDAQ,247,247,247,0,0,0,0
1245,067900,2014,KOSDAQ,245,245,245,0,0,0,0
1245,067900,2015,KOSDAQ,248,248,248,0,0,0,0
1245,067900,2016,KOSDAQ,246,246,246,0,0,0,0
1245,067900,2017,KOSDAQ,243,243,243,0,0,0,0
1245,067900,2018,KOSDAQ,244,244,244,0,0,0,0
1245,067900,2019,KOSDAQ,246,246,246,0,0,0,0
1245,067900,2020,KOSDAQ,248,248,248,0,0,0,0
1245,067900,2021,KOSDAQ,248,248,248,0,0,0,0
1245,067900,2022,KOSDAQ,246,246,246,0,0,0,0
1245,067900,2023,KOSDAQ,245,245,245,0,0,0,0
1245,067900,2024,KOSDAQ,244,244,244,0,0,0,0
1245,067900,2025,KOSDAQ,242,242,242,0,0,0,0
1245,067900,2026,KOSDAQ,166,166,166,0,0,0,0
1246,067920,2013,KOSDAQ,247,247,247,0,0,0,0
1246,067920,2014,KOSDAQ,245,245,245,0,0,0,0
1246,067920,2015,KOSDAQ,248,248,248,0,0,0,0
1246,067920,2016,KOSDAQ,246,246,246,0,0,0,0
1246,067920,2017,KOSDAQ,243,243,243,0,0,0,0
1246,067920,2018,KOSDAQ,244,244,244,0,0,0,0
1246,067920,2019,KOSDAQ,246,246,246,0,0,0,0
1246,067920,2020,KOSDAQ,248,248,248,0,0,0,0
1246,067920,2021,KOSDAQ,248,248,248,0,0,0,0
1246,067920,2022,KOSDAQ,246,246,246,0,0,0,0
1246,067920,2023,KOSDAQ,245,245,245,0,0,0,0
1246,067920,2024,KOSDAQ,244,244,244,0,0,0,0
1246,067920,2025,KOSDAQ,242,242,242,0,0,0,0
1246,067920,2026,KOSDAQ,166,166,166,0,0,0,0
1247,067990,2013,KOSDAQ,247,247,247,0,0,0,0
1247,067990,2014,KOSDAQ,245,245,245,0,0,0,0
1247,067990,2015,KOSDAQ,248,248,248,0,0,0,0
1247,067990,2016,KOSDAQ,246,246,246,0,0,0,0
1247,067990,2017,KOSDAQ,243,243,243,0,0,0,0
1247,067990,2018,KOSDAQ,244,244,244,0,0,0,0
1247,067990,2019,KOSDAQ,246,246,246,0,0,0,0
1247,067990,2020,KOSDAQ,248,248,248,0,0,0,0
1247,067990,2021,KOSDAQ,248,248,248,0,0,0,0
1247,067990,2022,KOSDAQ,246,246,246,0,0,0,0
1247,067990,2023,KOSDAQ,245,245,245,0,0,0,0
1247,067990,2024,KOSDAQ,244,244,244,0,0,0,0
1247,067990,2025,KOSDAQ,242,242,242,0,0,0,0
1247,067990,2026,KOSDAQ,166,166,166,0,0,0,0
1248,068050,2013,KOSDAQ,247,247,247,0,0,0,0
1248,068050,2014,KOSDAQ,245,245,245,0,0,0,0
1248,068050,2015,KOSDAQ,248,248,248,0,0,0,0
1248,068050,2016,KOSDAQ,246,246,246,0,0,0,0
1248,068050,2017,KOSDAQ,243,243,243,0,0,0,0
1248,068050,2018,KOSDAQ,244,244,244,0,0,0,0
1248,068050,2019,KOSDAQ,246,246,246,0,0,0,0
1248,068050,2020,KOSDAQ,248,248,248,0,0,0,0
1248,068050,2021,KOSDAQ,248,248,248,0,0,0,0
1248,068050,2022,KOSDAQ,246,246,246,0,0,0,0
1248,068050,2023,KOSDAQ,245,245,245,0,0,0,0
1248,068050,2024,KOSDAQ,244,244,244,0,0,0,0
1248,068050,2025,KOSDAQ,242,242,242,0,0,0,0
1248,068050,2026,KOSDAQ,166,166,166,0,0,0,0
1249,068100,2024,KOSDAQ,209,209,209,0,0,0,0
1249,068100,2025,KOSDAQ,242,242,242,0,0,0,0
1249,068100,2026,KOSDAQ,166,166,166,0,0,0,0
1250,068240,2013,KOSDAQ,247,247,247,0,0,0,0
1250,068240,2014,KOSDAQ,245,245,245,0,0,0,0
1250,068240,2015,KOSDAQ,248,248,248,0,0,0,0
1250,068240,2016,KOSDAQ,246,246,246,0,0,0,0
1250,068240,2017,KOSDAQ,243,243,243,0,0,0,0
1250,068240,2018,KOSDAQ,244,244,244,0,0,0,0
1250,068240,2019,KOSDAQ,246,246,246,0,0,0,0
1250,068240,2020,KOSDAQ,248,248,248,0,0,0,0
1250,068240,2021,KOSDAQ,248,248,248,0,0,0,0
1250,068240,2022,KOSDAQ,246,246,246,0,0,0,0
1250,068240,2023,KOSDAQ,245,245,245,0,0,0,0
1250,068240,2024,KOSDAQ,244,244,244,0,0,0,0
1250,068240,2025,KOSDAQ,242,242,242,0,0,0,0
1250,068240,2026,KOSDAQ,166,166,166,0,0,0,0
1251,068270,2018,KOSPI,216,216,216,0,0,0,0
1251,068270,2019,KOSPI,246,246,246,0,0,0,0
1251,068270,2020,KOSPI,248,248,248,0,0,0,0
1251,068270,2021,KOSPI,248,248,248,0,0,0,0
1251,068270,2022,KOSPI,246,246,246,0,0,0,0
1251,068270,2023,KOSPI,245,245,245,0,0,0,0
1251,068270,2024,KOSPI,244,244,244,0,0,0,0
1251,068270,2025,KOSPI,242,242,242,0,0,0,0
1251,068270,2026,KOSPI,166,166,166,0,0,0,0
1252,068290,2013,KOSPI,247,247,247,0,0,0,0
1252,068290,2014,KOSPI,245,245,245,0,0,0,0
1252,068290,2015,KOSPI,248,248,248,0,0,0,0
1252,068290,2016,KOSPI,246,246,246,0,0,0,0
1252,068290,2017,KOSPI,243,243,243,0,0,0,0
1252,068290,2018,KOSPI,244,244,244,0,0,0,0
1252,068290,2019,KOSPI,246,246,246,0,0,0,0
1252,068290,2020,KOSPI,248,248,248,0,0,0,0
1252,068290,2021,KOSPI,248,248,248,0,0,0,0
1252,068290,2022,KOSPI,246,246,246,0,0,0,0
1252,068290,2023,KOSPI,245,245,245,0,0,0,0
1252,068290,2024,KOSPI,244,244,244,0,0,0,0
1252,068290,2025,KOSPI,242,242,242,0,0,0,0
1252,068290,2026,KOSPI,166,166,166,0,0,0,0
1253,068330,2013,KOSDAQ,247,247,247,0,0,0,0
1253,068330,2014,KOSDAQ,245,245,245,0,0,0,0
1253,068330,2015,KOSDAQ,248,248,248,0,0,0,0
1253,068330,2016,KOSDAQ,246,246,246,0,0,0,0
1253,068330,2017,KOSDAQ,243,243,243,0,0,0,0
1253,068330,2018,KOSDAQ,244,244,244,0,0,0,0
1253,068330,2019,KOSDAQ,246,246,246,0,0,0,0
1253,068330,2020,KOSDAQ,248,248,248,0,0,0,0
1253,068330,2021,KOSDAQ,248,248,248,0,0,0,0
1253,068330,2022,KOSDAQ,246,246,246,0,0,0,0
1253,068330,2023,KOSDAQ,245,245,245,0,0,0,0
1253,068330,2024,KOSDAQ,244,244,244,0,0,0,0
1253,068330,2025,KOSDAQ,242,242,242,0,0,0,0
1253,068330,2026,KOSDAQ,166,166,166,0,0,0,0
1254,068760,2013,KOSDAQ,247,247,247,0,0,0,0
1254,068760,2014,KOSDAQ,245,245,245,0,0,0,0
1254,068760,2015,KOSDAQ,248,248,248,0,0,0,0
1254,068760,2016,KOSDAQ,246,246,246,0,0,0,0
1254,068760,2017,KOSDAQ,243,243,243,0,0,0,0
1254,068760,2018,KOSDAQ,244,244,244,0,0,0,0
1254,068760,2019,KOSDAQ,246,246,246,0,0,0,0
1254,068760,2020,KOSDAQ,248,248,248,0,0,0,0
1254,068760,2021,KOSDAQ,248,248,248,0,0,0,0
1254,068760,2022,KOSDAQ,246,246,246,0,0,0,0
1254,068760,2023,KOSDAQ,245,245,245,0,0,0,0
1254,068760,2024,KOSDAQ,244,244,244,0,0,0,0
1254,068760,2025,KOSDAQ,242,242,242,0,0,0,0
1254,068760,2026,KOSDAQ,166,166,166,0,0,0,0
1255,068790,2013,KOSDAQ,247,247,247,0,0,0,0
1255,068790,2014,KOSDAQ,245,245,245,0,0,0,0
1255,068790,2015,KOSDAQ,248,248,248,0,0,0,0
1255,068790,2016,KOSDAQ,246,246,246,0,0,0,0
1255,068790,2017,KOSDAQ,243,243,243,0,0,0,0
1255,068790,2018,KOSDAQ,244,244,244,0,0,0,0
1255,068790,2019,KOSDAQ,246,246,246,0,0,0,0
1255,068790,2020,KOSDAQ,248,248,248,0,0,0,0
1255,068790,2021,KOSDAQ,248,248,248,0,0,0,0
1255,068790,2022,KOSDAQ,246,246,246,0,0,0,0
1255,068790,2023,KOSDAQ,245,245,245,0,0,0,0
1255,068790,2024,KOSDAQ,244,244,244,0,0,0,0
1255,068790,2025,KOSDAQ,242,242,242,0,0,0,0
1255,068790,2026,KOSDAQ,166,166,166,0,0,0,0
1256,068930,2013,KOSDAQ,247,247,247,0,0,0,0
1256,068930,2014,KOSDAQ,245,245,245,0,0,0,0
1256,068930,2015,KOSDAQ,248,248,248,0,0,0,0
1256,068930,2016,KOSDAQ,246,246,246,0,0,0,0
1256,068930,2017,KOSDAQ,243,243,243,0,0,0,0
1256,068930,2018,KOSDAQ,244,244,244,0,0,0,0
1256,068930,2019,KOSDAQ,246,246,246,0,0,0,0
1256,068930,2020,KOSDAQ,248,248,248,0,0,0,0
1256,068930,2021,KOSDAQ,248,248,248,0,0,0,0
1256,068930,2022,KOSDAQ,246,246,246,0,0,0,0
1256,068930,2023,KOSDAQ,245,245,245,0,0,0,0
1256,068930,2024,KOSDAQ,244,244,244,0,0,0,0
1256,068930,2025,KOSDAQ,242,242,242,0,0,0,0
1256,068930,2026,KOSDAQ,166,166,166,0,0,0,0
1257,068940,2013,KOSDAQ,247,247,247,0,0,0,0
1257,068940,2014,KOSDAQ,245,245,245,0,0,0,0
1257,068940,2015,KOSDAQ,248,248,248,0,0,0,0
1257,068940,2016,KOSDAQ,246,246,246,0,0,0,0
1257,068940,2017,KOSDAQ,243,243,243,0,0,0,0
1257,068940,2018,KOSDAQ,244,244,244,0,0,0,0
1257,068940,2019,KOSDAQ,246,246,246,0,0,0,0
1257,068940,2020,KOSDAQ,248,248,248,0,0,0,0
1257,068940,2021,KOSDAQ,248,248,248,0,0,0,0
1257,068940,2022,KOSDAQ,246,246,246,0,0,0,0
1257,068940,2023,KOSDAQ,245,245,245,0,0,0,0
1257,068940,2024,KOSDAQ,244,244,244,0,0,0,0
1257,068940,2025,KOSDAQ,242,242,242,0,0,0,0
1257,068940,2026,KOSDAQ,166,166,166,0,0,0,0
1258,069080,2013,KOSDAQ,247,247,247,0,0,0,0
1258,069080,2014,KOSDAQ,245,245,245,0,0,0,0
1258,069080,2015,KOSDAQ,248,248,248,0,0,0,0
1258,069080,2016,KOSDAQ,246,246,246,0,0,0,0
1258,069080,2017,KOSDAQ,243,243,243,0,0,0,0
1258,069080,2018,KOSDAQ,244,244,244,0,0,0,0
1258,069080,2019,KOSDAQ,246,246,246,0,0,0,0
1258,069080,2020,KOSDAQ,248,248,248,0,0,0,0
1258,069080,2021,KOSDAQ,248,248,248,0,0,0,0
1258,069080,2022,KOSDAQ,246,246,246,0,0,0,0
1258,069080,2023,KOSDAQ,245,245,245,0,0,0,0
1258,069080,2024,KOSDAQ,244,244,244,0,0,0,0
1258,069080,2025,KOSDAQ,242,242,242,0,0,0,0
1258,069080,2026,KOSDAQ,166,166,166,0,0,0,0
1259,069140,2013,KOSDAQ,247,247,247,0,0,0,0
1259,069140,2014,KOSDAQ,245,245,245,0,0,0,0
1259,069140,2015,KOSDAQ,248,248,248,0,0,0,0
1259,069140,2016,KOSDAQ,246,246,246,0,0,0,0
1259,069140,2017,KOSDAQ,243,243,243,0,0,0,0
1259,069140,2018,KOSDAQ,244,244,244,0,0,0,0
1259,069140,2019,KOSDAQ,246,246,246,0,0,0,0
1259,069140,2020,KOSDAQ,248,248,248,0,0,0,0
1259,069140,2021,KOSDAQ,248,248,248,0,0,0,0
1259,069140,2022,KOSDAQ,246,246,246,0,0,0,0
1259,069140,2023,KOSDAQ,245,245,245,0,0,0,0
1259,069140,2024,KOSDAQ,244,244,244,0,0,0,0
1259,069140,2025,KOSDAQ,242,242,242,0,0,0,0
1259,069140,2026,KOSDAQ,166,166,166,0,0,0,0
1260,069260,2013,KOSPI,247,247,247,0,0,0,0
1260,069260,2014,KOSPI,245,245,245,0,0,0,0
1260,069260,2015,KOSPI,248,248,248,0,0,0,0
1260,069260,2016,KOSPI,246,246,246,0,0,0,0
1260,069260,2017,KOSPI,243,243,243,0,0,0,0
1260,069260,2018,KOSPI,244,244,244,0,0,0,0
1260,069260,2019,KOSPI,246,246,246,0,0,0,0
1260,069260,2020,KOSPI,248,248,248,0,0,0,0
1260,069260,2021,KOSPI,248,248,248,0,0,0,0
1260,069260,2022,KOSPI,246,246,246,0,0,0,0
1260,069260,2023,KOSPI,245,245,245,0,0,0,0
1260,069260,2024,KOSPI,244,244,244,0,0,0,0
1260,069260,2025,KOSPI,242,242,242,0,0,0,0
1260,069260,2026,KOSPI,166,166,166,0,0,0,0
1261,069330,2013,KOSDAQ,247,247,247,0,0,0,0
1261,069330,2014,KOSDAQ,245,245,245,0,0,0,0
1261,069330,2015,KOSDAQ,248,248,248,0,0,0,0
1261,069330,2016,KOSDAQ,246,246,246,0,0,0,0
1261,069330,2017,KOSDAQ,243,243,243,0,0,0,0
1261,069330,2018,KOSDAQ,244,244,244,0,0,0,0
1261,069330,2019,KOSDAQ,246,246,246,0,0,0,0
1261,069330,2020,KOSDAQ,248,248,248,0,0,0,0
1261,069330,2021,KOSDAQ,248,248,248,0,0,0,0
1261,069330,2022,KOSDAQ,246,246,246,0,0,0,0
1261,069330,2023,KOSDAQ,245,245,245,0,0,0,0
1261,069330,2024,KOSDAQ,244,244,244,0,0,0,0
1261,069330,2025,KOSDAQ,242,242,242,0,0,0,0
1261,069330,2026,KOSDAQ,166,166,166,0,0,0,0
1262,069410,2013,KOSDAQ,247,247,247,0,0,0,0
1262,069410,2014,KOSDAQ,245,245,245,0,0,0,0
1262,069410,2015,KOSDAQ,248,248,248,0,0,0,0
1262,069410,2016,KOSDAQ,246,246,246,0,0,0,0
1262,069410,2017,KOSDAQ,243,243,243,0,0,0,0
1262,069410,2018,KOSDAQ,244,244,244,0,0,0,0
1262,069410,2019,KOSDAQ,246,246,246,0,0,0,0
1262,069410,2020,KOSDAQ,248,248,248,0,0,0,0
1262,069410,2021,KOSDAQ,248,248,248,0,0,0,0
1262,069410,2022,KOSDAQ,246,246,246,0,0,0,0
1262,069410,2023,KOSDAQ,245,245,245,0,0,0,0
1262,069410,2024,KOSDAQ,244,244,244,0,0,0,0
1262,069410,2025,KOSDAQ,242,242,242,0,0,0,0
1262,069410,2026,KOSDAQ,166,166,166,0,0,0,0
1263,069460,2013,KOSPI,247,247,247,0,0,0,0
1263,069460,2014,KOSPI,245,245,245,0,0,0,0
1263,069460,2015,KOSPI,248,248,248,0,0,0,0
1263,069460,2016,KOSPI,246,246,246,0,0,0,0
1263,069460,2017,KOSPI,243,243,243,0,0,0,0
1263,069460,2018,KOSPI,244,244,244,0,0,0,0
1263,069460,2019,KOSPI,246,246,246,0,0,0,0
1263,069460,2020,KOSPI,248,248,248,0,0,0,0
1263,069460,2021,KOSPI,248,248,248,0,0,0,0
1263,069460,2022,KOSPI,246,246,246,0,0,0,0
1263,069460,2023,KOSPI,245,245,245,0,0,0,0
1263,069460,2024,KOSPI,244,244,244,0,0,0,0
1263,069460,2025,KOSPI,242,242,242,0,0,0,0
1263,069460,2026,KOSPI,166,166,166,0,0,0,0
1264,069510,2013,KOSDAQ,247,247,247,0,0,0,0
1264,069510,2014,KOSDAQ,245,245,245,0,0,0,0
1264,069510,2015,KOSDAQ,248,248,248,0,0,0,0
1264,069510,2016,KOSDAQ,246,246,246,0,0,0,0
1264,069510,2017,KOSDAQ,243,243,243,0,0,0,0
1264,069510,2018,KOSDAQ,244,244,244,0,0,0,0
1264,069510,2019,KOSDAQ,246,246,246,0,0,0,0
1264,069510,2020,KOSDAQ,248,248,248,0,0,0,0
1264,069510,2021,KOSDAQ,248,248,248,0,0,0,0
1264,069510,2022,KOSDAQ,246,246,246,0,0,0,0
1264,069510,2023,KOSDAQ,245,245,245,0,0,0,0
1264,069510,2024,KOSDAQ,244,244,244,0,0,0,0
1264,069510,2025,KOSDAQ,242,242,242,0,0,0,0
1264,069510,2026,KOSDAQ,166,166,166,0,0,0,0
1265,069540,2013,KOSDAQ,247,247,247,0,0,0,0
1265,069540,2014,KOSDAQ,245,245,245,0,0,0,0
1265,069540,2015,KOSDAQ,248,248,248,0,0,0,0
1265,069540,2016,KOSDAQ,246,246,246,0,0,0,0
1265,069540,2017,KOSDAQ,243,243,243,0,0,0,0
1265,069540,2018,KOSDAQ,244,244,244,0,0,0,0
1265,069540,2019,KOSDAQ,246,246,246,0,0,0,0
1265,069540,2020,KOSDAQ,248,248,248,0,0,0,0
1265,069540,2021,KOSDAQ,248,248,248,0,0,0,0
1265,069540,2022,KOSDAQ,246,246,246,0,0,0,0
1265,069540,2023,KOSDAQ,245,245,245,0,0,0,0
1265,069540,2024,KOSDAQ,244,244,244,0,0,0,0
1265,069540,2025,KOSDAQ,242,242,242,0,0,0,0
1265,069540,2026,KOSDAQ,166,166,166,0,0,0,0
1266,069620,2013,KOSPI,247,247,247,0,0,0,0
1266,069620,2014,KOSPI,245,245,245,0,0,0,0
1266,069620,2015,KOSPI,248,248,248,0,0,0,0
1266,069620,2016,KOSPI,246,246,246,0,0,0,0
1266,069620,2017,KOSPI,243,243,243,0,0,0,0
1266,069620,2018,KOSPI,244,244,244,0,0,0,0
1266,069620,2019,KOSPI,246,246,246,0,0,0,0
1266,069620,2020,KOSPI,248,248,248,0,0,0,0
1266,069620,2021,KOSPI,248,248,248,0,0,0,0
1266,069620,2022,KOSPI,246,246,246,0,0,0,0
1266,069620,2023,KOSPI,245,245,245,0,0,0,0
1266,069620,2024,KOSPI,244,244,244,0,0,0,0
1266,069620,2025,KOSPI,242,242,242,0,0,0,0
1266,069620,2026,KOSPI,166,166,166,0,0,0,0
1267,069640,2013,KOSPI,247,247,247,0,0,0,0
1267,069640,2014,KOSPI,245,245,245,0,0,0,0
1267,069640,2015,KOSPI,248,248,248,0,0,0,0
1267,069640,2016,KOSPI,246,246,246,0,0,0,0
1267,069640,2017,KOSPI,243,243,243,0,0,0,0
1267,069640,2018,KOSPI,244,244,244,0,0,0,0
1267,069640,2019,KOSPI,246,246,246,0,0,0,0
1267,069640,2020,KOSPI,248,248,248,0,0,0,0
1267,069640,2021,KOSPI,248,248,248,0,0,0,0
1267,069640,2022,KOSPI,246,246,246,0,0,0,0
1267,069640,2023,KOSPI,245,245,245,0,0,0,0
1267,069640,2024,KOSPI,244,244,244,0,0,0,0
1267,069640,2025,KOSPI,242,242,242,0,0,0,0
1267,069640,2026,KOSPI,166,166,166,0,0,0,0
1268,069730,2013,KOSPI,247,247,247,0,0,0,0
1268,069730,2014,KOSPI,245,245,245,0,0,0,0
1268,069730,2015,KOSPI,248,248,248,0,0,0,0
1268,069730,2016,KOSPI,246,246,246,0,0,0,0
1268,069730,2017,KOSPI,243,243,243,0,0,0,0
1268,069730,2018,KOSPI,244,244,244,0,0,0,0
1268,069730,2019,KOSPI,246,246,246,0,0,0,0
1268,069730,2020,KOSPI,248,248,248,0,0,0,0
1268,069730,2021,KOSPI,248,248,248,0,0,0,0
1268,069730,2022,KOSPI,246,246,246,0,0,0,0
1268,069730,2023,KOSPI,245,245,245,0,0,0,0
1268,069730,2024,KOSPI,244,244,244,0,0,0,0
1268,069730,2025,KOSPI,242,242,242,0,0,0,0
1268,069730,2026,KOSPI,166,166,166,0,0,0,0
1269,069920,2013,KOSDAQ,247,247,247,0,0,0,0
1269,069920,2014,KOSDAQ,245,245,245,0,0,0,0
1269,069920,2015,KOSDAQ,248,248,248,0,0,0,0
1269,069920,2016,KOSDAQ,246,246,246,0,0,0,0
1269,069920,2017,KOSDAQ,243,243,243,0,0,0,0
1269,069920,2018,KOSDAQ,244,244,244,0,0,0,0
1269,069920,2019,KOSDAQ,246,246,246,0,0,0,0
1269,069920,2020,KOSDAQ,248,248,248,0,0,0,0
1269,069920,2021,KOSDAQ,248,248,248,0,0,0,0
1269,069920,2022,KOSDAQ,246,246,246,0,0,0,0
1269,069920,2023,KOSDAQ,245,245,245,0,0,0,0
1269,069920,2024,KOSDAQ,244,244,244,0,0,0,0
1269,069920,2025,KOSDAQ,242,242,241,0,0,1,0
1269,069920,2026,KOSDAQ,166,166,166,0,0,0,0
1270,069960,2013,KOSPI,247,247,247,0,0,0,0
1270,069960,2014,KOSPI,245,245,245,0,0,0,0
1270,069960,2015,KOSPI,248,248,248,0,0,0,0
1270,069960,2016,KOSPI,246,246,246,0,0,0,0
1270,069960,2017,KOSPI,243,243,243,0,0,0,0
1270,069960,2018,KOSPI,244,244,244,0,0,0,0
1270,069960,2019,KOSPI,246,246,246,0,0,0,0
1270,069960,2020,KOSPI,248,248,248,0,0,0,0
1270,069960,2021,KOSPI,248,248,248,0,0,0,0
1270,069960,2022,KOSPI,246,246,246,0,0,0,0
1270,069960,2023,KOSPI,245,245,245,0,0,0,0
1270,069960,2024,KOSPI,244,244,244,0,0,0,0
1270,069960,2025,KOSPI,242,242,242,0,0,0,0
1270,069960,2026,KOSPI,166,166,166,0,0,0,0
1271,070300,2013,KOSDAQ,247,247,247,0,0,0,0
1271,070300,2014,KOSDAQ,245,245,245,0,0,0,0
1271,070300,2015,KOSDAQ,248,248,248,0,0,0,0
1271,070300,2016,KOSDAQ,246,246,246,0,0,0,0
1271,070300,2017,KOSDAQ,243,243,243,0,0,0,0
1271,070300,2018,KOSDAQ,244,244,244,0,0,0,0
1271,070300,2019,KOSDAQ,246,246,246,0,0,0,0
1271,070300,2020,KOSDAQ,248,248,248,0,0,0,0
1271,070300,2021,KOSDAQ,248,248,248,0,0,0,0
1271,070300,2022,KOSDAQ,246,246,246,0,0,0,0
1271,070300,2023,KOSDAQ,245,245,245,0,0,0,0
1271,070300,2024,KOSDAQ,244,244,244,0,0,0,0
1271,070300,2025,KOSDAQ,242,242,242,0,0,0,0
1271,070300,2026,KOSDAQ,166,166,166,0,0,0,0
1272,070590,2013,KOSDAQ,247,247,247,0,0,0,0
1272,070590,2014,KOSDAQ,245,245,245,0,0,0,0
1272,070590,2015,KOSDAQ,248,248,248,0,0,0,0
1272,070590,2016,KOSDAQ,246,246,246,0,0,0,0
1272,070590,2017,KOSDAQ,243,243,243,0,0,0,0
1272,070590,2018,KOSDAQ,244,244,244,0,0,0,0
1272,070590,2019,KOSDAQ,246,246,246,0,0,0,0
1272,070590,2020,KOSDAQ,248,248,248,0,0,0,0
1272,070590,2021,KOSDAQ,248,248,248,0,0,0,0
1272,070590,2022,KOSDAQ,246,246,246,0,0,0,0
1272,070590,2023,KOSDAQ,245,245,245,0,0,0,0
1272,070590,2024,KOSDAQ,244,244,244,0,0,0,0
1272,070590,2025,KOSDAQ,242,242,242,0,0,0,0
1272,070590,2026,KOSDAQ,166,166,166,0,0,0,0
1273,070960,2016,KOSPI,149,149,149,0,0,0,0
1273,070960,2017,KOSPI,243,243,243,0,0,0,0
1273,070960,2018,KOSPI,244,244,244,0,0,0,0
1273,070960,2019,KOSPI,246,246,246,0,0,0,0
1273,070960,2020,KOSPI,248,248,248,0,0,0,0
1273,070960,2021,KOSPI,248,248,248,0,0,0,0
1273,070960,2022,KOSPI,246,246,246,0,0,0,0
1273,070960,2023,KOSPI,245,245,245,0,0,0,0
1273,070960,2024,KOSPI,244,244,244,0,0,0,0
1273,070960,2025,KOSPI,242,242,242,0,0,0,0
1273,070960,2026,KOSPI,166,166,166,0,0,0,0
1274,071050,2013,KOSPI,247,247,247,0,0,0,0
1274,071050,2014,KOSPI,245,245,245,0,0,0,0
1274,071050,2015,KOSPI,248,248,248,0,0,0,0
1274,071050,2016,KOSPI,246,246,246,0,0,0,0
1274,071050,2017,KOSPI,243,243,243,0,0,0,0
1274,071050,2018,KOSPI,244,244,244,0,0,0,0
1274,071050,2019,KOSPI,246,246,246,0,0,0,0
1274,071050,2020,KOSPI,248,248,248,0,0,0,0
1274,071050,2021,KOSPI,248,248,248,0,0,0,0
1274,071050,2022,KOSPI,246,246,246,0,0,0,0
1274,071050,2023,KOSPI,245,245,245,0,0,0,0
1274,071050,2024,KOSPI,244,244,244,0,0,0,0
1274,071050,2025,KOSPI,242,242,242,0,0,0,0
1274,071050,2026,KOSPI,166,166,166,0,0,0,0
1276,071090,2013,KOSPI,247,247,247,0,0,0,0
1276,071090,2014,KOSPI,245,245,245,0,0,0,0
1276,071090,2015,KOSPI,248,248,248,0,0,0,0
1276,071090,2016,KOSPI,246,246,246,0,0,0,0
1276,071090,2017,KOSPI,243,243,243,0,0,0,0
1276,071090,2018,KOSPI,244,244,244,0,0,0,0
1276,071090,2019,KOSPI,246,246,246,0,0,0,0
1276,071090,2020,KOSPI,248,248,248,0,0,0,0
1276,071090,2021,KOSPI,248,248,248,0,0,0,0
1276,071090,2022,KOSPI,246,246,246,0,0,0,0
1276,071090,2023,KOSPI,245,245,245,0,0,0,0
1276,071090,2024,KOSPI,244,244,244,0,0,0,0
1276,071090,2025,KOSPI,242,242,242,0,0,0,0
1276,071090,2026,KOSPI,166,166,166,0,0,0,0
1277,071200,2013,KOSDAQ,247,247,247,0,0,0,0
1277,071200,2014,KOSDAQ,245,245,245,0,0,0,0
1277,071200,2015,KOSDAQ,248,248,248,0,0,0,0
1277,071200,2016,KOSDAQ,246,246,246,0,0,0,0
1277,071200,2017,KOSDAQ,243,243,243,0,0,0,0
1277,071200,2018,KOSDAQ,244,244,244,0,0,0,0
1277,071200,2019,KOSDAQ,246,246,246,0,0,0,0
1277,071200,2020,KOSDAQ,248,248,248,0,0,0,0
1277,071200,2021,KOSDAQ,248,248,248,0,0,0,0
1277,071200,2022,KOSDAQ,246,246,246,0,0,0,0
1277,071200,2023,KOSDAQ,245,245,245,0,0,0,0
1277,071200,2024,KOSDAQ,244,244,244,0,0,0,0
1277,071200,2025,KOSDAQ,242,242,242,0,0,0,0
1277,071200,2026,KOSDAQ,166,166,166,0,0,0,0
1278,071280,2013,KOSDAQ,247,247,247,0,0,0,0
1278,071280,2014,KOSDAQ,245,245,245,0,0,0,0
1278,071280,2015,KOSDAQ,248,248,248,0,0,0,0
1278,071280,2016,KOSDAQ,246,246,246,0,0,0,0
1278,071280,2017,KOSDAQ,243,243,243,0,0,0,0
1278,071280,2018,KOSDAQ,244,244,244,0,0,0,0
1278,071280,2019,KOSDAQ,246,246,246,0,0,0,0
1278,071280,2020,KOSDAQ,248,248,248,0,0,0,0
1278,071280,2021,KOSDAQ,248,248,248,0,0,0,0
1278,071280,2022,KOSDAQ,246,246,246,0,0,0,0
1278,071280,2023,KOSDAQ,245,245,245,0,0,0,0
1278,071280,2024,KOSDAQ,244,244,244,0,0,0,0
1278,071280,2025,KOSDAQ,242,242,242,0,0,0,0
1278,071280,2026,KOSDAQ,166,166,166,0,0,0,0
1279,071320,2013,KOSPI,247,247,247,0,0,0,0
1279,071320,2014,KOSPI,245,245,245,0,0,0,0
1279,071320,2015,KOSPI,248,248,248,0,0,0,0
1279,071320,2016,KOSPI,246,246,246,0,0,0,0
1279,071320,2017,KOSPI,243,243,243,0,0,0,0
1279,071320,2018,KOSPI,244,244,244,0,0,0,0
1279,071320,2019,KOSPI,246,246,246,0,0,0,0
1279,071320,2020,KOSPI,248,248,248,0,0,0,0
1279,071320,2021,KOSPI,248,248,248,0,0,0,0
1279,071320,2022,KOSPI,246,246,246,0,0,0,0
1279,071320,2023,KOSPI,245,245,245,0,0,0,0
1279,071320,2024,KOSPI,244,244,244,0,0,0,0
1279,071320,2025,KOSPI,242,242,242,0,0,0,0
1279,071320,2026,KOSPI,166,166,166,0,0,0,0
1280,071670,2013,KOSDAQ,247,247,247,0,0,0,0
1280,071670,2014,KOSDAQ,245,245,245,0,0,0,0
1280,071670,2015,KOSDAQ,248,248,248,0,0,0,0
1280,071670,2016,KOSDAQ,246,246,246,0,0,0,0
1280,071670,2017,KOSDAQ,243,243,243,0,0,0,0
1280,071670,2018,KOSDAQ,244,244,244,0,0,0,0
1280,071670,2019,KOSDAQ,246,246,246,0,0,0,0
1280,071670,2020,KOSDAQ,248,248,248,0,0,0,0
1280,071670,2021,KOSDAQ,248,248,248,0,0,0,0
1280,071670,2022,KOSDAQ,246,246,246,0,0,0,0
1280,071670,2023,KOSDAQ,245,245,245,0,0,0,0
1280,071670,2024,KOSDAQ,244,244,244,0,0,0,0
1280,071670,2025,KOSDAQ,242,242,242,0,0,0,0
1280,071670,2026,KOSDAQ,166,166,166,0,0,0,0
1281,071840,2013,KOSPI,247,247,247,0,0,0,0
1281,071840,2014,KOSPI,245,245,245,0,0,0,0
1281,071840,2015,KOSPI,248,248,248,0,0,0,0
1281,071840,2016,KOSPI,246,246,246,0,0,0,0
1281,071840,2017,KOSPI,243,243,243,0,0,0,0
1281,071840,2018,KOSPI,244,244,244,0,0,0,0
1281,071840,2019,KOSPI,246,246,246,0,0,0,0
1281,071840,2020,KOSPI,248,248,248,0,0,0,0
1281,071840,2021,KOSPI,248,248,248,0,0,0,0
1281,071840,2022,KOSPI,246,246,246,0,0,0,0
1281,071840,2023,KOSPI,245,245,245,0,0,0,0
1281,071840,2024,KOSPI,244,244,244,0,0,0,0
1281,071840,2025,KOSPI,242,242,242,0,0,0,0
1281,071840,2026,KOSPI,166,166,166,0,0,0,0
1282,071850,2014,KOSDAQ,147,147,147,0,0,0,0
1282,071850,2015,KOSDAQ,248,248,248,0,0,0,0
1282,071850,2016,KOSDAQ,246,246,246,0,0,0,0
1282,071850,2017,KOSDAQ,243,243,243,0,0,0,0
1282,071850,2018,KOSDAQ,244,244,244,0,0,0,0
1282,071850,2019,KOSDAQ,246,246,246,0,0,0,0
1282,071850,2020,KOSDAQ,248,248,248,0,0,0,0
1282,071850,2021,KOSDAQ,248,248,248,0,0,0,0
1282,071850,2022,KOSDAQ,246,246,245,0,0,1,0
1282,071850,2023,KOSDAQ,245,245,245,0,0,0,0
1282,071850,2024,KOSDAQ,244,244,244,0,0,0,0
1282,071850,2025,KOSDAQ,242,242,242,0,0,0,0
1282,071850,2026,KOSDAQ,166,166,166,0,0,0,0
1283,071950,2013,KOSPI,247,247,247,0,0,0,0
1283,071950,2014,KOSPI,245,245,245,0,0,0,0
1283,071950,2015,KOSPI,248,248,248,0,0,0,0
1283,071950,2016,KOSPI,246,246,246,0,0,0,0
1283,071950,2017,KOSPI,243,243,243,0,0,0,0
1283,071950,2018,KOSPI,244,244,244,0,0,0,0
1283,071950,2019,KOSPI,246,246,246,0,0,0,0
1283,071950,2020,KOSPI,248,248,248,0,0,0,0
1283,071950,2021,KOSPI,248,248,248,0,0,0,0
1283,071950,2022,KOSPI,246,246,246,0,0,0,0
1283,071950,2023,KOSPI,245,245,245,0,0,0,0
1283,071950,2024,KOSPI,244,244,244,0,0,0,0
1283,071950,2025,KOSPI,242,242,242,0,0,0,0
1283,071950,2026,KOSPI,166,166,166,0,0,0,0
1284,071970,2013,KOSPI,247,247,247,0,0,0,0
1284,071970,2014,KOSPI,245,245,245,0,0,0,0
1284,071970,2015,KOSPI,248,248,248,0,0,0,0
1284,071970,2016,KOSPI,246,246,245,0,0,1,0
1284,071970,2017,KOSPI,243,243,243,0,0,0,0
1284,071970,2018,KOSPI,244,244,244,0,0,0,0
1284,071970,2019,KOSPI,246,246,246,0,0,0,0
1284,071970,2020,KOSPI,248,248,248,0,0,0,0
1284,071970,2021,KOSPI,248,248,248,0,0,0,0
1284,071970,2022,KOSPI,246,246,246,0,0,0,0
1284,071970,2023,KOSPI,245,245,245,0,0,0,0
1284,071970,2024,KOSPI,244,244,244,0,0,0,0
1284,071970,2025,KOSPI,242,242,242,0,0,0,0
1284,071970,2026,KOSPI,166,166,166,0,0,0,0
1285,072020,2013,KOSDAQ,247,247,247,0,0,0,0
1285,072020,2014,KOSDAQ,245,245,245,0,0,0,0
1285,072020,2015,KOSDAQ,248,248,248,0,0,0,0
1285,072020,2016,KOSDAQ,246,246,246,0,0,0,0
1285,072020,2017,KOSDAQ,243,243,243,0,0,0,0
1285,072020,2018,KOSDAQ,244,244,244,0,0,0,0
1285,072020,2019,KOSDAQ,246,246,246,0,0,0,0
1285,072020,2020,KOSDAQ,248,248,248,0,0,0,0
1285,072020,2021,KOSDAQ,248,248,248,0,0,0,0
1285,072020,2022,KOSDAQ,246,246,246,0,0,0,0
1285,072020,2023,KOSDAQ,245,245,245,0,0,0,0
1285,072020,2024,KOSDAQ,244,244,244,0,0,0,0
1285,072020,2025,KOSDAQ,242,242,242,0,0,0,0
1285,072020,2026,KOSDAQ,166,166,166,0,0,0,0
1286,072130,2013,KOSPI,247,247,247,0,0,0,0
1286,072130,2014,KOSPI,245,245,245,0,0,0,0
1286,072130,2015,KOSPI,248,248,248,0,0,0,0
1286,072130,2016,KOSPI,246,246,246,0,0,0,0
1286,072130,2017,KOSPI,243,243,243,0,0,0,0
1286,072130,2018,KOSPI,244,244,244,0,0,0,0
1286,072130,2019,KOSPI,246,246,246,0,0,0,0
1286,072130,2020,KOSPI,248,248,248,0,0,0,0
1286,072130,2021,KOSPI,248,248,248,0,0,0,0
1286,072130,2022,KOSPI,246,246,246,0,0,0,0
1286,072130,2023,KOSPI,245,245,245,0,0,0,0
1286,072130,2024,KOSPI,244,244,244,0,0,0,0
1286,072130,2025,KOSPI,242,242,242,0,0,0,0
1286,072130,2026,KOSPI,166,166,166,0,0,0,0
1287,072470,2013,KOSDAQ,247,247,247,0,0,0,0
1287,072470,2014,KOSDAQ,245,245,245,0,0,0,0
1287,072470,2015,KOSDAQ,248,248,247,0,0,1,0
1287,072470,2016,KOSDAQ,246,246,246,0,0,0,0
1287,072470,2017,KOSDAQ,243,243,243,0,0,0,0
1287,072470,2018,KOSDAQ,244,244,244,0,0,0,0
1287,072470,2019,KOSDAQ,246,246,246,0,0,0,0
1287,072470,2020,KOSDAQ,248,248,248,0,0,0,0
1287,072470,2021,KOSDAQ,248,248,248,0,0,0,0
1287,072470,2022,KOSDAQ,246,246,246,0,0,0,0
1287,072470,2023,KOSDAQ,245,245,245,0,0,0,0
1287,072470,2024,KOSDAQ,244,244,244,0,0,0,0
1287,072470,2025,KOSDAQ,242,242,242,0,0,0,0
1287,072470,2026,KOSDAQ,166,166,166,0,0,0,0
1288,072710,2013,KOSPI,247,247,247,0,0,0,0
1288,072710,2014,KOSPI,245,245,245,0,0,0,0
1288,072710,2015,KOSPI,248,248,248,0,0,0,0
1288,072710,2016,KOSPI,246,246,246,0,0,0,0
1288,072710,2017,KOSPI,243,243,243,0,0,0,0
1288,072710,2018,KOSPI,244,244,244,0,0,0,0
1288,072710,2019,KOSPI,246,246,246,0,0,0,0
1288,072710,2020,KOSPI,248,248,248,0,0,0,0
1288,072710,2021,KOSPI,248,248,248,0,0,0,0
1288,072710,2022,KOSPI,246,246,246,0,0,0,0
1288,072710,2023,KOSPI,245,245,245,0,0,0,0
1288,072710,2024,KOSPI,244,244,244,0,0,0,0
1288,072710,2025,KOSPI,242,242,242,0,0,0,0
1288,072710,2026,KOSPI,166,166,166,0,0,0,0
1289,072770,2013,KOSDAQ,247,247,247,0,0,0,0
1289,072770,2014,KOSDAQ,245,245,245,0,0,0,0
1289,072770,2015,KOSDAQ,248,248,248,0,0,0,0
1289,072770,2016,KOSDAQ,246,246,246,0,0,0,0
1289,072770,2017,KOSDAQ,243,243,243,0,0,0,0
1289,072770,2018,KOSDAQ,244,244,244,0,0,0,0
1289,072770,2019,KOSDAQ,246,246,246,0,0,0,0
1289,072770,2020,KOSDAQ,248,248,248,0,0,0,0
1289,072770,2021,KOSDAQ,248,248,248,0,0,0,0
1289,072770,2022,KOSDAQ,246,246,246,0,0,0,0
1289,072770,2023,KOSDAQ,245,245,245,0,0,0,0
1289,072770,2024,KOSDAQ,244,244,244,0,0,0,0
1289,072770,2025,KOSDAQ,242,242,242,0,0,0,0
1289,072770,2026,KOSDAQ,166,166,166,0,0,0,0
1290,072870,2013,KOSDAQ,247,247,247,0,0,0,0
1290,072870,2014,KOSDAQ,245,245,245,0,0,0,0
1290,072870,2015,KOSDAQ,248,248,247,0,0,1,0
1290,072870,2016,KOSDAQ,246,246,246,0,0,0,0
1290,072870,2017,KOSDAQ,243,243,243,0,0,0,0
1290,072870,2018,KOSDAQ,244,244,244,0,0,0,0
1290,072870,2019,KOSDAQ,246,246,246,0,0,0,0
1290,072870,2020,KOSDAQ,248,248,248,0,0,0,0
1290,072870,2021,KOSDAQ,248,248,248,0,0,0,0
1290,072870,2022,KOSDAQ,246,246,246,0,0,0,0
1290,072870,2023,KOSDAQ,245,245,245,0,0,0,0
1290,072870,2024,KOSDAQ,244,244,244,0,0,0,0
1290,072870,2025,KOSDAQ,242,242,242,0,0,0,0
1290,072870,2026,KOSDAQ,166,166,166,0,0,0,0
1291,072950,2013,KOSDAQ,247,247,247,0,0,0,0
1291,072950,2014,KOSDAQ,245,245,245,0,0,0,0
1291,072950,2015,KOSDAQ,248,248,248,0,0,0,0
1291,072950,2016,KOSDAQ,246,246,246,0,0,0,0
1291,072950,2017,KOSDAQ,243,243,243,0,0,0,0
1291,072950,2018,KOSDAQ,244,244,244,0,0,0,0
1291,072950,2019,KOSDAQ,246,246,246,0,0,0,0
1291,072950,2020,KOSDAQ,248,248,248,0,0,0,0
1291,072950,2021,KOSDAQ,248,248,248,0,0,0,0
1291,072950,2022,KOSDAQ,246,246,246,0,0,0,0
1291,072950,2023,KOSDAQ,245,245,245,0,0,0,0
1291,072950,2024,KOSDAQ,244,244,244,0,0,0,0
1291,072950,2025,KOSDAQ,242,242,242,0,0,0,0
1291,072950,2026,KOSDAQ,166,166,166,0,0,0,0
1292,072990,2016,KOSDAQ,54,54,54,0,0,0,0
1292,072990,2017,KOSDAQ,243,243,243,0,0,0,0
1292,072990,2018,KOSDAQ,244,244,244,0,0,0,0
1292,072990,2019,KOSDAQ,246,246,246,0,0,0,0
1292,072990,2020,KOSDAQ,248,248,248,0,0,0,0
1292,072990,2021,KOSDAQ,248,248,248,0,0,0,0
1292,072990,2022,KOSDAQ,246,246,246,0,0,0,0
1292,072990,2023,KOSDAQ,245,245,245,0,0,0,0
1292,072990,2024,KOSDAQ,244,244,244,0,0,0,0
1292,072990,2025,KOSDAQ,242,242,242,0,0,0,0
1292,072990,2026,KOSDAQ,166,166,166,0,0,0,0
1293,073010,2013,KOSDAQ,247,247,247,0,0,0,0
1293,073010,2014,KOSDAQ,245,245,245,0,0,0,0
1293,073010,2015,KOSDAQ,248,248,248,0,0,0,0
1293,073010,2016,KOSDAQ,246,246,245,0,0,1,0
1293,073010,2017,KOSDAQ,243,243,243,0,0,0,0
1293,073010,2018,KOSDAQ,244,244,244,0,0,0,0
1293,073010,2019,KOSDAQ,246,246,246,0,0,0,0
1293,073010,2020,KOSDAQ,248,248,248,0,0,0,0
1293,073010,2021,KOSDAQ,248,248,248,0,0,0,0
1293,073010,2022,KOSDAQ,246,246,246,0,0,0,0
1293,073010,2023,KOSDAQ,245,245,245,0,0,0,0
1293,073010,2024,KOSDAQ,244,244,244,0,0,0,0
1293,073010,2025,KOSDAQ,242,242,242,0,0,0,0
1293,073010,2026,KOSDAQ,166,166,166,0,0,0,0
1294,073110,2013,KOSDAQ,247,247,247,0,0,0,0
1294,073110,2014,KOSDAQ,245,245,245,0,0,0,0
1294,073110,2015,KOSDAQ,248,248,248,0,0,0,0
1294,073110,2016,KOSDAQ,246,246,246,0,0,0,0
1294,073110,2017,KOSDAQ,243,243,243,0,0,0,0
1294,073110,2018,KOSDAQ,244,244,244,0,0,0,0
1294,073110,2019,KOSDAQ,246,246,246,0,0,0,0
1294,073110,2020,KOSDAQ,248,248,248,0,0,0,0
1294,073110,2021,KOSDAQ,248,248,248,0,0,0,0
1294,073110,2022,KOSDAQ,246,246,246,0,0,0,0
1294,073110,2023,KOSDAQ,245,245,245,0,0,0,0
1294,073110,2024,KOSDAQ,244,244,244,0,0,0,0
1294,073110,2025,KOSDAQ,242,242,242,0,0,0,0
1294,073110,2026,KOSDAQ,166,166,166,0,0,0,0
1295,073190,2013,KOSDAQ,247,247,247,0,0,0,0
1295,073190,2014,KOSDAQ,245,245,245,0,0,0,0
1295,073190,2015,KOSDAQ,248,248,248,0,0,0,0
1295,073190,2016,KOSDAQ,246,246,246,0,0,0,0
1295,073190,2017,KOSDAQ,243,243,243,0,0,0,0
1295,073190,2018,KOSDAQ,244,244,244,0,0,0,0
1295,073190,2019,KOSDAQ,246,246,246,0,0,0,0
1295,073190,2020,KOSDAQ,248,248,248,0,0,0,0
1295,073190,2021,KOSDAQ,248,248,248,0,0,0,0
1295,073190,2022,KOSDAQ,246,246,246,0,0,0,0
1295,073190,2023,KOSDAQ,245,245,245,0,0,0,0
1295,073190,2024,KOSDAQ,244,244,244,0,0,0,0
1295,073190,2025,KOSDAQ,242,242,242,0,0,0,0
1295,073190,2026,KOSDAQ,166,166,166,0,0,0,0
1296,073240,2013,KOSPI,247,247,247,0,0,0,0
1296,073240,2014,KOSPI,245,245,245,0,0,0,0
1296,073240,2015,KOSPI,248,248,248,0,0,0,0
1296,073240,2016,KOSPI,246,246,246,0,0,0,0
1296,073240,2017,KOSPI,243,243,243,0,0,0,0
1296,073240,2018,KOSPI,244,244,244,0,0,0,0
1296,073240,2019,KOSPI,246,246,246,0,0,0,0
1296,073240,2020,KOSPI,248,248,248,0,0,0,0
1296,073240,2021,KOSPI,248,248,248,0,0,0,0
1296,073240,2022,KOSPI,246,246,246,0,0,0,0
1296,073240,2023,KOSPI,245,245,245,0,0,0,0
1296,073240,2024,KOSPI,244,244,244,0,0,0,0
1296,073240,2025,KOSPI,242,242,242,0,0,0,0
1296,073240,2026,KOSPI,166,166,166,0,0,0,0
1297,073490,2013,KOSDAQ,247,247,247,0,0,0,0
1297,073490,2014,KOSDAQ,245,245,245,0,0,0,0
1297,073490,2015,KOSDAQ,248,248,248,0,0,0,0
1297,073490,2016,KOSDAQ,246,246,246,0,0,0,0
1297,073490,2017,KOSDAQ,243,243,243,0,0,0,0
1297,073490,2018,KOSDAQ,244,244,244,0,0,0,0
1297,073490,2019,KOSDAQ,246,246,246,0,0,0,0
1297,073490,2020,KOSDAQ,248,248,248,0,0,0,0
1297,073490,2021,KOSDAQ,248,248,248,0,0,0,0
1297,073490,2022,KOSDAQ,246,246,246,0,0,0,0
1297,073490,2023,KOSDAQ,245,245,245,0,0,0,0
1297,073490,2024,KOSDAQ,244,244,244,0,0,0,0
1297,073490,2025,KOSDAQ,242,242,242,0,0,0,0
1297,073490,2026,KOSDAQ,166,166,166,0,0,0,0
1298,073540,2013,KOSDAQ,247,247,247,0,0,0,0
1298,073540,2014,KOSDAQ,245,245,245,0,0,0,0
1298,073540,2015,KOSDAQ,248,248,248,0,0,0,0
1298,073540,2016,KOSDAQ,246,246,246,0,0,0,0
1298,073540,2017,KOSDAQ,243,243,243,0,0,0,0
1298,073540,2018,KOSDAQ,244,244,244,0,0,0,0
1298,073540,2019,KOSDAQ,246,246,246,0,0,0,0
1298,073540,2020,KOSDAQ,248,248,248,0,0,0,0
1298,073540,2021,KOSDAQ,248,248,248,0,0,0,0
1298,073540,2022,KOSDAQ,246,246,246,0,0,0,0
1298,073540,2023,KOSDAQ,245,245,245,0,0,0,0
1298,073540,2024,KOSDAQ,244,244,244,0,0,0,0
1298,073540,2025,KOSDAQ,242,242,242,0,0,0,0
1298,073540,2026,KOSDAQ,166,166,166,0,0,0,0
1299,073560,2016,KOSDAQ,107,107,107,0,0,0,0
1299,073560,2017,KOSDAQ,243,243,243,0,0,0,0
1299,073560,2018,KOSDAQ,244,244,244,0,0,0,0
1299,073560,2019,KOSDAQ,246,246,246,0,0,0,0
1299,073560,2020,KOSDAQ,248,248,248,0,0,0,0
1299,073560,2021,KOSDAQ,248,248,248,0,0,0,0
1299,073560,2022,KOSDAQ,246,246,246,0,0,0,0
1299,073560,2023,KOSDAQ,245,245,245,0,0,0,0
1299,073560,2024,KOSDAQ,244,244,244,0,0,0,0
1299,073560,2025,KOSDAQ,242,242,242,0,0,0,0
1299,073560,2026,KOSDAQ,166,166,166,0,0,0,0
1300,073570,2013,KOSDAQ,247,247,247,0,0,0,0
1300,073570,2014,KOSDAQ,245,245,245,0,0,0,0
1300,073570,2015,KOSDAQ,248,248,247,0,0,1,0
1300,073570,2016,KOSDAQ,246,246,246,0,0,0,0
1300,073570,2017,KOSDAQ,243,243,243,0,0,0,0
1300,073570,2018,KOSDAQ,244,244,244,0,0,0,0
1300,073570,2019,KOSDAQ,246,246,246,0,0,0,0
1300,073570,2020,KOSDAQ,248,248,248,0,0,0,0
1300,073570,2021,KOSDAQ,248,248,248,0,0,0,0
1300,073570,2022,KOSDAQ,246,246,246,0,0,0,0
1300,073570,2023,KOSDAQ,245,245,245,0,0,0,0
1300,073570,2024,KOSDAQ,244,244,243,0,0,1,0
1300,073570,2025,KOSDAQ,242,242,242,0,0,0,0
1300,073570,2026,KOSDAQ,166,166,166,0,0,0,0
1301,073640,2013,KOSDAQ,247,247,247,0,0,0,0
1301,073640,2014,KOSDAQ,245,245,245,0,0,0,0
1301,073640,2015,KOSDAQ,248,248,248,0,0,0,0
1301,073640,2016,KOSDAQ,246,246,246,0,0,0,0
1301,073640,2017,KOSDAQ,243,243,243,0,0,0,0
1301,073640,2018,KOSDAQ,244,244,244,0,0,0,0
1301,073640,2019,KOSDAQ,246,246,246,0,0,0,0
1301,073640,2020,KOSDAQ,248,248,248,0,0,0,0
1301,073640,2021,KOSDAQ,248,248,248,0,0,0,0
1301,073640,2022,KOSDAQ,246,246,246,0,0,0,0
1301,073640,2023,KOSDAQ,245,245,245,0,0,0,0
1301,073640,2024,KOSDAQ,244,244,244,0,0,0,0
1301,073640,2025,KOSDAQ,242,242,242,0,0,0,0
1301,073640,2026,KOSDAQ,166,166,166,0,0,0,0
1302,074430,2013,KOSDAQ,247,247,247,0,0,0,0
1302,074430,2014,KOSDAQ,245,245,245,0,0,0,0
1302,074430,2015,KOSDAQ,248,248,248,0,0,0,0
1302,074430,2016,KOSDAQ,246,246,246,0,0,0,0
1302,074430,2017,KOSDAQ,243,243,243,0,0,0,0
1302,074430,2018,KOSDAQ,244,244,244,0,0,0,0
1302,074430,2019,KOSDAQ,246,246,246,0,0,0,0
1302,074430,2020,KOSDAQ,248,248,248,0,0,0,0
1302,074430,2021,KOSDAQ,248,248,248,0,0,0,0
1302,074430,2022,KOSDAQ,246,246,246,0,0,0,0
1302,074430,2023,KOSDAQ,245,245,245,0,0,0,0
1302,074430,2024,KOSDAQ,244,244,244,0,0,0,0
1302,074430,2025,KOSDAQ,242,242,242,0,0,0,0
1302,074430,2026,KOSDAQ,166,166,166,0,0,0,0
1303,074600,2013,KOSDAQ,247,247,247,0,0,0,0
1303,074600,2014,KOSDAQ,245,245,245,0,0,0,0
1303,074600,2015,KOSDAQ,248,248,248,0,0,0,0
1303,074600,2016,KOSDAQ,246,246,246,0,0,0,0
1303,074600,2017,KOSDAQ,243,243,243,0,0,0,0
1303,074600,2018,KOSDAQ,244,244,244,0,0,0,0
1303,074600,2019,KOSDAQ,246,246,246,0,0,0,0
1303,074600,2020,KOSDAQ,248,248,248,0,0,0,0
1303,074600,2021,KOSDAQ,248,248,248,0,0,0,0
1303,074600,2022,KOSDAQ,246,246,246,0,0,0,0
1303,074600,2023,KOSDAQ,245,245,245,0,0,0,0
1303,074600,2024,KOSDAQ,244,244,244,0,0,0,0
1303,074600,2025,KOSDAQ,242,242,242,0,0,0,0
1303,074600,2026,KOSDAQ,166,166,166,0,0,0,0
1304,074610,2013,KOSPI,247,247,246,0,0,1,0
1304,074610,2014,KOSPI,245,245,245,0,0,0,0
1304,074610,2015,KOSPI,248,248,248,0,0,0,0
1304,074610,2016,KOSPI,246,246,246,0,0,0,0
1304,074610,2017,KOSPI,243,243,243,0,0,0,0
1304,074610,2018,KOSPI,244,244,244,0,0,0,0
1304,074610,2019,KOSPI,246,246,246,0,0,0,0
1304,074610,2020,KOSPI,248,248,248,0,0,0,0
1304,074610,2021,KOSPI,248,248,248,0,0,0,0
1304,074610,2022,KOSPI,246,246,246,0,0,0,0
1304,074610,2023,KOSPI,245,245,245,0,0,0,0
1304,074610,2024,KOSPI,244,244,244,0,0,0,0
1304,074610,2025,KOSPI,242,242,242,0,0,0,0
1304,074610,2026,KOSPI,166,166,166,0,0,0,0
1305,075130,2013,KOSDAQ,247,247,247,0,0,0,0
1305,075130,2014,KOSDAQ,245,245,245,0,0,0,0
1305,075130,2015,KOSDAQ,248,248,248,0,0,0,0
1305,075130,2016,KOSDAQ,246,246,246,0,0,0,0
1305,075130,2017,KOSDAQ,243,243,243,0,0,0,0
1305,075130,2018,KOSDAQ,244,244,244,0,0,0,0
1305,075130,2019,KOSDAQ,246,246,246,0,0,0,0
1305,075130,2020,KOSDAQ,248,248,248,0,0,0,0
1305,075130,2021,KOSDAQ,248,248,248,0,0,0,0
1305,075130,2022,KOSDAQ,246,246,246,0,0,0,0
1305,075130,2023,KOSDAQ,245,245,245,0,0,0,0
1305,075130,2024,KOSDAQ,244,244,244,0,0,0,0
1305,075130,2025,KOSDAQ,242,242,242,0,0,0,0
1305,075130,2026,KOSDAQ,166,166,166,0,0,0,0
1306,075180,2013,KOSPI,247,247,247,0,0,0,0
1306,075180,2014,KOSPI,245,245,245,0,0,0,0
1306,075180,2015,KOSPI,248,248,248,0,0,0,0
1306,075180,2016,KOSPI,246,246,246,0,0,0,0
1306,075180,2017,KOSPI,243,243,243,0,0,0,0
1306,075180,2018,KOSPI,244,244,244,0,0,0,0
1306,075180,2019,KOSPI,246,246,246,0,0,0,0
1306,075180,2020,KOSPI,248,248,248,0,0,0,0
1306,075180,2021,KOSPI,248,248,248,0,0,0,0
1306,075180,2022,KOSPI,246,246,246,0,0,0,0
1306,075180,2023,KOSPI,245,245,245,0,0,0,0
1306,075180,2024,KOSPI,244,244,244,0,0,0,0
1306,075180,2025,KOSPI,242,242,242,0,0,0,0
1306,075180,2026,KOSPI,166,166,166,0,0,0,0
1307,075580,2015,KOSPI,22,22,22,0,0,0,0
1307,075580,2016,KOSPI,246,246,246,0,0,0,0
1307,075580,2017,KOSPI,243,243,243,0,0,0,0
1307,075580,2018,KOSPI,244,244,244,0,0,0,0
1307,075580,2019,KOSPI,246,246,246,0,0,0,0
1307,075580,2020,KOSPI,248,248,247,0,0,1,0
1307,075580,2021,KOSPI,248,248,248,0,0,0,0
1307,075580,2022,KOSPI,246,246,246,0,0,0,0
1307,075580,2023,KOSPI,245,245,245,0,0,0,0
1307,075580,2024,KOSPI,244,244,244,0,0,0,0
1307,075580,2025,KOSPI,242,242,242,0,0,0,0
1307,075580,2026,KOSPI,166,166,166,0,0,0,0
1308,075970,2013,KOSDAQ,247,247,247,0,0,0,0
1308,075970,2014,KOSDAQ,245,245,245,0,0,0,0
1308,075970,2015,KOSDAQ,248,248,248,0,0,0,0
1308,075970,2016,KOSDAQ,246,246,246,0,0,0,0
1308,075970,2017,KOSDAQ,243,243,243,0,0,0,0
1308,075970,2018,KOSDAQ,244,244,244,0,0,0,0
1308,075970,2019,KOSDAQ,246,246,246,0,0,0,0
1308,075970,2020,KOSDAQ,248,248,248,0,0,0,0
1308,075970,2021,KOSDAQ,248,248,248,0,0,0,0
1308,075970,2022,KOSDAQ,246,246,246,0,0,0,0
1308,075970,2023,KOSDAQ,245,245,245,0,0,0,0
1308,075970,2024,KOSDAQ,244,244,244,0,0,0,0
1308,075970,2025,KOSDAQ,242,242,242,0,0,0,0
1308,075970,2026,KOSDAQ,166,166,166,0,0,0,0
1309,076080,2013,KOSDAQ,247,247,247,0,0,0,0
1309,076080,2014,KOSDAQ,245,245,245,0,0,0,0
1309,076080,2015,KOSDAQ,248,248,248,0,0,0,0
1309,076080,2016,KOSDAQ,246,246,246,0,0,0,0
1309,076080,2017,KOSDAQ,243,243,243,0,0,0,0
1309,076080,2018,KOSDAQ,244,244,244,0,0,0,0
1309,076080,2019,KOSDAQ,246,246,246,0,0,0,0
1309,076080,2020,KOSDAQ,248,248,248,0,0,0,0
1309,076080,2021,KOSDAQ,248,248,248,0,0,0,0
1309,076080,2022,KOSDAQ,246,246,246,0,0,0,0
1309,076080,2023,KOSDAQ,245,245,245,0,0,0,0
1309,076080,2024,KOSDAQ,244,244,244,0,0,0,0
1309,076080,2025,KOSDAQ,242,242,242,0,0,0,0
1309,076080,2026,KOSDAQ,166,166,166,0,0,0,0
1310,076610,2013,KOSDAQ,38,38,38,0,0,0,0
1310,076610,2014,KOSDAQ,245,245,245,0,0,0,0
1310,076610,2015,KOSDAQ,248,248,248,0,0,0,0
1310,076610,2016,KOSDAQ,246,246,246,0,0,0,0
1310,076610,2017,KOSDAQ,243,243,243,0,0,0,0
1310,076610,2018,KOSDAQ,244,244,244,0,0,0,0
1310,076610,2019,KOSDAQ,246,246,246,0,0,0,0
1310,076610,2020,KOSDAQ,248,248,248,0,0,0,0
1310,076610,2021,KOSDAQ,248,248,248,0,0,0,0
1310,076610,2022,KOSDAQ,246,246,246,0,0,0,0
1310,076610,2023,KOSDAQ,245,245,244,0,0,1,0
1310,076610,2024,KOSDAQ,244,244,244,0,0,0,0
1310,076610,2025,KOSDAQ,242,242,242,0,0,0,0
1310,076610,2026,KOSDAQ,166,166,166,0,0,0,0
1311,077360,2013,KOSDAQ,247,247,247,0,0,0,0
1311,077360,2014,KOSDAQ,245,245,245,0,0,0,0
1311,077360,2015,KOSDAQ,248,248,248,0,0,0,0
1311,077360,2016,KOSDAQ,246,246,246,0,0,0,0
1311,077360,2017,KOSDAQ,243,243,243,0,0,0,0
1311,077360,2018,KOSDAQ,244,244,244,0,0,0,0
1311,077360,2019,KOSDAQ,246,246,246,0,0,0,0
1311,077360,2020,KOSDAQ,248,248,248,0,0,0,0
1311,077360,2021,KOSDAQ,248,248,248,0,0,0,0
1311,077360,2022,KOSDAQ,246,246,246,0,0,0,0
1311,077360,2023,KOSDAQ,245,245,245,0,0,0,0
1311,077360,2024,KOSDAQ,244,244,244,0,0,0,0
1311,077360,2025,KOSDAQ,242,242,242,0,0,0,0
1311,077360,2026,KOSDAQ,166,166,166,0,0,0,0
1312,077500,2013,KOSPI,247,247,247,0,0,0,0
1312,077500,2014,KOSPI,245,245,245,0,0,0,0
1312,077500,2015,KOSPI,248,248,248,0,0,0,0
1312,077500,2016,KOSPI,246,246,246,0,0,0,0
1312,077500,2017,KOSPI,243,243,243,0,0,0,0
1312,077500,2018,KOSPI,244,244,244,0,0,0,0
1312,077500,2019,KOSPI,246,246,246,0,0,0,0
1312,077500,2020,KOSPI,248,248,248,0,0,0,0
1312,077500,2021,KOSPI,248,248,248,0,0,0,0
1312,077500,2022,KOSPI,246,246,246,0,0,0,0
1312,077500,2023,KOSPI,245,245,245,0,0,0,0
1312,077500,2024,KOSPI,244,244,244,0,0,0,0
1312,077500,2025,KOSPI,242,242,242,0,0,0,0
1312,077500,2026,KOSPI,166,166,166,0,0,0,0
1313,077970,2013,KOSPI,247,247,247,0,0,0,0
1313,077970,2014,KOSPI,245,245,245,0,0,0,0
1313,077970,2015,KOSPI,248,248,247,0,0,1,0
1313,077970,2016,KOSPI,246,246,246,0,0,0,0
1313,077970,2017,KOSPI,243,243,243,0,0,0,0
1313,077970,2018,KOSPI,244,244,244,0,0,0,0
1313,077970,2019,KOSPI,246,246,246,0,0,0,0
1313,077970,2020,KOSPI,248,248,248,0,0,0,0
1313,077970,2021,KOSPI,248,248,248,0,0,0,0
1313,077970,2022,KOSPI,246,246,246,0,0,0,0
1313,077970,2023,KOSPI,245,245,245,0,0,0,0
1313,077970,2024,KOSPI,244,244,244,0,0,0,0
1313,077970,2025,KOSPI,242,242,242,0,0,0,0
1313,077970,2026,KOSPI,166,166,166,0,0,0,0
1314,078000,2013,KOSPI,247,247,247,0,0,0,0
1314,078000,2014,KOSPI,245,245,245,0,0,0,0
1314,078000,2015,KOSPI,248,248,248,0,0,0,0
1314,078000,2016,KOSPI,246,246,246,0,0,0,0
1314,078000,2017,KOSPI,243,243,243,0,0,0,0
1314,078000,2018,KOSPI,244,244,244,0,0,0,0
1314,078000,2019,KOSPI,246,246,246,0,0,0,0
1314,078000,2020,KOSPI,248,248,248,0,0,0,0
1314,078000,2021,KOSPI,248,248,248,0,0,0,0
1314,078000,2022,KOSPI,246,246,246,0,0,0,0
1314,078000,2023,KOSPI,245,245,245,0,0,0,0
1314,078000,2024,KOSPI,244,244,244,0,0,0,0
1314,078000,2025,KOSPI,242,242,242,0,0,0,0
1314,078000,2026,KOSPI,166,166,166,0,0,0,0
1315,078020,2013,KOSDAQ,247,247,247,0,0,0,0
1315,078020,2014,KOSDAQ,245,245,245,0,0,0,0
1315,078020,2015,KOSDAQ,248,248,248,0,0,0,0
1315,078020,2016,KOSDAQ,246,246,246,0,0,0,0
1315,078020,2017,KOSDAQ,243,243,243,0,0,0,0
1315,078020,2018,KOSDAQ,244,244,244,0,0,0,0
1315,078020,2019,KOSDAQ,246,246,246,0,0,0,0
1315,078020,2020,KOSDAQ,248,248,248,0,0,0,0
1315,078020,2021,KOSDAQ,248,248,248,0,0,0,0
1315,078020,2022,KOSDAQ,246,246,246,0,0,0,0
1315,078020,2023,KOSDAQ,245,245,245,0,0,0,0
1315,078020,2024,KOSDAQ,244,244,244,0,0,0,0
1315,078020,2025,KOSDAQ,242,242,242,0,0,0,0
1315,078020,2026,KOSDAQ,166,166,166,0,0,0,0
1316,078070,2013,KOSDAQ,247,247,247,0,0,0,0
1316,078070,2014,KOSDAQ,245,245,245,0,0,0,0
1316,078070,2015,KOSDAQ,248,248,248,0,0,0,0
1316,078070,2016,KOSDAQ,246,246,246,0,0,0,0
1316,078070,2017,KOSDAQ,243,243,243,0,0,0,0
1316,078070,2018,KOSDAQ,244,244,244,0,0,0,0
1316,078070,2019,KOSDAQ,246,246,246,0,0,0,0
1316,078070,2020,KOSDAQ,248,248,248,0,0,0,0
1316,078070,2021,KOSDAQ,248,248,248,0,0,0,0
1316,078070,2022,KOSDAQ,246,246,246,0,0,0,0
1316,078070,2023,KOSDAQ,245,245,245,0,0,0,0
1316,078070,2024,KOSDAQ,244,244,244,0,0,0,0
1316,078070,2025,KOSDAQ,242,242,242,0,0,0,0
1316,078070,2026,KOSDAQ,166,166,166,0,0,0,0
1317,078130,2013,KOSDAQ,247,247,247,0,0,0,0
1317,078130,2014,KOSDAQ,245,245,245,0,0,0,0
1317,078130,2015,KOSDAQ,248,248,248,0,0,0,0
1317,078130,2016,KOSDAQ,246,246,246,0,0,0,0
1317,078130,2017,KOSDAQ,243,243,243,0,0,0,0
1317,078130,2018,KOSDAQ,244,244,244,0,0,0,0
1317,078130,2019,KOSDAQ,246,246,246,0,0,0,0
1317,078130,2020,KOSDAQ,248,248,248,0,0,0,0
1317,078130,2021,KOSDAQ,248,248,248,0,0,0,0
1317,078130,2022,KOSDAQ,246,246,246,0,0,0,0
1317,078130,2023,KOSDAQ,245,245,245,0,0,0,0
1317,078130,2024,KOSDAQ,244,244,244,0,0,0,0
1317,078130,2025,KOSDAQ,242,242,242,0,0,0,0
1317,078130,2026,KOSDAQ,166,166,166,0,0,0,0
1318,078140,2013,KOSDAQ,247,247,247,0,0,0,0
1318,078140,2014,KOSDAQ,245,245,245,0,0,0,0
1318,078140,2015,KOSDAQ,248,248,248,0,0,0,0
1318,078140,2016,KOSDAQ,246,246,246,0,0,0,0
1318,078140,2017,KOSDAQ,243,243,243,0,0,0,0
1318,078140,2018,KOSDAQ,244,244,244,0,0,0,0
1318,078140,2019,KOSDAQ,246,246,246,0,0,0,0
1318,078140,2020,KOSDAQ,248,248,248,0,0,0,0
1318,078140,2021,KOSDAQ,248,248,248,0,0,0,0
1318,078140,2022,KOSDAQ,246,246,246,0,0,0,0
1318,078140,2023,KOSDAQ,245,245,245,0,0,0,0
1318,078140,2024,KOSDAQ,244,244,244,0,0,0,0
1318,078140,2025,KOSDAQ,242,242,242,0,0,0,0
1318,078140,2026,KOSDAQ,166,166,166,0,0,0,0
1319,078150,2013,KOSDAQ,247,247,247,0,0,0,0
1319,078150,2014,KOSDAQ,245,245,245,0,0,0,0
1319,078150,2015,KOSDAQ,248,248,248,0,0,0,0
1319,078150,2016,KOSDAQ,246,246,246,0,0,0,0
1319,078150,2017,KOSDAQ,243,243,243,0,0,0,0
1319,078150,2018,KOSDAQ,244,244,244,0,0,0,0
1319,078150,2019,KOSDAQ,246,246,246,0,0,0,0
1319,078150,2020,KOSDAQ,248,248,248,0,0,0,0
1319,078150,2021,KOSDAQ,248,248,248,0,0,0,0
1319,078150,2022,KOSDAQ,246,246,246,0,0,0,0
1319,078150,2023,KOSDAQ,245,245,245,0,0,0,0
1319,078150,2024,KOSDAQ,244,244,244,0,0,0,0
1319,078150,2025,KOSDAQ,242,242,242,0,0,0,0
1319,078150,2026,KOSDAQ,166,166,166,0,0,0,0
1320,078160,2013,KOSDAQ,247,247,247,0,0,0,0
1320,078160,2014,KOSDAQ,245,245,245,0,0,0,0
1320,078160,2015,KOSDAQ,248,248,248,0,0,0,0
1320,078160,2016,KOSDAQ,246,246,246,0,0,0,0
1320,078160,2017,KOSDAQ,243,243,243,0,0,0,0
1320,078160,2018,KOSDAQ,244,244,244,0,0,0,0
1320,078160,2019,KOSDAQ,246,246,246,0,0,0,0
1320,078160,2020,KOSDAQ,248,248,248,0,0,0,0
1320,078160,2021,KOSDAQ,248,248,248,0,0,0,0
1320,078160,2022,KOSDAQ,246,246,246,0,0,0,0
1320,078160,2023,KOSDAQ,245,245,245,0,0,0,0
1320,078160,2024,KOSDAQ,244,244,244,0,0,0,0
1320,078160,2025,KOSDAQ,242,242,242,0,0,0,0
1320,078160,2026,KOSDAQ,166,166,166,0,0,0,0
1321,078340,2013,KOSDAQ,247,247,247,0,0,0,0
1321,078340,2014,KOSDAQ,245,245,245,0,0,0,0
1321,078340,2015,KOSDAQ,248,248,248,0,0,0,0
1321,078340,2016,KOSDAQ,246,246,246,0,0,0,0
1321,078340,2017,KOSDAQ,243,243,243,0,0,0,0
1321,078340,2018,KOSDAQ,244,244,244,0,0,0,0
1321,078340,2019,KOSDAQ,246,246,246,0,0,0,0
1321,078340,2020,KOSDAQ,248,248,248,0,0,0,0
1321,078340,2021,KOSDAQ,248,248,248,0,0,0,0
1321,078340,2022,KOSDAQ,246,246,246,0,0,0,0
1321,078340,2023,KOSDAQ,245,245,245,0,0,0,0
1321,078340,2024,KOSDAQ,244,244,244,0,0,0,0
1321,078340,2025,KOSDAQ,242,242,242,0,0,0,0
1321,078340,2026,KOSDAQ,166,166,166,0,0,0,0
1322,078350,2013,KOSDAQ,247,247,247,0,0,0,0
1322,078350,2014,KOSDAQ,245,245,245,0,0,0,0
1322,078350,2015,KOSDAQ,248,248,248,0,0,0,0
1322,078350,2016,KOSDAQ,246,246,246,0,0,0,0
1322,078350,2017,KOSDAQ,243,243,243,0,0,0,0
1322,078350,2018,KOSDAQ,244,244,244,0,0,0,0
1322,078350,2019,KOSDAQ,246,246,246,0,0,0,0
1322,078350,2020,KOSDAQ,248,248,248,0,0,0,0
1322,078350,2021,KOSDAQ,248,248,248,0,0,0,0
1322,078350,2022,KOSDAQ,246,246,246,0,0,0,0
1322,078350,2023,KOSDAQ,245,245,245,0,0,0,0
1322,078350,2024,KOSDAQ,244,244,244,0,0,0,0
1322,078350,2025,KOSDAQ,242,242,242,0,0,0,0
1322,078350,2026,KOSDAQ,166,166,166,0,0,0,0
1323,078520,2013,KOSPI,247,247,247,0,0,0,0
1323,078520,2014,KOSPI,245,245,245,0,0,0,0
1323,078520,2015,KOSPI,248,248,248,0,0,0,0
1323,078520,2016,KOSPI,246,246,246,0,0,0,0
1323,078520,2017,KOSPI,243,243,243,0,0,0,0
1323,078520,2018,KOSPI,244,244,244,0,0,0,0
1323,078520,2019,KOSPI,246,246,246,0,0,0,0
1323,078520,2020,KOSPI,248,248,248,0,0,0,0
1323,078520,2021,KOSPI,248,248,248,0,0,0,0
1323,078520,2022,KOSPI,246,246,246,0,0,0,0
1323,078520,2023,KOSPI,245,245,245,0,0,0,0
1323,078520,2024,KOSPI,244,244,244,0,0,0,0
1323,078520,2025,KOSPI,242,242,242,0,0,0,0
1323,078520,2026,KOSPI,166,166,166,0,0,0,0
1324,078590,2013,KOSDAQ,247,247,247,0,0,0,0
1324,078590,2014,KOSDAQ,245,245,245,0,0,0,0
1324,078590,2015,KOSDAQ,248,248,248,0,0,0,0
1324,078590,2016,KOSDAQ,246,246,246,0,0,0,0
1324,078590,2017,KOSDAQ,243,243,243,0,0,0,0
1324,078590,2018,KOSDAQ,244,244,244,0,0,0,0
1324,078590,2019,KOSDAQ,246,246,246,0,0,0,0
1324,078590,2020,KOSDAQ,248,248,248,0,0,0,0
1324,078590,2021,KOSDAQ,248,248,248,0,0,0,0
1324,078590,2022,KOSDAQ,246,246,246,0,0,0,0
1324,078590,2023,KOSDAQ,245,245,245,0,0,0,0
1324,078590,2024,KOSDAQ,244,244,244,0,0,0,0
1324,078590,2025,KOSDAQ,242,242,242,0,0,0,0
1324,078590,2026,KOSDAQ,166,166,165,0,0,1,0
1325,078600,2013,KOSDAQ,247,247,247,0,0,0,0
1325,078600,2014,KOSDAQ,245,245,245,0,0,0,0
1325,078600,2015,KOSDAQ,248,248,248,0,0,0,0
1325,078600,2016,KOSDAQ,246,246,246,0,0,0,0
1325,078600,2017,KOSDAQ,243,243,243,0,0,0,0
1325,078600,2018,KOSDAQ,244,244,244,0,0,0,0
1325,078600,2019,KOSDAQ,246,246,246,0,0,0,0
1325,078600,2020,KOSDAQ,248,248,248,0,0,0,0
1325,078600,2021,KOSDAQ,248,248,248,0,0,0,0
1325,078600,2022,KOSDAQ,246,246,246,0,0,0,0
1325,078600,2023,KOSDAQ,245,245,245,0,0,0,0
1325,078600,2024,KOSDAQ,244,244,244,0,0,0,0
1325,078600,2025,KOSDAQ,242,242,242,0,0,0,0
1325,078600,2026,KOSDAQ,166,166,166,0,0,0,0
1326,078860,2013,KOSDAQ,247,247,247,0,0,0,0
1326,078860,2014,KOSDAQ,245,245,245,0,0,0,0
1326,078860,2015,KOSDAQ,248,248,248,0,0,0,0
1326,078860,2016,KOSDAQ,246,246,246,0,0,0,0
1326,078860,2017,KOSDAQ,243,243,243,0,0,0,0
1326,078860,2018,KOSDAQ,244,244,244,0,0,0,0
1326,078860,2019,KOSDAQ,246,246,246,0,0,0,0
1326,078860,2020,KOSDAQ,248,248,248,0,0,0,0
1326,078860,2021,KOSDAQ,248,248,248,0,0,0,0
1326,078860,2022,KOSDAQ,246,246,246,0,0,0,0
1326,078860,2023,KOSDAQ,245,245,245,0,0,0,0
1326,078860,2024,KOSDAQ,244,244,244,0,0,0,0
1326,078860,2025,KOSDAQ,242,242,242,0,0,0,0
1326,078860,2026,KOSDAQ,166,166,165,0,0,1,0
1327,078890,2013,KOSDAQ,247,247,247,0,0,0,0
1327,078890,2014,KOSDAQ,245,245,245,0,0,0,0
1327,078890,2015,KOSDAQ,248,248,248,0,0,0,0
1327,078890,2016,KOSDAQ,246,246,246,0,0,0,0
1327,078890,2017,KOSDAQ,243,243,243,0,0,0,0
1327,078890,2018,KOSDAQ,244,244,244,0,0,0,0
1327,078890,2019,KOSDAQ,246,246,246,0,0,0,0
1327,078890,2020,KOSDAQ,248,248,248,0,0,0,0
1327,078890,2021,KOSDAQ,248,248,248,0,0,0,0
1327,078890,2022,KOSDAQ,246,246,246,0,0,0,0
1327,078890,2023,KOSDAQ,245,245,245,0,0,0,0
1327,078890,2024,KOSDAQ,244,244,244,0,0,0,0
1327,078890,2025,KOSDAQ,242,242,242,0,0,0,0
1327,078890,2026,KOSDAQ,166,166,166,0,0,0,0
1328,078930,2013,KOSPI,247,247,247,0,0,0,0
1328,078930,2014,KOSPI,245,245,245,0,0,0,0
1328,078930,2015,KOSPI,248,248,248,0,0,0,0
1328,078930,2016,KOSPI,246,246,246,0,0,0,0
1328,078930,2017,KOSPI,243,243,243,0,0,0,0
1328,078930,2018,KOSPI,244,244,244,0,0,0,0
1328,078930,2019,KOSPI,246,246,246,0,0,0,0
1328,078930,2020,KOSPI,248,248,248,0,0,0,0
1328,078930,2021,KOSPI,248,248,248,0,0,0,0
1328,078930,2022,KOSPI,246,246,246,0,0,0,0
1328,078930,2023,KOSPI,245,245,245,0,0,0,0
1328,078930,2024,KOSPI,244,244,244,0,0,0,0
1328,078930,2025,KOSPI,242,242,242,0,0,0,0
1328,078930,2026,KOSPI,166,166,166,0,0,0,0
1330,079000,2013,KOSDAQ,247,247,247,0,0,0,0
1330,079000,2014,KOSDAQ,245,245,245,0,0,0,0
1330,079000,2015,KOSDAQ,248,248,248,0,0,0,0
1330,079000,2016,KOSDAQ,246,246,246,0,0,0,0
1330,079000,2017,KOSDAQ,243,243,243,0,0,0,0
1330,079000,2018,KOSDAQ,244,244,244,0,0,0,0
1330,079000,2019,KOSDAQ,246,246,246,0,0,0,0
1330,079000,2020,KOSDAQ,248,248,248,0,0,0,0
1330,079000,2021,KOSDAQ,248,248,248,0,0,0,0
1330,079000,2022,KOSDAQ,246,246,246,0,0,0,0
1330,079000,2023,KOSDAQ,245,245,245,0,0,0,0
1330,079000,2024,KOSDAQ,244,244,244,0,0,0,0
1330,079000,2025,KOSDAQ,242,242,242,0,0,0,0
1330,079000,2026,KOSDAQ,166,166,166,0,0,0,0
1331,079160,2013,KOSPI,247,247,247,0,0,0,0
1331,079160,2014,KOSPI,245,245,245,0,0,0,0
1331,079160,2015,KOSPI,248,248,248,0,0,0,0
1331,079160,2016,KOSPI,246,246,246,0,0,0,0
1331,079160,2017,KOSPI,243,243,243,0,0,0,0
1331,079160,2018,KOSPI,244,244,244,0,0,0,0
1331,079160,2019,KOSPI,246,246,246,0,0,0,0
1331,079160,2020,KOSPI,248,248,248,0,0,0,0
1331,079160,2021,KOSPI,248,248,248,0,0,0,0
1331,079160,2022,KOSPI,246,246,246,0,0,0,0
1331,079160,2023,KOSPI,245,245,245,0,0,0,0
1331,079160,2024,KOSPI,244,244,244,0,0,0,0
1331,079160,2025,KOSPI,242,242,242,0,0,0,0
1331,079160,2026,KOSPI,166,166,166,0,0,0,0
1332,079170,2013,KOSDAQ,247,247,247,0,0,0,0
1332,079170,2014,KOSDAQ,245,245,245,0,0,0,0
1332,079170,2015,KOSDAQ,248,248,248,0,0,0,0
1332,079170,2016,KOSDAQ,246,246,246,0,0,0,0
1332,079170,2017,KOSDAQ,243,243,243,0,0,0,0
1332,079170,2018,KOSDAQ,244,244,244,0,0,0,0
1332,079170,2019,KOSDAQ,246,246,246,0,0,0,0
1332,079170,2020,KOSDAQ,248,248,248,0,0,0,0
1332,079170,2021,KOSDAQ,248,248,248,0,0,0,0
1332,079170,2022,KOSDAQ,246,246,246,0,0,0,0
1332,079170,2023,KOSDAQ,245,245,245,0,0,0,0
1332,079170,2024,KOSDAQ,244,244,244,0,0,0,0
1332,079170,2025,KOSDAQ,242,242,242,0,0,0,0
1332,079170,2026,KOSDAQ,166,166,166,0,0,0,0
1333,079190,2013,KOSDAQ,247,247,247,0,0,0,0
1333,079190,2014,KOSDAQ,245,245,245,0,0,0,0
1333,079190,2015,KOSDAQ,248,248,248,0,0,0,0
1333,079190,2016,KOSDAQ,246,246,246,0,0,0,0
1333,079190,2017,KOSDAQ,243,243,243,0,0,0,0
1333,079190,2018,KOSDAQ,244,244,244,0,0,0,0
1333,079190,2019,KOSDAQ,246,246,246,0,0,0,0
1333,079190,2020,KOSDAQ,248,248,248,0,0,0,0
1333,079190,2021,KOSDAQ,248,248,248,0,0,0,0
1333,079190,2022,KOSDAQ,246,246,246,0,0,0,0
1333,079190,2023,KOSDAQ,245,245,245,0,0,0,0
1333,079190,2024,KOSDAQ,244,244,244,0,0,0,0
1333,079190,2025,KOSDAQ,242,242,242,0,0,0,0
1333,079190,2026,KOSDAQ,166,166,166,0,0,0,0
1334,079370,2013,KOSDAQ,247,247,247,0,0,0,0
1334,079370,2014,KOSDAQ,245,245,245,0,0,0,0
1334,079370,2015,KOSDAQ,248,248,248,0,0,0,0
1334,079370,2016,KOSDAQ,246,246,246,0,0,0,0
1334,079370,2017,KOSDAQ,243,243,243,0,0,0,0
1334,079370,2018,KOSDAQ,244,244,244,0,0,0,0
1334,079370,2019,KOSDAQ,246,246,246,0,0,0,0
1334,079370,2020,KOSDAQ,248,248,248,0,0,0,0
1334,079370,2021,KOSDAQ,248,248,248,0,0,0,0
1334,079370,2022,KOSDAQ,246,246,246,0,0,0,0
1334,079370,2023,KOSDAQ,245,245,245,0,0,0,0
1334,079370,2024,KOSDAQ,244,244,244,0,0,0,0
1334,079370,2025,KOSDAQ,242,242,242,0,0,0,0
1334,079370,2026,KOSDAQ,166,166,166,0,0,0,0
1335,079430,2013,KOSPI,247,247,247,0,0,0,0
1335,079430,2014,KOSPI,245,245,245,0,0,0,0
1335,079430,2015,KOSPI,248,248,248,0,0,0,0
1335,079430,2016,KOSPI,246,246,246,0,0,0,0
1335,079430,2017,KOSPI,243,243,243,0,0,0,0
1335,079430,2018,KOSPI,244,244,244,0,0,0,0
1335,079430,2019,KOSPI,246,246,246,0,0,0,0
1335,079430,2020,KOSPI,248,248,248,0,0,0,0
1335,079430,2021,KOSPI,248,248,248,0,0,0,0
1335,079430,2022,KOSPI,246,246,246,0,0,0,0
1335,079430,2023,KOSPI,245,245,245,0,0,0,0
1335,079430,2024,KOSPI,244,244,244,0,0,0,0
1335,079430,2025,KOSPI,242,242,242,0,0,0,0
1335,079430,2026,KOSPI,166,166,166,0,0,0,0
1336,079550,2015,KOSPI,62,62,62,0,0,0,0
1336,079550,2016,KOSPI,246,246,246,0,0,0,0
1336,079550,2017,KOSPI,243,243,243,0,0,0,0
1336,079550,2018,KOSPI,244,244,244,0,0,0,0
1336,079550,2019,KOSPI,246,246,246,0,0,0,0
1336,079550,2020,KOSPI,248,248,248,0,0,0,0
1336,079550,2021,KOSPI,248,248,248,0,0,0,0
1336,079550,2022,KOSPI,246,246,246,0,0,0,0
1336,079550,2023,KOSPI,245,245,245,0,0,0,0
1336,079550,2024,KOSPI,244,244,244,0,0,0,0
1336,079550,2025,KOSPI,242,242,242,0,0,0,0
1336,079550,2026,KOSPI,166,166,166,0,0,0,0
1337,079650,2013,KOSDAQ,247,247,247,0,0,0,0
1337,079650,2014,KOSDAQ,245,245,245,0,0,0,0
1337,079650,2015,KOSDAQ,248,248,248,0,0,0,0
1337,079650,2016,KOSDAQ,246,246,246,0,0,0,0
1337,079650,2017,KOSDAQ,243,243,243,0,0,0,0
1337,079650,2018,KOSDAQ,244,244,244,0,0,0,0
1337,079650,2019,KOSDAQ,246,246,246,0,0,0,0
1337,079650,2020,KOSDAQ,248,248,248,0,0,0,0
1337,079650,2021,KOSDAQ,248,248,248,0,0,0,0
1337,079650,2022,KOSDAQ,246,246,246,0,0,0,0
1337,079650,2023,KOSDAQ,245,245,245,0,0,0,0
1337,079650,2024,KOSDAQ,244,244,244,0,0,0,0
1337,079650,2025,KOSDAQ,242,242,242,0,0,0,0
1337,079650,2026,KOSDAQ,166,166,166,0,0,0,0
1338,079810,2013,KOSDAQ,247,247,247,0,0,0,0
1338,079810,2014,KOSDAQ,245,245,245,0,0,0,0
1338,079810,2015,KOSDAQ,248,248,248,0,0,0,0
1338,079810,2016,KOSDAQ,246,246,246,0,0,0,0
1338,079810,2017,KOSDAQ,243,243,243,0,0,0,0
1338,079810,2018,KOSDAQ,244,244,244,0,0,0,0
1338,079810,2019,KOSDAQ,246,246,246,0,0,0,0
1338,079810,2020,KOSDAQ,248,248,248,0,0,0,0
1338,079810,2021,KOSDAQ,248,248,248,0,0,0,0
1338,079810,2022,KOSDAQ,246,246,246,0,0,0,0
1338,079810,2023,KOSDAQ,245,245,245,0,0,0,0
1338,079810,2024,KOSDAQ,244,244,244,0,0,0,0
1338,079810,2025,KOSDAQ,242,242,242,0,0,0,0
1338,079810,2026,KOSDAQ,166,166,166,0,0,0,0
1339,079900,2024,KOSPI,89,89,89,0,0,0,0
1339,079900,2025,KOSPI,242,242,242,0,0,0,0
1339,079900,2026,KOSPI,166,166,166,0,0,0,0
1340,079940,2013,KOSDAQ,247,247,247,0,0,0,0
1340,079940,2014,KOSDAQ,245,245,245,0,0,0,0
1340,079940,2015,KOSDAQ,248,248,248,0,0,0,0
1340,079940,2016,KOSDAQ,246,246,246,0,0,0,0
1340,079940,2017,KOSDAQ,243,243,243,0,0,0,0
1340,079940,2018,KOSDAQ,244,244,244,0,0,0,0
1340,079940,2019,KOSDAQ,246,246,246,0,0,0,0
1340,079940,2020,KOSDAQ,248,248,248,0,0,0,0
1340,079940,2021,KOSDAQ,248,248,248,0,0,0,0
1340,079940,2022,KOSDAQ,246,246,246,0,0,0,0
1340,079940,2023,KOSDAQ,245,245,245,0,0,0,0
1340,079940,2024,KOSDAQ,244,244,244,0,0,0,0
1340,079940,2025,KOSDAQ,242,242,242,0,0,0,0
1340,079940,2026,KOSDAQ,166,166,166,0,0,0,0
1341,079950,2013,KOSDAQ,247,247,247,0,0,0,0
1341,079950,2014,KOSDAQ,245,245,245,0,0,0,0
1341,079950,2015,KOSDAQ,248,248,248,0,0,0,0
1341,079950,2016,KOSDAQ,246,246,246,0,0,0,0
1341,079950,2017,KOSDAQ,243,243,243,0,0,0,0
1341,079950,2018,KOSDAQ,244,244,244,0,0,0,0
1341,079950,2019,KOSDAQ,246,246,246,0,0,0,0
1341,079950,2020,KOSDAQ,248,248,248,0,0,0,0
1341,079950,2021,KOSDAQ,248,248,248,0,0,0,0
1341,079950,2022,KOSDAQ,246,246,246,0,0,0,0
1341,079950,2023,KOSDAQ,245,245,244,0,0,1,0
1341,079950,2024,KOSDAQ,244,244,244,0,0,0,0
1341,079950,2025,KOSDAQ,242,242,242,0,0,0,0
1341,079950,2026,KOSDAQ,166,166,166,0,0,0,0
1342,079960,2013,KOSDAQ,247,247,247,0,0,0,0
1342,079960,2014,KOSDAQ,245,245,245,0,0,0,0
1342,079960,2015,KOSDAQ,248,248,248,0,0,0,0
1342,079960,2016,KOSDAQ,246,246,246,0,0,0,0
1342,079960,2017,KOSDAQ,243,243,243,0,0,0,0
1342,079960,2018,KOSDAQ,244,244,244,0,0,0,0
1342,079960,2019,KOSDAQ,246,246,246,0,0,0,0
1342,079960,2020,KOSDAQ,248,248,248,0,0,0,0
1342,079960,2021,KOSDAQ,248,248,248,0,0,0,0
1342,079960,2022,KOSDAQ,246,246,246,0,0,0,0
1342,079960,2023,KOSDAQ,245,245,245,0,0,0,0
1342,079960,2024,KOSDAQ,244,244,244,0,0,0,0
1342,079960,2025,KOSDAQ,242,242,242,0,0,0,0
1342,079960,2026,KOSDAQ,166,166,166,0,0,0,0
1343,079970,2013,KOSDAQ,247,247,247,0,0,0,0
1343,079970,2014,KOSDAQ,245,245,245,0,0,0,0
1343,079970,2015,KOSDAQ,248,248,248,0,0,0,0
1343,079970,2016,KOSDAQ,246,246,246,0,0,0,0
1343,079970,2017,KOSDAQ,243,243,243,0,0,0,0
1343,079970,2018,KOSDAQ,244,244,244,0,0,0,0
1343,079970,2019,KOSDAQ,246,246,246,0,0,0,0
1343,079970,2020,KOSDAQ,248,248,248,0,0,0,0
1343,079970,2021,KOSDAQ,248,248,248,0,0,0,0
1343,079970,2022,KOSDAQ,246,246,246,0,0,0,0
1343,079970,2023,KOSDAQ,245,245,245,0,0,0,0
1343,079970,2024,KOSDAQ,244,244,244,0,0,0,0
1343,079970,2025,KOSDAQ,242,242,242,0,0,0,0
1343,079970,2026,KOSDAQ,166,166,166,0,0,0,0
1344,079980,2013,KOSPI,247,247,247,0,0,0,0
1344,079980,2014,KOSPI,245,245,245,0,0,0,0
1344,079980,2015,KOSPI,248,248,248,0,0,0,0
1344,079980,2016,KOSPI,246,246,246,0,0,0,0
1344,079980,2017,KOSPI,243,243,243,0,0,0,0
1344,079980,2018,KOSPI,244,244,244,0,0,0,0
1344,079980,2019,KOSPI,246,246,246,0,0,0,0
1344,079980,2020,KOSPI,248,248,248,0,0,0,0
1344,079980,2021,KOSPI,248,248,248,0,0,0,0
1344,079980,2022,KOSPI,246,246,246,0,0,0,0
1344,079980,2023,KOSPI,245,245,245,0,0,0,0
1344,079980,2024,KOSPI,244,244,244,0,0,0,0
1344,079980,2025,KOSPI,242,242,242,0,0,0,0
1344,079980,2026,KOSPI,166,166,166,0,0,0,0
1345,080010,2013,KOSDAQ,247,247,247,0,0,0,0
1345,080010,2014,KOSDAQ,245,245,245,0,0,0,0
1345,080010,2015,KOSDAQ,248,248,248,0,0,0,0
1345,080010,2016,KOSDAQ,246,246,246,0,0,0,0
1345,080010,2017,KOSDAQ,243,243,243,0,0,0,0
1345,080010,2018,KOSDAQ,244,244,244,0,0,0,0
1345,080010,2019,KOSDAQ,246,246,246,0,0,0,0
1345,080010,2020,KOSDAQ,248,248,248,0,0,0,0
1345,080010,2021,KOSDAQ,248,248,248,0,0,0,0
1345,080010,2022,KOSDAQ,246,246,246,0,0,0,0
1345,080010,2023,KOSDAQ,245,245,245,0,0,0,0
1345,080010,2024,KOSDAQ,244,244,244,0,0,0,0
1345,080010,2025,KOSDAQ,242,242,242,0,0,0,0
1345,080010,2026,KOSDAQ,166,166,166,0,0,0,0
1346,080160,2013,KOSDAQ,247,247,247,0,0,0,0
1346,080160,2014,KOSDAQ,245,245,245,0,0,0,0
1346,080160,2015,KOSDAQ,248,248,248,0,0,0,0
1346,080160,2016,KOSDAQ,246,246,246,0,0,0,0
1346,080160,2017,KOSDAQ,243,243,243,0,0,0,0
1346,080160,2018,KOSDAQ,244,244,244,0,0,0,0
1346,080160,2019,KOSDAQ,246,246,246,0,0,0,0
1346,080160,2020,KOSDAQ,248,248,248,0,0,0,0
1346,080160,2021,KOSDAQ,248,248,248,0,0,0,0
1346,080160,2022,KOSDAQ,246,246,246,0,0,0,0
1346,080160,2023,KOSDAQ,245,245,245,0,0,0,0
1346,080160,2024,KOSDAQ,244,244,244,0,0,0,0
1346,080160,2025,KOSDAQ,242,242,242,0,0,0,0
1346,080160,2026,KOSDAQ,166,166,166,0,0,0,0
1347,080220,2013,KOSDAQ,247,247,247,0,0,0,0
1347,080220,2014,KOSDAQ,245,245,245,0,0,0,0
1347,080220,2015,KOSDAQ,248,248,248,0,0,0,0
1347,080220,2016,KOSDAQ,246,246,246,0,0,0,0
1347,080220,2017,KOSDAQ,243,243,243,0,0,0,0
1347,080220,2018,KOSDAQ,244,244,244,0,0,0,0
1347,080220,2019,KOSDAQ,246,246,246,0,0,0,0
1347,080220,2020,KOSDAQ,248,248,248,0,0,0,0
1347,080220,2021,KOSDAQ,248,248,248,0,0,0,0
1347,080220,2022,KOSDAQ,246,246,246,0,0,0,0
1347,080220,2023,KOSDAQ,245,245,245,0,0,0,0
1347,080220,2024,KOSDAQ,244,244,244,0,0,0,0
1347,080220,2025,KOSDAQ,242,242,242,0,0,0,0
1347,080220,2026,KOSDAQ,166,166,166,0,0,0,0
1348,080420,2013,KOSDAQ,247,247,247,0,0,0,0
1348,080420,2014,KOSDAQ,245,245,245,0,0,0,0
1348,080420,2015,KOSDAQ,248,248,248,0,0,0,0
1348,080420,2016,KOSDAQ,246,246,246,0,0,0,0
1348,080420,2017,KOSDAQ,243,243,243,0,0,0,0
1348,080420,2018,KOSDAQ,244,244,244,0,0,0,0
1348,080420,2019,KOSDAQ,246,246,246,0,0,0,0
1348,080420,2020,KOSDAQ,248,248,248,0,0,0,0
1348,080420,2021,KOSDAQ,248,248,248,0,0,0,0
1348,080420,2022,KOSDAQ,246,246,246,0,0,0,0
1348,080420,2023,KOSDAQ,245,245,245,0,0,0,0
1348,080420,2024,KOSDAQ,244,244,244,0,0,0,0
1348,080420,2025,KOSDAQ,242,242,242,0,0,0,0
1348,080420,2026,KOSDAQ,166,166,166,0,0,0,0
1349,080470,2013,KOSDAQ,247,247,247,0,0,0,0
1349,080470,2014,KOSDAQ,245,245,245,0,0,0,0
1349,080470,2015,KOSDAQ,248,248,248,0,0,0,0
1349,080470,2016,KOSDAQ,246,246,246,0,0,0,0
1349,080470,2017,KOSDAQ,243,243,243,0,0,0,0
1349,080470,2018,KOSDAQ,244,244,244,0,0,0,0
1349,080470,2019,KOSDAQ,246,246,246,0,0,0,0
1349,080470,2020,KOSDAQ,248,248,248,0,0,0,0
1349,080470,2021,KOSDAQ,248,248,248,0,0,0,0
1349,080470,2022,KOSDAQ,246,246,246,0,0,0,0
1349,080470,2023,KOSDAQ,245,245,245,0,0,0,0
1349,080470,2024,KOSDAQ,244,244,244,0,0,0,0
1349,080470,2025,KOSDAQ,242,242,242,0,0,0,0
1349,080470,2026,KOSDAQ,166,166,166,0,0,0,0
1350,080520,2013,KOSDAQ,247,247,247,0,0,0,0
1350,080520,2014,KOSDAQ,245,245,245,0,0,0,0
1350,080520,2015,KOSDAQ,248,248,248,0,0,0,0
1350,080520,2016,KOSDAQ,246,246,246,0,0,0,0
1350,080520,2017,KOSDAQ,243,243,243,0,0,0,0
1350,080520,2018,KOSDAQ,244,244,244,0,0,0,0
1350,080520,2019,KOSDAQ,246,246,246,0,0,0,0
1350,080520,2020,KOSDAQ,248,248,248,0,0,0,0
1350,080520,2021,KOSDAQ,248,248,248,0,0,0,0
1350,080520,2022,KOSDAQ,246,246,246,0,0,0,0
1350,080520,2023,KOSDAQ,245,245,245,0,0,0,0
1350,080520,2024,KOSDAQ,244,244,244,0,0,0,0
1350,080520,2025,KOSDAQ,242,242,242,0,0,0,0
1350,080520,2026,KOSDAQ,166,166,166,0,0,0,0
1351,080530,2013,KOSDAQ,247,247,247,0,0,0,0
1351,080530,2014,KOSDAQ,245,245,245,0,0,0,0
1351,080530,2015,KOSDAQ,248,248,248,0,0,0,0
1351,080530,2016,KOSDAQ,246,246,246,0,0,0,0
1351,080530,2017,KOSDAQ,243,243,243,0,0,0,0
1351,080530,2018,KOSDAQ,244,244,244,0,0,0,0
1351,080530,2019,KOSDAQ,246,246,246,0,0,0,0
1351,080530,2020,KOSDAQ,248,248,248,0,0,0,0
1351,080530,2021,KOSDAQ,248,248,248,0,0,0,0
1351,080530,2022,KOSDAQ,246,246,246,0,0,0,0
1351,080530,2023,KOSDAQ,245,245,245,0,0,0,0
1351,080530,2024,KOSDAQ,244,244,244,0,0,0,0
1351,080530,2025,KOSDAQ,242,242,242,0,0,0,0
1351,080530,2026,KOSDAQ,166,166,166,0,0,0,0
1352,080580,2014,KOSDAQ,4,4,4,0,0,0,0
1352,080580,2015,KOSDAQ,248,248,248,0,0,0,0
1352,080580,2016,KOSDAQ,246,246,246,0,0,0,0
1352,080580,2017,KOSDAQ,243,243,243,0,0,0,0
1352,080580,2018,KOSDAQ,244,244,244,0,0,0,0
1352,080580,2019,KOSDAQ,246,246,246,0,0,0,0
1352,080580,2020,KOSDAQ,248,248,248,0,0,0,0
1352,080580,2021,KOSDAQ,248,248,248,0,0,0,0
1352,080580,2022,KOSDAQ,246,246,246,0,0,0,0
1352,080580,2023,KOSDAQ,245,245,245,0,0,0,0
1352,080580,2024,KOSDAQ,244,244,244,0,0,0,0
1352,080580,2025,KOSDAQ,242,242,242,0,0,0,0
1352,080580,2026,KOSDAQ,166,166,166,0,0,0,0
1353,080720,2018,KOSDAQ,105,105,105,0,0,0,0
1353,080720,2019,KOSDAQ,246,246,246,0,0,0,0
1353,080720,2020,KOSDAQ,248,248,248,0,0,0,0
1353,080720,2021,KOSDAQ,248,248,248,0,0,0,0
1353,080720,2022,KOSDAQ,246,246,246,0,0,0,0
1353,080720,2023,KOSDAQ,245,245,245,0,0,0,0
1353,080720,2024,KOSDAQ,244,244,244,0,0,0,0
1353,080720,2025,KOSDAQ,242,242,242,0,0,0,0
1353,080720,2026,KOSDAQ,166,166,166,0,0,0,0
1354,081000,2013,KOSPI,247,247,247,0,0,0,0
1354,081000,2014,KOSPI,245,245,245,0,0,0,0
1354,081000,2015,KOSPI,248,248,248,0,0,0,0
1354,081000,2016,KOSPI,246,246,246,0,0,0,0
1354,081000,2017,KOSPI,243,243,243,0,0,0,0
1354,081000,2018,KOSPI,244,244,244,0,0,0,0
1354,081000,2019,KOSPI,246,246,246,0,0,0,0
1354,081000,2020,KOSPI,248,248,248,0,0,0,0
1354,081000,2021,KOSPI,248,248,248,0,0,0,0
1354,081000,2022,KOSPI,246,246,246,0,0,0,0
1354,081000,2023,KOSPI,245,245,245,0,0,0,0
1354,081000,2024,KOSPI,244,244,244,0,0,0,0
1354,081000,2025,KOSPI,242,242,242,0,0,0,0
1354,081000,2026,KOSPI,166,166,166,0,0,0,0
1355,081150,2013,KOSDAQ,247,247,247,0,0,0,0
1355,081150,2014,KOSDAQ,245,245,245,0,0,0,0
1355,081150,2015,KOSDAQ,248,248,248,0,0,0,0
1355,081150,2016,KOSDAQ,246,246,246,0,0,0,0
1355,081150,2017,KOSDAQ,243,243,243,0,0,0,0
1355,081150,2018,KOSDAQ,244,244,244,0,0,0,0
1355,081150,2019,KOSDAQ,246,246,246,0,0,0,0
1355,081150,2020,KOSDAQ,248,248,248,0,0,0,0
1355,081150,2021,KOSDAQ,248,248,248,0,0,0,0
1355,081150,2022,KOSDAQ,246,246,246,0,0,0,0
1355,081150,2023,KOSDAQ,245,245,245,0,0,0,0
1355,081150,2024,KOSDAQ,244,244,244,0,0,0,0
1355,081150,2025,KOSDAQ,242,242,242,0,0,0,0
1355,081150,2026,KOSDAQ,166,166,166,0,0,0,0
1356,081180,2025,KOSDAQ,165,165,165,0,0,0,0
1356,081180,2026,KOSDAQ,166,166,166,0,0,0,0
1357,081580,2013,KOSDAQ,247,247,247,0,0,0,0
1357,081580,2014,KOSDAQ,245,245,245,0,0,0,0
1357,081580,2015,KOSDAQ,248,248,248,0,0,0,0
1357,081580,2016,KOSDAQ,246,246,246,0,0,0,0
1357,081580,2017,KOSDAQ,243,243,243,0,0,0,0
1357,081580,2018,KOSDAQ,244,244,244,0,0,0,0
1357,081580,2019,KOSDAQ,246,246,246,0,0,0,0
1357,081580,2020,KOSDAQ,248,248,248,0,0,0,0
1357,081580,2021,KOSDAQ,248,248,248,0,0,0,0
1357,081580,2022,KOSDAQ,246,246,246,0,0,0,0
1357,081580,2023,KOSDAQ,245,245,245,0,0,0,0
1357,081580,2024,KOSDAQ,244,244,244,0,0,0,0
1357,081580,2025,KOSDAQ,242,242,242,0,0,0,0
1357,081580,2026,KOSDAQ,166,166,166,0,0,0,0
1358,081660,2013,KOSPI,247,247,247,0,0,0,0
1358,081660,2014,KOSPI,245,245,245,0,0,0,0
1358,081660,2015,KOSPI,248,248,248,0,0,0,0
1358,081660,2016,KOSPI,246,246,246,0,0,0,0
1358,081660,2017,KOSPI,243,243,243,0,0,0,0
1358,081660,2018,KOSPI,244,244,244,0,0,0,0
1358,081660,2019,KOSPI,246,246,246,0,0,0,0
1358,081660,2020,KOSPI,248,248,248,0,0,0,0
1358,081660,2021,KOSPI,248,248,248,0,0,0,0
1358,081660,2022,KOSPI,246,246,246,0,0,0,0
1358,081660,2023,KOSPI,245,245,245,0,0,0,0
1358,081660,2024,KOSPI,244,244,244,0,0,0,0
1358,081660,2025,KOSPI,242,242,242,0,0,0,0
1358,081660,2026,KOSPI,166,166,166,0,0,0,0
1359,082210,2013,KOSDAQ,247,247,247,0,0,0,0
1359,082210,2014,KOSDAQ,245,245,245,0,0,0,0
1359,082210,2015,KOSDAQ,248,248,248,0,0,0,0
1359,082210,2016,KOSDAQ,246,246,246,0,0,0,0
1359,082210,2017,KOSDAQ,243,243,243,0,0,0,0
1359,082210,2018,KOSDAQ,244,244,244,0,0,0,0
1359,082210,2019,KOSDAQ,246,246,246,0,0,0,0
1359,082210,2020,KOSDAQ,248,248,248,0,0,0,0
1359,082210,2021,KOSDAQ,248,248,248,0,0,0,0
1359,082210,2022,KOSDAQ,246,246,246,0,0,0,0
1359,082210,2023,KOSDAQ,245,245,245,0,0,0,0
1359,082210,2024,KOSDAQ,244,244,244,0,0,0,0
1359,082210,2025,KOSDAQ,242,242,242,0,0,0,0
1359,082210,2026,KOSDAQ,166,166,166,0,0,0,0
1360,082270,2013,KOSDAQ,247,247,247,0,0,0,0
1360,082270,2014,KOSDAQ,245,245,245,0,0,0,0
1360,082270,2015,KOSDAQ,248,248,248,0,0,0,0
1360,082270,2016,KOSDAQ,246,246,246,0,0,0,0
1360,082270,2017,KOSDAQ,243,243,243,0,0,0,0
1360,082270,2018,KOSDAQ,244,244,244,0,0,0,0
1360,082270,2019,KOSDAQ,246,246,246,0,0,0,0
1360,082270,2020,KOSDAQ,248,248,248,0,0,0,0
1360,082270,2021,KOSDAQ,248,248,248,0,0,0,0
1360,082270,2022,KOSDAQ,246,246,246,0,0,0,0
1360,082270,2023,KOSDAQ,245,245,245,0,0,0,0
1360,082270,2024,KOSDAQ,244,244,244,0,0,0,0
1360,082270,2025,KOSDAQ,242,242,242,0,0,0,0
1360,082270,2026,KOSDAQ,166,166,166,0,0,0,0
1362,082660,2013,KOSDAQ,247,247,247,0,0,0,0
1362,082660,2014,KOSDAQ,245,245,245,0,0,0,0
1362,082660,2015,KOSDAQ,248,248,248,0,0,0,0
1362,082660,2016,KOSDAQ,246,246,246,0,0,0,0
1362,082660,2017,KOSDAQ,243,243,243,0,0,0,0
1362,082660,2018,KOSDAQ,244,244,244,0,0,0,0
1362,082660,2019,KOSDAQ,246,246,246,0,0,0,0
1362,082660,2020,KOSDAQ,248,248,248,0,0,0,0
1362,082660,2021,KOSDAQ,248,248,248,0,0,0,0
1362,082660,2022,KOSDAQ,246,246,246,0,0,0,0
1362,082660,2023,KOSDAQ,245,245,245,0,0,0,0
1362,082660,2024,KOSDAQ,244,244,244,0,0,0,0
1362,082660,2025,KOSDAQ,242,242,242,0,0,0,0
1362,082660,2026,KOSDAQ,166,166,166,0,0,0,0
1363,082740,2013,KOSPI,247,247,247,0,0,0,0
1363,082740,2014,KOSPI,245,245,245,0,0,0,0
1363,082740,2015,KOSPI,248,248,248,0,0,0,0
1363,082740,2016,KOSPI,246,246,246,0,0,0,0
1363,082740,2017,KOSPI,243,243,243,0,0,0,0
1363,082740,2018,KOSPI,244,244,244,0,0,0,0
1363,082740,2019,KOSPI,246,246,246,0,0,0,0
1363,082740,2020,KOSPI,248,248,248,0,0,0,0
1363,082740,2021,KOSPI,248,248,248,0,0,0,0
1363,082740,2022,KOSPI,246,246,246,0,0,0,0
1363,082740,2023,KOSPI,245,245,245,0,0,0,0
1363,082740,2024,KOSPI,244,244,244,0,0,0,0
1363,082740,2025,KOSPI,242,242,242,0,0,0,0
1363,082740,2026,KOSPI,166,166,166,0,0,0,0
1364,082800,2013,KOSDAQ,247,247,247,0,0,0,0
1364,082800,2014,KOSDAQ,245,245,245,0,0,0,0
1364,082800,2015,KOSDAQ,248,248,248,0,0,0,0
1364,082800,2016,KOSDAQ,246,246,245,0,0,1,0
1364,082800,2017,KOSDAQ,243,243,243,0,0,0,0
1364,082800,2018,KOSDAQ,244,244,244,0,0,0,0
1364,082800,2019,KOSDAQ,246,246,246,0,0,0,0
1364,082800,2020,KOSDAQ,248,248,248,0,0,0,0
1364,082800,2021,KOSDAQ,248,248,248,0,0,0,0
1364,082800,2022,KOSDAQ,246,246,246,0,0,0,0
1364,082800,2023,KOSDAQ,245,245,245,0,0,0,0
1364,082800,2024,KOSDAQ,244,244,244,0,0,0,0
1364,082800,2025,KOSDAQ,242,242,242,0,0,0,0
1364,082800,2026,KOSDAQ,166,166,166,0,0,0,0
1365,082850,2013,KOSDAQ,247,247,247,0,0,0,0
1365,082850,2014,KOSDAQ,245,245,245,0,0,0,0
1365,082850,2015,KOSDAQ,248,248,248,0,0,0,0
1365,082850,2016,KOSDAQ,246,246,246,0,0,0,0
1365,082850,2017,KOSDAQ,243,243,243,0,0,0,0
1365,082850,2018,KOSDAQ,244,244,244,0,0,0,0
1365,082850,2019,KOSDAQ,246,246,246,0,0,0,0
1365,082850,2020,KOSDAQ,248,248,248,0,0,0,0
1365,082850,2021,KOSDAQ,248,248,248,0,0,0,0
1365,082850,2022,KOSDAQ,246,246,246,0,0,0,0
1365,082850,2023,KOSDAQ,245,245,245,0,0,0,0
1365,082850,2024,KOSDAQ,244,244,244,0,0,0,0
1365,082850,2025,KOSDAQ,242,242,242,0,0,0,0
1365,082850,2026,KOSDAQ,166,166,166,0,0,0,0
1366,082920,2013,KOSDAQ,247,247,247,0,0,0,0
1366,082920,2014,KOSDAQ,245,245,245,0,0,0,0
1366,082920,2015,KOSDAQ,248,248,248,0,0,0,0
1366,082920,2016,KOSDAQ,246,246,246,0,0,0,0
1366,082920,2017,KOSDAQ,243,243,243,0,0,0,0
1366,082920,2018,KOSDAQ,244,244,244,0,0,0,0
1366,082920,2019,KOSDAQ,246,246,246,0,0,0,0
1366,082920,2020,KOSDAQ,248,248,248,0,0,0,0
1366,082920,2021,KOSDAQ,248,248,248,0,0,0,0
1366,082920,2022,KOSDAQ,246,246,246,0,0,0,0
1366,082920,2023,KOSDAQ,245,245,245,0,0,0,0
1366,082920,2024,KOSDAQ,244,244,244,0,0,0,0
1366,082920,2025,KOSDAQ,242,242,242,0,0,0,0
1366,082920,2026,KOSDAQ,166,166,166,0,0,0,0
1367,083310,2013,KOSDAQ,247,247,247,0,0,0,0
1367,083310,2014,KOSDAQ,245,245,245,0,0,0,0
1367,083310,2015,KOSDAQ,248,248,248,0,0,0,0
1367,083310,2016,KOSDAQ,246,246,246,0,0,0,0
1367,083310,2017,KOSDAQ,243,243,243,0,0,0,0
1367,083310,2018,KOSDAQ,244,244,244,0,0,0,0
1367,083310,2019,KOSDAQ,246,246,246,0,0,0,0
1367,083310,2020,KOSDAQ,248,248,248,0,0,0,0
1367,083310,2021,KOSDAQ,248,248,248,0,0,0,0
1367,083310,2022,KOSDAQ,246,246,246,0,0,0,0
1367,083310,2023,KOSDAQ,245,245,245,0,0,0,0
1367,083310,2024,KOSDAQ,244,244,244,0,0,0,0
1367,083310,2025,KOSDAQ,242,242,242,0,0,0,0
1367,083310,2026,KOSDAQ,166,166,166,0,0,0,0
1368,083420,2013,KOSPI,247,247,247,0,0,0,0
1368,083420,2014,KOSPI,245,245,245,0,0,0,0
1368,083420,2015,KOSPI,248,248,248,0,0,0,0
1368,083420,2016,KOSPI,246,246,246,0,0,0,0
1368,083420,2017,KOSPI,243,243,243,0,0,0,0
1368,083420,2018,KOSPI,244,244,244,0,0,0,0
1368,083420,2019,KOSPI,246,246,246,0,0,0,0
1368,083420,2020,KOSPI,248,248,248,0,0,0,0
1368,083420,2021,KOSPI,248,248,248,0,0,0,0
1368,083420,2022,KOSPI,246,246,246,0,0,0,0
1368,083420,2023,KOSPI,245,245,245,0,0,0,0
1368,083420,2024,KOSPI,244,244,244,0,0,0,0
1368,083420,2025,KOSPI,242,242,242,0,0,0,0
1368,083420,2026,KOSPI,166,166,166,0,0,0,0
1369,083450,2013,KOSDAQ,247,247,247,0,0,0,0
1369,083450,2014,KOSDAQ,245,245,245,0,0,0,0
1369,083450,2015,KOSDAQ,248,248,248,0,0,0,0
1369,083450,2016,KOSDAQ,246,246,246,0,0,0,0
1369,083450,2017,KOSDAQ,243,243,243,0,0,0,0
1369,083450,2018,KOSDAQ,244,244,244,0,0,0,0
1369,083450,2019,KOSDAQ,246,246,246,0,0,0,0
1369,083450,2020,KOSDAQ,248,248,248,0,0,0,0
1369,083450,2021,KOSDAQ,248,248,248,0,0,0,0
1369,083450,2022,KOSDAQ,246,246,246,0,0,0,0
1369,083450,2023,KOSDAQ,245,245,245,0,0,0,0
1369,083450,2024,KOSDAQ,244,244,244,0,0,0,0
1369,083450,2025,KOSDAQ,242,242,242,0,0,0,0
1369,083450,2026,KOSDAQ,166,166,166,0,0,0,0
1370,083470,2013,KOSDAQ,247,247,247,0,0,0,0
1370,083470,2014,KOSDAQ,245,245,245,0,0,0,0
1370,083470,2015,KOSDAQ,248,248,248,0,0,0,0
1370,083470,2016,KOSDAQ,246,246,246,0,0,0,0
1370,083470,2017,KOSDAQ,243,243,243,0,0,0,0
1370,083470,2018,KOSDAQ,244,244,244,0,0,0,0
1370,083470,2019,KOSDAQ,246,246,246,0,0,0,0
1370,083470,2020,KOSDAQ,248,248,248,0,0,0,0
1370,083470,2021,KOSDAQ,248,248,248,0,0,0,0
1370,083470,2022,KOSDAQ,246,246,246,0,0,0,0
1370,083470,2023,KOSDAQ,245,245,245,0,0,0,0
1370,083470,2024,KOSDAQ,244,244,244,0,0,0,0
1370,083470,2025,KOSDAQ,242,242,242,0,0,0,0
1370,083470,2026,KOSDAQ,166,166,166,0,0,0,0
1371,083500,2017,KOSDAQ,205,205,205,0,0,0,0
1371,083500,2018,KOSDAQ,244,244,244,0,0,0,0
1371,083500,2019,KOSDAQ,246,246,246,0,0,0,0
1371,083500,2020,KOSDAQ,248,248,248,0,0,0,0
1371,083500,2021,KOSDAQ,248,248,248,0,0,0,0
1371,083500,2022,KOSDAQ,246,246,246,0,0,0,0
1371,083500,2023,KOSDAQ,245,245,245,0,0,0,0
1371,083500,2024,KOSDAQ,244,244,244,0,0,0,0
1371,083500,2025,KOSDAQ,242,242,242,0,0,0,0
1371,083500,2026,KOSDAQ,166,166,166,0,0,0,0
1372,083550,2013,KOSDAQ,247,247,247,0,0,0,0
1372,083550,2014,KOSDAQ,245,245,245,0,0,0,0
1372,083550,2015,KOSDAQ,248,248,248,0,0,0,0
1372,083550,2016,KOSDAQ,246,246,246,0,0,0,0
1372,083550,2017,KOSDAQ,243,243,243,0,0,0,0
1372,083550,2018,KOSDAQ,244,244,244,0,0,0,0
1372,083550,2019,KOSDAQ,246,246,246,0,0,0,0
1372,083550,2020,KOSDAQ,248,248,248,0,0,0,0
1372,083550,2021,KOSDAQ,248,248,248,0,0,0,0
1372,083550,2022,KOSDAQ,246,246,246,0,0,0,0
1372,083550,2023,KOSDAQ,245,245,245,0,0,0,0
1372,083550,2024,KOSDAQ,244,244,244,0,0,0,0
1372,083550,2025,KOSDAQ,242,242,242,0,0,0,0
1372,083550,2026,KOSDAQ,166,166,166,0,0,0,0
1373,083640,2013,KOSDAQ,247,247,247,0,0,0,0
1373,083640,2014,KOSDAQ,245,245,245,0,0,0,0
1373,083640,2015,KOSDAQ,248,248,248,0,0,0,0
1373,083640,2016,KOSDAQ,246,246,246,0,0,0,0
1373,083640,2017,KOSDAQ,243,243,243,0,0,0,0
1373,083640,2018,KOSDAQ,244,244,244,0,0,0,0
1373,083640,2019,KOSDAQ,246,246,245,0,0,1,0
1373,083640,2020,KOSDAQ,248,248,248,0,0,0,0
1373,083640,2021,KOSDAQ,248,248,247,0,0,1,0
1373,083640,2022,KOSDAQ,246,246,246,0,0,0,0
1373,083640,2023,KOSDAQ,245,245,245,0,0,0,0
1373,083640,2024,KOSDAQ,244,244,244,0,0,0,0
1373,083640,2025,KOSDAQ,242,242,242,0,0,0,0
1373,083640,2026,KOSDAQ,166,166,166,0,0,0,0
1374,083650,2013,KOSDAQ,247,247,247,0,0,0,0
1374,083650,2014,KOSDAQ,245,245,245,0,0,0,0
1374,083650,2015,KOSDAQ,248,248,248,0,0,0,0
1374,083650,2016,KOSDAQ,246,246,246,0,0,0,0
1374,083650,2017,KOSDAQ,243,243,243,0,0,0,0
1374,083650,2018,KOSDAQ,244,244,244,0,0,0,0
1374,083650,2019,KOSDAQ,246,246,246,0,0,0,0
1374,083650,2020,KOSDAQ,248,248,248,0,0,0,0
1374,083650,2021,KOSDAQ,248,248,248,0,0,0,0
1374,083650,2022,KOSDAQ,246,246,246,0,0,0,0
1374,083650,2023,KOSDAQ,245,245,245,0,0,0,0
1374,083650,2024,KOSDAQ,244,244,244,0,0,0,0
1374,083650,2025,KOSDAQ,242,242,242,0,0,0,0
1374,083650,2026,KOSDAQ,166,166,166,0,0,0,0
1375,083660,2013,KOSDAQ,247,247,247,0,0,0,0
1375,083660,2014,KOSDAQ,245,245,245,0,0,0,0
1375,083660,2015,KOSDAQ,248,248,248,0,0,0,0
1375,083660,2016,KOSDAQ,246,246,246,0,0,0,0
1375,083660,2017,KOSDAQ,243,243,243,0,0,0,0
1375,083660,2018,KOSDAQ,244,244,244,0,0,0,0
1375,083660,2019,KOSDAQ,246,246,246,0,0,0,0
1375,083660,2020,KOSDAQ,248,248,248,0,0,0,0
1375,083660,2021,KOSDAQ,248,248,247,0,0,1,0
1375,083660,2022,KOSDAQ,246,246,246,0,0,0,0
1375,083660,2023,KOSDAQ,245,245,245,0,0,0,0
1375,083660,2024,KOSDAQ,244,244,244,0,0,0,0
1375,083660,2025,KOSDAQ,242,242,242,0,0,0,0
1375,083660,2026,KOSDAQ,166,166,165,0,0,1,0
1376,083790,2013,KOSDAQ,247,247,247,0,0,0,0
1376,083790,2014,KOSDAQ,245,245,245,0,0,0,0
1376,083790,2015,KOSDAQ,248,248,248,0,0,0,0
1376,083790,2016,KOSDAQ,246,246,246,0,0,0,0
1376,083790,2017,KOSDAQ,243,243,243,0,0,0,0
1376,083790,2018,KOSDAQ,244,244,244,0,0,0,0
1376,083790,2019,KOSDAQ,246,246,246,0,0,0,0
1376,083790,2020,KOSDAQ,248,248,248,0,0,0,0
1376,083790,2021,KOSDAQ,248,248,248,0,0,0,0
1376,083790,2022,KOSDAQ,246,246,246,0,0,0,0
1376,083790,2023,KOSDAQ,245,245,245,0,0,0,0
1376,083790,2024,KOSDAQ,244,244,244,0,0,0,0
1376,083790,2025,KOSDAQ,242,242,242,0,0,0,0
1376,083790,2026,KOSDAQ,166,166,166,0,0,0,0
1377,083930,2013,KOSDAQ,247,247,247,0,0,0,0
1377,083930,2014,KOSDAQ,245,245,245,0,0,0,0
1377,083930,2015,KOSDAQ,248,248,248,0,0,0,0
1377,083930,2016,KOSDAQ,246,246,246,0,0,0,0
1377,083930,2017,KOSDAQ,243,243,243,0,0,0,0
1377,083930,2018,KOSDAQ,244,244,244,0,0,0,0
1377,083930,2019,KOSDAQ,246,246,246,0,0,0,0
1377,083930,2020,KOSDAQ,248,248,248,0,0,0,0
1377,083930,2021,KOSDAQ,248,248,248,0,0,0,0
1377,083930,2022,KOSDAQ,246,246,246,0,0,0,0
1377,083930,2023,KOSDAQ,245,245,245,0,0,0,0
1377,083930,2024,KOSDAQ,244,244,244,0,0,0,0
1377,083930,2025,KOSDAQ,242,242,242,0,0,0,0
1377,083930,2026,KOSDAQ,166,166,166,0,0,0,0
1378,084010,2013,KOSPI,247,247,247,0,0,0,0
1378,084010,2014,KOSPI,245,245,245,0,0,0,0
1378,084010,2015,KOSPI,248,248,248,0,0,0,0
1378,084010,2016,KOSPI,246,246,246,0,0,0,0
1378,084010,2017,KOSPI,243,243,243,0,0,0,0
1378,084010,2018,KOSPI,244,244,244,0,0,0,0
1378,084010,2019,KOSPI,246,246,246,0,0,0,0
1378,084010,2020,KOSPI,248,248,248,0,0,0,0
1378,084010,2021,KOSPI,248,248,248,0,0,0,0
1378,084010,2022,KOSPI,246,246,246,0,0,0,0
1378,084010,2023,KOSPI,245,245,245,0,0,0,0
1378,084010,2024,KOSPI,244,244,244,0,0,0,0
1378,084010,2025,KOSPI,242,242,242,0,0,0,0
1378,084010,2026,KOSPI,166,166,166,0,0,0,0
1379,084110,2013,KOSDAQ,247,247,247,0,0,0,0
1379,084110,2014,KOSDAQ,245,245,245,0,0,0,0
1379,084110,2015,KOSDAQ,248,248,248,0,0,0,0
1379,084110,2016,KOSDAQ,246,246,245,0,0,1,0
1379,084110,2017,KOSDAQ,243,243,243,0,0,0,0
1379,084110,2018,KOSDAQ,244,244,244,0,0,0,0
1379,084110,2019,KOSDAQ,246,246,246,0,0,0,0
1379,084110,2020,KOSDAQ,248,248,248,0,0,0,0
1379,084110,2021,KOSDAQ,248,248,248,0,0,0,0
1379,084110,2022,KOSDAQ,246,246,246,0,0,0,0
1379,084110,2023,KOSDAQ,245,245,245,0,0,0,0
1379,084110,2024,KOSDAQ,244,244,244,0,0,0,0
1379,084110,2025,KOSDAQ,242,242,242,0,0,0,0
1379,084110,2026,KOSDAQ,166,166,166,0,0,0,0
1380,084180,2013,KOSDAQ,247,247,247,0,0,0,0
1380,084180,2014,KOSDAQ,245,245,245,0,0,0,0
1380,084180,2015,KOSDAQ,248,248,248,0,0,0,0
1380,084180,2016,KOSDAQ,246,246,246,0,0,0,0
1380,084180,2017,KOSDAQ,243,243,243,0,0,0,0
1380,084180,2018,KOSDAQ,244,244,244,0,0,0,0
1380,084180,2019,KOSDAQ,246,246,246,0,0,0,0
1380,084180,2020,KOSDAQ,248,248,248,0,0,0,0
1380,084180,2021,KOSDAQ,248,248,248,0,0,0,0
1380,084180,2022,KOSDAQ,246,246,246,0,0,0,0
1380,084180,2023,KOSDAQ,245,245,245,0,0,0,0
1380,084180,2024,KOSDAQ,244,244,244,0,0,0,0
1380,084180,2025,KOSDAQ,242,242,242,0,0,0,0
1380,084180,2026,KOSDAQ,166,166,166,0,0,0,0
1381,084370,2013,KOSDAQ,247,247,247,0,0,0,0
1381,084370,2014,KOSDAQ,245,245,245,0,0,0,0
1381,084370,2015,KOSDAQ,248,248,248,0,0,0,0
1381,084370,2016,KOSDAQ,246,246,246,0,0,0,0
1381,084370,2017,KOSDAQ,243,243,243,0,0,0,0
1381,084370,2018,KOSDAQ,244,244,244,0,0,0,0
1381,084370,2019,KOSDAQ,246,246,246,0,0,0,0
1381,084370,2020,KOSDAQ,248,248,248,0,0,0,0
1381,084370,2021,KOSDAQ,248,248,248,0,0,0,0
1381,084370,2022,KOSDAQ,246,246,246,0,0,0,0
1381,084370,2023,KOSDAQ,245,245,245,0,0,0,0
1381,084370,2024,KOSDAQ,244,244,244,0,0,0,0
1381,084370,2025,KOSDAQ,242,242,242,0,0,0,0
1381,084370,2026,KOSDAQ,166,166,166,0,0,0,0
1382,084440,2022,KOSDAQ,30,30,30,0,0,0,0
1382,084440,2023,KOSDAQ,245,245,245,0,0,0,0
1382,084440,2024,KOSDAQ,244,244,244,0,0,0,0
1382,084440,2025,KOSDAQ,242,242,242,0,0,0,0
1382,084440,2026,KOSDAQ,166,166,166,0,0,0,0
1383,084650,2014,KOSDAQ,10,10,10,0,0,0,0
1383,084650,2015,KOSDAQ,248,248,248,0,0,0,0
1383,084650,2016,KOSDAQ,246,246,246,0,0,0,0
1383,084650,2017,KOSDAQ,243,243,243,0,0,0,0
1383,084650,2018,KOSDAQ,244,244,244,0,0,0,0
1383,084650,2019,KOSDAQ,246,246,246,0,0,0,0
1383,084650,2020,KOSDAQ,248,248,248,0,0,0,0
1383,084650,2021,KOSDAQ,248,248,248,0,0,0,0
1383,084650,2022,KOSDAQ,246,246,246,0,0,0,0
1383,084650,2023,KOSDAQ,245,245,245,0,0,0,0
1383,084650,2024,KOSDAQ,244,244,244,0,0,0,0
1383,084650,2025,KOSDAQ,242,242,242,0,0,0,0
1383,084650,2026,KOSDAQ,166,166,166,0,0,0,0
1384,084670,2013,KOSPI,247,247,247,0,0,0,0
1384,084670,2014,KOSPI,245,245,245,0,0,0,0
1384,084670,2015,KOSPI,248,248,248,0,0,0,0
1384,084670,2016,KOSPI,246,246,246,0,0,0,0
1384,084670,2017,KOSPI,243,243,243,0,0,0,0
1384,084670,2018,KOSPI,244,244,244,0,0,0,0
1384,084670,2019,KOSPI,246,246,246,0,0,0,0
1384,084670,2020,KOSPI,248,248,248,0,0,0,0
1384,084670,2021,KOSPI,248,248,248,0,0,0,0
1384,084670,2022,KOSPI,246,246,246,0,0,0,0
1384,084670,2023,KOSPI,245,245,245,0,0,0,0
1384,084670,2024,KOSPI,244,244,244,0,0,0,0
1384,084670,2025,KOSPI,242,242,242,0,0,0,0
1384,084670,2026,KOSPI,166,166,166,0,0,0,0
1385,084680,2013,KOSPI,247,247,247,0,0,0,0
1385,084680,2014,KOSPI,245,245,245,0,0,0,0
1385,084680,2015,KOSPI,248,248,248,0,0,0,0
1385,084680,2016,KOSPI,246,246,246,0,0,0,0
1385,084680,2017,KOSPI,243,243,243,0,0,0,0
1385,084680,2018,KOSPI,244,244,244,0,0,0,0
1385,084680,2019,KOSPI,246,246,246,0,0,0,0
1385,084680,2020,KOSPI,248,248,248,0,0,0,0
1385,084680,2021,KOSPI,248,248,248,0,0,0,0
1385,084680,2022,KOSPI,246,246,246,0,0,0,0
1385,084680,2023,KOSPI,245,245,245,0,0,0,0
1385,084680,2024,KOSPI,244,244,244,0,0,0,0
1385,084680,2025,KOSPI,242,242,242,0,0,0,0
1385,084680,2026,KOSPI,166,166,166,0,0,0,0
1386,084690,2013,KOSPI,247,247,247,0,0,0,0
1386,084690,2014,KOSPI,245,245,245,0,0,0,0
1386,084690,2015,KOSPI,248,248,248,0,0,0,0
1386,084690,2016,KOSPI,246,246,246,0,0,0,0
1386,084690,2017,KOSPI,243,243,243,0,0,0,0
1386,084690,2018,KOSPI,244,244,244,0,0,0,0
1386,084690,2019,KOSPI,246,246,246,0,0,0,0
1386,084690,2020,KOSPI,248,248,248,0,0,0,0
1386,084690,2021,KOSPI,248,248,248,0,0,0,0
1386,084690,2022,KOSPI,246,246,246,0,0,0,0
1386,084690,2023,KOSPI,245,245,245,0,0,0,0
1386,084690,2024,KOSPI,244,244,244,0,0,0,0
1386,084690,2025,KOSPI,242,242,242,0,0,0,0
1386,084690,2026,KOSPI,166,166,166,0,0,0,0
1388,084730,2013,KOSDAQ,247,247,247,0,0,0,0
1388,084730,2014,KOSDAQ,245,245,245,0,0,0,0
1388,084730,2015,KOSDAQ,248,248,248,0,0,0,0
1388,084730,2016,KOSDAQ,246,246,246,0,0,0,0
1388,084730,2017,KOSDAQ,243,243,243,0,0,0,0
1388,084730,2018,KOSDAQ,244,244,244,0,0,0,0
1388,084730,2019,KOSDAQ,246,246,246,0,0,0,0
1388,084730,2020,KOSDAQ,248,248,248,0,0,0,0
1388,084730,2021,KOSDAQ,248,248,248,0,0,0,0
1388,084730,2022,KOSDAQ,246,246,246,0,0,0,0
1388,084730,2023,KOSDAQ,245,245,245,0,0,0,0
1388,084730,2024,KOSDAQ,244,244,244,0,0,0,0
1388,084730,2025,KOSDAQ,242,242,242,0,0,0,0
1388,084730,2026,KOSDAQ,166,166,166,0,0,0,0
1389,084850,2019,KOSDAQ,37,37,37,0,0,0,0
1389,084850,2020,KOSDAQ,248,248,248,0,0,0,0
1389,084850,2021,KOSDAQ,248,248,248,0,0,0,0
1389,084850,2022,KOSDAQ,246,246,246,0,0,0,0
1389,084850,2023,KOSDAQ,245,245,245,0,0,0,0
1389,084850,2024,KOSDAQ,244,244,244,0,0,0,0
1389,084850,2025,KOSDAQ,242,242,242,0,0,0,0
1389,084850,2026,KOSDAQ,166,166,166,0,0,0,0
1390,084870,2013,KOSPI,247,247,247,0,0,0,0
1390,084870,2014,KOSPI,245,245,245,0,0,0,0
1390,084870,2015,KOSPI,248,248,248,0,0,0,0
1390,084870,2016,KOSPI,246,246,246,0,0,0,0
1390,084870,2017,KOSPI,243,243,243,0,0,0,0
1390,084870,2018,KOSPI,244,244,244,0,0,0,0
1390,084870,2019,KOSPI,246,246,246,0,0,0,0
1390,084870,2020,KOSPI,248,248,248,0,0,0,0
1390,084870,2021,KOSPI,248,248,248,0,0,0,0
1390,084870,2022,KOSPI,246,246,246,0,0,0,0
1390,084870,2023,KOSPI,245,245,245,0,0,0,0
1390,084870,2024,KOSPI,244,244,244,0,0,0,0
1390,084870,2025,KOSPI,242,242,242,0,0,0,0
1390,084870,2026,KOSPI,166,166,166,0,0,0,0
1391,084990,2013,KOSDAQ,247,247,247,0,0,0,0
1391,084990,2014,KOSDAQ,245,245,245,0,0,0,0
1391,084990,2015,KOSDAQ,248,248,248,0,0,0,0
1391,084990,2016,KOSDAQ,246,246,246,0,0,0,0
1391,084990,2017,KOSDAQ,243,243,243,0,0,0,0
1391,084990,2018,KOSDAQ,244,244,244,0,0,0,0
1391,084990,2019,KOSDAQ,246,246,245,0,0,1,0
1391,084990,2020,KOSDAQ,248,248,248,0,0,0,0
1391,084990,2021,KOSDAQ,248,248,248,0,0,0,0
1391,084990,2022,KOSDAQ,246,246,246,0,0,0,0
1391,084990,2023,KOSDAQ,245,245,245,0,0,0,0
1391,084990,2024,KOSDAQ,244,244,244,0,0,0,0
1391,084990,2025,KOSDAQ,242,242,242,0,0,0,0
1391,084990,2026,KOSDAQ,166,166,166,0,0,0,0
1392,085310,2013,KOSPI,247,247,247,0,0,0,0
1392,085310,2014,KOSPI,245,245,245,0,0,0,0
1392,085310,2015,KOSPI,248,248,248,0,0,0,0
1392,085310,2016,KOSPI,246,246,246,0,0,0,0
1392,085310,2017,KOSPI,243,243,243,0,0,0,0
1392,085310,2018,KOSPI,244,244,244,0,0,0,0
1392,085310,2019,KOSPI,246,246,246,0,0,0,0
1392,085310,2020,KOSPI,248,248,248,0,0,0,0
1392,085310,2021,KOSPI,248,248,248,0,0,0,0
1392,085310,2022,KOSPI,246,246,246,0,0,0,0
1392,085310,2023,KOSPI,245,245,245,0,0,0,0
1392,085310,2024,KOSPI,244,244,244,0,0,0,0
1392,085310,2025,KOSPI,242,242,242,0,0,0,0
1392,085310,2026,KOSPI,166,166,166,0,0,0,0
1393,085620,2015,KOSPI,121,121,121,0,0,0,0
1393,085620,2016,KOSPI,246,246,246,0,0,0,0
1393,085620,2017,KOSPI,243,243,243,0,0,0,0
1393,085620,2018,KOSPI,244,244,244,0,0,0,0
1393,085620,2019,KOSPI,246,246,246,0,0,0,0
1393,085620,2020,KOSPI,248,248,248,0,0,0,0
1393,085620,2021,KOSPI,248,248,248,0,0,0,0
1393,085620,2022,KOSPI,246,246,246,0,0,0,0
1393,085620,2023,KOSPI,245,245,245,0,0,0,0
1393,085620,2024,KOSPI,244,244,244,0,0,0,0
1393,085620,2025,KOSPI,242,242,242,0,0,0,0
1393,085620,2026,KOSPI,166,166,166,0,0,0,0
1394,085660,2013,KOSDAQ,247,247,247,0,0,0,0
1394,085660,2014,KOSDAQ,245,245,245,0,0,0,0
1394,085660,2015,KOSDAQ,248,248,248,0,0,0,0
1394,085660,2016,KOSDAQ,246,246,246,0,0,0,0
1394,085660,2017,KOSDAQ,243,243,243,0,0,0,0
1394,085660,2018,KOSDAQ,244,244,244,0,0,0,0
1394,085660,2019,KOSDAQ,246,246,246,0,0,0,0
1394,085660,2020,KOSDAQ,248,248,248,0,0,0,0
1394,085660,2021,KOSDAQ,248,248,248,0,0,0,0
1394,085660,2022,KOSDAQ,246,246,246,0,0,0,0
1394,085660,2023,KOSDAQ,245,245,245,0,0,0,0
1394,085660,2024,KOSDAQ,244,244,244,0,0,0,0
1394,085660,2025,KOSDAQ,242,242,242,0,0,0,0
1394,085660,2026,KOSDAQ,166,166,166,0,0,0,0
1395,085670,2013,KOSDAQ,247,247,247,0,0,0,0
1395,085670,2014,KOSDAQ,245,245,245,0,0,0,0
1395,085670,2015,KOSDAQ,248,248,248,0,0,0,0
1395,085670,2016,KOSDAQ,246,246,246,0,0,0,0
1395,085670,2017,KOSDAQ,243,243,243,0,0,0,0
1395,085670,2018,KOSDAQ,244,244,244,0,0,0,0
1395,085670,2019,KOSDAQ,246,246,246,0,0,0,0
1395,085670,2020,KOSDAQ,248,248,248,0,0,0,0
1395,085670,2021,KOSDAQ,248,248,248,0,0,0,0
1395,085670,2022,KOSDAQ,246,246,246,0,0,0,0
1395,085670,2023,KOSDAQ,245,245,245,0,0,0,0
1395,085670,2024,KOSDAQ,244,244,244,0,0,0,0
1395,085670,2025,KOSDAQ,242,242,242,0,0,0,0
1395,085670,2026,KOSDAQ,166,166,166,0,0,0,0
1396,085810,2013,KOSDAQ,16,16,16,0,0,0,0
1396,085810,2014,KOSDAQ,245,245,245,0,0,0,0
1396,085810,2015,KOSDAQ,248,248,248,0,0,0,0
1396,085810,2016,KOSDAQ,246,246,246,0,0,0,0
1396,085810,2017,KOSDAQ,243,243,243,0,0,0,0
1396,085810,2018,KOSDAQ,244,244,244,0,0,0,0
1396,085810,2019,KOSDAQ,246,246,246,0,0,0,0
1396,085810,2020,KOSDAQ,248,248,248,0,0,0,0
1396,085810,2021,KOSDAQ,248,248,248,0,0,0,0
1396,085810,2022,KOSDAQ,246,246,246,0,0,0,0
1396,085810,2023,KOSDAQ,245,245,245,0,0,0,0
1396,085810,2024,KOSDAQ,244,244,244,0,0,0,0
1396,085810,2025,KOSDAQ,242,242,242,0,0,0,0
1396,085810,2026,KOSDAQ,166,166,166,0,0,0,0
1397,085910,2013,KOSDAQ,247,247,247,0,0,0,0
1397,085910,2014,KOSDAQ,245,245,245,0,0,0,0
1397,085910,2015,KOSDAQ,248,248,248,0,0,0,0
1397,085910,2016,KOSDAQ,246,246,246,0,0,0,0
1397,085910,2017,KOSDAQ,243,243,243,0,0,0,0
1397,085910,2018,KOSDAQ,244,244,244,0,0,0,0
1397,085910,2019,KOSDAQ,246,246,246,0,0,0,0
1397,085910,2020,KOSDAQ,248,248,248,0,0,0,0
1397,085910,2021,KOSDAQ,248,248,248,0,0,0,0
1397,085910,2022,KOSDAQ,246,246,246,0,0,0,0
1397,085910,2023,KOSDAQ,245,245,245,0,0,0,0
1397,085910,2024,KOSDAQ,244,244,244,0,0,0,0
1397,085910,2025,KOSDAQ,242,242,242,0,0,0,0
1397,085910,2026,KOSDAQ,166,166,166,0,0,0,0
1398,086040,2013,KOSDAQ,247,247,247,0,0,0,0
1398,086040,2014,KOSDAQ,245,245,245,0,0,0,0
1398,086040,2015,KOSDAQ,248,248,248,0,0,0,0
1398,086040,2016,KOSDAQ,246,246,246,0,0,0,0
1398,086040,2017,KOSDAQ,243,243,243,0,0,0,0
1398,086040,2018,KOSDAQ,244,244,244,0,0,0,0
1398,086040,2019,KOSDAQ,246,246,246,0,0,0,0
1398,086040,2020,KOSDAQ,248,248,248,0,0,0,0
1398,086040,2021,KOSDAQ,248,248,248,0,0,0,0
1398,086040,2022,KOSDAQ,246,246,246,0,0,0,0
1398,086040,2023,KOSDAQ,245,245,245,0,0,0,0
1398,086040,2024,KOSDAQ,244,244,244,0,0,0,0
1398,086040,2025,KOSDAQ,242,242,242,0,0,0,0
1398,086040,2026,KOSDAQ,166,166,166,0,0,0,0
1399,086060,2013,KOSDAQ,247,247,247,0,0,0,0
1399,086060,2014,KOSDAQ,245,245,245,0,0,0,0
1399,086060,2015,KOSDAQ,248,248,248,0,0,0,0
1399,086060,2016,KOSDAQ,246,246,246,0,0,0,0
1399,086060,2017,KOSDAQ,243,243,243,0,0,0,0
1399,086060,2018,KOSDAQ,244,244,244,0,0,0,0
1399,086060,2019,KOSDAQ,246,246,246,0,0,0,0
1399,086060,2020,KOSDAQ,248,248,248,0,0,0,0
1399,086060,2021,KOSDAQ,248,248,248,0,0,0,0
1399,086060,2022,KOSDAQ,246,246,246,0,0,0,0
1399,086060,2023,KOSDAQ,245,245,245,0,0,0,0
1399,086060,2024,KOSDAQ,244,244,244,0,0,0,0
1399,086060,2025,KOSDAQ,242,242,242,0,0,0,0
1399,086060,2026,KOSDAQ,166,166,166,0,0,0,0
1400,086280,2013,KOSPI,247,247,247,0,0,0,0
1400,086280,2014,KOSPI,245,245,245,0,0,0,0
1400,086280,2015,KOSPI,248,248,248,0,0,0,0
1400,086280,2016,KOSPI,246,246,246,0,0,0,0
1400,086280,2017,KOSPI,243,243,243,0,0,0,0
1400,086280,2018,KOSPI,244,244,244,0,0,0,0
1400,086280,2019,KOSPI,246,246,246,0,0,0,0
1400,086280,2020,KOSPI,248,248,248,0,0,0,0
1400,086280,2021,KOSPI,248,248,248,0,0,0,0
1400,086280,2022,KOSPI,246,246,246,0,0,0,0
1400,086280,2023,KOSPI,245,245,245,0,0,0,0
1400,086280,2024,KOSPI,244,244,244,0,0,0,0
1400,086280,2025,KOSPI,242,242,242,0,0,0,0
1400,086280,2026,KOSPI,166,166,166,0,0,0,0
1401,086390,2013,KOSDAQ,247,247,247,0,0,0,0
1401,086390,2014,KOSDAQ,245,245,245,0,0,0,0
1401,086390,2015,KOSDAQ,248,248,248,0,0,0,0
1401,086390,2016,KOSDAQ,246,246,246,0,0,0,0
1401,086390,2017,KOSDAQ,243,243,243,0,0,0,0
1401,086390,2018,KOSDAQ,244,244,244,0,0,0,0
1401,086390,2019,KOSDAQ,246,246,246,0,0,0,0
1401,086390,2020,KOSDAQ,248,248,248,0,0,0,0
1401,086390,2021,KOSDAQ,248,248,248,0,0,0,0
1401,086390,2022,KOSDAQ,246,246,246,0,0,0,0
1401,086390,2023,KOSDAQ,245,245,245,0,0,0,0
1401,086390,2024,KOSDAQ,244,244,244,0,0,0,0
1401,086390,2025,KOSDAQ,242,242,242,0,0,0,0
1401,086390,2026,KOSDAQ,166,166,166,0,0,0,0
1402,086450,2013,KOSDAQ,247,247,247,0,0,0,0
1402,086450,2014,KOSDAQ,245,245,245,0,0,0,0
1402,086450,2015,KOSDAQ,248,248,248,0,0,0,0
1402,086450,2016,KOSDAQ,246,246,246,0,0,0,0
1402,086450,2017,KOSDAQ,243,243,243,0,0,0,0
1402,086450,2018,KOSDAQ,244,244,244,0,0,0,0
1402,086450,2019,KOSDAQ,246,246,246,0,0,0,0
1402,086450,2020,KOSDAQ,248,248,248,0,0,0,0
1402,086450,2021,KOSDAQ,248,248,248,0,0,0,0
1402,086450,2022,KOSDAQ,246,246,246,0,0,0,0
1402,086450,2023,KOSDAQ,245,245,245,0,0,0,0
1402,086450,2024,KOSDAQ,244,244,244,0,0,0,0
1402,086450,2025,KOSDAQ,242,242,242,0,0,0,0
1402,086450,2026,KOSDAQ,166,166,166,0,0,0,0
1403,086520,2013,KOSDAQ,247,247,247,0,0,0,0
1403,086520,2014,KOSDAQ,245,245,245,0,0,0,0
1403,086520,2015,KOSDAQ,248,248,248,0,0,0,0
1403,086520,2016,KOSDAQ,246,246,246,0,0,0,0
1403,086520,2017,KOSDAQ,243,243,243,0,0,0,0
1403,086520,2018,KOSDAQ,244,244,244,0,0,0,0
1403,086520,2019,KOSDAQ,246,246,246,0,0,0,0
1403,086520,2020,KOSDAQ,248,248,248,0,0,0,0
1403,086520,2021,KOSDAQ,248,248,248,0,0,0,0
1403,086520,2022,KOSDAQ,246,246,246,0,0,0,0
1403,086520,2023,KOSDAQ,245,245,245,0,0,0,0
1403,086520,2024,KOSDAQ,244,244,244,0,0,0,0
1403,086520,2025,KOSDAQ,242,242,242,0,0,0,0
1403,086520,2026,KOSDAQ,166,166,166,0,0,0,0
1404,086670,2013,KOSDAQ,247,247,247,0,0,0,0
1404,086670,2014,KOSDAQ,245,245,245,0,0,0,0
1404,086670,2015,KOSDAQ,248,248,248,0,0,0,0
1404,086670,2016,KOSDAQ,246,246,246,0,0,0,0
1404,086670,2017,KOSDAQ,243,243,243,0,0,0,0
1404,086670,2018,KOSDAQ,244,244,244,0,0,0,0
1404,086670,2019,KOSDAQ,246,246,246,0,0,0,0
1404,086670,2020,KOSDAQ,248,248,248,0,0,0,0
1404,086670,2021,KOSDAQ,248,248,248,0,0,0,0
1404,086670,2022,KOSDAQ,246,246,246,0,0,0,0
1404,086670,2023,KOSDAQ,245,245,245,0,0,0,0
1404,086670,2024,KOSDAQ,244,244,244,0,0,0,0
1404,086670,2025,KOSDAQ,242,242,242,0,0,0,0
1404,086670,2026,KOSDAQ,166,166,166,0,0,0,0
1405,086710,2021,KOSDAQ,231,231,231,0,0,0,0
1405,086710,2022,KOSDAQ,246,246,246,0,0,0,0
1405,086710,2023,KOSDAQ,245,245,245,0,0,0,0
1405,086710,2024,KOSDAQ,244,244,244,0,0,0,0
1405,086710,2025,KOSDAQ,242,242,242,0,0,0,0
1405,086710,2026,KOSDAQ,166,166,166,0,0,0,0
1406,086790,2013,KOSPI,247,247,247,0,0,0,0
1406,086790,2014,KOSPI,245,245,245,0,0,0,0
1406,086790,2015,KOSPI,248,248,248,0,0,0,0
1406,086790,2016,KOSPI,246,246,246,0,0,0,0
1406,086790,2017,KOSPI,243,243,243,0,0,0,0
1406,086790,2018,KOSPI,244,244,244,0,0,0,0
1406,086790,2019,KOSPI,246,246,246,0,0,0,0
1406,086790,2020,KOSPI,248,248,248,0,0,0,0
1406,086790,2021,KOSPI,248,248,248,0,0,0,0
1406,086790,2022,KOSPI,246,246,246,0,0,0,0
1406,086790,2023,KOSPI,245,245,245,0,0,0,0
1406,086790,2024,KOSPI,244,244,244,0,0,0,0
1406,086790,2025,KOSPI,242,242,242,0,0,0,0
1406,086790,2026,KOSPI,166,166,166,0,0,0,0
1407,086820,2018,KOSDAQ,89,89,89,0,0,0,0
1407,086820,2019,KOSDAQ,246,246,246,0,0,0,0
1407,086820,2020,KOSDAQ,248,248,248,0,0,0,0
1407,086820,2021,KOSDAQ,248,248,248,0,0,0,0
1407,086820,2022,KOSDAQ,246,246,246,0,0,0,0
1407,086820,2023,KOSDAQ,245,245,244,0,0,1,0
1407,086820,2024,KOSDAQ,244,244,244,0,0,0,0
1407,086820,2025,KOSDAQ,242,242,242,0,0,0,0
1407,086820,2026,KOSDAQ,166,166,166,0,0,0,0
1408,086890,2013,KOSDAQ,247,247,247,0,0,0,0
1408,086890,2014,KOSDAQ,245,245,245,0,0,0,0
1408,086890,2015,KOSDAQ,248,248,248,0,0,0,0
1408,086890,2016,KOSDAQ,246,246,246,0,0,0,0
1408,086890,2017,KOSDAQ,243,243,243,0,0,0,0
1408,086890,2018,KOSDAQ,244,244,244,0,0,0,0
1408,086890,2019,KOSDAQ,246,246,246,0,0,0,0
1408,086890,2020,KOSDAQ,248,248,248,0,0,0,0
1408,086890,2021,KOSDAQ,248,248,248,0,0,0,0
1408,086890,2022,KOSDAQ,246,246,246,0,0,0,0
1408,086890,2023,KOSDAQ,245,245,245,0,0,0,0
1408,086890,2024,KOSDAQ,244,244,244,0,0,0,0
1408,086890,2025,KOSDAQ,242,242,242,0,0,0,0
1408,086890,2026,KOSDAQ,166,166,166,0,0,0,0
1409,086900,2013,KOSDAQ,247,247,247,0,0,0,0
1409,086900,2014,KOSDAQ,245,245,245,0,0,0,0
1409,086900,2015,KOSDAQ,248,248,248,0,0,0,0
1409,086900,2016,KOSDAQ,246,246,246,0,0,0,0
1409,086900,2017,KOSDAQ,243,243,243,0,0,0,0
1409,086900,2018,KOSDAQ,244,244,244,0,0,0,0
1409,086900,2019,KOSDAQ,246,246,246,0,0,0,0
1409,086900,2020,KOSDAQ,248,248,246,0,0,2,0
1409,086900,2021,KOSDAQ,248,248,248,0,0,0,0
1409,086900,2022,KOSDAQ,246,246,246,0,0,0,0
1409,086900,2023,KOSDAQ,245,245,245,0,0,0,0
1409,086900,2024,KOSDAQ,244,244,244,0,0,0,0
1409,086900,2025,KOSDAQ,242,242,242,0,0,0,0
1409,086900,2026,KOSDAQ,166,166,166,0,0,0,0
1410,086960,2013,KOSDAQ,247,247,247,0,0,0,0
1410,086960,2014,KOSDAQ,245,245,245,0,0,0,0
1410,086960,2015,KOSDAQ,248,248,248,0,0,0,0
1410,086960,2016,KOSDAQ,246,246,246,0,0,0,0
1410,086960,2017,KOSDAQ,243,243,243,0,0,0,0
1410,086960,2018,KOSDAQ,244,244,244,0,0,0,0
1410,086960,2019,KOSDAQ,246,246,246,0,0,0,0
1410,086960,2020,KOSDAQ,248,248,248,0,0,0,0
1410,086960,2021,KOSDAQ,248,248,248,0,0,0,0
1410,086960,2022,KOSDAQ,246,246,246,0,0,0,0
1410,086960,2023,KOSDAQ,245,245,245,0,0,0,0
1410,086960,2024,KOSDAQ,244,244,244,0,0,0,0
1410,086960,2025,KOSDAQ,242,242,242,0,0,0,0
1410,086960,2026,KOSDAQ,166,166,166,0,0,0,0
1411,086980,2013,KOSDAQ,247,247,247,0,0,0,0
1411,086980,2014,KOSDAQ,245,245,245,0,0,0,0
1411,086980,2015,KOSDAQ,248,248,248,0,0,0,0
1411,086980,2016,KOSDAQ,246,246,246,0,0,0,0
1411,086980,2017,KOSDAQ,243,243,243,0,0,0,0
1411,086980,2018,KOSDAQ,244,244,244,0,0,0,0
1411,086980,2019,KOSDAQ,246,246,246,0,0,0,0
1411,086980,2020,KOSDAQ,248,248,248,0,0,0,0
1411,086980,2021,KOSDAQ,248,248,248,0,0,0,0
1411,086980,2022,KOSDAQ,246,246,246,0,0,0,0
1411,086980,2023,KOSDAQ,245,245,245,0,0,0,0
1411,086980,2024,KOSDAQ,244,244,244,0,0,0,0
1411,086980,2025,KOSDAQ,242,242,242,0,0,0,0
1411,086980,2026,KOSDAQ,166,166,166,0,0,0,0
1412,087010,2015,KOSDAQ,111,111,111,0,0,0,0
1412,087010,2016,KOSDAQ,246,246,246,0,0,0,0
1412,087010,2017,KOSDAQ,243,243,243,0,0,0,0
1412,087010,2018,KOSDAQ,244,244,244,0,0,0,0
1412,087010,2019,KOSDAQ,246,246,246,0,0,0,0
1412,087010,2020,KOSDAQ,248,248,248,0,0,0,0
1412,087010,2021,KOSDAQ,248,248,248,0,0,0,0
1412,087010,2022,KOSDAQ,246,246,246,0,0,0,0
1412,087010,2023,KOSDAQ,245,245,245,0,0,0,0
1412,087010,2024,KOSDAQ,244,244,244,0,0,0,0
1412,087010,2025,KOSDAQ,242,242,242,0,0,0,0
1412,087010,2026,KOSDAQ,166,166,166,0,0,0,0
1413,087260,2017,KOSDAQ,206,206,206,0,0,0,0
1413,087260,2018,KOSDAQ,244,244,244,0,0,0,0
1413,087260,2019,KOSDAQ,246,246,246,0,0,0,0
1413,087260,2020,KOSDAQ,248,248,248,0,0,0,0
1413,087260,2021,KOSDAQ,248,248,248,0,0,0,0
1413,087260,2022,KOSDAQ,246,246,246,0,0,0,0
1413,087260,2023,KOSDAQ,245,245,245,0,0,0,0
1413,087260,2024,KOSDAQ,244,244,244,0,0,0,0
1413,087260,2025,KOSDAQ,242,242,242,0,0,0,0
1413,087260,2026,KOSDAQ,166,166,166,0,0,0,0
1414,087600,2015,KOSDAQ,139,139,139,0,0,0,0
1414,087600,2016,KOSDAQ,246,246,246,0,0,0,0
1414,087600,2017,KOSDAQ,243,243,243,0,0,0,0
1414,087600,2018,KOSDAQ,244,244,244,0,0,0,0
1414,087600,2019,KOSDAQ,246,246,246,0,0,0,0
1414,087600,2020,KOSDAQ,248,248,248,0,0,0,0
1414,087600,2021,KOSDAQ,248,248,248,0,0,0,0
1414,087600,2022,KOSDAQ,246,246,246,0,0,0,0
1414,087600,2023,KOSDAQ,245,245,245,0,0,0,0
1414,087600,2024,KOSDAQ,244,244,244,0,0,0,0
1414,087600,2025,KOSDAQ,242,242,242,0,0,0,0
1414,087600,2026,KOSDAQ,166,166,166,0,0,0,0
1415,088130,2013,KOSDAQ,247,247,247,0,0,0,0
1415,088130,2014,KOSDAQ,245,245,245,0,0,0,0
1415,088130,2015,KOSDAQ,248,248,248,0,0,0,0
1415,088130,2016,KOSDAQ,246,246,246,0,0,0,0
1415,088130,2017,KOSDAQ,243,243,243,0,0,0,0
1415,088130,2018,KOSDAQ,244,244,244,0,0,0,0
1415,088130,2019,KOSDAQ,246,246,246,0,0,0,0
1415,088130,2020,KOSDAQ,248,248,248,0,0,0,0
1415,088130,2021,KOSDAQ,248,248,248,0,0,0,0
1415,088130,2022,KOSDAQ,246,246,246,0,0,0,0
1415,088130,2023,KOSDAQ,245,245,245,0,0,0,0
1415,088130,2024,KOSDAQ,244,244,244,0,0,0,0
1415,088130,2025,KOSDAQ,242,242,242,0,0,0,0
1415,088130,2026,KOSDAQ,166,166,166,0,0,0,0
1417,088280,2023,KOSDAQ,37,37,37,0,0,0,0
1417,088280,2024,KOSDAQ,244,244,244,0,0,0,0
1417,088280,2025,KOSDAQ,242,242,242,0,0,0,0
1417,088280,2026,KOSDAQ,166,166,166,0,0,0,0
1418,088290,2013,KOSDAQ,247,247,247,0,0,0,0
1418,088290,2014,KOSDAQ,245,245,245,0,0,0,0
1418,088290,2015,KOSDAQ,248,248,248,0,0,0,0
1418,088290,2016,KOSDAQ,246,246,246,0,0,0,0
1418,088290,2017,KOSDAQ,243,243,243,0,0,0,0
1418,088290,2018,KOSDAQ,244,244,244,0,0,0,0
1418,088290,2019,KOSDAQ,246,246,246,0,0,0,0
1418,088290,2020,KOSDAQ,248,248,248,0,0,0,0
1418,088290,2021,KOSDAQ,248,248,248,0,0,0,0
1418,088290,2022,KOSDAQ,246,246,246,0,0,0,0
1418,088290,2023,KOSDAQ,245,245,245,0,0,0,0
1418,088290,2024,KOSDAQ,244,244,244,0,0,0,0
1418,088290,2025,KOSDAQ,242,242,242,0,0,0,0
1418,088290,2026,KOSDAQ,166,166,166,0,0,0,0
1419,088340,2024,KOSDAQ,90,90,90,0,0,0,0
1419,088340,2025,KOSDAQ,242,242,242,0,0,0,0
1419,088340,2026,KOSDAQ,166,166,166,0,0,0,0
1420,088350,2013,KOSPI,247,247,247,0,0,0,0
1420,088350,2014,KOSPI,245,245,245,0,0,0,0
1420,088350,2015,KOSPI,248,248,248,0,0,0,0
1420,088350,2016,KOSPI,246,246,246,0,0,0,0
1420,088350,2017,KOSPI,243,243,243,0,0,0,0
1420,088350,2018,KOSPI,244,244,244,0,0,0,0
1420,088350,2019,KOSPI,246,246,246,0,0,0,0
1420,088350,2020,KOSPI,248,248,248,0,0,0,0
1420,088350,2021,KOSPI,248,248,248,0,0,0,0
1420,088350,2022,KOSPI,246,246,246,0,0,0,0
1420,088350,2023,KOSPI,245,245,245,0,0,0,0
1420,088350,2024,KOSPI,244,244,244,0,0,0,0
1420,088350,2025,KOSPI,242,242,242,0,0,0,0
1420,088350,2026,KOSPI,166,166,166,0,0,0,0
1421,088390,2013,KOSDAQ,247,247,247,0,0,0,0
1421,088390,2014,KOSDAQ,245,245,245,0,0,0,0
1421,088390,2015,KOSDAQ,248,248,248,0,0,0,0
1421,088390,2016,KOSDAQ,246,246,246,0,0,0,0
1421,088390,2017,KOSDAQ,243,243,243,0,0,0,0
1421,088390,2018,KOSDAQ,244,244,244,0,0,0,0
1421,088390,2019,KOSDAQ,246,246,246,0,0,0,0
1421,088390,2020,KOSDAQ,248,248,248,0,0,0,0
1421,088390,2021,KOSDAQ,248,248,248,0,0,0,0
1421,088390,2022,KOSDAQ,246,246,246,0,0,0,0
1421,088390,2023,KOSDAQ,245,245,245,0,0,0,0
1421,088390,2024,KOSDAQ,244,244,244,0,0,0,0
1421,088390,2025,KOSDAQ,242,242,242,0,0,0,0
1421,088390,2026,KOSDAQ,166,166,166,0,0,0,0
1422,088790,2013,KOSPI,247,247,247,0,0,0,0
1422,088790,2014,KOSPI,245,245,245,0,0,0,0
1422,088790,2015,KOSPI,248,248,248,0,0,0,0
1422,088790,2016,KOSPI,246,246,246,0,0,0,0
1422,088790,2017,KOSPI,243,243,243,0,0,0,0
1422,088790,2018,KOSPI,244,244,244,0,0,0,0
1422,088790,2019,KOSPI,246,246,246,0,0,0,0
1422,088790,2020,KOSPI,248,248,248,0,0,0,0
1422,088790,2021,KOSPI,248,248,248,0,0,0,0
1422,088790,2022,KOSPI,246,246,246,0,0,0,0
1422,088790,2023,KOSPI,245,245,245,0,0,0,0
1422,088790,2024,KOSPI,244,244,244,0,0,0,0
1422,088790,2025,KOSPI,242,242,242,0,0,0,0
1422,088790,2026,KOSPI,166,166,166,0,0,0,0
1423,088800,2013,KOSDAQ,247,247,247,0,0,0,0
1423,088800,2014,KOSDAQ,245,245,245,0,0,0,0
1423,088800,2015,KOSDAQ,248,248,248,0,0,0,0
1423,088800,2016,KOSDAQ,246,246,246,0,0,0,0
1423,088800,2017,KOSDAQ,243,243,242,0,0,1,0
1423,088800,2018,KOSDAQ,244,244,244,0,0,0,0
1423,088800,2019,KOSDAQ,246,246,246,0,0,0,0
1423,088800,2020,KOSDAQ,248,248,248,0,0,0,0
1423,088800,2021,KOSDAQ,248,248,248,0,0,0,0
1423,088800,2022,KOSDAQ,246,246,246,0,0,0,0
1423,088800,2023,KOSDAQ,245,245,245,0,0,0,0
1423,088800,2024,KOSDAQ,244,244,244,0,0,0,0
1423,088800,2025,KOSDAQ,242,242,242,0,0,0,0
1423,088800,2026,KOSDAQ,166,166,166,0,0,0,0
1424,088910,2013,KOSDAQ,247,247,247,0,0,0,0
1424,088910,2014,KOSDAQ,245,245,245,0,0,0,0
1424,088910,2015,KOSDAQ,248,248,248,0,0,0,0
1424,088910,2016,KOSDAQ,246,246,246,0,0,0,0
1424,088910,2017,KOSDAQ,243,243,243,0,0,0,0
1424,088910,2018,KOSDAQ,244,244,244,0,0,0,0
1424,088910,2019,KOSDAQ,246,246,246,0,0,0,0
1424,088910,2020,KOSDAQ,248,248,248,0,0,0,0
1424,088910,2021,KOSDAQ,248,248,248,0,0,0,0
1424,088910,2022,KOSDAQ,246,246,246,0,0,0,0
1424,088910,2023,KOSDAQ,245,245,245,0,0,0,0
1424,088910,2024,KOSDAQ,244,244,244,0,0,0,0
1424,088910,2025,KOSDAQ,242,242,242,0,0,0,0
1424,088910,2026,KOSDAQ,166,166,166,0,0,0,0
1426,089010,2013,KOSDAQ,247,247,247,0,0,0,0
1426,089010,2014,KOSDAQ,245,245,245,0,0,0,0
1426,089010,2015,KOSDAQ,248,248,248,0,0,0,0
1426,089010,2016,KOSDAQ,246,246,246,0,0,0,0
1426,089010,2017,KOSDAQ,243,243,243,0,0,0,0
1426,089010,2018,KOSDAQ,244,244,244,0,0,0,0
1426,089010,2019,KOSDAQ,246,246,246,0,0,0,0
1426,089010,2020,KOSDAQ,248,248,248,0,0,0,0
1426,089010,2021,KOSDAQ,248,248,248,0,0,0,0
1426,089010,2022,KOSDAQ,246,246,246,0,0,0,0
1426,089010,2023,KOSDAQ,245,245,245,0,0,0,0
1426,089010,2024,KOSDAQ,244,244,244,0,0,0,0
1426,089010,2025,KOSDAQ,242,242,242,0,0,0,0
1426,089010,2026,KOSDAQ,166,166,166,0,0,0,0
1427,089030,2013,KOSDAQ,247,247,247,0,0,0,0
1427,089030,2014,KOSDAQ,245,245,245,0,0,0,0
1427,089030,2015,KOSDAQ,248,248,248,0,0,0,0
1427,089030,2016,KOSDAQ,246,246,246,0,0,0,0
1427,089030,2017,KOSDAQ,243,243,243,0,0,0,0
1427,089030,2018,KOSDAQ,244,244,244,0,0,0,0
1427,089030,2019,KOSDAQ,246,246,246,0,0,0,0
1427,089030,2020,KOSDAQ,248,248,248,0,0,0,0
1427,089030,2021,KOSDAQ,248,248,248,0,0,0,0
1427,089030,2022,KOSDAQ,246,246,246,0,0,0,0
1427,089030,2023,KOSDAQ,245,245,245,0,0,0,0
1427,089030,2024,KOSDAQ,244,244,244,0,0,0,0
1427,089030,2025,KOSDAQ,242,242,242,0,0,0,0
1427,089030,2026,KOSDAQ,166,166,166,0,0,0,0
1428,089140,2013,KOSDAQ,247,247,247,0,0,0,0
1428,089140,2014,KOSDAQ,245,245,245,0,0,0,0
1428,089140,2015,KOSDAQ,248,248,248,0,0,0,0
1428,089140,2016,KOSDAQ,246,246,246,0,0,0,0
1428,089140,2017,KOSDAQ,243,243,243,0,0,0,0
1428,089140,2018,KOSDAQ,244,244,244,0,0,0,0
1428,089140,2019,KOSDAQ,246,246,246,0,0,0,0
1428,089140,2020,KOSDAQ,248,248,248,0,0,0,0
1428,089140,2021,KOSDAQ,248,248,248,0,0,0,0
1428,089140,2022,KOSDAQ,246,246,245,0,0,1,0
1428,089140,2023,KOSDAQ,245,245,245,0,0,0,0
1428,089140,2024,KOSDAQ,244,244,244,0,0,0,0
1428,089140,2025,KOSDAQ,242,242,242,0,0,0,0
1428,089140,2026,KOSDAQ,166,166,166,0,0,0,0
1429,089150,2013,KOSDAQ,247,247,247,0,0,0,0
1429,089150,2014,KOSDAQ,245,245,245,0,0,0,0
1429,089150,2015,KOSDAQ,248,248,248,0,0,0,0
1429,089150,2016,KOSDAQ,246,246,246,0,0,0,0
1429,089150,2017,KOSDAQ,243,243,243,0,0,0,0
1429,089150,2018,KOSDAQ,244,244,244,0,0,0,0
1429,089150,2019,KOSDAQ,246,246,246,0,0,0,0
1429,089150,2020,KOSDAQ,248,248,248,0,0,0,0
1429,089150,2021,KOSDAQ,248,248,248,0,0,0,0
1429,089150,2022,KOSDAQ,246,246,246,0,0,0,0
1429,089150,2023,KOSDAQ,245,245,245,0,0,0,0
1429,089150,2024,KOSDAQ,244,244,244,0,0,0,0
1429,089150,2025,KOSDAQ,242,242,242,0,0,0,0
1429,089150,2026,KOSDAQ,166,166,166,0,0,0,0
1430,089230,2013,KOSDAQ,247,247,247,0,0,0,0
1430,089230,2014,KOSDAQ,245,245,245,0,0,0,0
1430,089230,2015,KOSDAQ,248,248,248,0,0,0,0
1430,089230,2016,KOSDAQ,246,246,246,0,0,0,0
1430,089230,2017,KOSDAQ,243,243,243,0,0,0,0
1430,089230,2018,KOSDAQ,244,244,244,0,0,0,0
1430,089230,2019,KOSDAQ,246,246,246,0,0,0,0
1430,089230,2020,KOSDAQ,248,248,248,0,0,0,0
1430,089230,2021,KOSDAQ,248,248,248,0,0,0,0
1430,089230,2022,KOSDAQ,246,246,246,0,0,0,0
1430,089230,2023,KOSDAQ,245,245,245,0,0,0,0
1430,089230,2024,KOSDAQ,244,244,244,0,0,0,0
1430,089230,2025,KOSDAQ,242,242,242,0,0,0,0
1430,089230,2026,KOSDAQ,166,166,166,0,0,0,0
1431,089470,2013,KOSPI,247,247,247,0,0,0,0
1431,089470,2014,KOSPI,245,245,245,0,0,0,0
1431,089470,2015,KOSPI,248,248,248,0,0,0,0
1431,089470,2016,KOSPI,246,246,246,0,0,0,0
1431,089470,2017,KOSPI,243,243,243,0,0,0,0
1431,089470,2018,KOSPI,244,244,244,0,0,0,0
1431,089470,2019,KOSPI,246,246,246,0,0,0,0
1431,089470,2020,KOSPI,248,248,248,0,0,0,0
1431,089470,2021,KOSPI,248,248,248,0,0,0,0
1431,089470,2022,KOSPI,246,246,246,0,0,0,0
1431,089470,2023,KOSPI,245,245,245,0,0,0,0
1431,089470,2024,KOSPI,244,244,244,0,0,0,0
1431,089470,2025,KOSPI,242,242,242,0,0,0,0
1431,089470,2026,KOSPI,166,166,166,0,0,0,0
1432,089590,2015,KOSPI,38,38,38,0,0,0,0
1432,089590,2016,KOSPI,246,246,246,0,0,0,0
1432,089590,2017,KOSPI,243,243,243,0,0,0,0
1432,089590,2018,KOSPI,244,244,244,0,0,0,0
1432,089590,2019,KOSPI,246,246,246,0,0,0,0
1432,089590,2020,KOSPI,248,248,248,0,0,0,0
1432,089590,2021,KOSPI,248,248,248,0,0,0,0
1432,089590,2022,KOSPI,246,246,246,0,0,0,0
1432,089590,2023,KOSPI,245,245,245,0,0,0,0
1432,089590,2024,KOSPI,244,244,244,0,0,0,0
1432,089590,2025,KOSPI,242,242,242,0,0,0,0
1432,089590,2026,KOSPI,166,166,166,0,0,0,0
1433,089600,2013,KOSDAQ,112,112,112,0,0,0,0
1433,089600,2014,KOSDAQ,245,245,245,0,0,0,0
1433,089600,2015,KOSDAQ,248,248,248,0,0,0,0
1433,089600,2016,KOSDAQ,246,246,246,0,0,0,0
1433,089600,2017,KOSDAQ,243,243,243,0,0,0,0
1433,089600,2018,KOSDAQ,244,244,244,0,0,0,0
1433,089600,2019,KOSDAQ,246,246,246,0,0,0,0
1433,089600,2020,KOSDAQ,248,248,248,0,0,0,0
1433,089600,2021,KOSDAQ,248,248,248,0,0,0,0
1433,089600,2022,KOSDAQ,246,246,246,0,0,0,0
1433,089600,2023,KOSDAQ,245,245,245,0,0,0,0
1433,089600,2024,KOSDAQ,244,244,244,0,0,0,0
1433,089600,2025,KOSDAQ,242,242,242,0,0,0,0
1433,089600,2026,KOSDAQ,166,166,166,0,0,0,0
1434,089790,2013,KOSDAQ,247,247,247,0,0,0,0
1434,089790,2014,KOSDAQ,245,245,245,0,0,0,0
1434,089790,2015,KOSDAQ,248,248,248,0,0,0,0
1434,089790,2016,KOSDAQ,246,246,246,0,0,0,0
1434,089790,2017,KOSDAQ,243,243,243,0,0,0,0
1434,089790,2018,KOSDAQ,244,244,244,0,0,0,0
1434,089790,2019,KOSDAQ,246,246,246,0,0,0,0
1434,089790,2020,KOSDAQ,248,248,248,0,0,0,0
1434,089790,2021,KOSDAQ,248,248,248,0,0,0,0
1434,089790,2022,KOSDAQ,246,246,246,0,0,0,0
1434,089790,2023,KOSDAQ,245,245,245,0,0,0,0
1434,089790,2024,KOSDAQ,244,244,244,0,0,0,0
1434,089790,2025,KOSDAQ,242,242,242,0,0,0,0
1434,089790,2026,KOSDAQ,166,166,166,0,0,0,0
1435,089850,2013,KOSDAQ,247,247,247,0,0,0,0
1435,089850,2014,KOSDAQ,245,245,245,0,0,0,0
1435,089850,2015,KOSDAQ,248,248,248,0,0,0,0
1435,089850,2016,KOSDAQ,246,246,246,0,0,0,0
1435,089850,2017,KOSDAQ,243,243,243,0,0,0,0
1435,089850,2018,KOSDAQ,244,244,244,0,0,0,0
1435,089850,2019,KOSDAQ,246,246,246,0,0,0,0
1435,089850,2020,KOSDAQ,248,248,248,0,0,0,0
1435,089850,2021,KOSDAQ,248,248,248,0,0,0,0
1435,089850,2022,KOSDAQ,246,246,246,0,0,0,0
1435,089850,2023,KOSDAQ,245,245,245,0,0,0,0
1435,089850,2024,KOSDAQ,244,244,244,0,0,0,0
1435,089850,2025,KOSDAQ,242,242,242,0,0,0,0
1435,089850,2026,KOSDAQ,166,166,166,0,0,0,0
1436,089860,2021,KOSPI,91,91,91,0,0,0,0
1436,089860,2022,KOSPI,246,246,246,0,0,0,0
1436,089860,2023,KOSPI,245,245,245,0,0,0,0
1436,089860,2024,KOSPI,244,244,244,0,0,0,0
1436,089860,2025,KOSPI,242,242,242,0,0,0,0
1436,089860,2026,KOSPI,166,166,166,0,0,0,0
1437,089890,2013,KOSDAQ,247,247,247,0,0,0,0
1437,089890,2014,KOSDAQ,245,245,245,0,0,0,0
1437,089890,2015,KOSDAQ,248,248,248,0,0,0,0
1437,089890,2016,KOSDAQ,246,246,246,0,0,0,0
1437,089890,2017,KOSDAQ,243,243,243,0,0,0,0
1437,089890,2018,KOSDAQ,244,244,244,0,0,0,0
1437,089890,2019,KOSDAQ,246,246,246,0,0,0,0
1437,089890,2020,KOSDAQ,248,248,248,0,0,0,0
1437,089890,2021,KOSDAQ,248,248,248,0,0,0,0
1437,089890,2022,KOSDAQ,246,246,246,0,0,0,0
1437,089890,2023,KOSDAQ,245,245,245,0,0,0,0
1437,089890,2024,KOSDAQ,244,244,244,0,0,0,0
1437,089890,2025,KOSDAQ,242,242,242,0,0,0,0
1437,089890,2026,KOSDAQ,166,166,166,0,0,0,0
1438,089970,2018,KOSDAQ,86,86,86,0,0,0,0
1438,089970,2019,KOSDAQ,246,246,246,0,0,0,0
1438,089970,2020,KOSDAQ,248,248,248,0,0,0,0
1438,089970,2021,KOSDAQ,248,248,248,0,0,0,0
1438,089970,2022,KOSDAQ,246,246,246,0,0,0,0
1438,089970,2023,KOSDAQ,245,245,245,0,0,0,0
1438,089970,2024,KOSDAQ,244,244,244,0,0,0,0
1438,089970,2025,KOSDAQ,242,242,242,0,0,0,0
1438,089970,2026,KOSDAQ,166,166,166,0,0,0,0
1439,089980,2013,KOSDAQ,247,247,247,0,0,0,0
1439,089980,2014,KOSDAQ,245,245,245,0,0,0,0
1439,089980,2015,KOSDAQ,248,248,248,0,0,0,0
1439,089980,2016,KOSDAQ,246,246,246,0,0,0,0
1439,089980,2017,KOSDAQ,243,243,243,0,0,0,0
1439,089980,2018,KOSDAQ,244,244,244,0,0,0,0
1439,089980,2019,KOSDAQ,246,246,246,0,0,0,0
1439,089980,2020,KOSDAQ,248,248,248,0,0,0,0
1439,089980,2021,KOSDAQ,248,248,248,0,0,0,0
1439,089980,2022,KOSDAQ,246,246,246,0,0,0,0
1439,089980,2023,KOSDAQ,245,245,245,0,0,0,0
1439,089980,2024,KOSDAQ,244,244,244,0,0,0,0
1439,089980,2025,KOSDAQ,242,242,242,0,0,0,0
1439,089980,2026,KOSDAQ,166,166,166,0,0,0,0
1440,090080,2013,KOSPI,247,247,247,0,0,0,0
1440,090080,2014,KOSPI,245,245,245,0,0,0,0
1440,090080,2015,KOSPI,248,248,248,0,0,0,0
1440,090080,2016,KOSPI,246,246,246,0,0,0,0
1440,090080,2017,KOSPI,243,243,243,0,0,0,0
1440,090080,2018,KOSPI,244,244,244,0,0,0,0
1440,090080,2019,KOSPI,246,246,246,0,0,0,0
1440,090080,2020,KOSPI,248,248,248,0,0,0,0
1440,090080,2021,KOSPI,248,248,248,0,0,0,0
1440,090080,2022,KOSPI,246,246,246,0,0,0,0
1440,090080,2023,KOSPI,245,245,245,0,0,0,0
1440,090080,2024,KOSPI,244,244,244,0,0,0,0
1440,090080,2025,KOSPI,242,242,242,0,0,0,0
1440,090080,2026,KOSPI,166,166,166,0,0,0,0
1441,090150,2013,KOSDAQ,247,247,247,0,0,0,0
1441,090150,2014,KOSDAQ,245,245,245,0,0,0,0
1441,090150,2015,KOSDAQ,248,248,248,0,0,0,0
1441,090150,2016,KOSDAQ,246,246,246,0,0,0,0
1441,090150,2017,KOSDAQ,243,243,243,0,0,0,0
1441,090150,2018,KOSDAQ,244,244,244,0,0,0,0
1441,090150,2019,KOSDAQ,246,246,246,0,0,0,0
1441,090150,2020,KOSDAQ,248,248,248,0,0,0,0
1441,090150,2021,KOSDAQ,248,248,248,0,0,0,0
1441,090150,2022,KOSDAQ,246,246,246,0,0,0,0
1441,090150,2023,KOSDAQ,245,245,245,0,0,0,0
1441,090150,2024,KOSDAQ,244,244,244,0,0,0,0
1441,090150,2025,KOSDAQ,242,242,242,0,0,0,0
1441,090150,2026,KOSDAQ,166,166,166,0,0,0,0
1442,090350,2013,KOSPI,247,247,247,0,0,0,0
1442,090350,2014,KOSPI,245,245,245,0,0,0,0
1442,090350,2015,KOSPI,248,248,248,0,0,0,0
1442,090350,2016,KOSPI,246,246,246,0,0,0,0
1442,090350,2017,KOSPI,243,243,243,0,0,0,0
1442,090350,2018,KOSPI,244,244,244,0,0,0,0
1442,090350,2019,KOSPI,246,246,246,0,0,0,0
1442,090350,2020,KOSPI,248,248,248,0,0,0,0
1442,090350,2021,KOSPI,248,248,248,0,0,0,0
1442,090350,2022,KOSPI,246,246,246,0,0,0,0
1442,090350,2023,KOSPI,245,245,245,0,0,0,0
1442,090350,2024,KOSPI,244,244,244,0,0,0,0
1442,090350,2025,KOSPI,242,242,242,0,0,0,0
1442,090350,2026,KOSPI,166,166,166,0,0,0,0
1444,090360,2013,KOSDAQ,247,247,247,0,0,0,0
1444,090360,2014,KOSDAQ,245,245,245,0,0,0,0
1444,090360,2015,KOSDAQ,248,248,248,0,0,0,0
1444,090360,2016,KOSDAQ,246,246,246,0,0,0,0
1444,090360,2017,KOSDAQ,243,243,243,0,0,0,0
1444,090360,2018,KOSDAQ,244,244,244,0,0,0,0
1444,090360,2019,KOSDAQ,246,246,246,0,0,0,0
1444,090360,2020,KOSDAQ,248,248,248,0,0,0,0
1444,090360,2021,KOSDAQ,248,248,248,0,0,0,0
1444,090360,2022,KOSDAQ,246,246,246,0,0,0,0
1444,090360,2023,KOSDAQ,245,245,245,0,0,0,0
1444,090360,2024,KOSDAQ,244,244,244,0,0,0,0
1444,090360,2025,KOSDAQ,242,242,242,0,0,0,0
1444,090360,2026,KOSDAQ,166,166,166,0,0,0,0
1445,090370,2013,KOSPI,247,247,247,0,0,0,0
1445,090370,2014,KOSPI,245,245,245,0,0,0,0
1445,090370,2015,KOSPI,248,248,248,0,0,0,0
1445,090370,2016,KOSPI,246,246,246,0,0,0,0
1445,090370,2017,KOSPI,243,243,243,0,0,0,0
1445,090370,2018,KOSPI,244,244,244,0,0,0,0
1445,090370,2019,KOSPI,246,246,246,0,0,0,0
1445,090370,2020,KOSPI,248,248,248,0,0,0,0
1445,090370,2021,KOSPI,248,248,248,0,0,0,0
1445,090370,2022,KOSPI,246,246,246,0,0,0,0
1445,090370,2023,KOSPI,245,245,245,0,0,0,0
1445,090370,2024,KOSPI,244,244,244,0,0,0,0
1445,090370,2025,KOSPI,242,242,242,0,0,0,0
1445,090370,2026,KOSPI,166,166,166,0,0,0,0
1446,090410,2014,KOSDAQ,101,101,101,0,0,0,0
1446,090410,2015,KOSDAQ,248,248,248,0,0,0,0
1446,090410,2016,KOSDAQ,246,246,246,0,0,0,0
1446,090410,2017,KOSDAQ,243,243,243,0,0,0,0
1446,090410,2018,KOSDAQ,244,244,244,0,0,0,0
1446,090410,2019,KOSDAQ,246,246,246,0,0,0,0
1446,090410,2020,KOSDAQ,248,248,248,0,0,0,0
1446,090410,2021,KOSDAQ,248,248,248,0,0,0,0
1446,090410,2022,KOSDAQ,246,246,246,0,0,0,0
1446,090410,2023,KOSDAQ,245,245,245,0,0,0,0
1446,090410,2024,KOSDAQ,244,244,244,0,0,0,0
1446,090410,2025,KOSDAQ,242,242,242,0,0,0,0
1446,090410,2026,KOSDAQ,166,166,166,0,0,0,0
1447,090430,2013,KOSPI,247,247,247,0,0,0,0
1447,090430,2014,KOSPI,245,245,245,0,0,0,0
1447,090430,2015,KOSPI,248,248,248,0,0,0,0
1447,090430,2016,KOSPI,246,246,246,0,0,0,0
1447,090430,2017,KOSPI,243,243,243,0,0,0,0
1447,090430,2018,KOSPI,244,244,244,0,0,0,0
1447,090430,2019,KOSPI,246,246,246,0,0,0,0
1447,090430,2020,KOSPI,248,248,248,0,0,0,0
1447,090430,2021,KOSPI,248,248,248,0,0,0,0
1447,090430,2022,KOSPI,246,246,246,0,0,0,0
1447,090430,2023,KOSPI,245,245,245,0,0,0,0
1447,090430,2024,KOSPI,244,244,244,0,0,0,0
1447,090430,2025,KOSPI,242,242,242,0,0,0,0
1447,090430,2026,KOSPI,166,166,166,0,0,0,0
1449,090460,2023,KOSPI,131,131,131,0,0,0,0
1449,090460,2024,KOSPI,244,244,244,0,0,0,0
1449,090460,2025,KOSPI,242,242,242,0,0,0,0
1449,090460,2026,KOSPI,166,166,166,0,0,0,0
1450,090470,2013,KOSDAQ,247,247,247,0,0,0,0
1450,090470,2014,KOSDAQ,245,245,245,0,0,0,0
1450,090470,2015,KOSDAQ,248,248,248,0,0,0,0
1450,090470,2016,KOSDAQ,246,246,246,0,0,0,0
1450,090470,2017,KOSDAQ,243,243,243,0,0,0,0
1450,090470,2018,KOSDAQ,244,244,244,0,0,0,0
1450,090470,2019,KOSDAQ,246,246,246,0,0,0,0
1450,090470,2020,KOSDAQ,248,248,248,0,0,0,0
1450,090470,2021,KOSDAQ,248,248,248,0,0,0,0
1450,090470,2022,KOSDAQ,246,246,246,0,0,0,0
1450,090470,2023,KOSDAQ,245,245,245,0,0,0,0
1450,090470,2024,KOSDAQ,244,244,244,0,0,0,0
1450,090470,2025,KOSDAQ,242,242,242,0,0,0,0
1450,090470,2026,KOSDAQ,166,166,166,0,0,0,0
1451,090710,2013,KOSDAQ,247,247,247,0,0,0,0
1451,090710,2014,KOSDAQ,245,245,245,0,0,0,0
1451,090710,2015,KOSDAQ,248,248,248,0,0,0,0
1451,090710,2016,KOSDAQ,246,246,246,0,0,0,0
1451,090710,2017,KOSDAQ,243,243,243,0,0,0,0
1451,090710,2018,KOSDAQ,244,244,244,0,0,0,0
1451,090710,2019,KOSDAQ,246,246,246,0,0,0,0
1451,090710,2020,KOSDAQ,248,248,248,0,0,0,0
1451,090710,2021,KOSDAQ,248,248,248,0,0,0,0
1451,090710,2022,KOSDAQ,246,246,246,0,0,0,0
1451,090710,2023,KOSDAQ,245,245,245,0,0,0,0
1451,090710,2024,KOSDAQ,244,244,244,0,0,0,0
1451,090710,2025,KOSDAQ,242,242,242,0,0,0,0
1451,090710,2026,KOSDAQ,166,166,166,0,0,0,0
1452,090850,2013,KOSDAQ,2,2,2,0,0,0,0
1452,090850,2014,KOSDAQ,245,245,245,0,0,0,0
1452,090850,2015,KOSDAQ,248,248,248,0,0,0,0
1452,090850,2016,KOSDAQ,246,246,246,0,0,0,0
1452,090850,2017,KOSDAQ,243,243,243,0,0,0,0
1452,090850,2018,KOSDAQ,244,244,244,0,0,0,0
1452,090850,2019,KOSDAQ,246,246,246,0,0,0,0
1452,090850,2020,KOSDAQ,248,248,248,0,0,0,0
1452,090850,2021,KOSDAQ,248,248,248,0,0,0,0
1452,090850,2022,KOSDAQ,246,246,246,0,0,0,0
1452,090850,2023,KOSDAQ,245,245,245,0,0,0,0
1452,090850,2024,KOSDAQ,244,244,244,0,0,0,0
1452,090850,2025,KOSDAQ,242,242,242,0,0,0,0
1452,090850,2026,KOSDAQ,166,166,166,0,0,0,0
1453,091120,2013,KOSDAQ,247,247,247,0,0,0,0
1453,091120,2014,KOSDAQ,245,245,245,0,0,0,0
1453,091120,2015,KOSDAQ,248,248,248,0,0,0,0
1453,091120,2016,KOSDAQ,246,246,246,0,0,0,0
1453,091120,2017,KOSDAQ,243,243,243,0,0,0,0
1453,091120,2018,KOSDAQ,244,244,244,0,0,0,0
1453,091120,2019,KOSDAQ,246,246,246,0,0,0,0
1453,091120,2020,KOSDAQ,248,248,248,0,0,0,0
1453,091120,2021,KOSDAQ,248,248,248,0,0,0,0
1453,091120,2022,KOSDAQ,246,246,246,0,0,0,0
1453,091120,2023,KOSDAQ,245,245,245,0,0,0,0
1453,091120,2024,KOSDAQ,244,244,244,0,0,0,0
1453,091120,2025,KOSDAQ,242,242,242,0,0,0,0
1453,091120,2026,KOSDAQ,166,166,166,0,0,0,0
1454,091340,2013,KOSDAQ,247,247,247,0,0,0,0
1454,091340,2014,KOSDAQ,245,245,245,0,0,0,0
1454,091340,2015,KOSDAQ,248,248,248,0,0,0,0
1454,091340,2016,KOSDAQ,246,246,246,0,0,0,0
1454,091340,2017,KOSDAQ,243,243,243,0,0,0,0
1454,091340,2018,KOSDAQ,244,244,244,0,0,0,0
1454,091340,2019,KOSDAQ,246,246,246,0,0,0,0
1454,091340,2020,KOSDAQ,248,248,248,0,0,0,0
1454,091340,2021,KOSDAQ,248,248,248,0,0,0,0
1454,091340,2022,KOSDAQ,246,246,246,0,0,0,0
1454,091340,2023,KOSDAQ,245,245,245,0,0,0,0
1454,091340,2024,KOSDAQ,244,244,244,0,0,0,0
1454,091340,2025,KOSDAQ,242,242,242,0,0,0,0
1454,091340,2026,KOSDAQ,166,166,166,0,0,0,0
1455,091440,2013,KOSDAQ,247,247,247,0,0,0,0
1455,091440,2014,KOSDAQ,245,245,245,0,0,0,0
1455,091440,2015,KOSDAQ,248,248,248,0,0,0,0
1455,091440,2016,KOSDAQ,246,246,246,0,0,0,0
1455,091440,2017,KOSDAQ,243,243,243,0,0,0,0
1455,091440,2018,KOSDAQ,244,244,244,0,0,0,0
1455,091440,2019,KOSDAQ,246,246,246,0,0,0,0
1455,091440,2020,KOSDAQ,248,248,248,0,0,0,0
1455,091440,2021,KOSDAQ,248,248,248,0,0,0,0
1455,091440,2022,KOSDAQ,246,246,246,0,0,0,0
1455,091440,2023,KOSDAQ,245,245,245,0,0,0,0
1455,091440,2024,KOSDAQ,244,244,244,0,0,0,0
1455,091440,2025,KOSDAQ,242,242,242,0,0,0,0
1455,091440,2026,KOSDAQ,166,166,166,0,0,0,0
1456,091580,2013,KOSDAQ,247,247,247,0,0,0,0
1456,091580,2014,KOSDAQ,245,245,245,0,0,0,0
1456,091580,2015,KOSDAQ,248,248,248,0,0,0,0
1456,091580,2016,KOSDAQ,246,246,246,0,0,0,0
1456,091580,2017,KOSDAQ,243,243,243,0,0,0,0
1456,091580,2018,KOSDAQ,244,244,244,0,0,0,0
1456,091580,2019,KOSDAQ,246,246,246,0,0,0,0
1456,091580,2020,KOSDAQ,248,248,248,0,0,0,0
1456,091580,2021,KOSDAQ,248,248,248,0,0,0,0
1456,091580,2022,KOSDAQ,246,246,246,0,0,0,0
1456,091580,2023,KOSDAQ,245,245,245,0,0,0,0
1456,091580,2024,KOSDAQ,244,244,244,0,0,0,0
1456,091580,2025,KOSDAQ,242,242,242,0,0,0,0
1456,091580,2026,KOSDAQ,166,166,166,0,0,0,0
1457,091590,2013,KOSDAQ,247,247,247,0,0,0,0
1457,091590,2014,KOSDAQ,245,245,245,0,0,0,0
1457,091590,2015,KOSDAQ,248,248,248,0,0,0,0
1457,091590,2016,KOSDAQ,246,246,246,0,0,0,0
1457,091590,2017,KOSDAQ,243,243,243,0,0,0,0
1457,091590,2018,KOSDAQ,244,244,244,0,0,0,0
1457,091590,2019,KOSDAQ,246,246,246,0,0,0,0
1457,091590,2020,KOSDAQ,248,248,248,0,0,0,0
1457,091590,2021,KOSDAQ,248,248,248,0,0,0,0
1457,091590,2022,KOSDAQ,246,246,246,0,0,0,0
1457,091590,2023,KOSDAQ,245,245,245,0,0,0,0
1457,091590,2024,KOSDAQ,244,244,244,0,0,0,0
1457,091590,2025,KOSDAQ,242,242,242,0,0,0,0
1457,091590,2026,KOSDAQ,166,166,166,0,0,0,0
1458,091700,2013,KOSDAQ,247,247,247,0,0,0,0
1458,091700,2014,KOSDAQ,245,245,245,0,0,0,0
1458,091700,2015,KOSDAQ,248,248,248,0,0,0,0
1458,091700,2016,KOSDAQ,246,246,246,0,0,0,0
1458,091700,2017,KOSDAQ,243,243,243,0,0,0,0
1458,091700,2018,KOSDAQ,244,244,244,0,0,0,0
1458,091700,2019,KOSDAQ,246,246,246,0,0,0,0
1458,091700,2020,KOSDAQ,248,248,248,0,0,0,0
1458,091700,2021,KOSDAQ,248,248,248,0,0,0,0
1458,091700,2022,KOSDAQ,246,246,246,0,0,0,0
1458,091700,2023,KOSDAQ,245,245,245,0,0,0,0
1458,091700,2024,KOSDAQ,244,244,244,0,0,0,0
1458,091700,2025,KOSDAQ,242,242,242,0,0,0,0
1458,091700,2026,KOSDAQ,166,166,166,0,0,0,0
1459,091810,2018,KOSPI,101,101,101,0,0,0,0
1459,091810,2019,KOSPI,246,246,246,0,0,0,0
1459,091810,2020,KOSPI,248,248,248,0,0,0,0
1459,091810,2021,KOSPI,248,248,248,0,0,0,0
1459,091810,2022,KOSPI,246,246,246,0,0,0,0
1459,091810,2023,KOSPI,245,245,245,0,0,0,0
1459,091810,2024,KOSPI,244,244,244,0,0,0,0
1459,091810,2025,KOSPI,242,242,242,0,0,0,0
1459,091810,2026,KOSPI,166,166,166,0,0,0,0
1460,091970,2013,KOSDAQ,247,247,247,0,0,0,0
1460,091970,2014,KOSDAQ,245,245,245,0,0,0,0
1460,091970,2015,KOSDAQ,248,248,248,0,0,0,0
1460,091970,2016,KOSDAQ,246,246,246,0,0,0,0
1460,091970,2017,KOSDAQ,243,243,243,0,0,0,0
1460,091970,2018,KOSDAQ,244,244,244,0,0,0,0
1460,091970,2019,KOSDAQ,246,246,246,0,0,0,0
1460,091970,2020,KOSDAQ,248,248,248,0,0,0,0
1460,091970,2021,KOSDAQ,248,248,248,0,0,0,0
1460,091970,2022,KOSDAQ,246,246,246,0,0,0,0
1460,091970,2023,KOSDAQ,245,245,245,0,0,0,0
1460,091970,2024,KOSDAQ,244,244,244,0,0,0,0
1460,091970,2025,KOSDAQ,242,242,242,0,0,0,0
1460,091970,2026,KOSDAQ,166,166,166,0,0,0,0
1461,092040,2013,KOSDAQ,72,72,72,0,0,0,0
1461,092040,2014,KOSDAQ,245,245,245,0,0,0,0
1461,092040,2015,KOSDAQ,248,248,248,0,0,0,0
1461,092040,2016,KOSDAQ,246,246,246,0,0,0,0
1461,092040,2017,KOSDAQ,243,243,243,0,0,0,0
1461,092040,2018,KOSDAQ,244,244,244,0,0,0,0
1461,092040,2019,KOSDAQ,246,246,246,0,0,0,0
1461,092040,2020,KOSDAQ,248,248,248,0,0,0,0
1461,092040,2021,KOSDAQ,248,248,248,0,0,0,0
1461,092040,2022,KOSDAQ,246,246,246,0,0,0,0
1461,092040,2023,KOSDAQ,245,245,245,0,0,0,0
1461,092040,2024,KOSDAQ,244,244,244,0,0,0,0
1461,092040,2025,KOSDAQ,242,242,242,0,0,0,0
1461,092040,2026,KOSDAQ,166,166,166,0,0,0,0
1462,092070,2013,KOSDAQ,247,247,247,0,0,0,0
1462,092070,2014,KOSDAQ,245,245,245,0,0,0,0
1462,092070,2015,KOSDAQ,248,248,248,0,0,0,0
1462,092070,2016,KOSDAQ,246,246,246,0,0,0,0
1462,092070,2017,KOSDAQ,243,243,243,0,0,0,0
1462,092070,2018,KOSDAQ,244,244,244,0,0,0,0
1462,092070,2019,KOSDAQ,246,246,246,0,0,0,0
1462,092070,2020,KOSDAQ,248,248,248,0,0,0,0
1462,092070,2021,KOSDAQ,248,248,248,0,0,0,0
1462,092070,2022,KOSDAQ,246,246,246,0,0,0,0
1462,092070,2023,KOSDAQ,245,245,245,0,0,0,0
1462,092070,2024,KOSDAQ,244,244,244,0,0,0,0
1462,092070,2025,KOSDAQ,242,242,242,0,0,0,0
1462,092070,2026,KOSDAQ,166,166,166,0,0,0,0
1463,092130,2013,KOSDAQ,247,247,247,0,0,0,0
1463,092130,2014,KOSDAQ,245,245,245,0,0,0,0
1463,092130,2015,KOSDAQ,248,248,248,0,0,0,0
1463,092130,2016,KOSDAQ,246,246,246,0,0,0,0
1463,092130,2017,KOSDAQ,243,243,243,0,0,0,0
1463,092130,2018,KOSDAQ,244,244,244,0,0,0,0
1463,092130,2019,KOSDAQ,246,246,246,0,0,0,0
1463,092130,2020,KOSDAQ,248,248,248,0,0,0,0
1463,092130,2021,KOSDAQ,248,248,248,0,0,0,0
1463,092130,2022,KOSDAQ,246,246,246,0,0,0,0
1463,092130,2023,KOSDAQ,245,245,245,0,0,0,0
1463,092130,2024,KOSDAQ,244,244,244,0,0,0,0
1463,092130,2025,KOSDAQ,242,242,242,0,0,0,0
1463,092130,2026,KOSDAQ,166,166,166,0,0,0,0
1464,092190,2020,KOSDAQ,204,204,204,0,0,0,0
1464,092190,2021,KOSDAQ,248,248,248,0,0,0,0
1464,092190,2022,KOSDAQ,246,246,246,0,0,0,0
1464,092190,2023,KOSDAQ,245,245,245,0,0,0,0
1464,092190,2024,KOSDAQ,244,244,244,0,0,0,0
1464,092190,2025,KOSDAQ,242,242,242,0,0,0,0
1464,092190,2026,KOSDAQ,166,166,166,0,0,0,0
1465,092200,2013,KOSPI,247,247,247,0,0,0,0
1465,092200,2014,KOSPI,245,245,245,0,0,0,0
1465,092200,2015,KOSPI,248,248,248,0,0,0,0
1465,092200,2016,KOSPI,246,246,246,0,0,0,0
1465,092200,2017,KOSPI,243,243,243,0,0,0,0
1465,092200,2018,KOSPI,244,244,244,0,0,0,0
1465,092200,2019,KOSPI,246,246,246,0,0,0,0
1465,092200,2020,KOSPI,248,248,248,0,0,0,0
1465,092200,2021,KOSPI,248,248,248,0,0,0,0
1465,092200,2022,KOSPI,246,246,246,0,0,0,0
1465,092200,2023,KOSPI,245,245,245,0,0,0,0
1465,092200,2024,KOSPI,244,244,244,0,0,0,0
1465,092200,2025,KOSPI,242,242,242,0,0,0,0
1465,092200,2026,KOSPI,166,166,166,0,0,0,0
1466,092220,2013,KOSPI,247,247,247,0,0,0,0
1466,092220,2014,KOSPI,245,245,245,0,0,0,0
1466,092220,2015,KOSPI,248,248,248,0,0,0,0
1466,092220,2016,KOSPI,246,246,246,0,0,0,0
1466,092220,2017,KOSPI,243,243,243,0,0,0,0
1466,092220,2018,KOSPI,244,244,244,0,0,0,0
1466,092220,2019,KOSPI,246,246,246,0,0,0,0
1466,092220,2020,KOSPI,248,248,248,0,0,0,0
1466,092220,2021,KOSPI,248,248,248,0,0,0,0
1466,092220,2022,KOSPI,246,246,246,0,0,0,0
1466,092220,2023,KOSPI,245,245,245,0,0,0,0
1466,092220,2024,KOSPI,244,244,244,0,0,0,0
1466,092220,2025,KOSPI,242,242,242,0,0,0,0
1466,092220,2026,KOSPI,166,166,166,0,0,0,0
1467,092230,2013,KOSPI,247,247,247,0,0,0,0
1467,092230,2014,KOSPI,245,245,245,0,0,0,0
1467,092230,2015,KOSPI,248,248,248,0,0,0,0
1467,092230,2016,KOSPI,246,246,246,0,0,0,0
1467,092230,2017,KOSPI,243,243,243,0,0,0,0
1467,092230,2018,KOSPI,244,244,244,0,0,0,0
1467,092230,2019,KOSPI,246,246,246,0,0,0,0
1467,092230,2020,KOSPI,248,248,248,0,0,0,0
1467,092230,2021,KOSPI,248,248,248,0,0,0,0
1467,092230,2022,KOSPI,246,246,246,0,0,0,0
1467,092230,2023,KOSPI,245,245,245,0,0,0,0
1467,092230,2024,KOSPI,244,244,244,0,0,0,0
1467,092230,2025,KOSPI,242,242,242,0,0,0,0
1467,092230,2026,KOSPI,166,166,166,0,0,0,0
1468,092300,2013,KOSDAQ,247,247,247,0,0,0,0
1468,092300,2014,KOSDAQ,245,245,245,0,0,0,0
1468,092300,2015,KOSDAQ,248,248,248,0,0,0,0
1468,092300,2016,KOSDAQ,246,246,246,0,0,0,0
1468,092300,2017,KOSDAQ,243,243,243,0,0,0,0
1468,092300,2018,KOSDAQ,244,244,244,0,0,0,0
1468,092300,2019,KOSDAQ,246,246,246,0,0,0,0
1468,092300,2020,KOSDAQ,248,248,248,0,0,0,0
1468,092300,2021,KOSDAQ,248,248,248,0,0,0,0
1468,092300,2022,KOSDAQ,246,246,246,0,0,0,0
1468,092300,2023,KOSDAQ,245,245,245,0,0,0,0
1468,092300,2024,KOSDAQ,244,244,244,0,0,0,0
1468,092300,2025,KOSDAQ,242,242,242,0,0,0,0
1468,092300,2026,KOSDAQ,166,166,166,0,0,0,0
1469,092440,2013,KOSPI,247,247,247,0,0,0,0
1469,092440,2014,KOSPI,245,245,245,0,0,0,0
1469,092440,2015,KOSPI,248,248,248,0,0,0,0
1469,092440,2016,KOSPI,246,246,246,0,0,0,0
1469,092440,2017,KOSPI,243,243,243,0,0,0,0
1469,092440,2018,KOSPI,244,244,244,0,0,0,0
1469,092440,2019,KOSPI,246,246,246,0,0,0,0
1469,092440,2020,KOSPI,248,248,248,0,0,0,0
1469,092440,2021,KOSPI,248,248,248,0,0,0,0
1469,092440,2022,KOSPI,246,246,246,0,0,0,0
1469,092440,2023,KOSPI,245,245,245,0,0,0,0
1469,092440,2024,KOSPI,244,244,244,0,0,0,0
1469,092440,2025,KOSPI,242,242,242,0,0,0,0
1469,092440,2026,KOSPI,166,166,166,0,0,0,0
1470,092460,2013,KOSDAQ,247,247,247,0,0,0,0
1470,092460,2014,KOSDAQ,245,245,245,0,0,0,0
1470,092460,2015,KOSDAQ,248,248,248,0,0,0,0
1470,092460,2016,KOSDAQ,246,246,246,0,0,0,0
1470,092460,2017,KOSDAQ,243,243,243,0,0,0,0
1470,092460,2018,KOSDAQ,244,244,244,0,0,0,0
1470,092460,2019,KOSDAQ,246,246,246,0,0,0,0
1470,092460,2020,KOSDAQ,248,248,248,0,0,0,0
1470,092460,2021,KOSDAQ,248,248,248,0,0,0,0
1470,092460,2022,KOSDAQ,246,246,246,0,0,0,0
1470,092460,2023,KOSDAQ,245,245,245,0,0,0,0
1470,092460,2024,KOSDAQ,244,244,244,0,0,0,0
1470,092460,2025,KOSDAQ,242,242,242,0,0,0,0
1470,092460,2026,KOSDAQ,166,166,166,0,0,0,0
1471,092600,2013,KOSDAQ,247,247,247,0,0,0,0
1471,092600,2014,KOSDAQ,245,245,245,0,0,0,0
1471,092600,2015,KOSDAQ,248,248,248,0,0,0,0
1471,092600,2016,KOSDAQ,246,246,246,0,0,0,0
1471,092600,2017,KOSDAQ,243,243,243,0,0,0,0
1471,092600,2018,KOSDAQ,244,244,243,0,0,1,0
1471,092600,2019,KOSDAQ,246,246,246,0,0,0,0
1471,092600,2020,KOSDAQ,248,248,248,0,0,0,0
1471,092600,2021,KOSDAQ,248,248,248,0,0,0,0
1471,092600,2022,KOSDAQ,246,246,246,0,0,0,0
1471,092600,2023,KOSDAQ,245,245,245,0,0,0,0
1471,092600,2024,KOSDAQ,244,244,244,0,0,0,0
1471,092600,2025,KOSDAQ,242,242,242,0,0,0,0
1471,092600,2026,KOSDAQ,166,166,166,0,0,0,0
1472,092730,2013,KOSDAQ,247,247,247,0,0,0,0
1472,092730,2014,KOSDAQ,245,245,245,0,0,0,0
1472,092730,2015,KOSDAQ,248,248,248,0,0,0,0
1472,092730,2016,KOSDAQ,246,246,246,0,0,0,0
1472,092730,2017,KOSDAQ,243,243,243,0,0,0,0
1472,092730,2018,KOSDAQ,244,244,244,0,0,0,0
1472,092730,2019,KOSDAQ,246,246,246,0,0,0,0
1472,092730,2020,KOSDAQ,248,248,248,0,0,0,0
1472,092730,2021,KOSDAQ,248,248,248,0,0,0,0
1472,092730,2022,KOSDAQ,246,246,246,0,0,0,0
1472,092730,2023,KOSDAQ,245,245,245,0,0,0,0
1472,092730,2024,KOSDAQ,244,244,244,0,0,0,0
1472,092730,2025,KOSDAQ,242,242,242,0,0,0,0
1472,092730,2026,KOSDAQ,166,166,166,0,0,0,0
1473,092780,2017,KOSPI,14,14,14,0,0,0,0
1473,092780,2018,KOSPI,244,244,244,0,0,0,0
1473,092780,2019,KOSPI,246,246,246,0,0,0,0
1473,092780,2020,KOSPI,248,248,248,0,0,0,0
1473,092780,2021,KOSPI,248,248,248,0,0,0,0
1473,092780,2022,KOSPI,246,246,246,0,0,0,0
1473,092780,2023,KOSPI,245,245,245,0,0,0,0
1473,092780,2024,KOSPI,244,244,244,0,0,0,0
1473,092780,2025,KOSPI,242,242,242,0,0,0,0
1473,092780,2026,KOSPI,166,166,166,0,0,0,0
1474,092790,2023,KOSPI,88,88,88,0,0,0,0
1474,092790,2024,KOSPI,244,244,244,0,0,0,0
1474,092790,2025,KOSPI,242,242,242,0,0,0,0
1474,092790,2026,KOSPI,166,166,166,0,0,0,0
1475,092870,2015,KOSDAQ,49,49,49,0,0,0,0
1475,092870,2016,KOSDAQ,246,246,246,0,0,0,0
1475,092870,2017,KOSDAQ,243,243,243,0,0,0,0
1475,092870,2018,KOSDAQ,244,244,244,0,0,0,0
1475,092870,2019,KOSDAQ,246,246,246,0,0,0,0
1475,092870,2020,KOSDAQ,248,248,248,0,0,0,0
1475,092870,2021,KOSDAQ,248,248,248,0,0,0,0
1475,092870,2022,KOSDAQ,246,246,246,0,0,0,0
1475,092870,2023,KOSDAQ,245,245,245,0,0,0,0
1475,092870,2024,KOSDAQ,244,244,244,0,0,0,0
1475,092870,2025,KOSDAQ,242,242,242,0,0,0,0
1475,092870,2026,KOSDAQ,166,166,166,0,0,0,0
1476,093050,2013,KOSPI,247,247,247,0,0,0,0
1476,093050,2014,KOSPI,245,245,245,0,0,0,0
1476,093050,2015,KOSPI,248,248,248,0,0,0,0
1476,093050,2016,KOSPI,246,246,246,0,0,0,0
1476,093050,2017,KOSPI,243,243,243,0,0,0,0
1476,093050,2018,KOSPI,244,244,244,0,0,0,0
1476,093050,2019,KOSPI,246,246,246,0,0,0,0
1476,093050,2020,KOSPI,248,248,248,0,0,0,0
1476,093050,2021,KOSPI,248,248,248,0,0,0,0
1476,093050,2022,KOSPI,246,246,246,0,0,0,0
1476,093050,2023,KOSPI,245,245,245,0,0,0,0
1476,093050,2024,KOSPI,244,244,244,0,0,0,0
1476,093050,2025,KOSPI,242,242,242,0,0,0,0
1476,093050,2026,KOSPI,166,166,166,0,0,0,0
1477,093190,2013,KOSDAQ,247,247,247,0,0,0,0
1477,093190,2014,KOSDAQ,245,245,245,0,0,0,0
1477,093190,2015,KOSDAQ,248,248,248,0,0,0,0
1477,093190,2016,KOSDAQ,246,246,246,0,0,0,0
1477,093190,2017,KOSDAQ,243,243,243,0,0,0,0
1477,093190,2018,KOSDAQ,244,244,244,0,0,0,0
1477,093190,2019,KOSDAQ,246,246,246,0,0,0,0
1477,093190,2020,KOSDAQ,248,248,248,0,0,0,0
1477,093190,2021,KOSDAQ,248,248,248,0,0,0,0
1477,093190,2022,KOSDAQ,246,246,246,0,0,0,0
1477,093190,2023,KOSDAQ,245,245,245,0,0,0,0
1477,093190,2024,KOSDAQ,244,244,244,0,0,0,0
1477,093190,2025,KOSDAQ,242,242,242,0,0,0,0
1477,093190,2026,KOSDAQ,166,166,166,0,0,0,0
1478,093240,2013,KOSPI,247,247,247,0,0,0,0
1478,093240,2014,KOSPI,245,245,245,0,0,0,0
1478,093240,2015,KOSPI,248,248,248,0,0,0,0
1478,093240,2016,KOSPI,246,246,246,0,0,0,0
1478,093240,2017,KOSPI,243,243,243,0,0,0,0
1478,093240,2018,KOSPI,244,244,244,0,0,0,0
1478,093240,2019,KOSPI,246,246,246,0,0,0,0
1478,093240,2020,KOSPI,248,248,248,0,0,0,0
1478,093240,2021,KOSPI,248,248,248,0,0,0,0
1478,093240,2022,KOSPI,246,246,246,0,0,0,0
1478,093240,2023,KOSPI,245,245,245,0,0,0,0
1478,093240,2024,KOSPI,244,244,244,0,0,0,0
1478,093240,2025,KOSPI,242,242,242,0,0,0,0
1478,093240,2026,KOSPI,166,166,166,0,0,0,0
1479,093320,2013,KOSDAQ,247,247,247,0,0,0,0
1479,093320,2014,KOSDAQ,245,245,245,0,0,0,0
1479,093320,2015,KOSDAQ,248,248,248,0,0,0,0
1479,093320,2016,KOSDAQ,246,246,246,0,0,0,0
1479,093320,2017,KOSDAQ,243,243,243,0,0,0,0
1479,093320,2018,KOSDAQ,244,244,244,0,0,0,0
1479,093320,2019,KOSDAQ,246,246,246,0,0,0,0
1479,093320,2020,KOSDAQ,248,248,248,0,0,0,0
1479,093320,2021,KOSDAQ,248,248,248,0,0,0,0
1479,093320,2022,KOSDAQ,246,246,246,0,0,0,0
1479,093320,2023,KOSDAQ,245,245,245,0,0,0,0
1479,093320,2024,KOSDAQ,244,244,244,0,0,0,0
1479,093320,2025,KOSDAQ,242,242,242,0,0,0,0
1479,093320,2026,KOSDAQ,166,166,166,0,0,0,0
1480,093370,2013,KOSPI,247,247,247,0,0,0,0
1480,093370,2014,KOSPI,245,245,245,0,0,0,0
1480,093370,2015,KOSPI,248,248,248,0,0,0,0
1480,093370,2016,KOSPI,246,246,246,0,0,0,0
1480,093370,2017,KOSPI,243,243,243,0,0,0,0
1480,093370,2018,KOSPI,244,244,244,0,0,0,0
1480,093370,2019,KOSPI,246,246,246,0,0,0,0
1480,093370,2020,KOSPI,248,248,248,0,0,0,0
1480,093370,2021,KOSPI,248,248,248,0,0,0,0
1480,093370,2022,KOSPI,246,246,246,0,0,0,0
1480,093370,2023,KOSPI,245,245,245,0,0,0,0
1480,093370,2024,KOSPI,244,244,244,0,0,0,0
1480,093370,2025,KOSPI,242,242,242,0,0,0,0
1480,093370,2026,KOSPI,166,166,166,0,0,0,0
1481,093380,2013,KOSDAQ,247,247,247,0,0,0,0
1481,093380,2014,KOSDAQ,245,245,245,0,0,0,0
1481,093380,2015,KOSDAQ,248,248,248,0,0,0,0
1481,093380,2016,KOSDAQ,246,246,246,0,0,0,0
1481,093380,2017,KOSDAQ,243,243,243,0,0,0,0
1481,093380,2018,KOSDAQ,244,244,244,0,0,0,0
1481,093380,2019,KOSDAQ,246,246,246,0,0,0,0
1481,093380,2020,KOSDAQ,248,248,248,0,0,0,0
1481,093380,2021,KOSDAQ,248,248,248,0,0,0,0
1481,093380,2022,KOSDAQ,246,246,246,0,0,0,0
1481,093380,2023,KOSDAQ,245,245,245,0,0,0,0
1481,093380,2024,KOSDAQ,244,244,244,0,0,0,0
1481,093380,2025,KOSDAQ,242,242,242,0,0,0,0
1481,093380,2026,KOSDAQ,166,166,166,0,0,0,0
1482,093520,2013,KOSDAQ,247,247,247,0,0,0,0
1482,093520,2014,KOSDAQ,245,245,245,0,0,0,0
1482,093520,2015,KOSDAQ,248,248,248,0,0,0,0
1482,093520,2016,KOSDAQ,246,246,246,0,0,0,0
1482,093520,2017,KOSDAQ,243,243,243,0,0,0,0
1482,093520,2018,KOSDAQ,244,244,244,0,0,0,0
1482,093520,2019,KOSDAQ,246,246,246,0,0,0,0
1482,093520,2020,KOSDAQ,248,248,248,0,0,0,0
1482,093520,2021,KOSDAQ,248,248,248,0,0,0,0
1482,093520,2022,KOSDAQ,246,246,246,0,0,0,0
1482,093520,2023,KOSDAQ,245,245,245,0,0,0,0
1482,093520,2024,KOSDAQ,244,244,244,0,0,0,0
1482,093520,2025,KOSDAQ,242,242,242,0,0,0,0
1482,093520,2026,KOSDAQ,166,166,166,0,0,0,0
1483,093640,2013,KOSDAQ,247,247,247,0,0,0,0
1483,093640,2014,KOSDAQ,245,245,245,0,0,0,0
1483,093640,2015,KOSDAQ,248,248,248,0,0,0,0
1483,093640,2016,KOSDAQ,246,246,246,0,0,0,0
1483,093640,2017,KOSDAQ,243,243,243,0,0,0,0
1483,093640,2018,KOSDAQ,244,244,244,0,0,0,0
1483,093640,2019,KOSDAQ,246,246,246,0,0,0,0
1483,093640,2020,KOSDAQ,248,248,248,0,0,0,0
1483,093640,2021,KOSDAQ,248,248,248,0,0,0,0
1483,093640,2022,KOSDAQ,246,246,246,0,0,0,0
1483,093640,2023,KOSDAQ,245,245,245,0,0,0,0
1483,093640,2024,KOSDAQ,244,244,244,0,0,0,0
1483,093640,2025,KOSDAQ,242,242,242,0,0,0,0
1483,093640,2026,KOSDAQ,166,166,166,0,0,0,0
1484,093920,2013,KOSDAQ,247,247,247,0,0,0,0
1484,093920,2014,KOSDAQ,245,245,245,0,0,0,0
1484,093920,2015,KOSDAQ,248,248,248,0,0,0,0
1484,093920,2016,KOSDAQ,246,246,246,0,0,0,0
1484,093920,2017,KOSDAQ,243,243,243,0,0,0,0
1484,093920,2018,KOSDAQ,244,244,244,0,0,0,0
1484,093920,2019,KOSDAQ,246,246,246,0,0,0,0
1484,093920,2020,KOSDAQ,248,248,248,0,0,0,0
1484,093920,2021,KOSDAQ,248,248,248,0,0,0,0
1484,093920,2022,KOSDAQ,246,246,246,0,0,0,0
1484,093920,2023,KOSDAQ,245,245,245,0,0,0,0
1484,093920,2024,KOSDAQ,244,244,244,0,0,0,0
1484,093920,2025,KOSDAQ,242,242,242,0,0,0,0
1484,093920,2026,KOSDAQ,166,166,166,0,0,0,0
1485,094170,2015,KOSDAQ,127,127,127,0,0,0,0
1485,094170,2016,KOSDAQ,246,246,246,0,0,0,0
1485,094170,2017,KOSDAQ,243,243,243,0,0,0,0
1485,094170,2018,KOSDAQ,244,244,244,0,0,0,0
1485,094170,2019,KOSDAQ,246,246,246,0,0,0,0
1485,094170,2020,KOSDAQ,248,248,248,0,0,0,0
1485,094170,2021,KOSDAQ,248,248,248,0,0,0,0
1485,094170,2022,KOSDAQ,246,246,246,0,0,0,0
1485,094170,2023,KOSDAQ,245,245,244,0,0,1,0
1485,094170,2024,KOSDAQ,244,244,244,0,0,0,0
1485,094170,2025,KOSDAQ,242,242,242,0,0,0,0
1485,094170,2026,KOSDAQ,166,166,166,0,0,0,0
1486,094280,2013,KOSPI,247,247,247,0,0,0,0
1486,094280,2014,KOSPI,245,245,245,0,0,0,0
1486,094280,2015,KOSPI,248,248,248,0,0,0,0
1486,094280,2016,KOSPI,246,246,246,0,0,0,0
1486,094280,2017,KOSPI,243,243,243,0,0,0,0
1486,094280,2018,KOSPI,244,244,244,0,0,0,0
1486,094280,2019,KOSPI,246,246,246,0,0,0,0
1486,094280,2020,KOSPI,248,248,248,0,0,0,0
1486,094280,2021,KOSPI,248,248,248,0,0,0,0
1486,094280,2022,KOSPI,246,246,246,0,0,0,0
1486,094280,2023,KOSPI,245,245,245,0,0,0,0
1486,094280,2024,KOSPI,244,244,244,0,0,0,0
1486,094280,2025,KOSPI,242,242,242,0,0,0,0
1486,094280,2026,KOSPI,166,166,166,0,0,0,0
1487,094360,2015,KOSDAQ,101,101,101,0,0,0,0
1487,094360,2016,KOSDAQ,246,246,245,0,0,1,0
1487,094360,2017,KOSDAQ,243,243,243,0,0,0,0
1487,094360,2018,KOSDAQ,244,244,244,0,0,0,0
1487,094360,2019,KOSDAQ,246,246,246,0,0,0,0
1487,094360,2020,KOSDAQ,248,248,248,0,0,0,0
1487,094360,2021,KOSDAQ,248,248,248,0,0,0,0
1487,094360,2022,KOSDAQ,246,246,246,0,0,0,0
1487,094360,2023,KOSDAQ,245,245,245,0,0,0,0
1487,094360,2024,KOSDAQ,244,244,244,0,0,0,0
1487,094360,2025,KOSDAQ,242,242,242,0,0,0,0
1487,094360,2026,KOSDAQ,166,166,166,0,0,0,0
1488,094480,2013,KOSDAQ,247,247,247,0,0,0,0
1488,094480,2014,KOSDAQ,245,245,245,0,0,0,0
1488,094480,2015,KOSDAQ,248,248,248,0,0,0,0
1488,094480,2016,KOSDAQ,246,246,246,0,0,0,0
1488,094480,2017,KOSDAQ,243,243,243,0,0,0,0
1488,094480,2018,KOSDAQ,244,244,244,0,0,0,0
1488,094480,2019,KOSDAQ,246,246,246,0,0,0,0
1488,094480,2020,KOSDAQ,248,248,248,0,0,0,0
1488,094480,2021,KOSDAQ,248,248,248,0,0,0,0
1488,094480,2022,KOSDAQ,246,246,246,0,0,0,0
1488,094480,2023,KOSDAQ,245,245,245,0,0,0,0
1488,094480,2024,KOSDAQ,244,244,244,0,0,0,0
1488,094480,2025,KOSDAQ,242,242,242,0,0,0,0
1488,094480,2026,KOSDAQ,166,166,166,0,0,0,0
1490,094820,2013,KOSDAQ,247,247,247,0,0,0,0
1490,094820,2014,KOSDAQ,245,245,245,0,0,0,0
1490,094820,2015,KOSDAQ,248,248,248,0,0,0,0
1490,094820,2016,KOSDAQ,246,246,246,0,0,0,0
1490,094820,2017,KOSDAQ,243,243,243,0,0,0,0
1490,094820,2018,KOSDAQ,244,244,244,0,0,0,0
1490,094820,2019,KOSDAQ,246,246,246,0,0,0,0
1490,094820,2020,KOSDAQ,248,248,248,0,0,0,0
1490,094820,2021,KOSDAQ,248,248,248,0,0,0,0
1490,094820,2022,KOSDAQ,246,246,246,0,0,0,0
1490,094820,2023,KOSDAQ,245,245,245,0,0,0,0
1490,094820,2024,KOSDAQ,244,244,244,0,0,0,0
1490,094820,2025,KOSDAQ,242,242,242,0,0,0,0
1490,094820,2026,KOSDAQ,166,166,166,0,0,0,0
1491,094840,2013,KOSDAQ,247,247,247,0,0,0,0
1491,094840,2014,KOSDAQ,245,245,245,0,0,0,0
1491,094840,2015,KOSDAQ,248,248,248,0,0,0,0
1491,094840,2016,KOSDAQ,246,246,245,0,0,1,0
1491,094840,2017,KOSDAQ,243,243,243,0,0,0,0
1491,094840,2018,KOSDAQ,244,244,244,0,0,0,0
1491,094840,2019,KOSDAQ,246,246,246,0,0,0,0
1491,094840,2020,KOSDAQ,248,248,248,0,0,0,0
1491,094840,2021,KOSDAQ,248,248,248,0,0,0,0
1491,094840,2022,KOSDAQ,246,246,246,0,0,0,0
1491,094840,2023,KOSDAQ,245,245,245,0,0,0,0
1491,094840,2024,KOSDAQ,244,244,244,0,0,0,0
1491,094840,2025,KOSDAQ,242,242,242,0,0,0,0
1491,094840,2026,KOSDAQ,166,166,166,0,0,0,0
1492,094850,2013,KOSDAQ,247,247,247,0,0,0,0
1492,094850,2014,KOSDAQ,245,245,245,0,0,0,0
1492,094850,2015,KOSDAQ,248,248,248,0,0,0,0
1492,094850,2016,KOSDAQ,246,246,246,0,0,0,0
1492,094850,2017,KOSDAQ,243,243,243,0,0,0,0
1492,094850,2018,KOSDAQ,244,244,244,0,0,0,0
1492,094850,2019,KOSDAQ,246,246,246,0,0,0,0
1492,094850,2020,KOSDAQ,248,248,248,0,0,0,0
1492,094850,2021,KOSDAQ,248,248,248,0,0,0,0
1492,094850,2022,KOSDAQ,246,246,246,0,0,0,0
1492,094850,2023,KOSDAQ,245,245,245,0,0,0,0
1492,094850,2024,KOSDAQ,244,244,244,0,0,0,0
1492,094850,2025,KOSDAQ,242,242,242,0,0,0,0
1492,094850,2026,KOSDAQ,166,166,166,0,0,0,0
1493,094860,2013,KOSDAQ,247,247,247,0,0,0,0
1493,094860,2014,KOSDAQ,245,245,245,0,0,0,0
1493,094860,2015,KOSDAQ,248,248,248,0,0,0,0
1493,094860,2016,KOSDAQ,246,246,246,0,0,0,0
1493,094860,2017,KOSDAQ,243,243,243,0,0,0,0
1493,094860,2018,KOSDAQ,244,244,244,0,0,0,0
1493,094860,2019,KOSDAQ,246,246,246,0,0,0,0
1493,094860,2020,KOSDAQ,248,248,248,0,0,0,0
1493,094860,2021,KOSDAQ,248,248,248,0,0,0,0
1493,094860,2022,KOSDAQ,246,246,246,0,0,0,0
1493,094860,2023,KOSDAQ,245,245,245,0,0,0,0
1493,094860,2024,KOSDAQ,244,244,244,0,0,0,0
1493,094860,2025,KOSDAQ,242,242,242,0,0,0,0
1493,094860,2026,KOSDAQ,166,166,166,0,0,0,0
1494,094940,2013,KOSDAQ,247,247,247,0,0,0,0
1494,094940,2014,KOSDAQ,245,245,245,0,0,0,0
1494,094940,2015,KOSDAQ,248,248,248,0,0,0,0
1494,094940,2016,KOSDAQ,246,246,246,0,0,0,0
1494,094940,2017,KOSDAQ,243,243,243,0,0,0,0
1494,094940,2018,KOSDAQ,244,244,242,0,0,2,0
1494,094940,2019,KOSDAQ,246,246,246,0,0,0,0
1494,094940,2020,KOSDAQ,248,248,248,0,0,0,0
1494,094940,2021,KOSDAQ,248,248,248,0,0,0,0
1494,094940,2022,KOSDAQ,246,246,246,0,0,0,0
1494,094940,2023,KOSDAQ,245,245,245,0,0,0,0
1494,094940,2024,KOSDAQ,244,244,244,0,0,0,0
1494,094940,2025,KOSDAQ,242,242,242,0,0,0,0
1494,094940,2026,KOSDAQ,166,166,166,0,0,0,0
1495,094970,2013,KOSDAQ,247,247,247,0,0,0,0
1495,094970,2014,KOSDAQ,245,245,245,0,0,0,0
1495,094970,2015,KOSDAQ,248,248,248,0,0,0,0
1495,094970,2016,KOSDAQ,246,246,246,0,0,0,0
1495,094970,2017,KOSDAQ,243,243,243,0,0,0,0
1495,094970,2018,KOSDAQ,244,244,244,0,0,0,0
1495,094970,2019,KOSDAQ,246,246,246,0,0,0,0
1495,094970,2020,KOSDAQ,248,248,248,0,0,0,0
1495,094970,2021,KOSDAQ,248,248,248,0,0,0,0
1495,094970,2022,KOSDAQ,246,246,246,0,0,0,0
1495,094970,2023,KOSDAQ,245,245,245,0,0,0,0
1495,094970,2024,KOSDAQ,244,244,244,0,0,0,0
1495,094970,2025,KOSDAQ,242,242,242,0,0,0,0
1495,094970,2026,KOSDAQ,166,166,166,0,0,0,0
1496,095190,2013,KOSDAQ,247,247,247,0,0,0,0
1496,095190,2014,KOSDAQ,245,245,245,0,0,0,0
1496,095190,2015,KOSDAQ,248,248,248,0,0,0,0
1496,095190,2016,KOSDAQ,246,246,246,0,0,0,0
1496,095190,2017,KOSDAQ,243,243,243,0,0,0,0
1496,095190,2018,KOSDAQ,244,244,244,0,0,0,0
1496,095190,2019,KOSDAQ,246,246,246,0,0,0,0
1496,095190,2020,KOSDAQ,248,248,248,0,0,0,0
1496,095190,2021,KOSDAQ,248,248,248,0,0,0,0
1496,095190,2022,KOSDAQ,246,246,246,0,0,0,0
1496,095190,2023,KOSDAQ,245,245,245,0,0,0,0
1496,095190,2024,KOSDAQ,244,244,244,0,0,0,0
1496,095190,2025,KOSDAQ,242,242,242,0,0,0,0
1496,095190,2026,KOSDAQ,166,166,166,0,0,0,0
1497,095270,2013,KOSDAQ,247,247,247,0,0,0,0
1497,095270,2014,KOSDAQ,245,245,245,0,0,0,0
1497,095270,2015,KOSDAQ,248,248,248,0,0,0,0
1497,095270,2016,KOSDAQ,246,246,245,0,0,1,0
1497,095270,2017,KOSDAQ,243,243,243,0,0,0,0
1497,095270,2018,KOSDAQ,244,244,244,0,0,0,0
1497,095270,2019,KOSDAQ,246,246,246,0,0,0,0
1497,095270,2020,KOSDAQ,248,248,248,0,0,0,0
1497,095270,2021,KOSDAQ,248,248,248,0,0,0,0
1497,095270,2022,KOSDAQ,246,246,246,0,0,0,0
1497,095270,2023,KOSDAQ,245,245,245,0,0,0,0
1497,095270,2024,KOSDAQ,244,244,244,0,0,0,0
1497,095270,2025,KOSDAQ,242,242,242,0,0,0,0
1497,095270,2026,KOSDAQ,166,166,166,0,0,0,0
1498,095340,2013,KOSDAQ,247,247,247,0,0,0,0
1498,095340,2014,KOSDAQ,245,245,245,0,0,0,0
1498,095340,2015,KOSDAQ,248,248,248,0,0,0,0
1498,095340,2016,KOSDAQ,246,246,246,0,0,0,0
1498,095340,2017,KOSDAQ,243,243,243,0,0,0,0
1498,095340,2018,KOSDAQ,244,244,244,0,0,0,0
1498,095340,2019,KOSDAQ,246,246,246,0,0,0,0
1498,095340,2020,KOSDAQ,248,248,248,0,0,0,0
1498,095340,2021,KOSDAQ,248,248,248,0,0,0,0
1498,095340,2022,KOSDAQ,246,246,246,0,0,0,0
1498,095340,2023,KOSDAQ,245,245,245,0,0,0,0
1498,095340,2024,KOSDAQ,244,244,244,0,0,0,0
1498,095340,2025,KOSDAQ,242,242,242,0,0,0,0
1498,095340,2026,KOSDAQ,166,166,166,0,0,0,0
1499,095500,2013,KOSDAQ,247,247,247,0,0,0,0
1499,095500,2014,KOSDAQ,245,245,245,0,0,0,0
1499,095500,2015,KOSDAQ,248,248,248,0,0,0,0
1499,095500,2016,KOSDAQ,246,246,246,0,0,0,0
1499,095500,2017,KOSDAQ,243,243,243,0,0,0,0
1499,095500,2018,KOSDAQ,244,244,244,0,0,0,0
1499,095500,2019,KOSDAQ,246,246,246,0,0,0,0
1499,095500,2020,KOSDAQ,248,248,248,0,0,0,0
1499,095500,2021,KOSDAQ,248,248,248,0,0,0,0
1499,095500,2022,KOSDAQ,246,246,246,0,0,0,0
1499,095500,2023,KOSDAQ,245,245,245,0,0,0,0
1499,095500,2024,KOSDAQ,244,244,244,0,0,0,0
1499,095500,2025,KOSDAQ,242,242,242,0,0,0,0
1499,095500,2026,KOSDAQ,166,166,166,0,0,0,0
1500,095570,2015,KOSPI,90,90,90,0,0,0,0
1500,095570,2016,KOSPI,246,246,246,0,0,0,0
1500,095570,2017,KOSPI,243,243,243,0,0,0,0
1500,095570,2018,KOSPI,244,244,244,0,0,0,0
1500,095570,2019,KOSPI,246,246,246,0,0,0,0
1500,095570,2020,KOSPI,248,248,248,0,0,0,0
1500,095570,2021,KOSPI,248,248,248,0,0,0,0
1500,095570,2022,KOSPI,246,246,246,0,0,0,0
1500,095570,2023,KOSPI,245,245,245,0,0,0,0
1500,095570,2024,KOSPI,244,244,244,0,0,0,0
1500,095570,2025,KOSPI,242,242,242,0,0,0,0
1500,095570,2026,KOSPI,166,166,166,0,0,0,0
1501,095610,2013,KOSDAQ,247,247,247,0,0,0,0
1501,095610,2014,KOSDAQ,245,245,245,0,0,0,0
1501,095610,2015,KOSDAQ,248,248,248,0,0,0,0
1501,095610,2016,KOSDAQ,246,246,246,0,0,0,0
1501,095610,2017,KOSDAQ,243,243,243,0,0,0,0
1501,095610,2018,KOSDAQ,244,244,244,0,0,0,0
1501,095610,2019,KOSDAQ,246,246,246,0,0,0,0
1501,095610,2020,KOSDAQ,248,248,248,0,0,0,0
1501,095610,2021,KOSDAQ,248,248,248,0,0,0,0
1501,095610,2022,KOSDAQ,246,246,246,0,0,0,0
1501,095610,2023,KOSDAQ,245,245,245,0,0,0,0
1501,095610,2024,KOSDAQ,244,244,244,0,0,0,0
1501,095610,2025,KOSDAQ,242,242,242,0,0,0,0
1501,095610,2026,KOSDAQ,166,166,166,0,0,0,0
1502,095660,2013,KOSDAQ,247,247,247,0,0,0,0
1502,095660,2014,KOSDAQ,245,245,245,0,0,0,0
1502,095660,2015,KOSDAQ,248,248,248,0,0,0,0
1502,095660,2016,KOSDAQ,246,246,246,0,0,0,0
1502,095660,2017,KOSDAQ,243,243,243,0,0,0,0
1502,095660,2018,KOSDAQ,244,244,244,0,0,0,0
1502,095660,2019,KOSDAQ,246,246,246,0,0,0,0
1502,095660,2020,KOSDAQ,248,248,248,0,0,0,0
1502,095660,2021,KOSDAQ,248,248,248,0,0,0,0
1502,095660,2022,KOSDAQ,246,246,246,0,0,0,0
1502,095660,2023,KOSDAQ,245,245,245,0,0,0,0
1502,095660,2024,KOSDAQ,244,244,244,0,0,0,0
1502,095660,2025,KOSDAQ,242,242,242,0,0,0,0
1502,095660,2026,KOSDAQ,166,166,166,0,0,0,0
1503,095700,2013,KOSDAQ,247,247,247,0,0,0,0
1503,095700,2014,KOSDAQ,245,245,245,0,0,0,0
1503,095700,2015,KOSDAQ,248,248,248,0,0,0,0
1503,095700,2016,KOSDAQ,246,246,246,0,0,0,0
1503,095700,2017,KOSDAQ,243,243,243,0,0,0,0
1503,095700,2018,KOSDAQ,244,244,244,0,0,0,0
1503,095700,2019,KOSDAQ,246,246,246,0,0,0,0
1503,095700,2020,KOSDAQ,248,248,248,0,0,0,0
1503,095700,2021,KOSDAQ,248,248,248,0,0,0,0
1503,095700,2022,KOSDAQ,246,246,246,0,0,0,0
1503,095700,2023,KOSDAQ,245,245,245,0,0,0,0
1503,095700,2024,KOSDAQ,244,244,244,0,0,0,0
1503,095700,2025,KOSDAQ,242,242,242,0,0,0,0
1503,095700,2026,KOSDAQ,166,166,166,0,0,0,0
1504,095720,2013,KOSPI,247,247,247,0,0,0,0
1504,095720,2014,KOSPI,245,245,245,0,0,0,0
1504,095720,2015,KOSPI,248,248,248,0,0,0,0
1504,095720,2016,KOSPI,246,246,246,0,0,0,0
1504,095720,2017,KOSPI,243,243,243,0,0,0,0
1504,095720,2018,KOSPI,244,244,244,0,0,0,0
1504,095720,2019,KOSPI,246,246,245,0,0,1,0
1504,095720,2020,KOSPI,248,248,248,0,0,0,0
1504,095720,2021,KOSPI,248,248,248,0,0,0,0
1504,095720,2022,KOSPI,246,246,246,0,0,0,0
1504,095720,2023,KOSPI,245,245,245,0,0,0,0
1504,095720,2024,KOSPI,244,244,244,0,0,0,0
1504,095720,2025,KOSPI,242,242,242,0,0,0,0
1504,095720,2026,KOSPI,166,166,166,0,0,0,0
1505,095910,2013,KOSDAQ,247,247,247,0,0,0,0
1505,095910,2014,KOSDAQ,245,245,245,0,0,0,0
1505,095910,2015,KOSDAQ,248,248,248,0,0,0,0
1505,095910,2016,KOSDAQ,246,246,246,0,0,0,0
1505,095910,2017,KOSDAQ,243,243,243,0,0,0,0
1505,095910,2018,KOSDAQ,244,244,244,0,0,0,0
1505,095910,2019,KOSDAQ,246,246,246,0,0,0,0
1505,095910,2020,KOSDAQ,248,248,248,0,0,0,0
1505,095910,2021,KOSDAQ,248,248,248,0,0,0,0
1505,095910,2022,KOSDAQ,246,246,246,0,0,0,0
1505,095910,2023,KOSDAQ,245,245,245,0,0,0,0
1505,095910,2024,KOSDAQ,244,244,244,0,0,0,0
1505,095910,2025,KOSDAQ,242,242,242,0,0,0,0
1505,095910,2026,KOSDAQ,166,166,166,0,0,0,0
1506,096240,2013,KOSDAQ,247,247,247,0,0,0,0
1506,096240,2014,KOSDAQ,245,245,245,0,0,0,0
1506,096240,2015,KOSDAQ,248,248,248,0,0,0,0
1506,096240,2016,KOSDAQ,246,246,246,0,0,0,0
1506,096240,2017,KOSDAQ,243,243,243,0,0,0,0
1506,096240,2018,KOSDAQ,244,244,244,0,0,0,0
1506,096240,2019,KOSDAQ,246,246,246,0,0,0,0
1506,096240,2020,KOSDAQ,248,248,248,0,0,0,0
1506,096240,2021,KOSDAQ,248,248,248,0,0,0,0
1506,096240,2022,KOSDAQ,246,246,246,0,0,0,0
1506,096240,2023,KOSDAQ,245,245,245,0,0,0,0
1506,096240,2024,KOSDAQ,244,244,244,0,0,0,0
1506,096240,2025,KOSDAQ,242,242,242,0,0,0,0
1506,096240,2026,KOSDAQ,166,166,166,0,0,0,0
1507,096250,2025,KOSDAQ,226,226,226,0,0,0,0
1507,096250,2026,KOSDAQ,166,166,166,0,0,0,0
1508,096350,2013,KOSDAQ,247,247,247,0,0,0,0
1508,096350,2014,KOSDAQ,245,245,245,0,0,0,0
1508,096350,2015,KOSDAQ,248,248,248,0,0,0,0
1508,096350,2016,KOSDAQ,246,246,246,0,0,0,0
1508,096350,2017,KOSDAQ,243,243,243,0,0,0,0
1508,096350,2018,KOSDAQ,244,244,244,0,0,0,0
1508,096350,2019,KOSDAQ,246,246,246,0,0,0,0
1508,096350,2020,KOSDAQ,248,248,248,0,0,0,0
1508,096350,2021,KOSDAQ,248,248,248,0,0,0,0
1508,096350,2022,KOSDAQ,246,246,246,0,0,0,0
1508,096350,2023,KOSDAQ,245,245,245,0,0,0,0
1508,096350,2024,KOSDAQ,244,244,244,0,0,0,0
1508,096350,2025,KOSDAQ,242,242,242,0,0,0,0
1508,096350,2026,KOSDAQ,166,166,166,0,0,0,0
1509,096530,2013,KOSDAQ,247,247,247,0,0,0,0
1509,096530,2014,KOSDAQ,245,245,245,0,0,0,0
1509,096530,2015,KOSDAQ,248,248,248,0,0,0,0
1509,096530,2016,KOSDAQ,246,246,246,0,0,0,0
1509,096530,2017,KOSDAQ,243,243,243,0,0,0,0
1509,096530,2018,KOSDAQ,244,244,244,0,0,0,0
1509,096530,2019,KOSDAQ,246,246,246,0,0,0,0
1509,096530,2020,KOSDAQ,248,248,248,0,0,0,0
1509,096530,2021,KOSDAQ,248,248,248,0,0,0,0
1509,096530,2022,KOSDAQ,246,246,246,0,0,0,0
1509,096530,2023,KOSDAQ,245,245,245,0,0,0,0
1509,096530,2024,KOSDAQ,244,244,244,0,0,0,0
1509,096530,2025,KOSDAQ,242,242,242,0,0,0,0
1509,096530,2026,KOSDAQ,166,166,166,0,0,0,0
1511,096630,2013,KOSDAQ,247,247,247,0,0,0,0
1511,096630,2014,KOSDAQ,245,245,245,0,0,0,0
1511,096630,2015,KOSDAQ,248,248,248,0,0,0,0
1511,096630,2016,KOSDAQ,246,246,246,0,0,0,0
1511,096630,2017,KOSDAQ,243,243,243,0,0,0,0
1511,096630,2018,KOSDAQ,244,244,244,0,0,0,0
1511,096630,2019,KOSDAQ,246,246,246,0,0,0,0
1511,096630,2020,KOSDAQ,248,248,248,0,0,0,0
1511,096630,2021,KOSDAQ,248,248,248,0,0,0,0
1511,096630,2022,KOSDAQ,246,246,246,0,0,0,0
1511,096630,2023,KOSDAQ,245,245,245,0,0,0,0
1511,096630,2024,KOSDAQ,244,244,244,0,0,0,0
1511,096630,2025,KOSDAQ,242,242,242,0,0,0,0
1511,096630,2026,KOSDAQ,166,166,166,0,0,0,0
1512,096690,2013,KOSDAQ,247,247,247,0,0,0,0
1512,096690,2014,KOSDAQ,245,245,245,0,0,0,0
1512,096690,2015,KOSDAQ,248,248,248,0,0,0,0
1512,096690,2016,KOSDAQ,246,246,246,0,0,0,0
1512,096690,2017,KOSDAQ,243,243,243,0,0,0,0
1512,096690,2018,KOSDAQ,244,244,243,0,0,1,0
1512,096690,2019,KOSDAQ,246,246,246,0,0,0,0
1512,096690,2020,KOSDAQ,248,248,248,0,0,0,0
1512,096690,2021,KOSDAQ,248,248,247,0,0,1,0
1512,096690,2022,KOSDAQ,246,246,246,0,0,0,0
1512,096690,2023,KOSDAQ,245,245,245,0,0,0,0
1512,096690,2024,KOSDAQ,244,244,244,0,0,0,0
1512,096690,2025,KOSDAQ,242,242,242,0,0,0,0
1512,096690,2026,KOSDAQ,166,166,166,0,0,0,0
1513,096760,2013,KOSPI,247,247,247,0,0,0,0
1513,096760,2014,KOSPI,245,245,245,0,0,0,0
1513,096760,2015,KOSPI,248,248,248,0,0,0,0
1513,096760,2016,KOSPI,246,246,246,0,0,0,0
1513,096760,2017,KOSPI,243,243,243,0,0,0,0
1513,096760,2018,KOSPI,244,244,244,0,0,0,0
1513,096760,2019,KOSPI,246,246,246,0,0,0,0
1513,096760,2020,KOSPI,248,248,248,0,0,0,0
1513,096760,2021,KOSPI,248,248,248,0,0,0,0
1513,096760,2022,KOSPI,246,246,246,0,0,0,0
1513,096760,2023,KOSPI,245,245,245,0,0,0,0
1513,096760,2024,KOSPI,244,244,244,0,0,0,0
1513,096760,2025,KOSPI,242,242,242,0,0,0,0
1513,096760,2026,KOSPI,166,166,166,0,0,0,0
1514,096770,2013,KOSPI,247,247,247,0,0,0,0
1514,096770,2014,KOSPI,245,245,245,0,0,0,0
1514,096770,2015,KOSPI,248,248,248,0,0,0,0
1514,096770,2016,KOSPI,246,246,246,0,0,0,0
1514,096770,2017,KOSPI,243,243,243,0,0,0,0
1514,096770,2018,KOSPI,244,244,244,0,0,0,0
1514,096770,2019,KOSPI,246,246,246,0,0,0,0
1514,096770,2020,KOSPI,248,248,248,0,0,0,0
1514,096770,2021,KOSPI,248,248,248,0,0,0,0
1514,096770,2022,KOSPI,246,246,246,0,0,0,0
1514,096770,2023,KOSPI,245,245,245,0,0,0,0
1514,096770,2024,KOSPI,244,244,244,0,0,0,0
1514,096770,2025,KOSPI,242,242,242,0,0,0,0
1514,096770,2026,KOSPI,166,166,166,0,0,0,0
1516,096870,2013,KOSDAQ,247,247,247,0,0,0,0
1516,096870,2014,KOSDAQ,245,245,245,0,0,0,0
1516,096870,2015,KOSDAQ,248,248,248,0,0,0,0
1516,096870,2016,KOSDAQ,246,246,246,0,0,0,0
1516,096870,2017,KOSDAQ,243,243,243,0,0,0,0
1516,096870,2018,KOSDAQ,244,244,244,0,0,0,0
1516,096870,2019,KOSDAQ,246,246,246,0,0,0,0
1516,096870,2020,KOSDAQ,248,248,248,0,0,0,0
1516,096870,2021,KOSDAQ,248,248,248,0,0,0,0
1516,096870,2022,KOSDAQ,246,246,246,0,0,0,0
1516,096870,2023,KOSDAQ,245,245,245,0,0,0,0
1516,096870,2024,KOSDAQ,244,244,244,0,0,0,0
1516,096870,2025,KOSDAQ,242,242,242,0,0,0,0
1516,096870,2026,KOSDAQ,166,166,166,0,0,0,0
1517,097230,2013,KOSPI,247,247,247,0,0,0,0
1517,097230,2014,KOSPI,245,245,245,0,0,0,0
1517,097230,2015,KOSPI,248,248,248,0,0,0,0
1517,097230,2016,KOSPI,246,246,246,0,0,0,0
1517,097230,2017,KOSPI,243,243,243,0,0,0,0
1517,097230,2018,KOSPI,244,244,244,0,0,0,0
1517,097230,2019,KOSPI,246,246,246,0,0,0,0
1517,097230,2020,KOSPI,248,248,248,0,0,0,0
1517,097230,2021,KOSPI,248,248,248,0,0,0,0
1517,097230,2022,KOSPI,246,246,246,0,0,0,0
1517,097230,2023,KOSPI,245,245,245,0,0,0,0
1517,097230,2024,KOSPI,244,244,244,0,0,0,0
1517,097230,2025,KOSPI,242,242,242,0,0,0,0
1517,097230,2026,KOSPI,166,166,166,0,0,0,0
1518,097520,2021,KOSPI,122,122,122,0,0,0,0
1518,097520,2022,KOSPI,246,246,246,0,0,0,0
1518,097520,2023,KOSPI,245,245,245,0,0,0,0
1518,097520,2024,KOSPI,244,244,244,0,0,0,0
1518,097520,2025,KOSPI,242,242,242,0,0,0,0
1518,097520,2026,KOSPI,166,166,166,0,0,0,0
1519,097780,2013,KOSDAQ,247,247,247,0,0,0,0
1519,097780,2014,KOSDAQ,245,245,245,0,0,0,0
1519,097780,2015,KOSDAQ,248,248,248,0,0,0,0
1519,097780,2016,KOSDAQ,246,246,246,0,0,0,0
1519,097780,2017,KOSDAQ,243,243,243,0,0,0,0
1519,097780,2018,KOSDAQ,244,244,244,0,0,0,0
1519,097780,2019,KOSDAQ,246,246,246,0,0,0,0
1519,097780,2020,KOSDAQ,248,248,248,0,0,0,0
1519,097780,2021,KOSDAQ,248,248,248,0,0,0,0
1519,097780,2022,KOSDAQ,246,246,246,0,0,0,0
1519,097780,2023,KOSDAQ,245,245,245,0,0,0,0
1519,097780,2024,KOSDAQ,244,244,244,0,0,0,0
1519,097780,2025,KOSDAQ,242,242,242,0,0,0,0
1519,097780,2026,KOSDAQ,166,166,166,0,0,0,0
1520,097800,2013,KOSDAQ,203,203,203,0,0,0,0
1520,097800,2014,KOSDAQ,245,245,245,0,0,0,0
1520,097800,2015,KOSDAQ,248,248,248,0,0,0,0
1520,097800,2016,KOSDAQ,246,246,246,0,0,0,0
1520,097800,2017,KOSDAQ,243,243,243,0,0,0,0
1520,097800,2018,KOSDAQ,244,244,244,0,0,0,0
1520,097800,2019,KOSDAQ,246,246,246,0,0,0,0
1520,097800,2020,KOSDAQ,248,248,248,0,0,0,0
1520,097800,2021,KOSDAQ,248,248,248,0,0,0,0
1520,097800,2022,KOSDAQ,246,246,246,0,0,0,0
1520,097800,2023,KOSDAQ,245,245,245,0,0,0,0
1520,097800,2024,KOSDAQ,244,244,244,0,0,0,0
1520,097800,2025,KOSDAQ,242,242,242,0,0,0,0
1520,097800,2026,KOSDAQ,166,166,166,0,0,0,0
1521,097870,2013,KOSDAQ,247,0,0,247,0,0,0
1521,097870,2014,KOSDAQ,245,0,0,245,0,0,0
1521,097870,2015,KOSDAQ,248,0,0,248,0,0,0
1521,097870,2016,KOSDAQ,246,0,0,246,0,0,0
1521,097870,2017,KOSDAQ,243,0,0,243,0,0,0
1521,097870,2018,KOSDAQ,244,0,0,244,0,0,0
1521,097870,2019,KOSDAQ,246,0,0,246,0,0,0
1521,097870,2020,KOSDAQ,248,0,0,248,0,0,0
1521,097870,2021,KOSDAQ,248,0,0,248,0,0,0
1521,097870,2022,KOSDAQ,246,0,0,246,0,0,0
1521,097870,2023,KOSDAQ,245,213,0,32,0,213,0
1521,097870,2024,KOSDAQ,244,244,192,0,0,52,0
1521,097870,2025,KOSDAQ,242,242,242,0,0,0,0
1521,097870,2026,KOSDAQ,166,166,166,0,0,0,0
1522,097950,2013,KOSPI,247,247,247,0,0,0,0
1522,097950,2014,KOSPI,245,245,245,0,0,0,0
1522,097950,2015,KOSPI,248,248,248,0,0,0,0
1522,097950,2016,KOSPI,246,246,246,0,0,0,0
1522,097950,2017,KOSPI,243,243,243,0,0,0,0
1522,097950,2018,KOSPI,244,244,244,0,0,0,0
1522,097950,2019,KOSPI,246,246,246,0,0,0,0
1522,097950,2020,KOSPI,248,248,248,0,0,0,0
1522,097950,2021,KOSPI,248,248,248,0,0,0,0
1522,097950,2022,KOSPI,246,246,246,0,0,0,0
1522,097950,2023,KOSPI,245,245,245,0,0,0,0
1522,097950,2024,KOSPI,244,244,244,0,0,0,0
1522,097950,2025,KOSPI,242,242,242,0,0,0,0
1522,097950,2026,KOSPI,166,166,166,0,0,0,0
1524,098070,2025,KOSDAQ,192,192,192,0,0,0,0
1524,098070,2026,KOSDAQ,166,166,166,0,0,0,0
1525,098120,2013,KOSDAQ,247,247,247,0,0,0,0
1525,098120,2014,KOSDAQ,245,245,245,0,0,0,0
1525,098120,2015,KOSDAQ,248,248,248,0,0,0,0
1525,098120,2016,KOSDAQ,246,246,246,0,0,0,0
1525,098120,2017,KOSDAQ,243,243,243,0,0,0,0
1525,098120,2018,KOSDAQ,244,244,244,0,0,0,0
1525,098120,2019,KOSDAQ,246,246,246,0,0,0,0
1525,098120,2020,KOSDAQ,248,248,248,0,0,0,0
1525,098120,2021,KOSDAQ,248,248,248,0,0,0,0
1525,098120,2022,KOSDAQ,246,246,246,0,0,0,0
1525,098120,2023,KOSDAQ,245,245,245,0,0,0,0
1525,098120,2024,KOSDAQ,244,244,244,0,0,0,0
1525,098120,2025,KOSDAQ,242,242,242,0,0,0,0
1525,098120,2026,KOSDAQ,166,166,166,0,0,0,0
1526,098460,2013,KOSDAQ,247,247,247,0,0,0,0
1526,098460,2014,KOSDAQ,245,245,245,0,0,0,0
1526,098460,2015,KOSDAQ,248,248,248,0,0,0,0
1526,098460,2016,KOSDAQ,246,246,246,0,0,0,0
1526,098460,2017,KOSDAQ,243,243,243,0,0,0,0
1526,098460,2018,KOSDAQ,244,244,244,0,0,0,0
1526,098460,2019,KOSDAQ,246,246,246,0,0,0,0
1526,098460,2020,KOSDAQ,248,248,248,0,0,0,0
1526,098460,2021,KOSDAQ,248,248,248,0,0,0,0
1526,098460,2022,KOSDAQ,246,246,246,0,0,0,0
1526,098460,2023,KOSDAQ,245,245,245,0,0,0,0
1526,098460,2024,KOSDAQ,244,244,244,0,0,0,0
1526,098460,2025,KOSDAQ,242,242,242,0,0,0,0
1526,098460,2026,KOSDAQ,166,166,166,0,0,0,0
1527,098660,2013,KOSDAQ,247,247,247,0,0,0,0
1527,098660,2014,KOSDAQ,245,245,245,0,0,0,0
1527,098660,2015,KOSDAQ,248,248,248,0,0,0,0
1527,098660,2016,KOSDAQ,246,246,246,0,0,0,0
1527,098660,2017,KOSDAQ,243,243,243,0,0,0,0
1527,098660,2018,KOSDAQ,244,244,244,0,0,0,0
1527,098660,2019,KOSDAQ,246,246,246,0,0,0,0
1527,098660,2020,KOSDAQ,248,248,248,0,0,0,0
1527,098660,2021,KOSDAQ,248,248,248,0,0,0,0
1527,098660,2022,KOSDAQ,246,246,246,0,0,0,0
1527,098660,2023,KOSDAQ,245,245,245,0,0,0,0
1527,098660,2024,KOSDAQ,244,244,244,0,0,0,0
1527,098660,2025,KOSDAQ,242,242,242,0,0,0,0
1527,098660,2026,KOSDAQ,166,166,166,0,0,0,0
1528,099190,2013,KOSDAQ,227,227,227,0,0,0,0
1528,099190,2014,KOSDAQ,245,245,245,0,0,0,0
1528,099190,2015,KOSDAQ,248,248,248,0,0,0,0
1528,099190,2016,KOSDAQ,246,246,246,0,0,0,0
1528,099190,2017,KOSDAQ,243,243,243,0,0,0,0
1528,099190,2018,KOSDAQ,244,244,244,0,0,0,0
1528,099190,2019,KOSDAQ,246,246,246,0,0,0,0
1528,099190,2020,KOSDAQ,248,248,248,0,0,0,0
1528,099190,2021,KOSDAQ,248,248,248,0,0,0,0
1528,099190,2022,KOSDAQ,246,246,246,0,0,0,0
1528,099190,2023,KOSDAQ,245,245,245,0,0,0,0
1528,099190,2024,KOSDAQ,244,244,244,0,0,0,0
1528,099190,2025,KOSDAQ,242,242,242,0,0,0,0
1528,099190,2026,KOSDAQ,166,166,166,0,0,0,0
1529,099220,2013,KOSDAQ,247,247,247,0,0,0,0
1529,099220,2014,KOSDAQ,245,245,245,0,0,0,0
1529,099220,2015,KOSDAQ,248,248,248,0,0,0,0
1529,099220,2016,KOSDAQ,246,246,246,0,0,0,0
1529,099220,2017,KOSDAQ,243,243,243,0,0,0,0
1529,099220,2018,KOSDAQ,244,244,244,0,0,0,0
1529,099220,2019,KOSDAQ,246,246,246,0,0,0,0
1529,099220,2020,KOSDAQ,248,248,248,0,0,0,0
1529,099220,2021,KOSDAQ,248,248,248,0,0,0,0
1529,099220,2022,KOSDAQ,246,246,246,0,0,0,0
1529,099220,2023,KOSDAQ,245,245,245,0,0,0,0
1529,099220,2024,KOSDAQ,244,244,244,0,0,0,0
1529,099220,2025,KOSDAQ,242,242,242,0,0,0,0
1529,099220,2026,KOSDAQ,166,166,166,0,0,0,0
1530,099320,2013,KOSDAQ,247,247,247,0,0,0,0
1530,099320,2014,KOSDAQ,245,245,245,0,0,0,0
1530,099320,2015,KOSDAQ,248,248,248,0,0,0,0
1530,099320,2016,KOSDAQ,246,246,246,0,0,0,0
1530,099320,2017,KOSDAQ,243,243,243,0,0,0,0
1530,099320,2018,KOSDAQ,244,244,244,0,0,0,0
1530,099320,2019,KOSDAQ,246,246,246,0,0,0,0
1530,099320,2020,KOSDAQ,248,248,248,0,0,0,0
1530,099320,2021,KOSDAQ,248,248,248,0,0,0,0
1530,099320,2022,KOSDAQ,246,246,246,0,0,0,0
1530,099320,2023,KOSDAQ,245,245,245,0,0,0,0
1530,099320,2024,KOSDAQ,244,244,244,0,0,0,0
1530,099320,2025,KOSDAQ,242,242,242,0,0,0,0
1530,099320,2026,KOSDAQ,166,166,166,0,0,0,0
1531,099390,2021,KOSDAQ,91,91,91,0,0,0,0
1531,099390,2022,KOSDAQ,246,246,246,0,0,0,0
1531,099390,2023,KOSDAQ,245,245,245,0,0,0,0
1531,099390,2024,KOSDAQ,244,244,244,0,0,0,0
1531,099390,2025,KOSDAQ,242,242,242,0,0,0,0
1531,099390,2026,KOSDAQ,166,166,166,0,0,0,0
1532,099410,2013,KOSDAQ,247,247,247,0,0,0,0
1532,099410,2014,KOSDAQ,245,245,245,0,0,0,0
1532,099410,2015,KOSDAQ,248,248,247,0,0,1,0
1532,099410,2016,KOSDAQ,246,246,246,0,0,0,0
1532,099410,2017,KOSDAQ,243,243,243,0,0,0,0
1532,099410,2018,KOSDAQ,244,244,244,0,0,0,0
1532,099410,2019,KOSDAQ,246,246,246,0,0,0,0
1532,099410,2020,KOSDAQ,248,248,248,0,0,0,0
1532,099410,2021,KOSDAQ,248,248,248,0,0,0,0
1532,099410,2022,KOSDAQ,246,246,246,0,0,0,0
1532,099410,2023,KOSDAQ,245,245,245,0,0,0,0
1532,099410,2024,KOSDAQ,244,244,244,0,0,0,0
1532,099410,2025,KOSDAQ,242,242,242,0,0,0,0
1532,099410,2026,KOSDAQ,166,166,166,0,0,0,0
1533,099430,2021,KOSDAQ,67,67,67,0,0,0,0
1533,099430,2022,KOSDAQ,246,246,246,0,0,0,0
1533,099430,2023,KOSDAQ,245,245,245,0,0,0,0
1533,099430,2024,KOSDAQ,244,244,244,0,0,0,0
1533,099430,2025,KOSDAQ,242,242,242,0,0,0,0
1533,099430,2026,KOSDAQ,166,166,166,0,0,0,0
1534,099440,2013,KOSDAQ,247,247,247,0,0,0,0
1534,099440,2014,KOSDAQ,245,245,245,0,0,0,0
1534,099440,2015,KOSDAQ,248,248,248,0,0,0,0
1534,099440,2016,KOSDAQ,246,246,246,0,0,0,0
1534,099440,2017,KOSDAQ,243,243,243,0,0,0,0
1534,099440,2018,KOSDAQ,244,244,244,0,0,0,0
1534,099440,2019,KOSDAQ,246,246,246,0,0,0,0
1534,099440,2020,KOSDAQ,248,248,248,0,0,0,0
1534,099440,2021,KOSDAQ,248,248,248,0,0,0,0
1534,099440,2022,KOSDAQ,246,246,246,0,0,0,0
1534,099440,2023,KOSDAQ,245,245,245,0,0,0,0
1534,099440,2024,KOSDAQ,244,244,244,0,0,0,0
1534,099440,2025,KOSDAQ,242,242,242,0,0,0,0
1534,099440,2026,KOSDAQ,166,166,166,0,0,0,0
1535,099520,2013,KOSDAQ,247,247,247,0,0,0,0
1535,099520,2014,KOSDAQ,245,245,245,0,0,0,0
1535,099520,2015,KOSDAQ,248,248,248,0,0,0,0
1535,099520,2016,KOSDAQ,246,246,246,0,0,0,0
1535,099520,2017,KOSDAQ,243,243,243,0,0,0,0
1535,099520,2018,KOSDAQ,244,244,243,0,0,1,0
1535,099520,2019,KOSDAQ,246,246,246,0,0,0,0
1535,099520,2020,KOSDAQ,248,248,248,0,0,0,0
1535,099520,2021,KOSDAQ,248,248,248,0,0,0,0
1535,099520,2022,KOSDAQ,246,246,246,0,0,0,0
1535,099520,2023,KOSDAQ,245,245,245,0,0,0,0
1535,099520,2024,KOSDAQ,244,244,244,0,0,0,0
1535,099520,2025,KOSDAQ,242,242,242,0,0,0,0
1535,099520,2026,KOSDAQ,166,166,166,0,0,0,0
1536,099750,2019,KOSDAQ,193,193,193,0,0,0,0
1536,099750,2020,KOSDAQ,248,248,248,0,0,0,0
1536,099750,2021,KOSDAQ,248,248,248,0,0,0,0
1536,099750,2022,KOSDAQ,246,246,245,0,0,1,0
1536,099750,2023,KOSDAQ,245,245,245,0,0,0,0
1536,099750,2024,KOSDAQ,244,244,244,0,0,0,0
1536,099750,2025,KOSDAQ,242,242,242,0,0,0,0
1536,099750,2026,KOSDAQ,166,166,166,0,0,0,0
1537,100030,2013,KOSDAQ,247,247,247,0,0,0,0
1537,100030,2014,KOSDAQ,245,245,245,0,0,0,0
1537,100030,2015,KOSDAQ,248,248,248,0,0,0,0
1537,100030,2016,KOSDAQ,246,246,246,0,0,0,0
1537,100030,2017,KOSDAQ,243,243,243,0,0,0,0
1537,100030,2018,KOSDAQ,244,244,244,0,0,0,0
1537,100030,2019,KOSDAQ,246,246,246,0,0,0,0
1537,100030,2020,KOSDAQ,248,248,248,0,0,0,0
1537,100030,2021,KOSDAQ,248,248,248,0,0,0,0
1537,100030,2022,KOSDAQ,246,246,246,0,0,0,0
1537,100030,2023,KOSDAQ,245,245,245,0,0,0,0
1537,100030,2024,KOSDAQ,244,244,244,0,0,0,0
1537,100030,2025,KOSDAQ,242,242,242,0,0,0,0
1537,100030,2026,KOSDAQ,166,166,166,0,0,0,0
1538,100090,2023,KOSPI,171,171,171,0,0,0,0
1538,100090,2024,KOSPI,244,244,244,0,0,0,0
1538,100090,2025,KOSPI,242,242,242,0,0,0,0
1538,100090,2026,KOSPI,166,166,166,0,0,0,0
1539,100120,2013,KOSDAQ,247,247,247,0,0,0,0
1539,100120,2014,KOSDAQ,245,245,245,0,0,0,0
1539,100120,2015,KOSDAQ,248,248,248,0,0,0,0
1539,100120,2016,KOSDAQ,246,246,246,0,0,0,0
1539,100120,2017,KOSDAQ,243,243,243,0,0,0,0
1539,100120,2018,KOSDAQ,244,244,244,0,0,0,0
1539,100120,2019,KOSDAQ,246,246,246,0,0,0,0
1539,100120,2020,KOSDAQ,248,248,248,0,0,0,0
1539,100120,2021,KOSDAQ,248,248,248,0,0,0,0
1539,100120,2022,KOSDAQ,246,246,246,0,0,0,0
1539,100120,2023,KOSDAQ,245,245,245,0,0,0,0
1539,100120,2024,KOSDAQ,244,244,244,0,0,0,0
1539,100120,2025,KOSDAQ,242,242,242,0,0,0,0
1539,100120,2026,KOSDAQ,166,166,166,0,0,0,0
1540,100130,2013,KOSDAQ,247,247,247,0,0,0,0
1540,100130,2014,KOSDAQ,245,245,245,0,0,0,0
1540,100130,2015,KOSDAQ,248,248,248,0,0,0,0
1540,100130,2016,KOSDAQ,246,246,246,0,0,0,0
1540,100130,2017,KOSDAQ,243,243,243,0,0,0,0
1540,100130,2018,KOSDAQ,244,244,244,0,0,0,0
1540,100130,2019,KOSDAQ,246,246,246,0,0,0,0
1540,100130,2020,KOSDAQ,248,248,248,0,0,0,0
1540,100130,2021,KOSDAQ,248,248,248,0,0,0,0
1540,100130,2022,KOSDAQ,246,246,246,0,0,0,0
1540,100130,2023,KOSDAQ,245,245,245,0,0,0,0
1540,100130,2024,KOSDAQ,244,244,244,0,0,0,0
1540,100130,2025,KOSDAQ,242,242,242,0,0,0,0
1540,100130,2026,KOSDAQ,166,166,166,0,0,0,0
1541,100220,2013,KOSPI,247,247,247,0,0,0,0
1541,100220,2014,KOSPI,245,245,245,0,0,0,0
1541,100220,2015,KOSPI,248,248,248,0,0,0,0
1541,100220,2016,KOSPI,246,246,246,0,0,0,0
1541,100220,2017,KOSPI,243,243,243,0,0,0,0
1541,100220,2018,KOSPI,244,244,244,0,0,0,0
1541,100220,2019,KOSPI,246,246,246,0,0,0,0
1541,100220,2020,KOSPI,248,248,248,0,0,0,0
1541,100220,2021,KOSPI,248,248,248,0,0,0,0
1541,100220,2022,KOSPI,246,246,246,0,0,0,0
1541,100220,2023,KOSPI,245,245,245,0,0,0,0
1541,100220,2024,KOSPI,244,244,244,0,0,0,0
1541,100220,2025,KOSPI,242,242,242,0,0,0,0
1541,100220,2026,KOSPI,166,166,166,0,0,0,0
1542,100250,2013,KOSPI,247,247,247,0,0,0,0
1542,100250,2014,KOSPI,245,245,245,0,0,0,0
1542,100250,2015,KOSPI,248,248,248,0,0,0,0
1542,100250,2016,KOSPI,246,246,246,0,0,0,0
1542,100250,2017,KOSPI,243,243,243,0,0,0,0
1542,100250,2018,KOSPI,244,244,244,0,0,0,0
1542,100250,2019,KOSPI,246,246,246,0,0,0,0
1542,100250,2020,KOSPI,248,248,248,0,0,0,0
1542,100250,2021,KOSPI,248,248,248,0,0,0,0
1542,100250,2022,KOSPI,246,246,246,0,0,0,0
1542,100250,2023,KOSPI,245,245,245,0,0,0,0
1542,100250,2024,KOSPI,244,244,244,0,0,0,0
1542,100250,2025,KOSPI,242,242,242,0,0,0,0
1542,100250,2026,KOSPI,166,166,166,0,0,0,0
1543,100590,2018,KOSDAQ,10,10,10,0,0,0,0
1543,100590,2019,KOSDAQ,246,246,246,0,0,0,0
1543,100590,2020,KOSDAQ,248,248,248,0,0,0,0
1543,100590,2021,KOSDAQ,248,248,248,0,0,0,0
1543,100590,2022,KOSDAQ,246,246,246,0,0,0,0
1543,100590,2023,KOSDAQ,245,245,245,0,0,0,0
1543,100590,2024,KOSDAQ,244,244,244,0,0,0,0
1543,100590,2025,KOSDAQ,242,242,242,0,0,0,0
1543,100590,2026,KOSDAQ,166,166,166,0,0,0,0
1544,100660,2013,KOSDAQ,247,247,247,0,0,0,0
1544,100660,2014,KOSDAQ,245,245,245,0,0,0,0
1544,100660,2015,KOSDAQ,248,248,248,0,0,0,0
1544,100660,2016,KOSDAQ,246,246,246,0,0,0,0
1544,100660,2017,KOSDAQ,243,243,243,0,0,0,0
1544,100660,2018,KOSDAQ,244,244,244,0,0,0,0
1544,100660,2019,KOSDAQ,246,246,246,0,0,0,0
1544,100660,2020,KOSDAQ,248,248,248,0,0,0,0
1544,100660,2021,KOSDAQ,248,248,248,0,0,0,0
1544,100660,2022,KOSDAQ,246,246,246,0,0,0,0
1544,100660,2023,KOSDAQ,245,245,245,0,0,0,0
1544,100660,2024,KOSDAQ,244,244,244,0,0,0,0
1544,100660,2025,KOSDAQ,242,242,242,0,0,0,0
1544,100660,2026,KOSDAQ,166,166,166,0,0,0,0
1545,100700,2013,KOSDAQ,247,247,247,0,0,0,0
1545,100700,2014,KOSDAQ,245,245,245,0,0,0,0
1545,100700,2015,KOSDAQ,248,248,248,0,0,0,0
1545,100700,2016,KOSDAQ,246,246,246,0,0,0,0
1545,100700,2017,KOSDAQ,243,243,243,0,0,0,0
1545,100700,2018,KOSDAQ,244,244,244,0,0,0,0
1545,100700,2019,KOSDAQ,246,246,246,0,0,0,0
1545,100700,2020,KOSDAQ,248,248,248,0,0,0,0
1545,100700,2021,KOSDAQ,248,248,248,0,0,0,0
1545,100700,2022,KOSDAQ,246,246,246,0,0,0,0
1545,100700,2023,KOSDAQ,245,245,245,0,0,0,0
1545,100700,2024,KOSDAQ,244,244,244,0,0,0,0
1545,100700,2025,KOSDAQ,242,242,242,0,0,0,0
1545,100700,2026,KOSDAQ,166,166,166,0,0,0,0
1546,100790,2019,KOSDAQ,198,198,198,0,0,0,0
1546,100790,2020,KOSDAQ,248,248,248,0,0,0,0
1546,100790,2021,KOSDAQ,248,248,248,0,0,0,0
1546,100790,2022,KOSDAQ,246,246,246,0,0,0,0
1546,100790,2023,KOSDAQ,245,245,245,0,0,0,0
1546,100790,2024,KOSDAQ,244,244,244,0,0,0,0
1546,100790,2025,KOSDAQ,242,242,242,0,0,0,0
1546,100790,2026,KOSDAQ,166,166,166,0,0,0,0
1547,100840,2013,KOSPI,247,247,247,0,0,0,0
1547,100840,2014,KOSPI,245,245,245,0,0,0,0
1547,100840,2015,KOSPI,248,248,248,0,0,0,0
1547,100840,2016,KOSPI,246,246,246,0,0,0,0
1547,100840,2017,KOSPI,243,243,243,0,0,0,0
1547,100840,2018,KOSPI,244,244,244,0,0,0,0
1547,100840,2019,KOSPI,246,246,246,0,0,0,0
1547,100840,2020,KOSPI,248,248,248,0,0,0,0
1547,100840,2021,KOSPI,248,248,248,0,0,0,0
1547,100840,2022,KOSPI,246,246,246,0,0,0,0
1547,100840,2023,KOSPI,245,245,244,0,0,1,0
1547,100840,2024,KOSPI,244,244,244,0,0,0,0
1547,100840,2025,KOSPI,242,242,242,0,0,0,0
1547,100840,2026,KOSPI,166,166,166,0,0,0,0
1548,101000,2013,KOSDAQ,247,247,247,0,0,0,0
1548,101000,2014,KOSDAQ,245,245,245,0,0,0,0
1548,101000,2015,KOSDAQ,248,248,248,0,0,0,0
1548,101000,2016,KOSDAQ,246,246,246,0,0,0,0
1548,101000,2017,KOSDAQ,243,243,243,0,0,0,0
1548,101000,2018,KOSDAQ,244,244,244,0,0,0,0
1548,101000,2019,KOSDAQ,246,246,246,0,0,0,0
1548,101000,2020,KOSDAQ,248,248,248,0,0,0,0
1548,101000,2021,KOSDAQ,248,248,248,0,0,0,0
1548,101000,2022,KOSDAQ,246,246,246,0,0,0,0
1548,101000,2023,KOSDAQ,245,245,245,0,0,0,0
1548,101000,2024,KOSDAQ,244,244,244,0,0,0,0
1548,101000,2025,KOSDAQ,242,242,240,0,0,2,0
1548,101000,2026,KOSDAQ,166,166,166,0,0,0,0
1549,101140,2013,KOSPI,247,247,247,0,0,0,0
1549,101140,2014,KOSPI,245,245,245,0,0,0,0
1549,101140,2015,KOSPI,248,248,248,0,0,0,0
1549,101140,2016,KOSPI,246,246,246,0,0,0,0
1549,101140,2017,KOSPI,243,243,243,0,0,0,0
1549,101140,2018,KOSPI,244,244,244,0,0,0,0
1549,101140,2019,KOSPI,246,246,246,0,0,0,0
1549,101140,2020,KOSPI,248,248,248,0,0,0,0
1549,101140,2021,KOSPI,248,248,248,0,0,0,0
1549,101140,2022,KOSPI,246,246,246,0,0,0,0
1549,101140,2023,KOSPI,245,245,245,0,0,0,0
1549,101140,2024,KOSPI,244,244,244,0,0,0,0
1549,101140,2025,KOSPI,242,242,242,0,0,0,0
1549,101140,2026,KOSPI,166,166,166,0,0,0,0
1550,101160,2013,KOSDAQ,247,247,247,0,0,0,0
1550,101160,2014,KOSDAQ,245,245,245,0,0,0,0
1550,101160,2015,KOSDAQ,248,248,248,0,0,0,0
1550,101160,2016,KOSDAQ,246,246,246,0,0,0,0
1550,101160,2017,KOSDAQ,243,243,243,0,0,0,0
1550,101160,2018,KOSDAQ,244,244,244,0,0,0,0
1550,101160,2019,KOSDAQ,246,246,246,0,0,0,0
1550,101160,2020,KOSDAQ,248,248,248,0,0,0,0
1550,101160,2021,KOSDAQ,248,248,248,0,0,0,0
1550,101160,2022,KOSDAQ,246,246,246,0,0,0,0
1550,101160,2023,KOSDAQ,245,245,245,0,0,0,0
1550,101160,2024,KOSDAQ,244,244,244,0,0,0,0
1550,101160,2025,KOSDAQ,242,242,242,0,0,0,0
1550,101160,2026,KOSDAQ,166,166,166,0,0,0,0
1551,101170,2013,KOSDAQ,247,247,247,0,0,0,0
1551,101170,2014,KOSDAQ,245,245,245,0,0,0,0
1551,101170,2015,KOSDAQ,248,248,248,0,0,0,0
1551,101170,2016,KOSDAQ,246,246,246,0,0,0,0
1551,101170,2017,KOSDAQ,243,243,243,0,0,0,0
1551,101170,2018,KOSDAQ,244,244,244,0,0,0,0
1551,101170,2019,KOSDAQ,246,246,246,0,0,0,0
1551,101170,2020,KOSDAQ,248,248,248,0,0,0,0
1551,101170,2021,KOSDAQ,248,248,248,0,0,0,0
1551,101170,2022,KOSDAQ,246,246,246,0,0,0,0
1551,101170,2023,KOSDAQ,245,245,245,0,0,0,0
1551,101170,2024,KOSDAQ,244,244,244,0,0,0,0
1551,101170,2025,KOSDAQ,242,242,242,0,0,0,0
1551,101170,2026,KOSDAQ,166,166,166,0,0,0,0
1552,101240,2013,KOSDAQ,247,247,247,0,0,0,0
1552,101240,2014,KOSDAQ,245,245,245,0,0,0,0
1552,101240,2015,KOSDAQ,248,248,248,0,0,0,0
1552,101240,2016,KOSDAQ,246,246,246,0,0,0,0
1552,101240,2017,KOSDAQ,243,243,243,0,0,0,0
1552,101240,2018,KOSDAQ,244,244,244,0,0,0,0
1552,101240,2019,KOSDAQ,246,246,246,0,0,0,0
1552,101240,2020,KOSDAQ,248,248,248,0,0,0,0
1552,101240,2021,KOSDAQ,248,248,248,0,0,0,0
1552,101240,2022,KOSDAQ,246,246,246,0,0,0,0
1552,101240,2023,KOSDAQ,245,245,245,0,0,0,0
1552,101240,2024,KOSDAQ,244,244,244,0,0,0,0
1552,101240,2025,KOSDAQ,242,242,242,0,0,0,0
1552,101240,2026,KOSDAQ,166,166,166,0,0,0,0
1553,101330,2013,KOSDAQ,247,247,247,0,0,0,0
1553,101330,2014,KOSDAQ,245,245,245,0,0,0,0
1553,101330,2015,KOSDAQ,248,248,248,0,0,0,0
1553,101330,2016,KOSDAQ,246,246,246,0,0,0,0
1553,101330,2017,KOSDAQ,243,243,243,0,0,0,0
1553,101330,2018,KOSDAQ,244,244,244,0,0,0,0
1553,101330,2019,KOSDAQ,246,246,246,0,0,0,0
1553,101330,2020,KOSDAQ,248,248,248,0,0,0,0
1553,101330,2021,KOSDAQ,248,248,248,0,0,0,0
1553,101330,2022,KOSDAQ,246,246,246,0,0,0,0
1553,101330,2023,KOSDAQ,245,245,245,0,0,0,0
1553,101330,2024,KOSDAQ,244,244,244,0,0,0,0
1553,101330,2025,KOSDAQ,242,242,242,0,0,0,0
1553,101330,2026,KOSDAQ,166,166,166,0,0,0,0
1554,101360,2020,KOSDAQ,104,104,104,0,0,0,0
1554,101360,2021,KOSDAQ,248,248,248,0,0,0,0
1554,101360,2022,KOSDAQ,246,246,246,0,0,0,0
1554,101360,2023,KOSDAQ,245,245,245,0,0,0,0
1554,101360,2024,KOSDAQ,244,244,244,0,0,0,0
1554,101360,2025,KOSDAQ,242,242,242,0,0,0,0
1554,101360,2026,KOSDAQ,166,166,166,0,0,0,0
1555,101400,2013,KOSDAQ,247,247,247,0,0,0,0
1555,101400,2014,KOSDAQ,245,245,245,0,0,0,0
1555,101400,2015,KOSDAQ,248,248,248,0,0,0,0
1555,101400,2016,KOSDAQ,246,246,246,0,0,0,0
1555,101400,2017,KOSDAQ,243,243,243,0,0,0,0
1555,101400,2018,KOSDAQ,244,244,244,0,0,0,0
1555,101400,2019,KOSDAQ,246,246,246,0,0,0,0
1555,101400,2020,KOSDAQ,248,248,248,0,0,0,0
1555,101400,2021,KOSDAQ,248,248,248,0,0,0,0
1555,101400,2022,KOSDAQ,246,246,246,0,0,0,0
1555,101400,2023,KOSDAQ,245,245,245,0,0,0,0
1555,101400,2024,KOSDAQ,244,244,244,0,0,0,0
1555,101400,2025,KOSDAQ,242,242,242,0,0,0,0
1555,101400,2026,KOSDAQ,166,166,166,0,0,0,0
1556,101490,2013,KOSDAQ,247,247,247,0,0,0,0
1556,101490,2014,KOSDAQ,245,245,245,0,0,0,0
1556,101490,2015,KOSDAQ,248,248,248,0,0,0,0
1556,101490,2016,KOSDAQ,246,246,246,0,0,0,0
1556,101490,2017,KOSDAQ,243,243,243,0,0,0,0
1556,101490,2018,KOSDAQ,244,244,244,0,0,0,0
1556,101490,2019,KOSDAQ,246,246,246,0,0,0,0
1556,101490,2020,KOSDAQ,248,248,248,0,0,0,0
1556,101490,2021,KOSDAQ,248,248,248,0,0,0,0
1556,101490,2022,KOSDAQ,246,246,246,0,0,0,0
1556,101490,2023,KOSDAQ,245,245,245,0,0,0,0
1556,101490,2024,KOSDAQ,244,244,244,0,0,0,0
1556,101490,2025,KOSDAQ,242,242,242,0,0,0,0
1556,101490,2026,KOSDAQ,166,166,166,0,0,0,0
1557,101530,2016,KOSPI,161,161,161,0,0,0,0
1557,101530,2017,KOSPI,243,243,243,0,0,0,0
1557,101530,2018,KOSPI,244,244,244,0,0,0,0
1557,101530,2019,KOSPI,246,246,246,0,0,0,0
1557,101530,2020,KOSPI,248,248,248,0,0,0,0
1557,101530,2021,KOSPI,248,248,248,0,0,0,0
1557,101530,2022,KOSPI,246,246,246,0,0,0,0
1557,101530,2023,KOSPI,245,245,245,0,0,0,0
1557,101530,2024,KOSPI,244,244,244,0,0,0,0
1557,101530,2025,KOSPI,242,242,242,0,0,0,0
1557,101530,2026,KOSPI,166,166,166,0,0,0,0
1558,101670,2013,KOSDAQ,247,247,247,0,0,0,0
1558,101670,2014,KOSDAQ,245,245,245,0,0,0,0
1558,101670,2015,KOSDAQ,248,248,248,0,0,0,0
1558,101670,2016,KOSDAQ,246,246,246,0,0,0,0
1558,101670,2017,KOSDAQ,243,243,243,0,0,0,0
1558,101670,2018,KOSDAQ,244,244,244,0,0,0,0
1558,101670,2019,KOSDAQ,246,246,246,0,0,0,0
1558,101670,2020,KOSDAQ,248,248,248,0,0,0,0
1558,101670,2021,KOSDAQ,248,248,248,0,0,0,0
1558,101670,2022,KOSDAQ,246,246,246,0,0,0,0
1558,101670,2023,KOSDAQ,245,245,245,0,0,0,0
1558,101670,2024,KOSDAQ,244,244,244,0,0,0,0
1558,101670,2025,KOSDAQ,242,242,242,0,0,0,0
1558,101670,2026,KOSDAQ,166,166,166,0,0,0,0
1559,101680,2013,KOSDAQ,247,247,247,0,0,0,0
1559,101680,2014,KOSDAQ,245,245,245,0,0,0,0
1559,101680,2015,KOSDAQ,248,248,248,0,0,0,0
1559,101680,2016,KOSDAQ,246,246,246,0,0,0,0
1559,101680,2017,KOSDAQ,243,243,243,0,0,0,0
1559,101680,2018,KOSDAQ,244,244,244,0,0,0,0
1559,101680,2019,KOSDAQ,246,246,246,0,0,0,0
1559,101680,2020,KOSDAQ,248,248,248,0,0,0,0
1559,101680,2021,KOSDAQ,248,248,248,0,0,0,0
1559,101680,2022,KOSDAQ,246,246,246,0,0,0,0
1559,101680,2023,KOSDAQ,245,245,245,0,0,0,0
1559,101680,2024,KOSDAQ,244,244,244,0,0,0,0
1559,101680,2025,KOSDAQ,242,242,242,0,0,0,0
1559,101680,2026,KOSDAQ,166,166,166,0,0,0,0
1560,101730,2013,KOSDAQ,247,247,247,0,0,0,0
1560,101730,2014,KOSDAQ,245,245,245,0,0,0,0
1560,101730,2015,KOSDAQ,248,248,248,0,0,0,0
1560,101730,2016,KOSDAQ,246,246,246,0,0,0,0
1560,101730,2017,KOSDAQ,243,243,243,0,0,0,0
1560,101730,2018,KOSDAQ,244,244,244,0,0,0,0
1560,101730,2019,KOSDAQ,246,246,246,0,0,0,0
1560,101730,2020,KOSDAQ,248,248,248,0,0,0,0
1560,101730,2021,KOSDAQ,248,248,248,0,0,0,0
1560,101730,2022,KOSDAQ,246,246,246,0,0,0,0
1560,101730,2023,KOSDAQ,245,245,245,0,0,0,0
1560,101730,2024,KOSDAQ,244,244,244,0,0,0,0
1560,101730,2025,KOSDAQ,242,242,242,0,0,0,0
1560,101730,2026,KOSDAQ,166,166,166,0,0,0,0
1561,101930,2013,KOSDAQ,247,247,247,0,0,0,0
1561,101930,2014,KOSDAQ,245,245,245,0,0,0,0
1561,101930,2015,KOSDAQ,248,248,248,0,0,0,0
1561,101930,2016,KOSDAQ,246,246,246,0,0,0,0
1561,101930,2017,KOSDAQ,243,243,243,0,0,0,0
1561,101930,2018,KOSDAQ,244,244,244,0,0,0,0
1561,101930,2019,KOSDAQ,246,246,246,0,0,0,0
1561,101930,2020,KOSDAQ,248,248,248,0,0,0,0
1561,101930,2021,KOSDAQ,248,248,248,0,0,0,0
1561,101930,2022,KOSDAQ,246,246,246,0,0,0,0
1561,101930,2023,KOSDAQ,245,245,245,0,0,0,0
1561,101930,2024,KOSDAQ,244,244,244,0,0,0,0
1561,101930,2025,KOSDAQ,242,242,242,0,0,0,0
1561,101930,2026,KOSDAQ,166,166,166,0,0,0,0
1563,102120,2013,KOSDAQ,247,247,247,0,0,0,0
1563,102120,2014,KOSDAQ,245,245,245,0,0,0,0
1563,102120,2015,KOSDAQ,248,248,248,0,0,0,0
1563,102120,2016,KOSDAQ,246,246,246,0,0,0,0
1563,102120,2017,KOSDAQ,243,243,243,0,0,0,0
1563,102120,2018,KOSDAQ,244,244,244,0,0,0,0
1563,102120,2019,KOSDAQ,246,246,246,0,0,0,0
1563,102120,2020,KOSDAQ,248,248,248,0,0,0,0
1563,102120,2021,KOSDAQ,248,248,248,0,0,0,0
1563,102120,2022,KOSDAQ,246,246,246,0,0,0,0
1563,102120,2023,KOSDAQ,245,245,245,0,0,0,0
1563,102120,2024,KOSDAQ,244,244,244,0,0,0,0
1563,102120,2025,KOSDAQ,242,242,242,0,0,0,0
1563,102120,2026,KOSDAQ,166,166,166,0,0,0,0
1564,102260,2013,KOSPI,247,247,247,0,0,0,0
1564,102260,2014,KOSPI,245,245,245,0,0,0,0
1564,102260,2015,KOSPI,248,248,248,0,0,0,0
1564,102260,2016,KOSPI,246,246,246,0,0,0,0
1564,102260,2017,KOSPI,243,243,243,0,0,0,0
1564,102260,2018,KOSPI,244,244,244,0,0,0,0
1564,102260,2019,KOSPI,246,246,246,0,0,0,0
1564,102260,2020,KOSPI,248,248,248,0,0,0,0
1564,102260,2021,KOSPI,248,248,248,0,0,0,0
1564,102260,2022,KOSPI,246,246,246,0,0,0,0
1564,102260,2023,KOSPI,245,245,245,0,0,0,0
1564,102260,2024,KOSPI,244,244,244,0,0,0,0
1564,102260,2025,KOSPI,242,242,242,0,0,0,0
1564,102260,2026,KOSPI,166,166,166,0,0,0,0
1565,102370,2022,KOSDAQ,231,231,231,0,0,0,0
1565,102370,2023,KOSDAQ,245,245,245,0,0,0,0
1565,102370,2024,KOSDAQ,244,244,244,0,0,0,0
1565,102370,2025,KOSDAQ,242,242,242,0,0,0,0
1565,102370,2026,KOSDAQ,166,166,166,0,0,0,0
1566,102460,2013,KOSPI,247,247,247,0,0,0,0
1566,102460,2014,KOSPI,245,245,245,0,0,0,0
1566,102460,2015,KOSPI,248,248,248,0,0,0,0
1566,102460,2016,KOSPI,246,246,246,0,0,0,0
1566,102460,2017,KOSPI,243,243,243,0,0,0,0
1566,102460,2018,KOSPI,244,244,244,0,0,0,0
1566,102460,2019,KOSPI,246,246,246,0,0,0,0
1566,102460,2020,KOSPI,248,248,248,0,0,0,0
1566,102460,2021,KOSPI,248,248,248,0,0,0,0
1566,102460,2022,KOSPI,246,246,246,0,0,0,0
1566,102460,2023,KOSPI,245,245,245,0,0,0,0
1566,102460,2024,KOSPI,244,244,244,0,0,0,0
1566,102460,2025,KOSPI,242,242,242,0,0,0,0
1566,102460,2026,KOSPI,166,166,166,0,0,0,0
1567,102710,2013,KOSDAQ,247,247,247,0,0,0,0
1567,102710,2014,KOSDAQ,245,245,245,0,0,0,0
1567,102710,2015,KOSDAQ,248,248,248,0,0,0,0
1567,102710,2016,KOSDAQ,246,246,246,0,0,0,0
1567,102710,2017,KOSDAQ,243,243,243,0,0,0,0
1567,102710,2018,KOSDAQ,244,244,244,0,0,0,0
1567,102710,2019,KOSDAQ,246,246,246,0,0,0,0
1567,102710,2020,KOSDAQ,248,248,248,0,0,0,0
1567,102710,2021,KOSDAQ,248,248,248,0,0,0,0
1567,102710,2022,KOSDAQ,246,246,246,0,0,0,0
1567,102710,2023,KOSDAQ,245,245,245,0,0,0,0
1567,102710,2024,KOSDAQ,244,244,244,0,0,0,0
1567,102710,2025,KOSDAQ,242,242,242,0,0,0,0
1567,102710,2026,KOSDAQ,166,166,166,0,0,0,0
1568,102940,2013,KOSDAQ,247,247,247,0,0,0,0
1568,102940,2014,KOSDAQ,245,245,245,0,0,0,0
1568,102940,2015,KOSDAQ,248,248,248,0,0,0,0
1568,102940,2016,KOSDAQ,246,246,246,0,0,0,0
1568,102940,2017,KOSDAQ,243,243,243,0,0,0,0
1568,102940,2018,KOSDAQ,244,244,244,0,0,0,0
1568,102940,2019,KOSDAQ,246,246,246,0,0,0,0
1568,102940,2020,KOSDAQ,248,248,248,0,0,0,0
1568,102940,2021,KOSDAQ,248,248,248,0,0,0,0
1568,102940,2022,KOSDAQ,246,246,246,0,0,0,0
1568,102940,2023,KOSDAQ,245,245,245,0,0,0,0
1568,102940,2024,KOSDAQ,244,244,244,0,0,0,0
1568,102940,2025,KOSDAQ,242,242,242,0,0,0,0
1568,102940,2026,KOSDAQ,166,166,166,0,0,0,0
1569,103140,2013,KOSPI,247,247,247,0,0,0,0
1569,103140,2014,KOSPI,245,245,245,0,0,0,0
1569,103140,2015,KOSPI,248,248,248,0,0,0,0
1569,103140,2016,KOSPI,246,246,246,0,0,0,0
1569,103140,2017,KOSPI,243,243,243,0,0,0,0
1569,103140,2018,KOSPI,244,244,244,0,0,0,0
1569,103140,2019,KOSPI,246,246,246,0,0,0,0
1569,103140,2020,KOSPI,248,248,248,0,0,0,0
1569,103140,2021,KOSPI,248,248,248,0,0,0,0
1569,103140,2022,KOSPI,246,246,246,0,0,0,0
1569,103140,2023,KOSPI,245,245,245,0,0,0,0
1569,103140,2024,KOSPI,244,244,244,0,0,0,0
1569,103140,2025,KOSPI,242,242,242,0,0,0,0
1569,103140,2026,KOSPI,166,166,166,0,0,0,0
1570,103230,2013,KOSDAQ,247,247,247,0,0,0,0
1570,103230,2014,KOSDAQ,245,245,245,0,0,0,0
1570,103230,2015,KOSDAQ,248,248,248,0,0,0,0
1570,103230,2016,KOSDAQ,246,246,246,0,0,0,0
1570,103230,2017,KOSDAQ,243,243,243,0,0,0,0
1570,103230,2018,KOSDAQ,244,244,244,0,0,0,0
1570,103230,2019,KOSDAQ,246,246,246,0,0,0,0
1570,103230,2020,KOSDAQ,248,248,248,0,0,0,0
1570,103230,2021,KOSDAQ,248,248,248,0,0,0,0
1570,103230,2022,KOSDAQ,246,246,246,0,0,0,0
1570,103230,2023,KOSDAQ,245,245,245,0,0,0,0
1570,103230,2024,KOSDAQ,244,244,244,0,0,0,0
1570,103230,2025,KOSDAQ,242,242,242,0,0,0,0
1570,103230,2026,KOSDAQ,166,166,166,0,0,0,0
1571,103590,2013,KOSPI,247,247,247,0,0,0,0
1571,103590,2014,KOSPI,245,245,245,0,0,0,0
1571,103590,2015,KOSPI,248,248,248,0,0,0,0
1571,103590,2016,KOSPI,246,246,246,0,0,0,0
1571,103590,2017,KOSPI,243,243,243,0,0,0,0
1571,103590,2018,KOSPI,244,244,244,0,0,0,0
1571,103590,2019,KOSPI,246,246,246,0,0,0,0
1571,103590,2020,KOSPI,248,248,248,0,0,0,0
1571,103590,2021,KOSPI,248,248,248,0,0,0,0
1571,103590,2022,KOSPI,246,246,246,0,0,0,0
1571,103590,2023,KOSPI,245,245,245,0,0,0,0
1571,103590,2024,KOSPI,244,244,244,0,0,0,0
1571,103590,2025,KOSPI,242,242,242,0,0,0,0
1571,103590,2026,KOSPI,166,166,166,0,0,0,0
1572,103840,2019,KOSDAQ,28,28,28,0,0,0,0
1572,103840,2020,KOSDAQ,248,248,248,0,0,0,0
1572,103840,2021,KOSDAQ,248,248,248,0,0,0,0
1572,103840,2022,KOSDAQ,246,246,246,0,0,0,0
1572,103840,2023,KOSDAQ,245,245,245,0,0,0,0
1572,103840,2024,KOSDAQ,244,244,244,0,0,0,0
1572,103840,2025,KOSDAQ,242,242,242,0,0,0,0
1572,103840,2026,KOSDAQ,166,166,166,0,0,0,0
1573,104040,2013,KOSDAQ,247,247,247,0,0,0,0
1573,104040,2014,KOSDAQ,245,245,245,0,0,0,0
1573,104040,2015,KOSDAQ,248,248,248,0,0,0,0
1573,104040,2016,KOSDAQ,246,246,246,0,0,0,0
1573,104040,2017,KOSDAQ,243,243,243,0,0,0,0
1573,104040,2018,KOSDAQ,244,244,244,0,0,0,0
1573,104040,2019,KOSDAQ,246,246,246,0,0,0,0
1573,104040,2020,KOSDAQ,248,248,248,0,0,0,0
1573,104040,2021,KOSDAQ,248,248,248,0,0,0,0
1573,104040,2022,KOSDAQ,246,246,246,0,0,0,0
1573,104040,2023,KOSDAQ,245,245,245,0,0,0,0
1573,104040,2024,KOSDAQ,244,244,244,0,0,0,0
1573,104040,2025,KOSDAQ,242,242,242,0,0,0,0
1573,104040,2026,KOSDAQ,166,166,166,0,0,0,0
1574,104200,2013,KOSDAQ,247,247,247,0,0,0,0
1574,104200,2014,KOSDAQ,245,245,245,0,0,0,0
1574,104200,2015,KOSDAQ,248,248,248,0,0,0,0
1574,104200,2016,KOSDAQ,246,246,246,0,0,0,0
1574,104200,2017,KOSDAQ,243,243,243,0,0,0,0
1574,104200,2018,KOSDAQ,244,244,244,0,0,0,0
1574,104200,2019,KOSDAQ,246,246,246,0,0,0,0
1574,104200,2020,KOSDAQ,248,248,248,0,0,0,0
1574,104200,2021,KOSDAQ,248,248,248,0,0,0,0
1574,104200,2022,KOSDAQ,246,246,246,0,0,0,0
1574,104200,2023,KOSDAQ,245,245,245,0,0,0,0
1574,104200,2024,KOSDAQ,244,244,244,0,0,0,0
1574,104200,2025,KOSDAQ,242,242,242,0,0,0,0
1574,104200,2026,KOSDAQ,166,166,166,0,0,0,0
1575,104460,2013,KOSDAQ,247,247,247,0,0,0,0
1575,104460,2014,KOSDAQ,245,245,245,0,0,0,0
1575,104460,2015,KOSDAQ,248,248,248,0,0,0,0
1575,104460,2016,KOSDAQ,246,246,246,0,0,0,0
1575,104460,2017,KOSDAQ,243,243,243,0,0,0,0
1575,104460,2018,KOSDAQ,244,244,244,0,0,0,0
1575,104460,2019,KOSDAQ,246,246,246,0,0,0,0
1575,104460,2020,KOSDAQ,248,248,248,0,0,0,0
1575,104460,2021,KOSDAQ,248,248,248,0,0,0,0
1575,104460,2022,KOSDAQ,246,246,246,0,0,0,0
1575,104460,2023,KOSDAQ,245,245,245,0,0,0,0
1575,104460,2024,KOSDAQ,244,244,244,0,0,0,0
1575,104460,2025,KOSDAQ,242,242,242,0,0,0,0
1575,104460,2026,KOSDAQ,166,166,166,0,0,0,0
1576,104480,2013,KOSDAQ,247,247,247,0,0,0,0
1576,104480,2014,KOSDAQ,245,245,245,0,0,0,0
1576,104480,2015,KOSDAQ,248,248,248,0,0,0,0
1576,104480,2016,KOSDAQ,246,246,246,0,0,0,0
1576,104480,2017,KOSDAQ,243,243,243,0,0,0,0
1576,104480,2018,KOSDAQ,244,244,244,0,0,0,0
1576,104480,2019,KOSDAQ,246,246,246,0,0,0,0
1576,104480,2020,KOSDAQ,248,248,248,0,0,0,0
1576,104480,2021,KOSDAQ,248,248,248,0,0,0,0
1576,104480,2022,KOSDAQ,246,246,246,0,0,0,0
1576,104480,2023,KOSDAQ,245,245,245,0,0,0,0
1576,104480,2024,KOSDAQ,244,244,244,0,0,0,0
1576,104480,2025,KOSDAQ,242,242,242,0,0,0,0
1576,104480,2026,KOSDAQ,166,166,166,0,0,0,0
1577,104540,2013,KOSDAQ,205,205,205,0,0,0,0
1577,104540,2014,KOSDAQ,245,245,245,0,0,0,0
1577,104540,2015,KOSDAQ,248,248,248,0,0,0,0
1577,104540,2016,KOSDAQ,246,246,246,0,0,0,0
1577,104540,2017,KOSDAQ,243,243,243,0,0,0,0
1577,104540,2018,KOSDAQ,244,244,244,0,0,0,0
1577,104540,2019,KOSDAQ,246,246,246,0,0,0,0
1577,104540,2020,KOSDAQ,248,248,248,0,0,0,0
1577,104540,2021,KOSDAQ,248,248,248,0,0,0,0
1577,104540,2022,KOSDAQ,246,246,246,0,0,0,0
1577,104540,2023,KOSDAQ,245,245,245,0,0,0,0
1577,104540,2024,KOSDAQ,244,244,244,0,0,0,0
1577,104540,2025,KOSDAQ,242,242,242,0,0,0,0
1577,104540,2026,KOSDAQ,166,166,166,0,0,0,0
1578,104620,2019,KOSDAQ,226,226,226,0,0,0,0
1578,104620,2020,KOSDAQ,248,248,248,0,0,0,0
1578,104620,2021,KOSDAQ,248,248,248,0,0,0,0
1578,104620,2022,KOSDAQ,246,246,246,0,0,0,0
1578,104620,2023,KOSDAQ,245,245,245,0,0,0,0
1578,104620,2024,KOSDAQ,244,244,244,0,0,0,0
1578,104620,2025,KOSDAQ,242,242,242,0,0,0,0
1578,104620,2026,KOSDAQ,166,166,166,0,0,0,0
1579,104700,2013,KOSPI,247,247,247,0,0,0,0
1579,104700,2014,KOSPI,245,245,245,0,0,0,0
1579,104700,2015,KOSPI,248,248,248,0,0,0,0
1579,104700,2016,KOSPI,246,246,246,0,0,0,0
1579,104700,2017,KOSPI,243,243,243,0,0,0,0
1579,104700,2018,KOSPI,244,244,244,0,0,0,0
1579,104700,2019,KOSPI,246,246,246,0,0,0,0
1579,104700,2020,KOSPI,248,248,248,0,0,0,0
1579,104700,2021,KOSPI,248,248,248,0,0,0,0
1579,104700,2022,KOSPI,246,246,246,0,0,0,0
1579,104700,2023,KOSPI,245,245,245,0,0,0,0
1579,104700,2024,KOSPI,244,244,244,0,0,0,0
1579,104700,2025,KOSPI,242,242,242,0,0,0,0
1579,104700,2026,KOSPI,166,166,166,0,0,0,0
1580,104830,2013,KOSDAQ,247,247,247,0,0,0,0
1580,104830,2014,KOSDAQ,245,245,245,0,0,0,0
1580,104830,2015,KOSDAQ,248,248,248,0,0,0,0
1580,104830,2016,KOSDAQ,246,246,246,0,0,0,0
1580,104830,2017,KOSDAQ,243,243,243,0,0,0,0
1580,104830,2018,KOSDAQ,244,244,244,0,0,0,0
1580,104830,2019,KOSDAQ,246,246,246,0,0,0,0
1580,104830,2020,KOSDAQ,248,248,248,0,0,0,0
1580,104830,2021,KOSDAQ,248,248,248,0,0,0,0
1580,104830,2022,KOSDAQ,246,246,246,0,0,0,0
1580,104830,2023,KOSDAQ,245,245,245,0,0,0,0
1580,104830,2024,KOSDAQ,244,244,244,0,0,0,0
1580,104830,2025,KOSDAQ,242,242,242,0,0,0,0
1580,104830,2026,KOSDAQ,166,166,166,0,0,0,0
1581,105330,2013,KOSDAQ,247,247,247,0,0,0,0
1581,105330,2014,KOSDAQ,245,245,245,0,0,0,0
1581,105330,2015,KOSDAQ,248,248,248,0,0,0,0
1581,105330,2016,KOSDAQ,246,246,246,0,0,0,0
1581,105330,2017,KOSDAQ,243,243,243,0,0,0,0
1581,105330,2018,KOSDAQ,244,244,244,0,0,0,0
1581,105330,2019,KOSDAQ,246,246,246,0,0,0,0
1581,105330,2020,KOSDAQ,248,248,248,0,0,0,0
1581,105330,2021,KOSDAQ,248,248,248,0,0,0,0
1581,105330,2022,KOSDAQ,246,246,246,0,0,0,0
1581,105330,2023,KOSDAQ,245,245,245,0,0,0,0
1581,105330,2024,KOSDAQ,244,244,244,0,0,0,0
1581,105330,2025,KOSDAQ,242,242,242,0,0,0,0
1581,105330,2026,KOSDAQ,166,166,166,0,0,0,0
1582,105550,2014,KOSDAQ,116,116,116,0,0,0,0
1582,105550,2015,KOSDAQ,248,248,248,0,0,0,0
1582,105550,2016,KOSDAQ,246,246,246,0,0,0,0
1582,105550,2017,KOSDAQ,243,243,243,0,0,0,0
1582,105550,2018,KOSDAQ,244,244,244,0,0,0,0
1582,105550,2019,KOSDAQ,246,246,246,0,0,0,0
1582,105550,2020,KOSDAQ,248,248,248,0,0,0,0
1582,105550,2021,KOSDAQ,248,248,248,0,0,0,0
1582,105550,2022,KOSDAQ,246,246,246,0,0,0,0
1582,105550,2023,KOSDAQ,245,245,245,0,0,0,0
1582,105550,2024,KOSDAQ,244,244,244,0,0,0,0
1582,105550,2025,KOSDAQ,242,242,242,0,0,0,0
1582,105550,2026,KOSDAQ,166,166,166,0,0,0,0
1583,105560,2013,KOSPI,247,247,247,0,0,0,0
1583,105560,2014,KOSPI,245,245,245,0,0,0,0
1583,105560,2015,KOSPI,248,248,248,0,0,0,0
1583,105560,2016,KOSPI,246,246,246,0,0,0,0
1583,105560,2017,KOSPI,243,243,243,0,0,0,0
1583,105560,2018,KOSPI,244,244,244,0,0,0,0
1583,105560,2019,KOSPI,246,246,246,0,0,0,0
1583,105560,2020,KOSPI,248,248,248,0,0,0,0
1583,105560,2021,KOSPI,248,248,248,0,0,0,0
1583,105560,2022,KOSPI,246,246,246,0,0,0,0
1583,105560,2023,KOSPI,245,245,245,0,0,0,0
1583,105560,2024,KOSPI,244,244,244,0,0,0,0
1583,105560,2025,KOSPI,242,242,242,0,0,0,0
1583,105560,2026,KOSPI,166,166,166,0,0,0,0
1584,105630,2013,KOSPI,247,247,247,0,0,0,0
1584,105630,2014,KOSPI,245,245,245,0,0,0,0
1584,105630,2015,KOSPI,248,248,248,0,0,0,0
1584,105630,2016,KOSPI,246,246,246,0,0,0,0
1584,105630,2017,KOSPI,243,243,243,0,0,0,0
1584,105630,2018,KOSPI,244,244,244,0,0,0,0
1584,105630,2019,KOSPI,246,246,246,0,0,0,0
1584,105630,2020,KOSPI,248,248,248,0,0,0,0
1584,105630,2021,KOSPI,248,248,248,0,0,0,0
1584,105630,2022,KOSPI,246,246,246,0,0,0,0
1584,105630,2023,KOSPI,245,245,245,0,0,0,0
1584,105630,2024,KOSPI,244,244,244,0,0,0,0
1584,105630,2025,KOSPI,242,242,242,0,0,0,0
1584,105630,2026,KOSPI,166,166,166,0,0,0,0
1585,105740,2013,KOSDAQ,247,247,247,0,0,0,0
1585,105740,2014,KOSDAQ,245,245,245,0,0,0,0
1585,105740,2015,KOSDAQ,248,248,248,0,0,0,0
1585,105740,2016,KOSDAQ,246,246,246,0,0,0,0
1585,105740,2017,KOSDAQ,243,243,243,0,0,0,0
1585,105740,2018,KOSDAQ,244,244,244,0,0,0,0
1585,105740,2019,KOSDAQ,246,246,246,0,0,0,0
1585,105740,2020,KOSDAQ,248,248,248,0,0,0,0
1585,105740,2021,KOSDAQ,248,248,248,0,0,0,0
1585,105740,2022,KOSDAQ,246,246,246,0,0,0,0
1585,105740,2023,KOSDAQ,245,245,245,0,0,0,0
1585,105740,2024,KOSDAQ,244,244,244,0,0,0,0
1585,105740,2025,KOSDAQ,242,242,242,0,0,0,0
1585,105740,2026,KOSDAQ,166,166,166,0,0,0,0
1586,105760,2024,KOSDAQ,225,225,225,0,0,0,0
1586,105760,2025,KOSDAQ,242,242,242,0,0,0,0
1586,105760,2026,KOSDAQ,166,166,166,0,0,0,0
1587,105840,2013,KOSPI,247,247,247,0,0,0,0
1587,105840,2014,KOSPI,245,245,245,0,0,0,0
1587,105840,2015,KOSPI,248,248,248,0,0,0,0
1587,105840,2016,KOSPI,246,246,246,0,0,0,0
1587,105840,2017,KOSPI,243,243,243,0,0,0,0
1587,105840,2018,KOSPI,244,244,244,0,0,0,0
1587,105840,2019,KOSPI,246,246,246,0,0,0,0
1587,105840,2020,KOSPI,248,248,248,0,0,0,0
1587,105840,2021,KOSPI,248,248,248,0,0,0,0
1587,105840,2022,KOSPI,246,246,246,0,0,0,0
1587,105840,2023,KOSPI,245,245,245,0,0,0,0
1587,105840,2024,KOSPI,244,244,244,0,0,0,0
1587,105840,2025,KOSPI,242,242,242,0,0,0,0
1587,105840,2026,KOSPI,166,166,166,0,0,0,0
1588,106080,2013,KOSDAQ,247,247,247,0,0,0,0
1588,106080,2014,KOSDAQ,245,245,245,0,0,0,0
1588,106080,2015,KOSDAQ,248,248,248,0,0,0,0
1588,106080,2016,KOSDAQ,246,246,246,0,0,0,0
1588,106080,2017,KOSDAQ,243,243,243,0,0,0,0
1588,106080,2018,KOSDAQ,244,244,244,0,0,0,0
1588,106080,2019,KOSDAQ,246,246,246,0,0,0,0
1588,106080,2020,KOSDAQ,248,248,248,0,0,0,0
1588,106080,2021,KOSDAQ,248,248,248,0,0,0,0
1588,106080,2022,KOSDAQ,246,246,246,0,0,0,0
1588,106080,2023,KOSDAQ,245,245,245,0,0,0,0
1588,106080,2024,KOSDAQ,244,244,244,0,0,0,0
1588,106080,2025,KOSDAQ,242,242,242,0,0,0,0
1588,106080,2026,KOSDAQ,166,166,166,0,0,0,0
1589,106190,2013,KOSDAQ,247,247,247,0,0,0,0
1589,106190,2014,KOSDAQ,245,245,245,0,0,0,0
1589,106190,2015,KOSDAQ,248,248,248,0,0,0,0
1589,106190,2016,KOSDAQ,246,246,246,0,0,0,0
1589,106190,2017,KOSDAQ,243,243,243,0,0,0,0
1589,106190,2018,KOSDAQ,244,244,244,0,0,0,0
1589,106190,2019,KOSDAQ,246,246,246,0,0,0,0
1589,106190,2020,KOSDAQ,248,248,248,0,0,0,0
1589,106190,2021,KOSDAQ,248,248,248,0,0,0,0
1589,106190,2022,KOSDAQ,246,246,246,0,0,0,0
1589,106190,2023,KOSDAQ,245,245,245,0,0,0,0
1589,106190,2024,KOSDAQ,244,244,244,0,0,0,0
1589,106190,2025,KOSDAQ,242,242,242,0,0,0,0
1589,106190,2026,KOSDAQ,166,166,166,0,0,0,0
1590,106240,2013,KOSDAQ,247,247,247,0,0,0,0
1590,106240,2014,KOSDAQ,245,245,245,0,0,0,0
1590,106240,2015,KOSDAQ,248,248,248,0,0,0,0
1590,106240,2016,KOSDAQ,246,246,245,0,0,1,0
1590,106240,2017,KOSDAQ,243,243,243,0,0,0,0
1590,106240,2018,KOSDAQ,244,244,244,0,0,0,0
1590,106240,2019,KOSDAQ,246,246,246,0,0,0,0
1590,106240,2020,KOSDAQ,248,248,248,0,0,0,0
1590,106240,2021,KOSDAQ,248,248,248,0,0,0,0
1590,106240,2022,KOSDAQ,246,246,246,0,0,0,0
1590,106240,2023,KOSDAQ,245,245,245,0,0,0,0
1590,106240,2024,KOSDAQ,244,244,244,0,0,0,0
1590,106240,2025,KOSDAQ,242,242,242,0,0,0,0
1590,106240,2026,KOSDAQ,166,166,166,0,0,0,0
1591,107590,2013,KOSPI,247,247,247,0,0,0,0
1591,107590,2014,KOSPI,245,245,245,0,0,0,0
1591,107590,2015,KOSPI,248,248,248,0,0,0,0
1591,107590,2016,KOSPI,246,246,246,0,0,0,0
1591,107590,2017,KOSPI,243,243,243,0,0,0,0
1591,107590,2018,KOSPI,244,244,244,0,0,0,0
1591,107590,2019,KOSPI,246,246,246,0,0,0,0
1591,107590,2020,KOSPI,248,248,248,0,0,0,0
1591,107590,2021,KOSPI,248,248,248,0,0,0,0
1591,107590,2022,KOSPI,246,246,246,0,0,0,0
1591,107590,2023,KOSPI,245,245,245,0,0,0,0
1591,107590,2024,KOSPI,244,244,244,0,0,0,0
1591,107590,2025,KOSPI,242,242,242,0,0,0,0
1591,107590,2026,KOSPI,166,166,166,0,0,0,0
1592,107600,2022,KOSDAQ,101,101,101,0,0,0,0
1592,107600,2023,KOSDAQ,245,245,245,0,0,0,0
1592,107600,2024,KOSDAQ,244,244,244,0,0,0,0
1592,107600,2025,KOSDAQ,242,242,242,0,0,0,0
1592,107600,2026,KOSDAQ,166,166,166,0,0,0,0
1593,107640,2024,KOSDAQ,128,128,128,0,0,0,0
1593,107640,2025,KOSDAQ,242,242,242,0,0,0,0
1593,107640,2026,KOSDAQ,166,166,166,0,0,0,0
1594,108230,2013,KOSDAQ,247,247,247,0,0,0,0
1594,108230,2014,KOSDAQ,245,245,245,0,0,0,0
1594,108230,2015,KOSDAQ,248,248,248,0,0,0,0
1594,108230,2016,KOSDAQ,246,246,246,0,0,0,0
1594,108230,2017,KOSDAQ,243,243,243,0,0,0,0
1594,108230,2018,KOSDAQ,244,244,244,0,0,0,0
1594,108230,2019,KOSDAQ,246,246,246,0,0,0,0
1594,108230,2020,KOSDAQ,248,248,248,0,0,0,0
1594,108230,2021,KOSDAQ,248,248,248,0,0,0,0
1594,108230,2022,KOSDAQ,246,246,246,0,0,0,0
1594,108230,2023,KOSDAQ,245,245,245,0,0,0,0
1594,108230,2024,KOSDAQ,244,244,244,0,0,0,0
1594,108230,2025,KOSDAQ,242,242,242,0,0,0,0
1594,108230,2026,KOSDAQ,166,166,166,0,0,0,0
1595,108320,2022,KOSPI,41,41,41,0,0,0,0
1595,108320,2023,KOSPI,245,245,245,0,0,0,0
1595,108320,2024,KOSPI,244,244,244,0,0,0,0
1595,108320,2025,KOSPI,242,242,242,0,0,0,0
1595,108320,2026,KOSPI,166,166,166,0,0,0,0
1596,108380,2013,KOSDAQ,247,247,247,0,0,0,0
1596,108380,2014,KOSDAQ,245,245,245,0,0,0,0
1596,108380,2015,KOSDAQ,248,248,248,0,0,0,0
1596,108380,2016,KOSDAQ,246,246,246,0,0,0,0
1596,108380,2017,KOSDAQ,243,243,243,0,0,0,0
1596,108380,2018,KOSDAQ,244,244,244,0,0,0,0
1596,108380,2019,KOSDAQ,246,246,246,0,0,0,0
1596,108380,2020,KOSDAQ,248,248,248,0,0,0,0
1596,108380,2021,KOSDAQ,248,248,248,0,0,0,0
1596,108380,2022,KOSDAQ,246,246,246,0,0,0,0
1596,108380,2023,KOSDAQ,245,245,245,0,0,0,0
1596,108380,2024,KOSDAQ,244,244,244,0,0,0,0
1596,108380,2025,KOSDAQ,242,242,242,0,0,0,0
1596,108380,2026,KOSDAQ,166,166,166,0,0,0,0
1597,108490,2018,KOSDAQ,45,45,45,0,0,0,0
1597,108490,2019,KOSDAQ,246,246,246,0,0,0,0
1597,108490,2020,KOSDAQ,248,248,248,0,0,0,0
1597,108490,2021,KOSDAQ,248,248,248,0,0,0,0
1597,108490,2022,KOSDAQ,246,246,246,0,0,0,0
1597,108490,2023,KOSDAQ,245,245,245,0,0,0,0
1597,108490,2024,KOSDAQ,244,244,244,0,0,0,0
1597,108490,2025,KOSDAQ,242,242,241,0,0,1,0
1597,108490,2026,KOSDAQ,166,166,166,0,0,0,0
1598,108670,2013,KOSPI,247,247,247,0,0,0,0
1598,108670,2014,KOSPI,245,245,245,0,0,0,0
1598,108670,2015,KOSPI,248,248,248,0,0,0,0
1598,108670,2016,KOSPI,246,246,246,0,0,0,0
1598,108670,2017,KOSPI,243,243,243,0,0,0,0
1598,108670,2018,KOSPI,244,244,244,0,0,0,0
1598,108670,2019,KOSPI,246,246,246,0,0,0,0
1598,108670,2020,KOSPI,248,248,248,0,0,0,0
1598,108670,2021,KOSPI,248,248,248,0,0,0,0
1598,108670,2022,KOSPI,246,246,246,0,0,0,0
1598,108670,2023,KOSPI,245,245,245,0,0,0,0
1598,108670,2024,KOSPI,244,244,244,0,0,0,0
1598,108670,2025,KOSPI,242,242,242,0,0,0,0
1598,108670,2026,KOSPI,166,166,166,0,0,0,0
1600,108860,2013,KOSDAQ,247,247,247,0,0,0,0
1600,108860,2014,KOSDAQ,245,245,245,0,0,0,0
1600,108860,2015,KOSDAQ,248,248,248,0,0,0,0
1600,108860,2016,KOSDAQ,246,246,246,0,0,0,0
1600,108860,2017,KOSDAQ,243,243,243,0,0,0,0
1600,108860,2018,KOSDAQ,244,244,244,0,0,0,0
1600,108860,2019,KOSDAQ,246,246,246,0,0,0,0
1600,108860,2020,KOSDAQ,248,248,248,0,0,0,0
1600,108860,2021,KOSDAQ,248,248,248,0,0,0,0
1600,108860,2022,KOSDAQ,246,246,246,0,0,0,0
1600,108860,2023,KOSDAQ,245,245,245,0,0,0,0
1600,108860,2024,KOSDAQ,244,244,244,0,0,0,0
1600,108860,2025,KOSDAQ,242,242,242,0,0,0,0
1600,108860,2026,KOSDAQ,166,166,166,0,0,0,0
1601,109070,2013,KOSPI,247,247,247,0,0,0,0
1601,109070,2014,KOSPI,245,245,245,0,0,0,0
1601,109070,2015,KOSPI,248,248,248,0,0,0,0
1601,109070,2016,KOSPI,246,246,246,0,0,0,0
1601,109070,2017,KOSPI,243,243,242,0,0,1,0
1601,109070,2018,KOSPI,244,244,243,0,0,1,0
1601,109070,2019,KOSPI,246,246,246,0,0,0,0
1601,109070,2020,KOSPI,248,248,248,0,0,0,0
1601,109070,2021,KOSPI,248,248,248,0,0,0,0
1601,109070,2022,KOSPI,246,246,246,0,0,0,0
1601,109070,2023,KOSPI,245,245,245,0,0,0,0
1601,109070,2024,KOSPI,244,244,244,0,0,0,0
1601,109070,2025,KOSPI,242,242,242,0,0,0,0
1601,109070,2026,KOSPI,166,166,166,0,0,0,0
1602,109080,2013,KOSDAQ,247,247,247,0,0,0,0
1602,109080,2014,KOSDAQ,245,245,245,0,0,0,0
1602,109080,2015,KOSDAQ,248,248,248,0,0,0,0
1602,109080,2016,KOSDAQ,246,246,246,0,0,0,0
1602,109080,2017,KOSDAQ,243,243,243,0,0,0,0
1602,109080,2018,KOSDAQ,244,244,244,0,0,0,0
1602,109080,2019,KOSDAQ,246,246,246,0,0,0,0
1602,109080,2020,KOSDAQ,248,248,248,0,0,0,0
1602,109080,2021,KOSDAQ,248,248,248,0,0,0,0
1602,109080,2022,KOSDAQ,246,246,246,0,0,0,0
1602,109080,2023,KOSDAQ,245,245,245,0,0,0,0
1602,109080,2024,KOSDAQ,244,244,244,0,0,0,0
1602,109080,2025,KOSDAQ,242,242,242,0,0,0,0
1602,109080,2026,KOSDAQ,166,166,166,0,0,0,0
1603,109610,2015,KOSDAQ,2,2,2,0,0,0,0
1603,109610,2016,KOSDAQ,246,246,246,0,0,0,0
1603,109610,2017,KOSDAQ,243,243,243,0,0,0,0
1603,109610,2018,KOSDAQ,244,244,244,0,0,0,0
1603,109610,2019,KOSDAQ,246,246,246,0,0,0,0
1603,109610,2020,KOSDAQ,248,248,247,0,0,1,0
1603,109610,2021,KOSDAQ,248,248,248,0,0,0,0
1603,109610,2022,KOSDAQ,246,246,246,0,0,0,0
1603,109610,2023,KOSDAQ,245,245,245,0,0,0,0
1603,109610,2024,KOSDAQ,244,244,244,0,0,0,0
1603,109610,2025,KOSDAQ,242,242,242,0,0,0,0
1603,109610,2026,KOSDAQ,166,166,166,0,0,0,0
1604,109670,2023,KOSDAQ,5,5,5,0,0,0,0
1604,109670,2024,KOSDAQ,244,244,244,0,0,0,0
1604,109670,2025,KOSDAQ,242,242,242,0,0,0,0
1604,109670,2026,KOSDAQ,166,166,166,0,0,0,0
1605,109740,2013,KOSDAQ,247,247,247,0,0,0,0
1605,109740,2014,KOSDAQ,245,245,245,0,0,0,0
1605,109740,2015,KOSDAQ,248,248,247,0,0,1,0
1605,109740,2016,KOSDAQ,246,246,246,0,0,0,0
1605,109740,2017,KOSDAQ,243,243,243,0,0,0,0
1605,109740,2018,KOSDAQ,244,244,244,0,0,0,0
1605,109740,2019,KOSDAQ,246,246,246,0,0,0,0
1605,109740,2020,KOSDAQ,248,248,248,0,0,0,0
1605,109740,2021,KOSDAQ,248,248,248,0,0,0,0
1605,109740,2022,KOSDAQ,246,246,246,0,0,0,0
1605,109740,2023,KOSDAQ,245,245,245,0,0,0,0
1605,109740,2024,KOSDAQ,244,244,244,0,0,0,0
1605,109740,2025,KOSDAQ,242,242,242,0,0,0,0
1605,109740,2026,KOSDAQ,166,166,166,0,0,0,0
1606,109820,2013,KOSDAQ,247,247,247,0,0,0,0
1606,109820,2014,KOSDAQ,245,245,245,0,0,0,0
1606,109820,2015,KOSDAQ,248,248,248,0,0,0,0
1606,109820,2016,KOSDAQ,246,246,246,0,0,0,0
1606,109820,2017,KOSDAQ,243,243,243,0,0,0,0
1606,109820,2018,KOSDAQ,244,244,244,0,0,0,0
1606,109820,2019,KOSDAQ,246,246,246,0,0,0,0
1606,109820,2020,KOSDAQ,248,248,248,0,0,0,0
1606,109820,2021,KOSDAQ,248,248,248,0,0,0,0
1606,109820,2022,KOSDAQ,246,246,246,0,0,0,0
1606,109820,2023,KOSDAQ,245,245,245,0,0,0,0
1606,109820,2024,KOSDAQ,244,244,244,0,0,0,0
1606,109820,2025,KOSDAQ,242,242,242,0,0,0,0
1606,109820,2026,KOSDAQ,166,166,166,0,0,0,0
1607,109860,2013,KOSDAQ,247,247,247,0,0,0,0
1607,109860,2014,KOSDAQ,245,245,245,0,0,0,0
1607,109860,2015,KOSDAQ,248,248,248,0,0,0,0
1607,109860,2016,KOSDAQ,246,246,246,0,0,0,0
1607,109860,2017,KOSDAQ,243,243,243,0,0,0,0
1607,109860,2018,KOSDAQ,244,244,244,0,0,0,0
1607,109860,2019,KOSDAQ,246,246,246,0,0,0,0
1607,109860,2020,KOSDAQ,248,248,248,0,0,0,0
1607,109860,2021,KOSDAQ,248,248,248,0,0,0,0
1607,109860,2022,KOSDAQ,246,246,246,0,0,0,0
1607,109860,2023,KOSDAQ,245,245,245,0,0,0,0
1607,109860,2024,KOSDAQ,244,244,244,0,0,0,0
1607,109860,2025,KOSDAQ,242,242,242,0,0,0,0
1607,109860,2026,KOSDAQ,166,166,166,0,0,0,0
1608,109960,2013,KOSDAQ,247,247,247,0,0,0,0
1608,109960,2014,KOSDAQ,245,245,245,0,0,0,0
1608,109960,2015,KOSDAQ,248,248,248,0,0,0,0
1608,109960,2016,KOSDAQ,246,246,246,0,0,0,0
1608,109960,2017,KOSDAQ,243,243,243,0,0,0,0
1608,109960,2018,KOSDAQ,244,244,244,0,0,0,0
1608,109960,2019,KOSDAQ,246,246,246,0,0,0,0
1608,109960,2020,KOSDAQ,248,248,248,0,0,0,0
1608,109960,2021,KOSDAQ,248,248,248,0,0,0,0
1608,109960,2022,KOSDAQ,246,246,246,0,0,0,0
1608,109960,2023,KOSDAQ,245,245,245,0,0,0,0
1608,109960,2024,KOSDAQ,244,244,244,0,0,0,0
1608,109960,2025,KOSDAQ,242,242,241,0,0,1,0
1608,109960,2026,KOSDAQ,166,166,166,0,0,0,0
1609,110020,2018,KOSDAQ,10,10,10,0,0,0,0
1609,110020,2019,KOSDAQ,246,246,246,0,0,0,0
1609,110020,2020,KOSDAQ,248,248,248,0,0,0,0
1609,110020,2021,KOSDAQ,248,248,248,0,0,0,0
1609,110020,2022,KOSDAQ,246,246,246,0,0,0,0
1609,110020,2023,KOSDAQ,245,245,245,0,0,0,0
1609,110020,2024,KOSDAQ,244,244,244,0,0,0,0
1609,110020,2025,KOSDAQ,242,242,242,0,0,0,0
1609,110020,2026,KOSDAQ,166,166,166,0,0,0,0
1610,110790,2018,KOSDAQ,62,62,62,0,0,0,0
1610,110790,2019,KOSDAQ,246,246,246,0,0,0,0
1610,110790,2020,KOSDAQ,248,248,248,0,0,0,0
1610,110790,2021,KOSDAQ,248,248,248,0,0,0,0
1610,110790,2022,KOSDAQ,246,246,246,0,0,0,0
1610,110790,2023,KOSDAQ,245,245,245,0,0,0,0
1610,110790,2024,KOSDAQ,244,244,244,0,0,0,0
1610,110790,2025,KOSDAQ,242,242,242,0,0,0,0
1610,110790,2026,KOSDAQ,166,166,166,0,0,0,0
1611,110990,2018,KOSDAQ,97,97,97,0,0,0,0
1611,110990,2019,KOSDAQ,246,246,246,0,0,0,0
1611,110990,2020,KOSDAQ,248,248,248,0,0,0,0
1611,110990,2021,KOSDAQ,248,248,248,0,0,0,0
1611,110990,2022,KOSDAQ,246,246,246,0,0,0,0
1611,110990,2023,KOSDAQ,245,245,245,0,0,0,0
1611,110990,2024,KOSDAQ,244,244,244,0,0,0,0
1611,110990,2025,KOSDAQ,242,242,242,0,0,0,0
1611,110990,2026,KOSDAQ,166,166,166,0,0,0,0
1612,111110,2017,KOSPI,222,222,222,0,0,0,0
1612,111110,2018,KOSPI,244,244,244,0,0,0,0
1612,111110,2019,KOSPI,246,246,246,0,0,0,0
1612,111110,2020,KOSPI,248,248,248,0,0,0,0
1612,111110,2021,KOSPI,248,248,248,0,0,0,0
1612,111110,2022,KOSPI,246,246,246,0,0,0,0
1612,111110,2023,KOSPI,245,245,245,0,0,0,0
1612,111110,2024,KOSPI,244,244,244,0,0,0,0
1612,111110,2025,KOSPI,242,242,242,0,0,0,0
1612,111110,2026,KOSPI,166,166,166,0,0,0,0
1613,111380,2023,KOSPI,27,27,27,0,0,0,0
1613,111380,2024,KOSPI,244,244,244,0,0,0,0
1613,111380,2025,KOSPI,242,242,242,0,0,0,0
1613,111380,2026,KOSPI,166,166,166,0,0,0,0
1614,111710,2018,KOSDAQ,21,21,21,0,0,0,0
1614,111710,2019,KOSDAQ,246,246,246,0,0,0,0
1614,111710,2020,KOSDAQ,248,248,248,0,0,0,0
1614,111710,2021,KOSDAQ,248,248,248,0,0,0,0
1614,111710,2022,KOSDAQ,246,246,246,0,0,0,0
1614,111710,2023,KOSDAQ,245,245,245,0,0,0,0
1614,111710,2024,KOSDAQ,244,244,244,0,0,0,0
1614,111710,2025,KOSDAQ,242,242,242,0,0,0,0
1614,111710,2026,KOSDAQ,166,166,166,0,0,0,0
1615,111770,2013,KOSPI,247,247,247,0,0,0,0
1615,111770,2014,KOSPI,245,245,245,0,0,0,0
1615,111770,2015,KOSPI,248,248,248,0,0,0,0
1615,111770,2016,KOSPI,246,246,246,0,0,0,0
1615,111770,2017,KOSPI,243,243,243,0,0,0,0
1615,111770,2018,KOSPI,244,244,244,0,0,0,0
1615,111770,2019,KOSPI,246,246,246,0,0,0,0
1615,111770,2020,KOSPI,248,248,248,0,0,0,0
1615,111770,2021,KOSPI,248,248,248,0,0,0,0
1615,111770,2022,KOSPI,246,246,246,0,0,0,0
1615,111770,2023,KOSPI,245,245,245,0,0,0,0
1615,111770,2024,KOSPI,244,244,244,0,0,0,0
1615,111770,2025,KOSPI,242,242,242,0,0,0,0
1615,111770,2026,KOSPI,166,166,166,0,0,0,0
1616,112040,2013,KOSDAQ,247,247,247,0,0,0,0
1616,112040,2014,KOSDAQ,245,245,245,0,0,0,0
1616,112040,2015,KOSDAQ,248,248,248,0,0,0,0
1616,112040,2016,KOSDAQ,246,246,246,0,0,0,0
1616,112040,2017,KOSDAQ,243,243,243,0,0,0,0
1616,112040,2018,KOSDAQ,244,244,244,0,0,0,0
1616,112040,2019,KOSDAQ,246,246,246,0,0,0,0
1616,112040,2020,KOSDAQ,248,248,248,0,0,0,0
1616,112040,2021,KOSDAQ,248,248,248,0,0,0,0
1616,112040,2022,KOSDAQ,246,246,246,0,0,0,0
1616,112040,2023,KOSDAQ,245,245,245,0,0,0,0
1616,112040,2024,KOSDAQ,244,244,244,0,0,0,0
1616,112040,2025,KOSDAQ,242,242,242,0,0,0,0
1616,112040,2026,KOSDAQ,166,166,166,0,0,0,0
1617,112290,2022,KOSDAQ,116,116,116,0,0,0,0
1617,112290,2023,KOSDAQ,245,245,245,0,0,0,0
1617,112290,2024,KOSDAQ,244,244,243,0,0,1,0
1617,112290,2025,KOSDAQ,242,242,242,0,0,0,0
1617,112290,2026,KOSDAQ,166,166,166,0,0,0,0
1618,112610,2014,KOSPI,23,23,23,0,0,0,0
1618,112610,2015,KOSPI,248,248,248,0,0,0,0
1618,112610,2016,KOSPI,246,246,246,0,0,0,0
1618,112610,2017,KOSPI,243,243,243,0,0,0,0
1618,112610,2018,KOSPI,244,244,244,0,0,0,0
1618,112610,2019,KOSPI,246,246,246,0,0,0,0
1618,112610,2020,KOSPI,248,248,248,0,0,0,0
1618,112610,2021,KOSPI,248,248,248,0,0,0,0
1618,112610,2022,KOSPI,246,246,246,0,0,0,0
1618,112610,2023,KOSPI,245,245,245,0,0,0,0
1618,112610,2024,KOSPI,244,244,244,0,0,0,0
1618,112610,2025,KOSPI,242,242,242,0,0,0,0
1618,112610,2026,KOSPI,166,166,166,0,0,0,0
1619,113810,2013,KOSDAQ,247,247,247,0,0,0,0
1619,113810,2014,KOSDAQ,245,245,245,0,0,0,0
1619,113810,2015,KOSDAQ,248,248,248,0,0,0,0
1619,113810,2016,KOSDAQ,246,246,246,0,0,0,0
1619,113810,2017,KOSDAQ,243,243,243,0,0,0,0
1619,113810,2018,KOSDAQ,244,244,244,0,0,0,0
1619,113810,2019,KOSDAQ,246,246,246,0,0,0,0
1619,113810,2020,KOSDAQ,248,248,248,0,0,0,0
1619,113810,2021,KOSDAQ,248,248,248,0,0,0,0
1619,113810,2022,KOSDAQ,246,246,246,0,0,0,0
1619,113810,2023,KOSDAQ,245,245,245,0,0,0,0
1619,113810,2024,KOSDAQ,244,244,244,0,0,0,0
1619,113810,2025,KOSDAQ,242,242,242,0,0,0,0
1619,113810,2026,KOSDAQ,166,166,166,0,0,0,0
1620,114090,2013,KOSPI,247,247,247,0,0,0,0
1620,114090,2014,KOSPI,245,245,245,0,0,0,0
1620,114090,2015,KOSPI,248,248,248,0,0,0,0
1620,114090,2016,KOSPI,246,246,246,0,0,0,0
1620,114090,2017,KOSPI,243,243,243,0,0,0,0
1620,114090,2018,KOSPI,244,244,244,0,0,0,0
1620,114090,2019,KOSPI,246,246,246,0,0,0,0
1620,114090,2020,KOSPI,248,248,248,0,0,0,0
1620,114090,2021,KOSPI,248,248,248,0,0,0,0
1620,114090,2022,KOSPI,246,246,246,0,0,0,0
1620,114090,2023,KOSPI,245,245,245,0,0,0,0
1620,114090,2024,KOSPI,244,244,244,0,0,0,0
1620,114090,2025,KOSPI,242,242,242,0,0,0,0
1620,114090,2026,KOSPI,166,166,166,0,0,0,0
1621,114190,2013,KOSDAQ,247,247,247,0,0,0,0
1621,114190,2014,KOSDAQ,245,245,245,0,0,0,0
1621,114190,2015,KOSDAQ,248,248,248,0,0,0,0
1621,114190,2016,KOSDAQ,246,246,246,0,0,0,0
1621,114190,2017,KOSDAQ,243,243,243,0,0,0,0
1621,114190,2018,KOSDAQ,244,244,244,0,0,0,0
1621,114190,2019,KOSDAQ,246,246,246,0,0,0,0
1621,114190,2020,KOSDAQ,248,248,248,0,0,0,0
1621,114190,2021,KOSDAQ,248,248,248,0,0,0,0
1621,114190,2022,KOSDAQ,246,246,246,0,0,0,0
1621,114190,2023,KOSDAQ,245,245,245,0,0,0,0
1621,114190,2024,KOSDAQ,244,244,244,0,0,0,0
1621,114190,2025,KOSDAQ,242,242,242,0,0,0,0
1621,114190,2026,KOSDAQ,166,166,166,0,0,0,0
1622,114450,2013,KOSDAQ,247,247,247,0,0,0,0
1622,114450,2014,KOSDAQ,245,245,245,0,0,0,0
1622,114450,2015,KOSDAQ,248,248,248,0,0,0,0
1622,114450,2016,KOSDAQ,246,246,246,0,0,0,0
1622,114450,2017,KOSDAQ,243,243,243,0,0,0,0
1622,114450,2018,KOSDAQ,244,244,244,0,0,0,0
1622,114450,2019,KOSDAQ,246,246,246,0,0,0,0
1622,114450,2020,KOSDAQ,248,248,248,0,0,0,0
1622,114450,2021,KOSDAQ,248,248,248,0,0,0,0
1622,114450,2022,KOSDAQ,246,246,246,0,0,0,0
1622,114450,2023,KOSDAQ,245,245,245,0,0,0,0
1622,114450,2024,KOSDAQ,244,244,244,0,0,0,0
1622,114450,2025,KOSDAQ,242,242,242,0,0,0,0
1622,114450,2026,KOSDAQ,166,166,166,0,0,0,0
1623,114630,2013,KOSDAQ,247,247,247,0,0,0,0
1623,114630,2014,KOSDAQ,245,245,245,0,0,0,0
1623,114630,2015,KOSDAQ,248,248,248,0,0,0,0
1623,114630,2016,KOSDAQ,246,246,246,0,0,0,0
1623,114630,2017,KOSDAQ,243,243,243,0,0,0,0
1623,114630,2018,KOSDAQ,244,244,244,0,0,0,0
1623,114630,2019,KOSDAQ,246,246,246,0,0,0,0
1623,114630,2020,KOSDAQ,248,248,248,0,0,0,0
1623,114630,2021,KOSDAQ,248,248,248,0,0,0,0
1623,114630,2022,KOSDAQ,246,246,246,0,0,0,0
1623,114630,2023,KOSDAQ,245,245,245,0,0,0,0
1623,114630,2024,KOSDAQ,244,244,244,0,0,0,0
1623,114630,2025,KOSDAQ,242,242,242,0,0,0,0
1623,114630,2026,KOSDAQ,166,166,166,0,0,0,0
1624,114810,2013,KOSDAQ,221,221,221,0,0,0,0
1624,114810,2014,KOSDAQ,245,245,245,0,0,0,0
1624,114810,2015,KOSDAQ,248,248,248,0,0,0,0
1624,114810,2016,KOSDAQ,246,246,246,0,0,0,0
1624,114810,2017,KOSDAQ,243,243,243,0,0,0,0
1624,114810,2018,KOSDAQ,244,244,244,0,0,0,0
1624,114810,2019,KOSDAQ,246,246,246,0,0,0,0
1624,114810,2020,KOSDAQ,248,248,248,0,0,0,0
1624,114810,2021,KOSDAQ,248,248,248,0,0,0,0
1624,114810,2022,KOSDAQ,246,246,246,0,0,0,0
1624,114810,2023,KOSDAQ,245,245,245,0,0,0,0
1624,114810,2024,KOSDAQ,244,244,244,0,0,0,0
1624,114810,2025,KOSDAQ,242,242,242,0,0,0,0
1624,114810,2026,KOSDAQ,166,166,166,0,0,0,0
1625,114840,2021,KOSDAQ,46,46,46,0,0,0,0
1625,114840,2022,KOSDAQ,246,246,246,0,0,0,0
1625,114840,2023,KOSDAQ,245,245,245,0,0,0,0
1625,114840,2024,KOSDAQ,244,244,244,0,0,0,0
1625,114840,2025,KOSDAQ,242,242,242,0,0,0,0
1625,114840,2026,KOSDAQ,166,166,166,0,0,0,0
1626,115160,2013,KOSDAQ,247,247,247,0,0,0,0
1626,115160,2014,KOSDAQ,245,245,245,0,0,0,0
1626,115160,2015,KOSDAQ,248,248,248,0,0,0,0
1626,115160,2016,KOSDAQ,246,246,246,0,0,0,0
1626,115160,2017,KOSDAQ,243,243,243,0,0,0,0
1626,115160,2018,KOSDAQ,244,244,244,0,0,0,0
1626,115160,2019,KOSDAQ,246,246,246,0,0,0,0
1626,115160,2020,KOSDAQ,248,248,248,0,0,0,0
1626,115160,2021,KOSDAQ,248,248,248,0,0,0,0
1626,115160,2022,KOSDAQ,246,246,246,0,0,0,0
1626,115160,2023,KOSDAQ,245,245,245,0,0,0,0
1626,115160,2024,KOSDAQ,244,244,244,0,0,0,0
1626,115160,2025,KOSDAQ,242,242,242,0,0,0,0
1626,115160,2026,KOSDAQ,166,166,166,0,0,0,0
1627,115180,2016,KOSDAQ,209,209,209,0,0,0,0
1627,115180,2017,KOSDAQ,243,243,243,0,0,0,0
1627,115180,2018,KOSDAQ,244,244,244,0,0,0,0
1627,115180,2019,KOSDAQ,246,246,246,0,0,0,0
1627,115180,2020,KOSDAQ,248,248,248,0,0,0,0
1627,115180,2021,KOSDAQ,248,248,248,0,0,0,0
1627,115180,2022,KOSDAQ,246,246,246,0,0,0,0
1627,115180,2023,KOSDAQ,245,245,245,0,0,0,0
1627,115180,2024,KOSDAQ,244,244,244,0,0,0,0
1627,115180,2025,KOSDAQ,242,242,242,0,0,0,0
1627,115180,2026,KOSDAQ,166,166,166,0,0,0,0
1628,115310,2013,KOSDAQ,247,247,247,0,0,0,0
1628,115310,2014,KOSDAQ,245,245,245,0,0,0,0
1628,115310,2015,KOSDAQ,248,248,248,0,0,0,0
1628,115310,2016,KOSDAQ,246,246,246,0,0,0,0
1628,115310,2017,KOSDAQ,243,243,243,0,0,0,0
1628,115310,2018,KOSDAQ,244,244,244,0,0,0,0
1628,115310,2019,KOSDAQ,246,246,246,0,0,0,0
1628,115310,2020,KOSDAQ,248,248,248,0,0,0,0
1628,115310,2021,KOSDAQ,248,248,248,0,0,0,0
1628,115310,2022,KOSDAQ,246,246,246,0,0,0,0
1628,115310,2023,KOSDAQ,245,245,245,0,0,0,0
1628,115310,2024,KOSDAQ,244,244,244,0,0,0,0
1628,115310,2025,KOSDAQ,242,242,242,0,0,0,0
1628,115310,2026,KOSDAQ,166,166,166,0,0,0,0
1629,115440,2013,KOSDAQ,247,247,247,0,0,0,0
1629,115440,2014,KOSDAQ,245,245,245,0,0,0,0
1629,115440,2015,KOSDAQ,248,248,248,0,0,0,0
1629,115440,2016,KOSDAQ,246,246,246,0,0,0,0
1629,115440,2017,KOSDAQ,243,243,243,0,0,0,0
1629,115440,2018,KOSDAQ,244,244,244,0,0,0,0
1629,115440,2019,KOSDAQ,246,246,246,0,0,0,0
1629,115440,2020,KOSDAQ,248,248,248,0,0,0,0
1629,115440,2021,KOSDAQ,248,248,248,0,0,0,0
1629,115440,2022,KOSDAQ,246,246,246,0,0,0,0
1629,115440,2023,KOSDAQ,245,245,245,0,0,0,0
1629,115440,2024,KOSDAQ,244,244,244,0,0,0,0
1629,115440,2025,KOSDAQ,242,242,242,0,0,0,0
1629,115440,2026,KOSDAQ,166,166,166,0,0,0,0
1630,115450,2013,KOSDAQ,247,247,247,0,0,0,0
1630,115450,2014,KOSDAQ,245,245,245,0,0,0,0
1630,115450,2015,KOSDAQ,248,248,248,0,0,0,0
1630,115450,2016,KOSDAQ,246,246,246,0,0,0,0
1630,115450,2017,KOSDAQ,243,243,243,0,0,0,0
1630,115450,2018,KOSDAQ,244,244,244,0,0,0,0
1630,115450,2019,KOSDAQ,246,246,246,0,0,0,0
1630,115450,2020,KOSDAQ,248,248,248,0,0,0,0
1630,115450,2021,KOSDAQ,248,248,248,0,0,0,0
1630,115450,2022,KOSDAQ,246,246,246,0,0,0,0
1630,115450,2023,KOSDAQ,245,245,245,0,0,0,0
1630,115450,2024,KOSDAQ,244,244,244,0,0,0,0
1630,115450,2025,KOSDAQ,242,242,242,0,0,0,0
1630,115450,2026,KOSDAQ,166,166,166,0,0,0,0
1631,115480,2013,KOSDAQ,247,247,247,0,0,0,0
1631,115480,2014,KOSDAQ,245,245,245,0,0,0,0
1631,115480,2015,KOSDAQ,248,248,248,0,0,0,0
1631,115480,2016,KOSDAQ,246,246,246,0,0,0,0
1631,115480,2017,KOSDAQ,243,243,243,0,0,0,0
1631,115480,2018,KOSDAQ,244,244,244,0,0,0,0
1631,115480,2019,KOSDAQ,246,246,246,0,0,0,0
1631,115480,2020,KOSDAQ,248,248,248,0,0,0,0
1631,115480,2021,KOSDAQ,248,248,248,0,0,0,0
1631,115480,2022,KOSDAQ,246,246,246,0,0,0,0
1631,115480,2023,KOSDAQ,245,245,245,0,0,0,0
1631,115480,2024,KOSDAQ,244,244,244,0,0,0,0
1631,115480,2025,KOSDAQ,242,242,242,0,0,0,0
1631,115480,2026,KOSDAQ,166,166,166,0,0,0,0
1632,115500,2013,KOSDAQ,247,247,247,0,0,0,0
1632,115500,2014,KOSDAQ,245,245,245,0,0,0,0
1632,115500,2015,KOSDAQ,248,248,248,0,0,0,0
1632,115500,2016,KOSDAQ,246,246,246,0,0,0,0
1632,115500,2017,KOSDAQ,243,243,243,0,0,0,0
1632,115500,2018,KOSDAQ,244,244,244,0,0,0,0
1632,115500,2019,KOSDAQ,246,246,246,0,0,0,0
1632,115500,2020,KOSDAQ,248,248,248,0,0,0,0
1632,115500,2021,KOSDAQ,248,248,248,0,0,0,0
1632,115500,2022,KOSDAQ,246,246,246,0,0,0,0
1632,115500,2023,KOSDAQ,245,245,245,0,0,0,0
1632,115500,2024,KOSDAQ,244,244,244,0,0,0,0
1632,115500,2025,KOSDAQ,242,242,242,0,0,0,0
1632,115500,2026,KOSDAQ,166,166,166,0,0,0,0
1633,115530,2013,KOSDAQ,247,247,247,0,0,0,0
1633,115530,2014,KOSDAQ,245,245,245,0,0,0,0
1633,115530,2015,KOSDAQ,248,248,248,0,0,0,0
1633,115530,2016,KOSDAQ,246,246,246,0,0,0,0
1633,115530,2017,KOSDAQ,243,243,243,0,0,0,0
1633,115530,2018,KOSDAQ,244,244,244,0,0,0,0
1633,115530,2019,KOSDAQ,246,246,246,0,0,0,0
1633,115530,2020,KOSDAQ,248,248,248,0,0,0,0
1633,115530,2021,KOSDAQ,248,248,248,0,0,0,0
1633,115530,2022,KOSDAQ,246,246,246,0,0,0,0
1633,115530,2023,KOSDAQ,245,245,245,0,0,0,0
1633,115530,2024,KOSDAQ,244,244,244,0,0,0,0
1633,115530,2025,KOSDAQ,242,242,242,0,0,0,0
1633,115530,2026,KOSDAQ,166,166,166,0,0,0,0
1634,115570,2013,KOSDAQ,247,247,247,0,0,0,0
1634,115570,2014,KOSDAQ,245,245,245,0,0,0,0
1634,115570,2015,KOSDAQ,248,248,248,0,0,0,0
1634,115570,2016,KOSDAQ,246,246,246,0,0,0,0
1634,115570,2017,KOSDAQ,243,243,243,0,0,0,0
1634,115570,2018,KOSDAQ,244,244,244,0,0,0,0
1634,115570,2019,KOSDAQ,246,246,246,0,0,0,0
1634,115570,2020,KOSDAQ,248,248,248,0,0,0,0
1634,115570,2021,KOSDAQ,248,248,248,0,0,0,0
1634,115570,2022,KOSDAQ,246,246,246,0,0,0,0
1634,115570,2023,KOSDAQ,245,245,245,0,0,0,0
1634,115570,2024,KOSDAQ,244,244,244,0,0,0,0
1634,115570,2025,KOSDAQ,242,242,242,0,0,0,0
1634,115570,2026,KOSDAQ,166,166,166,0,0,0,0
1635,115610,2013,KOSDAQ,247,247,247,0,0,0,0
1635,115610,2014,KOSDAQ,245,245,245,0,0,0,0
1635,115610,2015,KOSDAQ,248,248,248,0,0,0,0
1635,115610,2016,KOSDAQ,246,246,246,0,0,0,0
1635,115610,2017,KOSDAQ,243,243,243,0,0,0,0
1635,115610,2018,KOSDAQ,244,244,244,0,0,0,0
1635,115610,2019,KOSDAQ,246,246,246,0,0,0,0
1635,115610,2020,KOSDAQ,248,248,248,0,0,0,0
1635,115610,2021,KOSDAQ,248,248,248,0,0,0,0
1635,115610,2022,KOSDAQ,246,246,246,0,0,0,0
1635,115610,2023,KOSDAQ,245,245,245,0,0,0,0
1635,115610,2024,KOSDAQ,244,244,244,0,0,0,0
1635,115610,2025,KOSDAQ,242,242,242,0,0,0,0
1635,115610,2026,KOSDAQ,166,166,166,0,0,0,0
1636,117580,2013,KOSPI,247,247,247,0,0,0,0
1636,117580,2014,KOSPI,245,245,245,0,0,0,0
1636,117580,2015,KOSPI,248,248,248,0,0,0,0
1636,117580,2016,KOSPI,246,246,246,0,0,0,0
1636,117580,2017,KOSPI,243,243,243,0,0,0,0
1636,117580,2018,KOSPI,244,244,244,0,0,0,0
1636,117580,2019,KOSPI,246,246,246,0,0,0,0
1636,117580,2020,KOSPI,248,248,248,0,0,0,0
1636,117580,2021,KOSPI,248,248,248,0,0,0,0
1636,117580,2022,KOSPI,246,246,246,0,0,0,0
1636,117580,2023,KOSPI,245,245,245,0,0,0,0
1636,117580,2024,KOSPI,244,244,244,0,0,0,0
1636,117580,2025,KOSPI,242,242,242,0,0,0,0
1636,117580,2026,KOSPI,166,166,166,0,0,0,0
1637,117670,2013,KOSDAQ,247,247,247,0,0,0,0
1637,117670,2014,KOSDAQ,245,245,245,0,0,0,0
1637,117670,2015,KOSDAQ,248,248,248,0,0,0,0
1637,117670,2016,KOSDAQ,246,246,246,0,0,0,0
1637,117670,2017,KOSDAQ,243,243,243,0,0,0,0
1637,117670,2018,KOSDAQ,244,244,243,0,0,1,0
1637,117670,2019,KOSDAQ,246,246,246,0,0,0,0
1637,117670,2020,KOSDAQ,248,248,248,0,0,0,0
1637,117670,2021,KOSDAQ,248,248,248,0,0,0,0
1637,117670,2022,KOSDAQ,246,246,246,0,0,0,0
1637,117670,2023,KOSDAQ,245,245,245,0,0,0,0
1637,117670,2024,KOSDAQ,244,244,244,0,0,0,0
1637,117670,2025,KOSDAQ,242,242,242,0,0,0,0
1637,117670,2026,KOSDAQ,166,166,166,0,0,0,0
1638,117730,2018,KOSDAQ,21,21,21,0,0,0,0
1638,117730,2019,KOSDAQ,246,246,246,0,0,0,0
1638,117730,2020,KOSDAQ,248,248,248,0,0,0,0
1638,117730,2021,KOSDAQ,248,248,248,0,0,0,0
1638,117730,2022,KOSDAQ,246,246,246,0,0,0,0
1638,117730,2023,KOSDAQ,245,245,245,0,0,0,0
1638,117730,2024,KOSDAQ,244,244,244,0,0,0,0
1638,117730,2025,KOSDAQ,242,242,242,0,0,0,0
1638,117730,2026,KOSDAQ,166,166,166,0,0,0,0
1639,118000,2013,KOSPI,247,247,247,0,0,0,0
1639,118000,2014,KOSPI,245,245,245,0,0,0,0
1639,118000,2015,KOSPI,248,248,248,0,0,0,0
1639,118000,2016,KOSPI,246,246,246,0,0,0,0
1639,118000,2017,KOSPI,243,243,243,0,0,0,0
1639,118000,2018,KOSPI,244,244,244,0,0,0,0
1639,118000,2019,KOSPI,246,246,246,0,0,0,0
1639,118000,2020,KOSPI,248,248,248,0,0,0,0
1639,118000,2021,KOSPI,248,248,248,0,0,0,0
1639,118000,2022,KOSPI,246,246,246,0,0,0,0
1639,118000,2023,KOSPI,245,245,245,0,0,0,0
1639,118000,2024,KOSPI,244,244,244,0,0,0,0
1639,118000,2025,KOSPI,242,242,242,0,0,0,0
1639,118000,2026,KOSPI,166,166,166,0,0,0,0
1640,118990,2017,KOSDAQ,97,97,97,0,0,0,0
1640,118990,2018,KOSDAQ,244,244,244,0,0,0,0
1640,118990,2019,KOSDAQ,246,246,246,0,0,0,0
1640,118990,2020,KOSDAQ,248,248,248,0,0,0,0
1640,118990,2021,KOSDAQ,248,248,248,0,0,0,0
1640,118990,2022,KOSDAQ,246,246,246,0,0,0,0
1640,118990,2023,KOSDAQ,245,245,245,0,0,0,0
1640,118990,2024,KOSDAQ,244,244,244,0,0,0,0
1640,118990,2025,KOSDAQ,242,242,242,0,0,0,0
1640,118990,2026,KOSDAQ,166,166,166,0,0,0,0
1641,119500,2013,KOSDAQ,247,247,247,0,0,0,0
1641,119500,2014,KOSDAQ,245,245,245,0,0,0,0
1641,119500,2015,KOSDAQ,248,248,248,0,0,0,0
1641,119500,2016,KOSDAQ,246,246,246,0,0,0,0
1641,119500,2017,KOSDAQ,243,243,243,0,0,0,0
1641,119500,2018,KOSDAQ,244,244,244,0,0,0,0
1641,119500,2019,KOSDAQ,246,246,246,0,0,0,0
1641,119500,2020,KOSDAQ,248,248,248,0,0,0,0
1641,119500,2021,KOSDAQ,248,248,248,0,0,0,0
1641,119500,2022,KOSDAQ,246,246,246,0,0,0,0
1641,119500,2023,KOSDAQ,245,245,245,0,0,0,0
1641,119500,2024,KOSDAQ,244,244,244,0,0,0,0
1641,119500,2025,KOSDAQ,242,242,242,0,0,0,0
1641,119500,2026,KOSDAQ,166,166,166,0,0,0,0
1642,119610,2013,KOSDAQ,247,247,247,0,0,0,0
1642,119610,2014,KOSDAQ,245,245,245,0,0,0,0
1642,119610,2015,KOSDAQ,248,248,248,0,0,0,0
1642,119610,2016,KOSDAQ,246,246,246,0,0,0,0
1642,119610,2017,KOSDAQ,243,243,243,0,0,0,0
1642,119610,2018,KOSDAQ,244,244,244,0,0,0,0
1642,119610,2019,KOSDAQ,246,246,246,0,0,0,0
1642,119610,2020,KOSDAQ,248,248,248,0,0,0,0
1642,119610,2021,KOSDAQ,248,248,248,0,0,0,0
1642,119610,2022,KOSDAQ,246,246,246,0,0,0,0
1642,119610,2023,KOSDAQ,245,245,245,0,0,0,0
1642,119610,2024,KOSDAQ,244,244,244,0,0,0,0
1642,119610,2025,KOSDAQ,242,242,242,0,0,0,0
1642,119610,2026,KOSDAQ,166,166,166,0,0,0,0
1643,119650,2013,KOSPI,247,247,247,0,0,0,0
1643,119650,2014,KOSPI,245,245,245,0,0,0,0
1643,119650,2015,KOSPI,248,248,248,0,0,0,0
1643,119650,2016,KOSPI,246,246,246,0,0,0,0
1643,119650,2017,KOSPI,243,243,243,0,0,0,0
1643,119650,2018,KOSPI,244,244,244,0,0,0,0
1643,119650,2019,KOSPI,246,246,246,0,0,0,0
1643,119650,2020,KOSPI,248,248,248,0,0,0,0
1643,119650,2021,KOSPI,248,248,248,0,0,0,0
1643,119650,2022,KOSPI,246,246,246,0,0,0,0
1643,119650,2023,KOSPI,245,245,245,0,0,0,0
1643,119650,2024,KOSPI,244,244,244,0,0,0,0
1643,119650,2025,KOSPI,242,242,242,0,0,0,0
1643,119650,2026,KOSPI,166,166,166,0,0,0,0
1644,119830,2013,KOSDAQ,247,247,247,0,0,0,0
1644,119830,2014,KOSDAQ,245,245,245,0,0,0,0
1644,119830,2015,KOSDAQ,248,248,248,0,0,0,0
1644,119830,2016,KOSDAQ,246,246,246,0,0,0,0
1644,119830,2017,KOSDAQ,243,243,243,0,0,0,0
1644,119830,2018,KOSDAQ,244,244,244,0,0,0,0
1644,119830,2019,KOSDAQ,246,246,246,0,0,0,0
1644,119830,2020,KOSDAQ,248,248,248,0,0,0,0
1644,119830,2021,KOSDAQ,248,248,248,0,0,0,0
1644,119830,2022,KOSDAQ,246,246,246,0,0,0,0
1644,119830,2023,KOSDAQ,245,245,245,0,0,0,0
1644,119830,2024,KOSDAQ,244,244,244,0,0,0,0
1644,119830,2025,KOSDAQ,242,242,242,0,0,0,0
1644,119830,2026,KOSDAQ,166,166,166,0,0,0,0
1645,119850,2013,KOSDAQ,61,61,61,0,0,0,0
1645,119850,2014,KOSDAQ,245,245,245,0,0,0,0
1645,119850,2015,KOSDAQ,248,248,248,0,0,0,0
1645,119850,2016,KOSDAQ,246,246,246,0,0,0,0
1645,119850,2017,KOSDAQ,243,243,243,0,0,0,0
1645,119850,2018,KOSDAQ,244,244,244,0,0,0,0
1645,119850,2019,KOSDAQ,246,246,246,0,0,0,0
1645,119850,2020,KOSDAQ,248,248,248,0,0,0,0
1645,119850,2021,KOSDAQ,248,248,248,0,0,0,0
1645,119850,2022,KOSDAQ,246,246,246,0,0,0,0
1645,119850,2023,KOSDAQ,245,245,245,0,0,0,0
1645,119850,2024,KOSDAQ,244,244,244,0,0,0,0
1645,119850,2025,KOSDAQ,242,242,242,0,0,0,0
1645,119850,2026,KOSDAQ,166,166,166,0,0,0,0
1646,120030,2013,KOSPI,247,247,247,0,0,0,0
1646,120030,2014,KOSPI,245,245,245,0,0,0,0
1646,120030,2015,KOSPI,248,248,248,0,0,0,0
1646,120030,2016,KOSPI,246,246,246,0,0,0,0
1646,120030,2017,KOSPI,243,243,243,0,0,0,0
1646,120030,2018,KOSPI,244,244,244,0,0,0,0
1646,120030,2019,KOSPI,246,246,246,0,0,0,0
1646,120030,2020,KOSPI,248,248,248,0,0,0,0
1646,120030,2021,KOSPI,248,248,248,0,0,0,0
1646,120030,2022,KOSPI,246,246,246,0,0,0,0
1646,120030,2023,KOSPI,245,245,245,0,0,0,0
1646,120030,2024,KOSPI,244,244,244,0,0,0,0
1646,120030,2025,KOSPI,242,242,242,0,0,0,0
1646,120030,2026,KOSPI,166,166,166,0,0,0,0
1647,120110,2013,KOSPI,247,247,247,0,0,0,0
1647,120110,2014,KOSPI,245,245,245,0,0,0,0
1647,120110,2015,KOSPI,248,248,248,0,0,0,0
1647,120110,2016,KOSPI,246,246,246,0,0,0,0
1647,120110,2017,KOSPI,243,243,243,0,0,0,0
1647,120110,2018,KOSPI,244,244,244,0,0,0,0
1647,120110,2019,KOSPI,246,246,246,0,0,0,0
1647,120110,2020,KOSPI,248,248,248,0,0,0,0
1647,120110,2021,KOSPI,248,248,248,0,0,0,0
1647,120110,2022,KOSPI,246,246,246,0,0,0,0
1647,120110,2023,KOSPI,245,245,245,0,0,0,0
1647,120110,2024,KOSPI,244,244,244,0,0,0,0
1647,120110,2025,KOSPI,242,242,242,0,0,0,0
1647,120110,2026,KOSPI,166,166,166,0,0,0,0
1649,120240,2013,KOSDAQ,247,247,247,0,0,0,0
1649,120240,2014,KOSDAQ,245,245,245,0,0,0,0
1649,120240,2015,KOSDAQ,248,248,248,0,0,0,0
1649,120240,2016,KOSDAQ,246,246,246,0,0,0,0
1649,120240,2017,KOSDAQ,243,243,243,0,0,0,0
1649,120240,2018,KOSDAQ,244,244,244,0,0,0,0
1649,120240,2019,KOSDAQ,246,246,246,0,0,0,0
1649,120240,2020,KOSDAQ,248,248,248,0,0,0,0
1649,120240,2021,KOSDAQ,248,248,248,0,0,0,0
1649,120240,2022,KOSDAQ,246,246,246,0,0,0,0
1649,120240,2023,KOSDAQ,245,245,245,0,0,0,0
1649,120240,2024,KOSDAQ,244,244,244,0,0,0,0
1649,120240,2025,KOSDAQ,242,242,242,0,0,0,0
1649,120240,2026,KOSDAQ,166,166,166,0,0,0,0
1650,121440,2013,KOSDAQ,247,247,247,0,0,0,0
1650,121440,2014,KOSDAQ,245,245,245,0,0,0,0
1650,121440,2015,KOSDAQ,248,248,247,0,0,1,0
1650,121440,2016,KOSDAQ,246,246,246,0,0,0,0
1650,121440,2017,KOSDAQ,243,243,243,0,0,0,0
1650,121440,2018,KOSDAQ,244,244,244,0,0,0,0
1650,121440,2019,KOSDAQ,246,246,246,0,0,0,0
1650,121440,2020,KOSDAQ,248,248,248,0,0,0,0
1650,121440,2021,KOSDAQ,248,248,248,0,0,0,0
1650,121440,2022,KOSDAQ,246,246,246,0,0,0,0
1650,121440,2023,KOSDAQ,245,245,245,0,0,0,0
1650,121440,2024,KOSDAQ,244,244,244,0,0,0,0
1650,121440,2025,KOSDAQ,242,242,242,0,0,0,0
1650,121440,2026,KOSDAQ,166,166,166,0,0,0,0
1651,121600,2013,KOSDAQ,247,247,247,0,0,0,0
1651,121600,2014,KOSDAQ,245,245,245,0,0,0,0
1651,121600,2015,KOSDAQ,248,248,248,0,0,0,0
1651,121600,2016,KOSDAQ,246,246,246,0,0,0,0
1651,121600,2017,KOSDAQ,243,243,243,0,0,0,0
1651,121600,2018,KOSDAQ,244,244,244,0,0,0,0
1651,121600,2019,KOSDAQ,246,246,246,0,0,0,0
1651,121600,2020,KOSDAQ,248,248,248,0,0,0,0
1651,121600,2021,KOSDAQ,248,248,248,0,0,0,0
1651,121600,2022,KOSDAQ,246,246,246,0,0,0,0
1651,121600,2023,KOSDAQ,245,245,245,0,0,0,0
1651,121600,2024,KOSDAQ,244,244,244,0,0,0,0
1651,121600,2025,KOSDAQ,242,242,242,0,0,0,0
1651,121600,2026,KOSDAQ,166,166,166,0,0,0,0
1652,121800,2013,KOSDAQ,247,247,247,0,0,0,0
1652,121800,2014,KOSDAQ,245,245,245,0,0,0,0
1652,121800,2015,KOSDAQ,248,248,248,0,0,0,0
1652,121800,2016,KOSDAQ,246,246,246,0,0,0,0
1652,121800,2017,KOSDAQ,243,243,243,0,0,0,0
1652,121800,2018,KOSDAQ,244,244,244,0,0,0,0
1652,121800,2019,KOSDAQ,246,246,246,0,0,0,0
1652,121800,2020,KOSDAQ,248,248,248,0,0,0,0
1652,121800,2021,KOSDAQ,248,248,248,0,0,0,0
1652,121800,2022,KOSDAQ,246,246,246,0,0,0,0
1652,121800,2023,KOSDAQ,245,245,245,0,0,0,0
1652,121800,2024,KOSDAQ,244,244,244,0,0,0,0
1652,121800,2025,KOSDAQ,242,242,242,0,0,0,0
1652,121800,2026,KOSDAQ,166,166,166,0,0,0,0
1653,121850,2013,KOSDAQ,247,247,247,0,0,0,0
1653,121850,2014,KOSDAQ,245,245,245,0,0,0,0
1653,121850,2015,KOSDAQ,248,248,247,0,0,1,0
1653,121850,2016,KOSDAQ,246,246,246,0,0,0,0
1653,121850,2017,KOSDAQ,243,243,243,0,0,0,0
1653,121850,2018,KOSDAQ,244,244,244,0,0,0,0
1653,121850,2019,KOSDAQ,246,246,246,0,0,0,0
1653,121850,2020,KOSDAQ,248,248,248,0,0,0,0
1653,121850,2021,KOSDAQ,248,248,248,0,0,0,0
1653,121850,2022,KOSDAQ,246,246,246,0,0,0,0
1653,121850,2023,KOSDAQ,245,245,243,0,0,2,0
1653,121850,2024,KOSDAQ,244,244,243,0,0,1,0
1653,121850,2025,KOSDAQ,242,242,242,0,0,0,0
1653,121850,2026,KOSDAQ,166,166,165,0,0,1,0
1654,121890,2013,KOSDAQ,247,247,247,0,0,0,0
1654,121890,2014,KOSDAQ,245,245,245,0,0,0,0
1654,121890,2015,KOSDAQ,248,248,248,0,0,0,0
1654,121890,2016,KOSDAQ,246,246,246,0,0,0,0
1654,121890,2017,KOSDAQ,243,243,243,0,0,0,0
1654,121890,2018,KOSDAQ,244,244,244,0,0,0,0
1654,121890,2019,KOSDAQ,246,246,246,0,0,0,0
1654,121890,2020,KOSDAQ,248,248,248,0,0,0,0
1654,121890,2021,KOSDAQ,248,248,248,0,0,0,0
1654,121890,2022,KOSDAQ,246,246,246,0,0,0,0
1654,121890,2023,KOSDAQ,245,245,245,0,0,0,0
1654,121890,2024,KOSDAQ,244,244,244,0,0,0,0
1654,121890,2025,KOSDAQ,242,242,242,0,0,0,0
1654,121890,2026,KOSDAQ,166,166,166,0,0,0,0
1655,122310,2018,KOSDAQ,146,146,146,0,0,0,0
1655,122310,2019,KOSDAQ,246,246,246,0,0,0,0
1655,122310,2020,KOSDAQ,248,248,248,0,0,0,0
1655,122310,2021,KOSDAQ,248,248,248,0,0,0,0
1655,122310,2022,KOSDAQ,246,246,246,0,0,0,0
1655,122310,2023,KOSDAQ,245,245,245,0,0,0,0
1655,122310,2024,KOSDAQ,244,244,244,0,0,0,0
1655,122310,2025,KOSDAQ,242,242,242,0,0,0,0
1655,122310,2026,KOSDAQ,166,166,166,0,0,0,0
1656,122350,2013,KOSDAQ,247,247,247,0,0,0,0
1656,122350,2014,KOSDAQ,245,245,245,0,0,0,0
1656,122350,2015,KOSDAQ,248,248,248,0,0,0,0
1656,122350,2016,KOSDAQ,246,246,246,0,0,0,0
1656,122350,2017,KOSDAQ,243,243,243,0,0,0,0
1656,122350,2018,KOSDAQ,244,244,244,0,0,0,0
1656,122350,2019,KOSDAQ,246,246,246,0,0,0,0
1656,122350,2020,KOSDAQ,248,248,248,0,0,0,0
1656,122350,2021,KOSDAQ,248,248,248,0,0,0,0
1656,122350,2022,KOSDAQ,246,246,246,0,0,0,0
1656,122350,2023,KOSDAQ,245,245,245,0,0,0,0
1656,122350,2024,KOSDAQ,244,244,244,0,0,0,0
1656,122350,2025,KOSDAQ,242,242,242,0,0,0,0
1656,122350,2026,KOSDAQ,166,166,166,0,0,0,0
1657,122450,2013,KOSDAQ,247,247,247,0,0,0,0
1657,122450,2014,KOSDAQ,245,245,245,0,0,0,0
1657,122450,2015,KOSDAQ,248,248,248,0,0,0,0
1657,122450,2016,KOSDAQ,246,246,246,0,0,0,0
1657,122450,2017,KOSDAQ,243,243,243,0,0,0,0
1657,122450,2018,KOSDAQ,244,244,244,0,0,0,0
1657,122450,2019,KOSDAQ,246,246,246,0,0,0,0
1657,122450,2020,KOSDAQ,248,248,248,0,0,0,0
1657,122450,2021,KOSDAQ,248,248,248,0,0,0,0
1657,122450,2022,KOSDAQ,246,246,246,0,0,0,0
1657,122450,2023,KOSDAQ,245,245,245,0,0,0,0
1657,122450,2024,KOSDAQ,244,244,244,0,0,0,0
1657,122450,2025,KOSDAQ,242,242,242,0,0,0,0
1657,122450,2026,KOSDAQ,166,166,166,0,0,0,0
1658,122640,2015,KOSDAQ,10,10,10,0,0,0,0
1658,122640,2016,KOSDAQ,246,246,246,0,0,0,0
1658,122640,2017,KOSDAQ,243,243,243,0,0,0,0
1658,122640,2018,KOSDAQ,244,244,244,0,0,0,0
1658,122640,2019,KOSDAQ,246,246,246,0,0,0,0
1658,122640,2020,KOSDAQ,248,248,248,0,0,0,0
1658,122640,2021,KOSDAQ,248,248,248,0,0,0,0
1658,122640,2022,KOSDAQ,246,246,246,0,0,0,0
1658,122640,2023,KOSDAQ,245,245,245,0,0,0,0
1658,122640,2024,KOSDAQ,244,244,244,0,0,0,0
1658,122640,2025,KOSDAQ,242,242,242,0,0,0,0
1658,122640,2026,KOSDAQ,166,166,166,0,0,0,0
1659,122690,2013,KOSDAQ,247,247,247,0,0,0,0
1659,122690,2014,KOSDAQ,245,245,245,0,0,0,0
1659,122690,2015,KOSDAQ,248,248,248,0,0,0,0
1659,122690,2016,KOSDAQ,246,246,246,0,0,0,0
1659,122690,2017,KOSDAQ,243,243,243,0,0,0,0
1659,122690,2018,KOSDAQ,244,244,244,0,0,0,0
1659,122690,2019,KOSDAQ,246,246,246,0,0,0,0
1659,122690,2020,KOSDAQ,248,248,248,0,0,0,0
1659,122690,2021,KOSDAQ,248,248,248,0,0,0,0
1659,122690,2022,KOSDAQ,246,246,246,0,0,0,0
1659,122690,2023,KOSDAQ,245,245,245,0,0,0,0
1659,122690,2024,KOSDAQ,244,244,244,0,0,0,0
1659,122690,2025,KOSDAQ,242,242,242,0,0,0,0
1659,122690,2026,KOSDAQ,166,166,166,0,0,0,0
1660,122870,2013,KOSDAQ,247,247,247,0,0,0,0
1660,122870,2014,KOSDAQ,245,245,245,0,0,0,0
1660,122870,2015,KOSDAQ,248,248,248,0,0,0,0
1660,122870,2016,KOSDAQ,246,246,246,0,0,0,0
1660,122870,2017,KOSDAQ,243,243,243,0,0,0,0
1660,122870,2018,KOSDAQ,244,244,244,0,0,0,0
1660,122870,2019,KOSDAQ,246,246,246,0,0,0,0
1660,122870,2020,KOSDAQ,248,248,248,0,0,0,0
1660,122870,2021,KOSDAQ,248,248,248,0,0,0,0
1660,122870,2022,KOSDAQ,246,246,246,0,0,0,0
1660,122870,2023,KOSDAQ,245,245,245,0,0,0,0
1660,122870,2024,KOSDAQ,244,244,244,0,0,0,0
1660,122870,2025,KOSDAQ,242,242,242,0,0,0,0
1660,122870,2026,KOSDAQ,166,166,166,0,0,0,0
1661,122900,2013,KOSPI,247,247,247,0,0,0,0
1661,122900,2014,KOSPI,245,245,245,0,0,0,0
1661,122900,2015,KOSPI,248,248,248,0,0,0,0
1661,122900,2016,KOSPI,246,246,246,0,0,0,0
1661,122900,2017,KOSPI,243,243,243,0,0,0,0
1661,122900,2018,KOSPI,244,244,244,0,0,0,0
1661,122900,2019,KOSPI,246,246,246,0,0,0,0
1661,122900,2020,KOSPI,248,248,248,0,0,0,0
1661,122900,2021,KOSPI,248,248,248,0,0,0,0
1661,122900,2022,KOSPI,246,246,246,0,0,0,0
1661,122900,2023,KOSPI,245,245,245,0,0,0,0
1661,122900,2024,KOSPI,244,244,244,0,0,0,0
1661,122900,2025,KOSPI,242,242,242,0,0,0,0
1661,122900,2026,KOSPI,166,166,166,0,0,0,0
1662,122990,2013,KOSDAQ,247,247,247,0,0,0,0
1662,122990,2014,KOSDAQ,245,245,245,0,0,0,0
1662,122990,2015,KOSDAQ,248,248,248,0,0,0,0
1662,122990,2016,KOSDAQ,246,246,246,0,0,0,0
1662,122990,2017,KOSDAQ,243,243,243,0,0,0,0
1662,122990,2018,KOSDAQ,244,244,244,0,0,0,0
1662,122990,2019,KOSDAQ,246,246,246,0,0,0,0
1662,122990,2020,KOSDAQ,248,248,248,0,0,0,0
1662,122990,2021,KOSDAQ,248,248,248,0,0,0,0
1662,122990,2022,KOSDAQ,246,246,246,0,0,0,0
1662,122990,2023,KOSDAQ,245,245,245,0,0,0,0
1662,122990,2024,KOSDAQ,244,244,244,0,0,0,0
1662,122990,2025,KOSDAQ,242,242,242,0,0,0,0
1662,122990,2026,KOSDAQ,166,166,166,0,0,0,0
1663,123010,2016,KOSDAQ,112,112,112,0,0,0,0
1663,123010,2017,KOSDAQ,243,243,243,0,0,0,0
1663,123010,2018,KOSDAQ,244,244,244,0,0,0,0
1663,123010,2019,KOSDAQ,246,246,246,0,0,0,0
1663,123010,2020,KOSDAQ,248,248,248,0,0,0,0
1663,123010,2021,KOSDAQ,248,248,248,0,0,0,0
1663,123010,2022,KOSDAQ,246,246,246,0,0,0,0
1663,123010,2023,KOSDAQ,245,245,245,0,0,0,0
1663,123010,2024,KOSDAQ,244,244,243,0,0,1,0
1663,123010,2025,KOSDAQ,242,242,242,0,0,0,0
1663,123010,2026,KOSDAQ,166,166,166,0,0,0,0
1664,123040,2013,KOSDAQ,247,247,247,0,0,0,0
1664,123040,2014,KOSDAQ,245,245,245,0,0,0,0
1664,123040,2015,KOSDAQ,248,248,248,0,0,0,0
1664,123040,2016,KOSDAQ,246,246,246,0,0,0,0
1664,123040,2017,KOSDAQ,243,243,243,0,0,0,0
1664,123040,2018,KOSDAQ,244,244,244,0,0,0,0
1664,123040,2019,KOSDAQ,246,246,246,0,0,0,0
1664,123040,2020,KOSDAQ,248,248,248,0,0,0,0
1664,123040,2021,KOSDAQ,248,248,248,0,0,0,0
1664,123040,2022,KOSDAQ,246,246,246,0,0,0,0
1664,123040,2023,KOSDAQ,245,245,245,0,0,0,0
1664,123040,2024,KOSDAQ,244,244,244,0,0,0,0
1664,123040,2025,KOSDAQ,242,242,242,0,0,0,0
1664,123040,2026,KOSDAQ,166,166,166,0,0,0,0
1665,123330,2013,KOSDAQ,247,247,247,0,0,0,0
1665,123330,2014,KOSDAQ,245,245,245,0,0,0,0
1665,123330,2015,KOSDAQ,248,248,248,0,0,0,0
1665,123330,2016,KOSDAQ,246,246,246,0,0,0,0
1665,123330,2017,KOSDAQ,243,243,243,0,0,0,0
1665,123330,2018,KOSDAQ,244,244,244,0,0,0,0
1665,123330,2019,KOSDAQ,246,246,246,0,0,0,0
1665,123330,2020,KOSDAQ,248,248,248,0,0,0,0
1665,123330,2021,KOSDAQ,248,248,248,0,0,0,0
1665,123330,2022,KOSDAQ,246,246,246,0,0,0,0
1665,123330,2023,KOSDAQ,245,245,245,0,0,0,0
1665,123330,2024,KOSDAQ,244,244,244,0,0,0,0
1665,123330,2025,KOSDAQ,242,242,242,0,0,0,0
1665,123330,2026,KOSDAQ,166,166,166,0,0,0,0
1666,123410,2013,KOSDAQ,247,247,247,0,0,0,0
1666,123410,2014,KOSDAQ,245,245,245,0,0,0,0
1666,123410,2015,KOSDAQ,248,248,248,0,0,0,0
1666,123410,2016,KOSDAQ,246,246,246,0,0,0,0
1666,123410,2017,KOSDAQ,243,243,243,0,0,0,0
1666,123410,2018,KOSDAQ,244,244,244,0,0,0,0
1666,123410,2019,KOSDAQ,246,246,246,0,0,0,0
1666,123410,2020,KOSDAQ,248,248,248,0,0,0,0
1666,123410,2021,KOSDAQ,248,248,248,0,0,0,0
1666,123410,2022,KOSDAQ,246,246,246,0,0,0,0
1666,123410,2023,KOSDAQ,245,245,245,0,0,0,0
1666,123410,2024,KOSDAQ,244,244,244,0,0,0,0
1666,123410,2025,KOSDAQ,242,242,242,0,0,0,0
1666,123410,2026,KOSDAQ,166,166,166,0,0,0,0
1667,123420,2013,KOSDAQ,247,247,247,0,0,0,0
1667,123420,2014,KOSDAQ,245,245,245,0,0,0,0
1667,123420,2015,KOSDAQ,248,248,248,0,0,0,0
1667,123420,2016,KOSDAQ,246,246,246,0,0,0,0
1667,123420,2017,KOSDAQ,243,243,243,0,0,0,0
1667,123420,2018,KOSDAQ,244,244,244,0,0,0,0
1667,123420,2019,KOSDAQ,246,246,246,0,0,0,0
1667,123420,2020,KOSDAQ,248,248,248,0,0,0,0
1667,123420,2021,KOSDAQ,248,248,248,0,0,0,0
1667,123420,2022,KOSDAQ,246,246,246,0,0,0,0
1667,123420,2023,KOSDAQ,245,245,245,0,0,0,0
1667,123420,2024,KOSDAQ,244,244,244,0,0,0,0
1667,123420,2025,KOSDAQ,242,242,242,0,0,0,0
1667,123420,2026,KOSDAQ,166,166,166,0,0,0,0
1668,123570,2013,KOSDAQ,247,247,247,0,0,0,0
1668,123570,2014,KOSDAQ,245,245,245,0,0,0,0
1668,123570,2015,KOSDAQ,248,248,248,0,0,0,0
1668,123570,2016,KOSDAQ,246,246,246,0,0,0,0
1668,123570,2017,KOSDAQ,243,243,243,0,0,0,0
1668,123570,2018,KOSDAQ,244,244,244,0,0,0,0
1668,123570,2019,KOSDAQ,246,246,246,0,0,0,0
1668,123570,2020,KOSDAQ,248,248,248,0,0,0,0
1668,123570,2021,KOSDAQ,248,248,248,0,0,0,0
1668,123570,2022,KOSDAQ,246,246,246,0,0,0,0
1668,123570,2023,KOSDAQ,245,245,245,0,0,0,0
1668,123570,2024,KOSDAQ,244,244,244,0,0,0,0
1668,123570,2025,KOSDAQ,242,242,242,0,0,0,0
1668,123570,2026,KOSDAQ,166,166,166,0,0,0,0
1669,123690,2013,KOSPI,247,247,247,0,0,0,0
1669,123690,2014,KOSPI,245,245,245,0,0,0,0
1669,123690,2015,KOSPI,248,248,248,0,0,0,0
1669,123690,2016,KOSPI,246,246,246,0,0,0,0
1669,123690,2017,KOSPI,243,243,243,0,0,0,0
1669,123690,2018,KOSPI,244,244,244,0,0,0,0
1669,123690,2019,KOSPI,246,246,246,0,0,0,0
1669,123690,2020,KOSPI,248,248,248,0,0,0,0
1669,123690,2021,KOSPI,248,248,248,0,0,0,0
1669,123690,2022,KOSPI,246,246,246,0,0,0,0
1669,123690,2023,KOSPI,245,245,245,0,0,0,0
1669,123690,2024,KOSPI,244,244,244,0,0,0,0
1669,123690,2025,KOSPI,242,242,242,0,0,0,0
1669,123690,2026,KOSPI,166,166,166,0,0,0,0
1670,123700,2013,KOSPI,247,247,247,0,0,0,0
1670,123700,2014,KOSPI,245,245,245,0,0,0,0
1670,123700,2015,KOSPI,248,248,248,0,0,0,0
1670,123700,2016,KOSPI,246,246,246,0,0,0,0
1670,123700,2017,KOSPI,243,243,243,0,0,0,0
1670,123700,2018,KOSPI,244,244,244,0,0,0,0
1670,123700,2019,KOSPI,246,246,246,0,0,0,0
1670,123700,2020,KOSPI,248,248,248,0,0,0,0
1670,123700,2021,KOSPI,248,248,248,0,0,0,0
1670,123700,2022,KOSPI,246,246,246,0,0,0,0
1670,123700,2023,KOSPI,245,245,245,0,0,0,0
1670,123700,2024,KOSPI,244,244,244,0,0,0,0
1670,123700,2025,KOSPI,242,242,242,0,0,0,0
1670,123700,2026,KOSPI,166,166,166,0,0,0,0
1671,123750,2013,KOSDAQ,247,247,247,0,0,0,0
1671,123750,2014,KOSDAQ,245,245,245,0,0,0,0
1671,123750,2015,KOSDAQ,248,248,248,0,0,0,0
1671,123750,2016,KOSDAQ,246,246,246,0,0,0,0
1671,123750,2017,KOSDAQ,243,243,243,0,0,0,0
1671,123750,2018,KOSDAQ,244,244,244,0,0,0,0
1671,123750,2019,KOSDAQ,246,246,246,0,0,0,0
1671,123750,2020,KOSDAQ,248,248,248,0,0,0,0
1671,123750,2021,KOSDAQ,248,248,248,0,0,0,0
1671,123750,2022,KOSDAQ,246,246,246,0,0,0,0
1671,123750,2023,KOSDAQ,245,245,245,0,0,0,0
1671,123750,2024,KOSDAQ,244,244,244,0,0,0,0
1671,123750,2025,KOSDAQ,242,242,242,0,0,0,0
1671,123750,2026,KOSDAQ,166,166,166,0,0,0,0
1672,123840,2013,KOSDAQ,247,247,246,0,0,1,0
1672,123840,2014,KOSDAQ,245,245,245,0,0,0,0
1672,123840,2015,KOSDAQ,248,248,248,0,0,0,0
1672,123840,2016,KOSDAQ,246,246,245,0,0,1,0
1672,123840,2017,KOSDAQ,243,243,242,0,0,1,0
1672,123840,2018,KOSDAQ,244,244,244,0,0,0,0
1672,123840,2019,KOSDAQ,246,246,246,0,0,0,0
1672,123840,2020,KOSDAQ,248,248,248,0,0,0,0
1672,123840,2021,KOSDAQ,248,248,248,0,0,0,0
1672,123840,2022,KOSDAQ,246,246,246,0,0,0,0
1672,123840,2023,KOSDAQ,245,245,245,0,0,0,0
1672,123840,2024,KOSDAQ,244,244,244,0,0,0,0
1672,123840,2025,KOSDAQ,242,242,241,0,0,1,0
1672,123840,2026,KOSDAQ,166,166,166,0,0,0,0
1673,123860,2013,KOSDAQ,247,247,247,0,0,0,0
1673,123860,2014,KOSDAQ,245,245,245,0,0,0,0
1673,123860,2015,KOSDAQ,248,248,248,0,0,0,0
1673,123860,2016,KOSDAQ,246,246,246,0,0,0,0
1673,123860,2017,KOSDAQ,243,243,243,0,0,0,0
1673,123860,2018,KOSDAQ,244,244,244,0,0,0,0
1673,123860,2019,KOSDAQ,246,246,246,0,0,0,0
1673,123860,2020,KOSDAQ,248,248,248,0,0,0,0
1673,123860,2021,KOSDAQ,248,248,248,0,0,0,0
1673,123860,2022,KOSDAQ,246,246,246,0,0,0,0
1673,123860,2023,KOSDAQ,245,245,245,0,0,0,0
1673,123860,2024,KOSDAQ,244,244,244,0,0,0,0
1673,123860,2025,KOSDAQ,242,242,242,0,0,0,0
1673,123860,2026,KOSDAQ,166,166,166,0,0,0,0
1674,123890,2016,KOSPI,117,117,117,0,0,0,0
1674,123890,2017,KOSPI,243,243,243,0,0,0,0
1674,123890,2018,KOSPI,244,244,244,0,0,0,0
1674,123890,2019,KOSPI,246,246,246,0,0,0,0
1674,123890,2020,KOSPI,248,248,248,0,0,0,0
1674,123890,2021,KOSPI,248,248,248,0,0,0,0
1674,123890,2022,KOSPI,246,246,246,0,0,0,0
1674,123890,2023,KOSPI,245,245,245,0,0,0,0
1674,123890,2024,KOSPI,244,244,244,0,0,0,0
1674,123890,2025,KOSPI,242,242,242,0,0,0,0
1674,123890,2026,KOSPI,166,166,166,0,0,0,0
1675,124500,2014,KOSDAQ,5,5,5,0,0,0,0
1675,124500,2015,KOSDAQ,248,248,248,0,0,0,0
1675,124500,2016,KOSDAQ,246,246,246,0,0,0,0
1675,124500,2017,KOSDAQ,243,243,243,0,0,0,0
1675,124500,2018,KOSDAQ,244,244,244,0,0,0,0
1675,124500,2019,KOSDAQ,246,246,246,0,0,0,0
1675,124500,2020,KOSDAQ,248,248,248,0,0,0,0
1675,124500,2021,KOSDAQ,248,248,248,0,0,0,0
1675,124500,2022,KOSDAQ,246,246,246,0,0,0,0
1675,124500,2023,KOSDAQ,245,245,245,0,0,0,0
1675,124500,2024,KOSDAQ,244,244,244,0,0,0,0
1675,124500,2025,KOSDAQ,242,242,242,0,0,0,0
1675,124500,2026,KOSDAQ,166,166,166,0,0,0,0
1676,124560,2019,KOSDAQ,14,14,14,0,0,0,0
1676,124560,2020,KOSDAQ,248,248,247,0,0,1,0
1676,124560,2021,KOSDAQ,248,248,247,0,0,1,0
1676,124560,2022,KOSDAQ,246,246,246,0,0,0,0
1676,124560,2023,KOSDAQ,245,245,245,0,0,0,0
1676,124560,2024,KOSDAQ,244,244,244,0,0,0,0
1676,124560,2025,KOSDAQ,242,242,242,0,0,0,0
1676,124560,2026,KOSDAQ,166,166,166,0,0,0,0
1677,125020,2025,KOSDAQ,155,155,155,0,0,0,0
1677,125020,2026,KOSDAQ,166,166,166,0,0,0,0
1678,125210,2019,KOSDAQ,188,188,188,0,0,0,0
1678,125210,2020,KOSDAQ,248,248,248,0,0,0,0
1678,125210,2021,KOSDAQ,248,248,248,0,0,0,0
1678,125210,2022,KOSDAQ,246,246,246,0,0,0,0
1678,125210,2023,KOSDAQ,245,245,245,0,0,0,0
1678,125210,2024,KOSDAQ,244,244,244,0,0,0,0
1678,125210,2025,KOSDAQ,242,242,242,0,0,0,0
1678,125210,2026,KOSDAQ,166,166,166,0,0,0,0
1679,125490,2025,KOSDAQ,89,89,89,0,0,0,0
1679,125490,2026,KOSDAQ,166,166,166,0,0,0,0
1680,126340,2020,KOSDAQ,66,66,66,0,0,0,0
1680,126340,2021,KOSDAQ,248,248,248,0,0,0,0
1680,126340,2022,KOSDAQ,246,246,246,0,0,0,0
1680,126340,2023,KOSDAQ,245,245,245,0,0,0,0
1680,126340,2024,KOSDAQ,244,244,244,0,0,0,0
1680,126340,2025,KOSDAQ,242,242,242,0,0,0,0
1680,126340,2026,KOSDAQ,166,166,166,0,0,0,0
1681,126560,2013,KOSPI,247,247,247,0,0,0,0
1681,126560,2014,KOSPI,245,245,245,0,0,0,0
1681,126560,2015,KOSPI,248,248,248,0,0,0,0
1681,126560,2016,KOSPI,246,246,246,0,0,0,0
1681,126560,2017,KOSPI,243,243,243,0,0,0,0
1681,126560,2018,KOSPI,244,244,244,0,0,0,0
1681,126560,2019,KOSPI,246,246,246,0,0,0,0
1681,126560,2020,KOSPI,248,248,248,0,0,0,0
1681,126560,2021,KOSPI,248,248,248,0,0,0,0
1681,126560,2022,KOSPI,246,246,246,0,0,0,0
1681,126560,2023,KOSPI,245,245,245,0,0,0,0
1681,126560,2024,KOSPI,244,244,244,0,0,0,0
1681,126560,2025,KOSPI,242,242,242,0,0,0,0
1681,126560,2026,KOSPI,166,166,166,0,0,0,0
1682,126600,2013,KOSDAQ,247,247,247,0,0,0,0
1682,126600,2014,KOSDAQ,245,245,245,0,0,0,0
1682,126600,2015,KOSDAQ,248,248,248,0,0,0,0
1682,126600,2016,KOSDAQ,246,246,246,0,0,0,0
1682,126600,2017,KOSDAQ,243,243,243,0,0,0,0
1682,126600,2018,KOSDAQ,244,244,244,0,0,0,0
1682,126600,2019,KOSDAQ,246,246,246,0,0,0,0
1682,126600,2020,KOSDAQ,248,248,248,0,0,0,0
1682,126600,2021,KOSDAQ,248,248,248,0,0,0,0
1682,126600,2022,KOSDAQ,246,246,246,0,0,0,0
1682,126600,2023,KOSDAQ,245,245,245,0,0,0,0
1682,126600,2024,KOSDAQ,244,244,244,0,0,0,0
1682,126600,2025,KOSDAQ,242,242,242,0,0,0,0
1682,126600,2026,KOSDAQ,166,166,166,0,0,0,0
1683,126640,2013,KOSDAQ,247,247,247,0,0,0,0
1683,126640,2014,KOSDAQ,245,245,245,0,0,0,0
1683,126640,2015,KOSDAQ,248,248,248,0,0,0,0
1683,126640,2016,KOSDAQ,246,246,246,0,0,0,0
1683,126640,2017,KOSDAQ,243,243,243,0,0,0,0
1683,126640,2018,KOSDAQ,244,244,244,0,0,0,0
1683,126640,2019,KOSDAQ,246,246,246,0,0,0,0
1683,126640,2020,KOSDAQ,248,248,248,0,0,0,0
1683,126640,2021,KOSDAQ,248,248,248,0,0,0,0
1683,126640,2022,KOSDAQ,246,246,246,0,0,0,0
1683,126640,2023,KOSDAQ,245,245,245,0,0,0,0
1683,126640,2024,KOSDAQ,244,244,244,0,0,0,0
1683,126640,2025,KOSDAQ,242,242,242,0,0,0,0
1683,126640,2026,KOSDAQ,166,166,166,0,0,0,0
1684,126700,2013,KOSDAQ,247,247,247,0,0,0,0
1684,126700,2014,KOSDAQ,245,245,245,0,0,0,0
1684,126700,2015,KOSDAQ,248,248,248,0,0,0,0
1684,126700,2016,KOSDAQ,246,246,246,0,0,0,0
1684,126700,2017,KOSDAQ,243,243,243,0,0,0,0
1684,126700,2018,KOSDAQ,244,244,244,0,0,0,0
1684,126700,2019,KOSDAQ,246,246,246,0,0,0,0
1684,126700,2020,KOSDAQ,248,248,248,0,0,0,0
1684,126700,2021,KOSDAQ,248,248,248,0,0,0,0
1684,126700,2022,KOSDAQ,246,246,246,0,0,0,0
1684,126700,2023,KOSDAQ,245,245,245,0,0,0,0
1684,126700,2024,KOSDAQ,244,244,244,0,0,0,0
1684,126700,2025,KOSDAQ,242,242,242,0,0,0,0
1684,126700,2026,KOSDAQ,166,166,166,0,0,0,0
1685,126720,2022,KOSPI,104,104,104,0,0,0,0
1685,126720,2023,KOSPI,245,245,245,0,0,0,0
1685,126720,2024,KOSPI,244,244,244,0,0,0,0
1685,126720,2025,KOSPI,242,242,242,0,0,0,0
1685,126720,2026,KOSPI,166,166,166,0,0,0,0
1686,126730,2024,KOSDAQ,160,160,160,0,0,0,0
1686,126730,2025,KOSDAQ,242,242,242,0,0,0,0
1686,126730,2026,KOSDAQ,166,166,166,0,0,0,0
1687,126880,2013,KOSDAQ,247,247,247,0,0,0,0
1687,126880,2014,KOSDAQ,245,245,245,0,0,0,0
1687,126880,2015,KOSDAQ,248,248,248,0,0,0,0
1687,126880,2016,KOSDAQ,246,246,246,0,0,0,0
1687,126880,2017,KOSDAQ,243,243,243,0,0,0,0
1687,126880,2018,KOSDAQ,244,244,244,0,0,0,0
1687,126880,2019,KOSDAQ,246,246,246,0,0,0,0
1687,126880,2020,KOSDAQ,248,248,248,0,0,0,0
1687,126880,2021,KOSDAQ,248,248,248,0,0,0,0
1687,126880,2022,KOSDAQ,246,246,246,0,0,0,0
1687,126880,2023,KOSDAQ,245,245,245,0,0,0,0
1687,126880,2024,KOSDAQ,244,244,244,0,0,0,0
1687,126880,2025,KOSDAQ,242,242,242,0,0,0,0
1687,126880,2026,KOSDAQ,166,166,166,0,0,0,0
1688,127120,2013,KOSDAQ,247,247,247,0,0,0,0
1688,127120,2014,KOSDAQ,245,245,245,0,0,0,0
1688,127120,2015,KOSDAQ,248,248,248,0,0,0,0
1688,127120,2016,KOSDAQ,246,246,246,0,0,0,0
1688,127120,2017,KOSDAQ,243,243,243,0,0,0,0
1688,127120,2018,KOSDAQ,244,244,244,0,0,0,0
1688,127120,2019,KOSDAQ,246,246,246,0,0,0,0
1688,127120,2020,KOSDAQ,248,248,248,0,0,0,0
1688,127120,2021,KOSDAQ,248,248,248,0,0,0,0
1688,127120,2022,KOSDAQ,246,246,246,0,0,0,0
1688,127120,2023,KOSDAQ,245,245,245,0,0,0,0
1688,127120,2024,KOSDAQ,244,244,244,0,0,0,0
1688,127120,2025,KOSDAQ,242,242,242,0,0,0,0
1688,127120,2026,KOSDAQ,166,166,166,0,0,0,0
1689,127710,2015,KOSDAQ,104,104,104,0,0,0,0
1689,127710,2016,KOSDAQ,246,246,246,0,0,0,0
1689,127710,2017,KOSDAQ,243,243,243,0,0,0,0
1689,127710,2018,KOSDAQ,244,244,244,0,0,0,0
1689,127710,2019,KOSDAQ,246,246,246,0,0,0,0
1689,127710,2020,KOSDAQ,248,248,248,0,0,0,0
1689,127710,2021,KOSDAQ,248,248,248,0,0,0,0
1689,127710,2022,KOSDAQ,246,246,246,0,0,0,0
1689,127710,2023,KOSDAQ,245,245,245,0,0,0,0
1689,127710,2024,KOSDAQ,244,244,244,0,0,0,0
1689,127710,2025,KOSDAQ,242,242,242,0,0,0,0
1689,127710,2026,KOSDAQ,166,166,166,0,0,0,0
1690,127980,2023,KOSDAQ,213,213,213,0,0,0,0
1690,127980,2024,KOSDAQ,244,244,244,0,0,0,0
1690,127980,2025,KOSDAQ,242,242,242,0,0,0,0
1690,127980,2026,KOSDAQ,166,166,166,0,0,0,0
1691,128540,2018,KOSDAQ,17,17,17,0,0,0,0
1691,128540,2019,KOSDAQ,246,246,246,0,0,0,0
1691,128540,2020,KOSDAQ,248,248,248,0,0,0,0
1691,128540,2021,KOSDAQ,248,248,248,0,0,0,0
1691,128540,2022,KOSDAQ,246,246,246,0,0,0,0
1691,128540,2023,KOSDAQ,245,245,245,0,0,0,0
1691,128540,2024,KOSDAQ,244,244,244,0,0,0,0
1691,128540,2025,KOSDAQ,242,242,242,0,0,0,0
1691,128540,2026,KOSDAQ,166,166,166,0,0,0,0
1692,128660,2013,KOSDAQ,247,247,247,0,0,0,0
1692,128660,2014,KOSDAQ,245,245,245,0,0,0,0
1692,128660,2015,KOSDAQ,248,248,248,0,0,0,0
1692,128660,2016,KOSDAQ,246,246,246,0,0,0,0
1692,128660,2017,KOSDAQ,243,243,243,0,0,0,0
1692,128660,2018,KOSDAQ,244,244,244,0,0,0,0
1692,128660,2019,KOSDAQ,246,246,246,0,0,0,0
1692,128660,2020,KOSDAQ,248,248,248,0,0,0,0
1692,128660,2021,KOSDAQ,248,248,248,0,0,0,0
1692,128660,2022,KOSDAQ,246,246,246,0,0,0,0
1692,128660,2023,KOSDAQ,245,245,245,0,0,0,0
1692,128660,2024,KOSDAQ,244,244,244,0,0,0,0
1692,128660,2025,KOSDAQ,242,242,242,0,0,0,0
1692,128660,2026,KOSDAQ,166,166,166,0,0,0,0
1693,128820,2013,KOSPI,247,247,247,0,0,0,0
1693,128820,2014,KOSPI,245,245,245,0,0,0,0
1693,128820,2015,KOSPI,248,248,248,0,0,0,0
1693,128820,2016,KOSPI,246,246,246,0,0,0,0
1693,128820,2017,KOSPI,243,243,243,0,0,0,0
1693,128820,2018,KOSPI,244,244,244,0,0,0,0
1693,128820,2019,KOSPI,246,246,246,0,0,0,0
1693,128820,2020,KOSPI,248,248,248,0,0,0,0
1693,128820,2021,KOSPI,248,248,248,0,0,0,0
1693,128820,2022,KOSPI,246,246,245,0,0,1,0
1693,128820,2023,KOSPI,245,245,245,0,0,0,0
1693,128820,2024,KOSPI,244,244,244,0,0,0,0
1693,128820,2025,KOSPI,242,242,242,0,0,0,0
1693,128820,2026,KOSPI,166,166,166,0,0,0,0
1694,128940,2013,KOSPI,247,247,247,0,0,0,0
1694,128940,2014,KOSPI,245,245,245,0,0,0,0
1694,128940,2015,KOSPI,248,248,248,0,0,0,0
1694,128940,2016,KOSPI,246,246,246,0,0,0,0
1694,128940,2017,KOSPI,243,243,243,0,0,0,0
1694,128940,2018,KOSPI,244,244,244,0,0,0,0
1694,128940,2019,KOSPI,246,246,246,0,0,0,0
1694,128940,2020,KOSPI,248,248,248,0,0,0,0
1694,128940,2021,KOSPI,248,248,248,0,0,0,0
1694,128940,2022,KOSPI,246,246,246,0,0,0,0
1694,128940,2023,KOSPI,245,245,245,0,0,0,0
1694,128940,2024,KOSPI,244,244,244,0,0,0,0
1694,128940,2025,KOSPI,242,242,242,0,0,0,0
1694,128940,2026,KOSPI,166,166,166,0,0,0,0
1695,129260,2013,KOSPI,247,247,247,0,0,0,0
1695,129260,2014,KOSPI,245,245,245,0,0,0,0
1695,129260,2015,KOSPI,248,248,248,0,0,0,0
1695,129260,2016,KOSPI,246,246,246,0,0,0,0
1695,129260,2017,KOSPI,243,243,243,0,0,0,0
1695,129260,2018,KOSPI,244,244,244,0,0,0,0
1695,129260,2019,KOSPI,246,246,246,0,0,0,0
1695,129260,2020,KOSPI,248,248,248,0,0,0,0
1695,129260,2021,KOSPI,248,248,248,0,0,0,0
1695,129260,2022,KOSPI,246,246,246,0,0,0,0
1695,129260,2023,KOSPI,245,245,245,0,0,0,0
1695,129260,2024,KOSPI,244,244,244,0,0,0,0
1695,129260,2025,KOSPI,242,242,242,0,0,0,0
1695,129260,2026,KOSPI,166,166,166,0,0,0,0
1696,129890,2020,KOSDAQ,20,20,20,0,0,0,0
1696,129890,2021,KOSDAQ,248,248,248,0,0,0,0
1696,129890,2022,KOSDAQ,246,246,246,0,0,0,0
1696,129890,2023,KOSDAQ,245,245,245,0,0,0,0
1696,129890,2024,KOSDAQ,244,244,244,0,0,0,0
1696,129890,2025,KOSDAQ,242,242,242,0,0,0,0
1696,129890,2026,KOSDAQ,166,166,166,0,0,0,0
1697,129920,2022,KOSDAQ,90,90,90,0,0,0,0
1697,129920,2023,KOSDAQ,245,245,245,0,0,0,0
1697,129920,2024,KOSDAQ,244,244,244,0,0,0,0
1697,129920,2025,KOSDAQ,242,242,242,0,0,0,0
1697,129920,2026,KOSDAQ,166,166,166,0,0,0,0
1698,130500,2013,KOSDAQ,100,100,100,0,0,0,0
1698,130500,2014,KOSDAQ,245,245,245,0,0,0,0
1698,130500,2015,KOSDAQ,248,248,248,0,0,0,0
1698,130500,2016,KOSDAQ,246,246,245,0,0,1,0
1698,130500,2017,KOSDAQ,243,243,243,0,0,0,0
1698,130500,2018,KOSDAQ,244,244,244,0,0,0,0
1698,130500,2019,KOSDAQ,246,246,246,0,0,0,0
1698,130500,2020,KOSDAQ,248,248,248,0,0,0,0
1698,130500,2021,KOSDAQ,248,248,248,0,0,0,0
1698,130500,2022,KOSDAQ,246,246,246,0,0,0,0
1698,130500,2023,KOSDAQ,245,245,245,0,0,0,0
1698,130500,2024,KOSDAQ,244,244,244,0,0,0,0
1698,130500,2025,KOSDAQ,242,242,242,0,0,0,0
1698,130500,2026,KOSDAQ,166,166,166,0,0,0,0
1699,130580,2013,KOSDAQ,247,247,247,0,0,0,0
1699,130580,2014,KOSDAQ,245,245,245,0,0,0,0
1699,130580,2015,KOSDAQ,248,248,248,0,0,0,0
1699,130580,2016,KOSDAQ,246,246,246,0,0,0,0
1699,130580,2017,KOSDAQ,243,243,243,0,0,0,0
1699,130580,2018,KOSDAQ,244,244,244,0,0,0,0
1699,130580,2019,KOSDAQ,246,246,246,0,0,0,0
1699,130580,2020,KOSDAQ,248,248,248,0,0,0,0
1699,130580,2021,KOSDAQ,248,248,248,0,0,0,0
1699,130580,2022,KOSDAQ,246,246,246,0,0,0,0
1699,130580,2023,KOSDAQ,245,245,245,0,0,0,0
1699,130580,2024,KOSDAQ,244,244,244,0,0,0,0
1699,130580,2025,KOSDAQ,242,242,242,0,0,0,0
1699,130580,2026,KOSDAQ,166,166,166,0,0,0,0
1700,130660,2013,KOSPI,247,247,247,0,0,0,0
1700,130660,2014,KOSPI,245,245,245,0,0,0,0
1700,130660,2015,KOSPI,248,248,248,0,0,0,0
1700,130660,2016,KOSPI,246,246,246,0,0,0,0
1700,130660,2017,KOSPI,243,243,243,0,0,0,0
1700,130660,2018,KOSPI,244,244,244,0,0,0,0
1700,130660,2019,KOSPI,246,246,246,0,0,0,0
1700,130660,2020,KOSPI,248,248,248,0,0,0,0
1700,130660,2021,KOSPI,248,248,248,0,0,0,0
1700,130660,2022,KOSPI,246,246,246,0,0,0,0
1700,130660,2023,KOSPI,245,245,245,0,0,0,0
1700,130660,2024,KOSPI,244,244,244,0,0,0,0
1700,130660,2025,KOSPI,242,242,242,0,0,0,0
1700,130660,2026,KOSPI,166,166,166,0,0,0,0
1701,130740,2013,KOSDAQ,247,247,247,0,0,0,0
1701,130740,2014,KOSDAQ,245,245,245,0,0,0,0
1701,130740,2015,KOSDAQ,248,248,248,0,0,0,0
1701,130740,2016,KOSDAQ,246,246,246,0,0,0,0
1701,130740,2017,KOSDAQ,243,243,243,0,0,0,0
1701,130740,2018,KOSDAQ,244,244,244,0,0,0,0
1701,130740,2019,KOSDAQ,246,246,246,0,0,0,0
1701,130740,2020,KOSDAQ,248,248,248,0,0,0,0
1701,130740,2021,KOSDAQ,248,248,248,0,0,0,0
1701,130740,2022,KOSDAQ,246,246,246,0,0,0,0
1701,130740,2023,KOSDAQ,245,245,245,0,0,0,0
1701,130740,2024,KOSDAQ,244,244,244,0,0,0,0
1701,130740,2025,KOSDAQ,242,242,242,0,0,0,0
1701,130740,2026,KOSDAQ,166,166,166,0,0,0,0
1702,131030,2013,KOSDAQ,247,247,247,0,0,0,0
1702,131030,2014,KOSDAQ,245,245,245,0,0,0,0
1702,131030,2015,KOSDAQ,248,248,248,0,0,0,0
1702,131030,2016,KOSDAQ,246,246,246,0,0,0,0
1702,131030,2017,KOSDAQ,243,243,243,0,0,0,0
1702,131030,2018,KOSDAQ,244,244,244,0,0,0,0
1702,131030,2019,KOSDAQ,246,246,246,0,0,0,0
1702,131030,2020,KOSDAQ,248,248,248,0,0,0,0
1702,131030,2021,KOSDAQ,248,248,248,0,0,0,0
1702,131030,2022,KOSDAQ,246,246,246,0,0,0,0
1702,131030,2023,KOSDAQ,245,245,245,0,0,0,0
1702,131030,2024,KOSDAQ,244,244,244,0,0,0,0
1702,131030,2025,KOSDAQ,242,242,242,0,0,0,0
1702,131030,2026,KOSDAQ,166,166,166,0,0,0,0
1703,131090,2013,KOSDAQ,247,247,247,0,0,0,0
1703,131090,2014,KOSDAQ,245,245,245,0,0,0,0
1703,131090,2015,KOSDAQ,248,248,248,0,0,0,0
1703,131090,2016,KOSDAQ,246,246,246,0,0,0,0
1703,131090,2017,KOSDAQ,243,243,243,0,0,0,0
1703,131090,2018,KOSDAQ,244,244,244,0,0,0,0
1703,131090,2019,KOSDAQ,246,246,246,0,0,0,0
1703,131090,2020,KOSDAQ,248,248,248,0,0,0,0
1703,131090,2021,KOSDAQ,248,248,248,0,0,0,0
1703,131090,2022,KOSDAQ,246,246,246,0,0,0,0
1703,131090,2023,KOSDAQ,245,245,245,0,0,0,0
1703,131090,2024,KOSDAQ,244,244,244,0,0,0,0
1703,131090,2025,KOSDAQ,242,242,242,0,0,0,0
1703,131090,2026,KOSDAQ,166,166,166,0,0,0,0
1704,131100,2013,KOSDAQ,247,247,247,0,0,0,0
1704,131100,2014,KOSDAQ,245,245,245,0,0,0,0
1704,131100,2015,KOSDAQ,248,248,248,0,0,0,0
1704,131100,2016,KOSDAQ,246,246,246,0,0,0,0
1704,131100,2017,KOSDAQ,243,243,243,0,0,0,0
1704,131100,2018,KOSDAQ,244,244,244,0,0,0,0
1704,131100,2019,KOSDAQ,246,246,246,0,0,0,0
1704,131100,2020,KOSDAQ,248,248,248,0,0,0,0
1704,131100,2021,KOSDAQ,248,248,248,0,0,0,0
1704,131100,2022,KOSDAQ,246,246,246,0,0,0,0
1704,131100,2023,KOSDAQ,245,245,245,0,0,0,0
1704,131100,2024,KOSDAQ,244,244,244,0,0,0,0
1704,131100,2025,KOSDAQ,242,242,242,0,0,0,0
1704,131100,2026,KOSDAQ,166,166,166,0,0,0,0
1705,131180,2013,KOSDAQ,247,247,247,0,0,0,0
1705,131180,2014,KOSDAQ,245,245,245,0,0,0,0
1705,131180,2015,KOSDAQ,248,248,248,0,0,0,0
1705,131180,2016,KOSDAQ,246,246,246,0,0,0,0
1705,131180,2017,KOSDAQ,243,243,243,0,0,0,0
1705,131180,2018,KOSDAQ,244,244,244,0,0,0,0
1705,131180,2019,KOSDAQ,246,246,246,0,0,0,0
1705,131180,2020,KOSDAQ,248,248,248,0,0,0,0
1705,131180,2021,KOSDAQ,248,248,248,0,0,0,0
1705,131180,2022,KOSDAQ,246,246,246,0,0,0,0
1705,131180,2023,KOSDAQ,245,245,245,0,0,0,0
1705,131180,2024,KOSDAQ,244,244,244,0,0,0,0
1705,131180,2025,KOSDAQ,242,242,242,0,0,0,0
1705,131180,2026,KOSDAQ,166,166,166,0,0,0,0
1706,131220,2013,KOSDAQ,247,247,247,0,0,0,0
1706,131220,2014,KOSDAQ,245,245,245,0,0,0,0
1706,131220,2015,KOSDAQ,248,248,248,0,0,0,0
1706,131220,2016,KOSDAQ,246,246,246,0,0,0,0
1706,131220,2017,KOSDAQ,243,243,243,0,0,0,0
1706,131220,2018,KOSDAQ,244,244,244,0,0,0,0
1706,131220,2019,KOSDAQ,246,246,246,0,0,0,0
1706,131220,2020,KOSDAQ,248,248,248,0,0,0,0
1706,131220,2021,KOSDAQ,248,248,248,0,0,0,0
1706,131220,2022,KOSDAQ,246,246,246,0,0,0,0
1706,131220,2023,KOSDAQ,245,245,245,0,0,0,0
1706,131220,2024,KOSDAQ,244,244,244,0,0,0,0
1706,131220,2025,KOSDAQ,242,242,242,0,0,0,0
1706,131220,2026,KOSDAQ,166,166,166,0,0,0,0
1707,131290,2013,KOSDAQ,247,247,247,0,0,0,0
1707,131290,2014,KOSDAQ,245,245,245,0,0,0,0
1707,131290,2015,KOSDAQ,248,248,248,0,0,0,0
1707,131290,2016,KOSDAQ,246,246,246,0,0,0,0
1707,131290,2017,KOSDAQ,243,243,243,0,0,0,0
1707,131290,2018,KOSDAQ,244,244,244,0,0,0,0
1707,131290,2019,KOSDAQ,246,246,246,0,0,0,0
1707,131290,2020,KOSDAQ,248,248,248,0,0,0,0
1707,131290,2021,KOSDAQ,248,248,248,0,0,0,0
1707,131290,2022,KOSDAQ,246,246,246,0,0,0,0
1707,131290,2023,KOSDAQ,245,245,245,0,0,0,0
1707,131290,2024,KOSDAQ,244,244,244,0,0,0,0
1707,131290,2025,KOSDAQ,242,242,242,0,0,0,0
1707,131290,2026,KOSDAQ,166,166,166,0,0,0,0
1708,131370,2013,KOSDAQ,247,247,247,0,0,0,0
1708,131370,2014,KOSDAQ,245,245,245,0,0,0,0
1708,131370,2015,KOSDAQ,248,248,248,0,0,0,0
1708,131370,2016,KOSDAQ,246,246,246,0,0,0,0
1708,131370,2017,KOSDAQ,243,243,243,0,0,0,0
1708,131370,2018,KOSDAQ,244,244,244,0,0,0,0
1708,131370,2019,KOSDAQ,246,246,246,0,0,0,0
1708,131370,2020,KOSDAQ,248,248,248,0,0,0,0
1708,131370,2021,KOSDAQ,248,248,248,0,0,0,0
1708,131370,2022,KOSDAQ,246,246,246,0,0,0,0
1708,131370,2023,KOSDAQ,245,245,245,0,0,0,0
1708,131370,2024,KOSDAQ,244,244,244,0,0,0,0
1708,131370,2025,KOSDAQ,242,242,242,0,0,0,0
1708,131370,2026,KOSDAQ,166,166,166,0,0,0,0
1709,131400,2013,KOSDAQ,247,247,247,0,0,0,0
1709,131400,2014,KOSDAQ,245,245,245,0,0,0,0
1709,131400,2015,KOSDAQ,248,248,248,0,0,0,0
1709,131400,2016,KOSDAQ,246,246,246,0,0,0,0
1709,131400,2017,KOSDAQ,243,243,243,0,0,0,0
1709,131400,2018,KOSDAQ,244,244,244,0,0,0,0
1709,131400,2019,KOSDAQ,246,246,246,0,0,0,0
1709,131400,2020,KOSDAQ,248,248,248,0,0,0,0
1709,131400,2021,KOSDAQ,248,248,248,0,0,0,0
1709,131400,2022,KOSDAQ,246,246,246,0,0,0,0
1709,131400,2023,KOSDAQ,245,245,245,0,0,0,0
1709,131400,2024,KOSDAQ,244,244,244,0,0,0,0
1709,131400,2025,KOSDAQ,242,242,242,0,0,0,0
1709,131400,2026,KOSDAQ,166,166,166,0,0,0,0
1710,131760,2015,KOSDAQ,94,94,94,0,0,0,0
1710,131760,2016,KOSDAQ,246,246,246,0,0,0,0
1710,131760,2017,KOSDAQ,243,243,243,0,0,0,0
1710,131760,2018,KOSDAQ,244,244,244,0,0,0,0
1710,131760,2019,KOSDAQ,246,246,246,0,0,0,0
1710,131760,2020,KOSDAQ,248,248,248,0,0,0,0
1710,131760,2021,KOSDAQ,248,248,248,0,0,0,0
1710,131760,2022,KOSDAQ,246,246,246,0,0,0,0
1710,131760,2023,KOSDAQ,245,245,245,0,0,0,0
1710,131760,2024,KOSDAQ,244,244,244,0,0,0,0
1710,131760,2025,KOSDAQ,242,242,242,0,0,0,0
1710,131760,2026,KOSDAQ,166,166,166,0,0,0,0
1711,131970,2013,KOSDAQ,49,49,49,0,0,0,0
1711,131970,2014,KOSDAQ,245,245,245,0,0,0,0
1711,131970,2015,KOSDAQ,248,248,248,0,0,0,0
1711,131970,2016,KOSDAQ,246,246,246,0,0,0,0
1711,131970,2017,KOSDAQ,243,243,243,0,0,0,0
1711,131970,2018,KOSDAQ,244,244,244,0,0,0,0
1711,131970,2019,KOSDAQ,246,246,246,0,0,0,0
1711,131970,2020,KOSDAQ,248,248,248,0,0,0,0
1711,131970,2021,KOSDAQ,248,248,248,0,0,0,0
1711,131970,2022,KOSDAQ,246,246,246,0,0,0,0
1711,131970,2023,KOSDAQ,245,245,245,0,0,0,0
1711,131970,2024,KOSDAQ,244,244,244,0,0,0,0
1711,131970,2025,KOSDAQ,242,242,242,0,0,0,0
1711,131970,2026,KOSDAQ,166,166,166,0,0,0,0
1712,133750,2015,KOSDAQ,8,8,8,0,0,0,0
1712,133750,2016,KOSDAQ,246,246,246,0,0,0,0
1712,133750,2017,KOSDAQ,243,243,243,0,0,0,0
1712,133750,2018,KOSDAQ,244,244,244,0,0,0,0
1712,133750,2019,KOSDAQ,246,246,246,0,0,0,0
1712,133750,2020,KOSDAQ,248,248,248,0,0,0,0
1712,133750,2021,KOSDAQ,248,248,248,0,0,0,0
1712,133750,2022,KOSDAQ,246,246,246,0,0,0,0
1712,133750,2023,KOSDAQ,245,245,245,0,0,0,0
1712,133750,2024,KOSDAQ,244,244,244,0,0,0,0
1712,133750,2025,KOSDAQ,242,242,242,0,0,0,0
1712,133750,2026,KOSDAQ,166,166,166,0,0,0,0
1713,133820,2014,KOSPI,109,109,109,0,0,0,0
1713,133820,2015,KOSPI,248,248,248,0,0,0,0
1713,133820,2016,KOSPI,246,246,246,0,0,0,0
1713,133820,2017,KOSPI,243,243,243,0,0,0,0
1713,133820,2018,KOSPI,244,244,244,0,0,0,0
1713,133820,2019,KOSPI,246,246,246,0,0,0,0
1713,133820,2020,KOSPI,248,248,248,0,0,0,0
1713,133820,2021,KOSPI,248,248,248,0,0,0,0
1713,133820,2022,KOSPI,246,246,246,0,0,0,0
1713,133820,2023,KOSPI,245,245,245,0,0,0,0
1713,133820,2024,KOSPI,244,244,244,0,0,0,0
1713,133820,2025,KOSPI,242,242,242,0,0,0,0
1713,133820,2026,KOSPI,166,166,166,0,0,0,0
1714,134060,2013,KOSDAQ,247,247,247,0,0,0,0
1714,134060,2014,KOSDAQ,245,245,245,0,0,0,0
1714,134060,2015,KOSDAQ,248,248,248,0,0,0,0
1714,134060,2016,KOSDAQ,246,246,246,0,0,0,0
1714,134060,2017,KOSDAQ,243,243,243,0,0,0,0
1714,134060,2018,KOSDAQ,244,244,244,0,0,0,0
1714,134060,2019,KOSDAQ,246,246,246,0,0,0,0
1714,134060,2020,KOSDAQ,248,248,248,0,0,0,0
1714,134060,2021,KOSDAQ,248,248,248,0,0,0,0
1714,134060,2022,KOSDAQ,246,246,246,0,0,0,0
1714,134060,2023,KOSDAQ,245,245,245,0,0,0,0
1714,134060,2024,KOSDAQ,244,244,244,0,0,0,0
1714,134060,2025,KOSDAQ,242,242,242,0,0,0,0
1714,134060,2026,KOSDAQ,166,166,166,0,0,0,0
1715,134380,2013,KOSPI,247,247,247,0,0,0,0
1715,134380,2014,KOSPI,245,245,245,0,0,0,0
1715,134380,2015,KOSPI,248,248,248,0,0,0,0
1715,134380,2016,KOSPI,246,246,246,0,0,0,0
1715,134380,2017,KOSPI,243,243,243,0,0,0,0
1715,134380,2018,KOSPI,244,244,244,0,0,0,0
1715,134380,2019,KOSPI,246,246,246,0,0,0,0
1715,134380,2020,KOSPI,248,248,248,0,0,0,0
1715,134380,2021,KOSPI,248,248,248,0,0,0,0
1715,134380,2022,KOSPI,246,246,246,0,0,0,0
1715,134380,2023,KOSPI,245,245,245,0,0,0,0
1715,134380,2024,KOSPI,244,244,244,0,0,0,0
1715,134380,2025,KOSPI,242,242,242,0,0,0,0
1715,134380,2026,KOSPI,166,166,166,0,0,0,0
1716,134580,2013,KOSDAQ,24,24,24,0,0,0,0
1716,134580,2014,KOSDAQ,245,245,245,0,0,0,0
1716,134580,2015,KOSDAQ,248,248,248,0,0,0,0
1716,134580,2016,KOSDAQ,246,246,246,0,0,0,0
1716,134580,2017,KOSDAQ,243,243,243,0,0,0,0
1716,134580,2018,KOSDAQ,244,244,244,0,0,0,0
1716,134580,2019,KOSDAQ,246,246,246,0,0,0,0
1716,134580,2020,KOSDAQ,248,248,248,0,0,0,0
1716,134580,2021,KOSDAQ,248,248,248,0,0,0,0
1716,134580,2022,KOSDAQ,246,246,246,0,0,0,0
1716,134580,2023,KOSDAQ,245,245,245,0,0,0,0
1716,134580,2024,KOSDAQ,244,244,244,0,0,0,0
1716,134580,2025,KOSDAQ,242,242,242,0,0,0,0
1716,134580,2026,KOSDAQ,166,166,166,0,0,0,0
1717,134790,2013,KOSPI,247,247,247,0,0,0,0
1717,134790,2014,KOSPI,245,245,245,0,0,0,0
1717,134790,2015,KOSPI,248,248,248,0,0,0,0
1717,134790,2016,KOSPI,246,246,246,0,0,0,0
1717,134790,2017,KOSPI,243,243,243,0,0,0,0
1717,134790,2018,KOSPI,244,244,244,0,0,0,0
1717,134790,2019,KOSPI,246,246,246,0,0,0,0
1717,134790,2020,KOSPI,248,248,248,0,0,0,0
1717,134790,2021,KOSPI,248,248,248,0,0,0,0
1717,134790,2022,KOSPI,246,246,246,0,0,0,0
1717,134790,2023,KOSPI,245,245,245,0,0,0,0
1717,134790,2024,KOSPI,244,244,244,0,0,0,0
1717,134790,2025,KOSPI,242,242,242,0,0,0,0
1717,134790,2026,KOSPI,166,166,166,0,0,0,0
1718,136150,2025,KOSDAQ,159,159,159,0,0,0,0
1718,136150,2026,KOSDAQ,166,166,166,0,0,0,0
1719,136410,2022,KOSDAQ,224,224,224,0,0,0,0
1719,136410,2023,KOSDAQ,245,245,245,0,0,0,0
1719,136410,2024,KOSDAQ,244,244,244,0,0,0,0
1719,136410,2025,KOSDAQ,242,242,242,0,0,0,0
1719,136410,2026,KOSDAQ,166,166,166,0,0,0,0
1720,136480,2013,KOSDAQ,247,247,247,0,0,0,0
1720,136480,2014,KOSDAQ,245,245,245,0,0,0,0
1720,136480,2015,KOSDAQ,248,248,248,0,0,0,0
1720,136480,2016,KOSDAQ,246,246,246,0,0,0,0
1720,136480,2017,KOSDAQ,243,243,243,0,0,0,0
1720,136480,2018,KOSDAQ,244,244,244,0,0,0,0
1720,136480,2019,KOSDAQ,246,246,246,0,0,0,0
1720,136480,2020,KOSDAQ,248,248,248,0,0,0,0
1720,136480,2021,KOSDAQ,248,248,248,0,0,0,0
1720,136480,2022,KOSDAQ,246,246,246,0,0,0,0
1720,136480,2023,KOSDAQ,245,245,245,0,0,0,0
1720,136480,2024,KOSDAQ,244,244,244,0,0,0,0
1720,136480,2025,KOSDAQ,242,242,242,0,0,0,0
1720,136480,2026,KOSDAQ,166,166,166,0,0,0,0
1721,136490,2013,KOSPI,247,247,247,0,0,0,0
1721,136490,2014,KOSPI,245,245,245,0,0,0,0
1721,136490,2015,KOSPI,248,248,248,0,0,0,0
1721,136490,2016,KOSPI,246,246,246,0,0,0,0
1721,136490,2017,KOSPI,243,243,243,0,0,0,0
1721,136490,2018,KOSPI,244,244,244,0,0,0,0
1721,136490,2019,KOSPI,246,246,246,0,0,0,0
1721,136490,2020,KOSPI,248,248,248,0,0,0,0
1721,136490,2021,KOSPI,248,248,248,0,0,0,0
1721,136490,2022,KOSPI,246,246,246,0,0,0,0
1721,136490,2023,KOSPI,245,245,245,0,0,0,0
1721,136490,2024,KOSPI,244,244,244,0,0,0,0
1721,136490,2025,KOSPI,242,242,242,0,0,0,0
1721,136490,2026,KOSPI,166,166,166,0,0,0,0
1722,136540,2013,KOSDAQ,247,247,247,0,0,0,0
1722,136540,2014,KOSDAQ,245,245,245,0,0,0,0
1722,136540,2015,KOSDAQ,248,248,248,0,0,0,0
1722,136540,2016,KOSDAQ,246,246,246,0,0,0,0
1722,136540,2017,KOSDAQ,243,243,243,0,0,0,0
1722,136540,2018,KOSDAQ,244,244,244,0,0,0,0
1722,136540,2019,KOSDAQ,246,246,246,0,0,0,0
1722,136540,2020,KOSDAQ,248,248,248,0,0,0,0
1722,136540,2021,KOSDAQ,248,248,248,0,0,0,0
1722,136540,2022,KOSDAQ,246,246,246,0,0,0,0
1722,136540,2023,KOSDAQ,245,245,245,0,0,0,0
1722,136540,2024,KOSDAQ,244,244,244,0,0,0,0
1722,136540,2025,KOSDAQ,242,242,242,0,0,0,0
1722,136540,2026,KOSDAQ,166,166,166,0,0,0,0
1723,137080,2022,KOSDAQ,223,223,223,0,0,0,0
1723,137080,2023,KOSDAQ,245,245,245,0,0,0,0
1723,137080,2024,KOSDAQ,244,244,244,0,0,0,0
1723,137080,2025,KOSDAQ,242,242,242,0,0,0,0
1723,137080,2026,KOSDAQ,166,166,166,0,0,0,0
1724,137310,2021,KOSPI,114,114,114,0,0,0,0
1724,137310,2022,KOSPI,246,246,246,0,0,0,0
1724,137310,2023,KOSPI,245,245,245,0,0,0,0
1724,137310,2024,KOSPI,244,244,244,0,0,0,0
1724,137310,2025,KOSPI,242,242,242,0,0,0,0
1724,137310,2026,KOSPI,166,166,166,0,0,0,0
1725,137400,2013,KOSDAQ,247,247,247,0,0,0,0
1725,137400,2014,KOSDAQ,245,245,245,0,0,0,0
1725,137400,2015,KOSDAQ,248,248,248,0,0,0,0
1725,137400,2016,KOSDAQ,246,246,246,0,0,0,0
1725,137400,2017,KOSDAQ,243,243,243,0,0,0,0
1725,137400,2018,KOSDAQ,244,244,244,0,0,0,0
1725,137400,2019,KOSDAQ,246,246,246,0,0,0,0
1725,137400,2020,KOSDAQ,248,248,248,0,0,0,0
1725,137400,2021,KOSDAQ,248,248,248,0,0,0,0
1725,137400,2022,KOSDAQ,246,246,246,0,0,0,0
1725,137400,2023,KOSDAQ,245,245,245,0,0,0,0
1725,137400,2024,KOSDAQ,244,244,244,0,0,0,0
1725,137400,2025,KOSDAQ,242,242,242,0,0,0,0
1725,137400,2026,KOSDAQ,166,166,166,0,0,0,0
1726,137940,2013,KOSDAQ,247,247,247,0,0,0,0
1726,137940,2014,KOSDAQ,245,245,245,0,0,0,0
1726,137940,2015,KOSDAQ,248,248,248,0,0,0,0
1726,137940,2016,KOSDAQ,246,246,246,0,0,0,0
1726,137940,2017,KOSDAQ,243,243,243,0,0,0,0
1726,137940,2018,KOSDAQ,244,244,244,0,0,0,0
1726,137940,2019,KOSDAQ,246,246,246,0,0,0,0
1726,137940,2020,KOSDAQ,248,248,248,0,0,0,0
1726,137940,2021,KOSDAQ,248,248,248,0,0,0,0
1726,137940,2022,KOSDAQ,246,246,246,0,0,0,0
1726,137940,2023,KOSDAQ,245,245,245,0,0,0,0
1726,137940,2024,KOSDAQ,244,244,244,0,0,0,0
1726,137940,2025,KOSDAQ,242,242,242,0,0,0,0
1726,137940,2026,KOSDAQ,166,166,166,0,0,0,0
1727,137950,2013,KOSDAQ,247,247,247,0,0,0,0
1727,137950,2014,KOSDAQ,245,245,245,0,0,0,0
1727,137950,2015,KOSDAQ,248,248,248,0,0,0,0
1727,137950,2016,KOSDAQ,246,246,246,0,0,0,0
1727,137950,2017,KOSDAQ,243,243,243,0,0,0,0
1727,137950,2018,KOSDAQ,244,244,244,0,0,0,0
1727,137950,2019,KOSDAQ,246,246,246,0,0,0,0
1727,137950,2020,KOSDAQ,248,248,248,0,0,0,0
1727,137950,2021,KOSDAQ,248,248,248,0,0,0,0
1727,137950,2022,KOSDAQ,246,246,246,0,0,0,0
1727,137950,2023,KOSDAQ,245,245,245,0,0,0,0
1727,137950,2024,KOSDAQ,244,244,244,0,0,0,0
1727,137950,2025,KOSDAQ,242,242,242,0,0,0,0
1727,137950,2026,KOSDAQ,166,166,166,0,0,0,0
1728,138040,2013,KOSPI,247,247,247,0,0,0,0
1728,138040,2014,KOSPI,245,245,245,0,0,0,0
1728,138040,2015,KOSPI,248,248,248,0,0,0,0
1728,138040,2016,KOSPI,246,246,246,0,0,0,0
1728,138040,2017,KOSPI,243,243,243,0,0,0,0
1728,138040,2018,KOSPI,244,244,244,0,0,0,0
1728,138040,2019,KOSPI,246,246,246,0,0,0,0
1728,138040,2020,KOSPI,248,248,248,0,0,0,0
1728,138040,2021,KOSPI,248,248,248,0,0,0,0
1728,138040,2022,KOSPI,246,246,246,0,0,0,0
1728,138040,2023,KOSPI,245,245,245,0,0,0,0
1728,138040,2024,KOSPI,244,244,244,0,0,0,0
1728,138040,2025,KOSPI,242,242,242,0,0,0,0
1728,138040,2026,KOSPI,166,166,166,0,0,0,0
1729,138070,2013,KOSDAQ,247,247,247,0,0,0,0
1729,138070,2014,KOSDAQ,245,245,245,0,0,0,0
1729,138070,2015,KOSDAQ,248,248,248,0,0,0,0
1729,138070,2016,KOSDAQ,246,246,246,0,0,0,0
1729,138070,2017,KOSDAQ,243,243,243,0,0,0,0
1729,138070,2018,KOSDAQ,244,244,244,0,0,0,0
1729,138070,2019,KOSDAQ,246,246,246,0,0,0,0
1729,138070,2020,KOSDAQ,248,248,248,0,0,0,0
1729,138070,2021,KOSDAQ,248,248,248,0,0,0,0
1729,138070,2022,KOSDAQ,246,246,246,0,0,0,0
1729,138070,2023,KOSDAQ,245,245,245,0,0,0,0
1729,138070,2024,KOSDAQ,244,244,244,0,0,0,0
1729,138070,2025,KOSDAQ,242,242,242,0,0,0,0
1729,138070,2026,KOSDAQ,166,166,166,0,0,0,0
1730,138080,2014,KOSDAQ,207,207,207,0,0,0,0
1730,138080,2015,KOSDAQ,248,248,248,0,0,0,0
1730,138080,2016,KOSDAQ,246,246,246,0,0,0,0
1730,138080,2017,KOSDAQ,243,243,243,0,0,0,0
1730,138080,2018,KOSDAQ,244,244,244,0,0,0,0
1730,138080,2019,KOSDAQ,246,246,246,0,0,0,0
1730,138080,2020,KOSDAQ,248,248,248,0,0,0,0
1730,138080,2021,KOSDAQ,248,248,248,0,0,0,0
1730,138080,2022,KOSDAQ,246,246,246,0,0,0,0
1730,138080,2023,KOSDAQ,245,245,245,0,0,0,0
1730,138080,2024,KOSDAQ,244,244,244,0,0,0,0
1730,138080,2025,KOSDAQ,242,242,242,0,0,0,0
1730,138080,2026,KOSDAQ,166,166,166,0,0,0,0
1731,138360,2013,KOSDAQ,36,36,36,0,0,0,0
1731,138360,2014,KOSDAQ,245,245,245,0,0,0,0
1731,138360,2015,KOSDAQ,248,248,248,0,0,0,0
1731,138360,2016,KOSDAQ,246,246,246,0,0,0,0
1731,138360,2017,KOSDAQ,243,243,243,0,0,0,0
1731,138360,2018,KOSDAQ,244,244,244,0,0,0,0
1731,138360,2019,KOSDAQ,246,246,246,0,0,0,0
1731,138360,2020,KOSDAQ,248,248,248,0,0,0,0
1731,138360,2021,KOSDAQ,248,248,248,0,0,0,0
1731,138360,2022,KOSDAQ,246,246,246,0,0,0,0
1731,138360,2023,KOSDAQ,245,245,245,0,0,0,0
1731,138360,2024,KOSDAQ,244,244,244,0,0,0,0
1731,138360,2025,KOSDAQ,242,242,242,0,0,0,0
1731,138360,2026,KOSDAQ,166,166,166,0,0,0,0
1732,138610,2013,KOSDAQ,247,247,247,0,0,0,0
1732,138610,2014,KOSDAQ,245,245,245,0,0,0,0
1732,138610,2015,KOSDAQ,248,248,248,0,0,0,0
1732,138610,2016,KOSDAQ,246,246,246,0,0,0,0
1732,138610,2017,KOSDAQ,243,243,243,0,0,0,0
1732,138610,2018,KOSDAQ,244,244,244,0,0,0,0
1732,138610,2019,KOSDAQ,246,246,246,0,0,0,0
1732,138610,2020,KOSDAQ,248,248,248,0,0,0,0
1732,138610,2021,KOSDAQ,248,248,248,0,0,0,0
1732,138610,2022,KOSDAQ,246,246,246,0,0,0,0
1732,138610,2023,KOSDAQ,245,245,245,0,0,0,0
1732,138610,2024,KOSDAQ,244,244,244,0,0,0,0
1732,138610,2025,KOSDAQ,242,242,242,0,0,0,0
1732,138610,2026,KOSDAQ,166,166,166,0,0,0,0
1733,138930,2013,KOSPI,247,247,247,0,0,0,0
1733,138930,2014,KOSPI,245,245,245,0,0,0,0
1733,138930,2015,KOSPI,248,248,248,0,0,0,0
1733,138930,2016,KOSPI,246,246,246,0,0,0,0
1733,138930,2017,KOSPI,243,243,243,0,0,0,0
1733,138930,2018,KOSPI,244,244,244,0,0,0,0
1733,138930,2019,KOSPI,246,246,246,0,0,0,0
1733,138930,2020,KOSPI,248,248,248,0,0,0,0
1733,138930,2021,KOSPI,248,248,248,0,0,0,0
1733,138930,2022,KOSPI,246,246,246,0,0,0,0
1733,138930,2023,KOSPI,245,245,245,0,0,0,0
1733,138930,2024,KOSPI,244,244,244,0,0,0,0
1733,138930,2025,KOSPI,242,242,242,0,0,0,0
1733,138930,2026,KOSPI,166,166,166,0,0,0,0
1734,139130,2013,KOSPI,247,247,247,0,0,0,0
1734,139130,2014,KOSPI,245,245,245,0,0,0,0
1734,139130,2015,KOSPI,248,248,248,0,0,0,0
1734,139130,2016,KOSPI,246,246,246,0,0,0,0
1734,139130,2017,KOSPI,243,243,243,0,0,0,0
1734,139130,2018,KOSPI,244,244,244,0,0,0,0
1734,139130,2019,KOSPI,246,246,246,0,0,0,0
1734,139130,2020,KOSPI,248,248,248,0,0,0,0
1734,139130,2021,KOSPI,248,248,248,0,0,0,0
1734,139130,2022,KOSPI,246,246,246,0,0,0,0
1734,139130,2023,KOSPI,245,245,245,0,0,0,0
1734,139130,2024,KOSPI,244,244,244,0,0,0,0
1734,139130,2025,KOSPI,242,242,242,0,0,0,0
1734,139130,2026,KOSPI,166,166,166,0,0,0,0
1735,139480,2013,KOSPI,247,247,247,0,0,0,0
1735,139480,2014,KOSPI,245,245,245,0,0,0,0
1735,139480,2015,KOSPI,248,248,248,0,0,0,0
1735,139480,2016,KOSPI,246,246,246,0,0,0,0
1735,139480,2017,KOSPI,243,243,243,0,0,0,0
1735,139480,2018,KOSPI,244,244,244,0,0,0,0
1735,139480,2019,KOSPI,246,246,246,0,0,0,0
1735,139480,2020,KOSPI,248,248,248,0,0,0,0
1735,139480,2021,KOSPI,248,248,248,0,0,0,0
1735,139480,2022,KOSPI,246,246,246,0,0,0,0
1735,139480,2023,KOSPI,245,245,245,0,0,0,0
1735,139480,2024,KOSPI,244,244,244,0,0,0,0
1735,139480,2025,KOSPI,242,242,242,0,0,0,0
1735,139480,2026,KOSPI,166,166,166,0,0,0,0
1736,139670,2013,KOSDAQ,247,247,247,0,0,0,0
1736,139670,2014,KOSDAQ,245,245,245,0,0,0,0
1736,139670,2015,KOSDAQ,248,248,247,0,0,1,0
1736,139670,2016,KOSDAQ,246,246,246,0,0,0,0
1736,139670,2017,KOSDAQ,243,243,243,0,0,0,0
1736,139670,2018,KOSDAQ,244,244,244,0,0,0,0
1736,139670,2019,KOSDAQ,246,246,246,0,0,0,0
1736,139670,2020,KOSDAQ,248,248,248,0,0,0,0
1736,139670,2021,KOSDAQ,248,248,248,0,0,0,0
1736,139670,2022,KOSDAQ,246,246,246,0,0,0,0
1736,139670,2023,KOSDAQ,245,245,245,0,0,0,0
1736,139670,2024,KOSDAQ,244,244,244,0,0,0,0
1736,139670,2025,KOSDAQ,242,242,242,0,0,0,0
1736,139670,2026,KOSDAQ,166,166,166,0,0,0,0
1737,139990,2021,KOSPI,90,90,90,0,0,0,0
1737,139990,2022,KOSPI,246,246,246,0,0,0,0
1737,139990,2023,KOSPI,245,245,245,0,0,0,0
1737,139990,2024,KOSPI,244,244,244,0,0,0,0
1737,139990,2025,KOSPI,242,242,242,0,0,0,0
1737,139990,2026,KOSPI,166,166,166,0,0,0,0
1738,140070,2017,KOSDAQ,226,226,226,0,0,0,0
1738,140070,2018,KOSDAQ,244,244,244,0,0,0,0
1738,140070,2019,KOSDAQ,246,246,246,0,0,0,0
1738,140070,2020,KOSDAQ,248,248,248,0,0,0,0
1738,140070,2021,KOSDAQ,248,248,248,0,0,0,0
1738,140070,2022,KOSDAQ,246,246,246,0,0,0,0
1738,140070,2023,KOSDAQ,245,245,245,0,0,0,0
1738,140070,2024,KOSDAQ,244,244,244,0,0,0,0
1738,140070,2025,KOSDAQ,242,242,242,0,0,0,0
1738,140070,2026,KOSDAQ,166,166,166,0,0,0,0
1739,140410,2013,KOSDAQ,247,247,247,0,0,0,0
1739,140410,2014,KOSDAQ,245,245,245,0,0,0,0
1739,140410,2015,KOSDAQ,248,248,248,0,0,0,0
1739,140410,2016,KOSDAQ,246,246,246,0,0,0,0
1739,140410,2017,KOSDAQ,243,243,243,0,0,0,0
1739,140410,2018,KOSDAQ,244,244,244,0,0,0,0
1739,140410,2019,KOSDAQ,246,246,245,0,0,1,0
1739,140410,2020,KOSDAQ,248,248,248,0,0,0,0
1739,140410,2021,KOSDAQ,248,248,248,0,0,0,0
1739,140410,2022,KOSDAQ,246,246,245,0,0,1,0
1739,140410,2023,KOSDAQ,245,245,245,0,0,0,0
1739,140410,2024,KOSDAQ,244,244,244,0,0,0,0
1739,140410,2025,KOSDAQ,242,242,242,0,0,0,0
1739,140410,2026,KOSDAQ,166,166,166,0,0,0,0
1740,140430,2024,KOSDAQ,161,161,161,0,0,0,0
1740,140430,2025,KOSDAQ,242,242,242,0,0,0,0
1740,140430,2026,KOSDAQ,166,166,166,0,0,0,0
1741,140520,2014,KOSDAQ,17,17,17,0,0,0,0
1741,140520,2015,KOSDAQ,248,248,248,0,0,0,0
1741,140520,2016,KOSDAQ,246,246,246,0,0,0,0
1741,140520,2017,KOSDAQ,243,243,243,0,0,0,0
1741,140520,2018,KOSDAQ,244,244,244,0,0,0,0
1741,140520,2019,KOSDAQ,246,246,246,0,0,0,0
1741,140520,2020,KOSDAQ,248,248,248,0,0,0,0
1741,140520,2021,KOSDAQ,248,248,248,0,0,0,0
1741,140520,2022,KOSDAQ,246,246,246,0,0,0,0
1741,140520,2023,KOSDAQ,245,245,245,0,0,0,0
1741,140520,2024,KOSDAQ,244,244,244,0,0,0,0
1741,140520,2025,KOSDAQ,242,242,242,0,0,0,0
1741,140520,2026,KOSDAQ,166,166,166,0,0,0,0
1742,140670,2017,KOSDAQ,92,92,92,0,0,0,0
1742,140670,2018,KOSDAQ,244,244,244,0,0,0,0
1742,140670,2019,KOSDAQ,246,246,246,0,0,0,0
1742,140670,2020,KOSDAQ,248,248,248,0,0,0,0
1742,140670,2021,KOSDAQ,248,248,248,0,0,0,0
1742,140670,2022,KOSDAQ,246,246,246,0,0,0,0
1742,140670,2023,KOSDAQ,245,245,245,0,0,0,0
1742,140670,2024,KOSDAQ,244,244,244,0,0,0,0
1742,140670,2025,KOSDAQ,242,242,242,0,0,0,0
1742,140670,2026,KOSDAQ,166,166,166,0,0,0,0
1743,140860,2015,KOSDAQ,9,9,9,0,0,0,0
1743,140860,2016,KOSDAQ,246,246,246,0,0,0,0
1743,140860,2017,KOSDAQ,243,243,243,0,0,0,0
1743,140860,2018,KOSDAQ,244,244,244,0,0,0,0
1743,140860,2019,KOSDAQ,246,246,246,0,0,0,0
1743,140860,2020,KOSDAQ,248,248,248,0,0,0,0
1743,140860,2021,KOSDAQ,248,248,248,0,0,0,0
1743,140860,2022,KOSDAQ,246,246,246,0,0,0,0
1743,140860,2023,KOSDAQ,245,245,245,0,0,0,0
1743,140860,2024,KOSDAQ,244,244,244,0,0,0,0
1743,140860,2025,KOSDAQ,242,242,242,0,0,0,0
1743,140860,2026,KOSDAQ,166,166,166,0,0,0,0
1744,141000,2013,KOSDAQ,247,247,247,0,0,0,0
1744,141000,2014,KOSDAQ,245,245,245,0,0,0,0
1744,141000,2015,KOSDAQ,248,248,248,0,0,0,0
1744,141000,2016,KOSDAQ,246,246,246,0,0,0,0
1744,141000,2017,KOSDAQ,243,243,243,0,0,0,0
1744,141000,2018,KOSDAQ,244,244,244,0,0,0,0
1744,141000,2019,KOSDAQ,246,246,246,0,0,0,0
1744,141000,2020,KOSDAQ,248,248,248,0,0,0,0
1744,141000,2021,KOSDAQ,248,248,248,0,0,0,0
1744,141000,2022,KOSDAQ,246,246,246,0,0,0,0
1744,141000,2023,KOSDAQ,245,245,245,0,0,0,0
1744,141000,2024,KOSDAQ,244,244,244,0,0,0,0
1744,141000,2025,KOSDAQ,242,242,242,0,0,0,0
1744,141000,2026,KOSDAQ,166,166,166,0,0,0,0
1745,141080,2013,KOSDAQ,158,158,158,0,0,0,0
1745,141080,2014,KOSDAQ,245,245,245,0,0,0,0
1745,141080,2015,KOSDAQ,248,248,248,0,0,0,0
1745,141080,2016,KOSDAQ,246,246,246,0,0,0,0
1745,141080,2017,KOSDAQ,243,243,243,0,0,0,0
1745,141080,2018,KOSDAQ,244,244,244,0,0,0,0
1745,141080,2019,KOSDAQ,246,246,246,0,0,0,0
1745,141080,2020,KOSDAQ,248,248,248,0,0,0,0
1745,141080,2021,KOSDAQ,248,248,248,0,0,0,0
1745,141080,2022,KOSDAQ,246,246,246,0,0,0,0
1745,141080,2023,KOSDAQ,245,245,245,0,0,0,0
1745,141080,2024,KOSDAQ,244,244,244,0,0,0,0
1745,141080,2025,KOSDAQ,242,242,242,0,0,0,0
1745,141080,2026,KOSDAQ,166,166,166,0,0,0,0
1746,142210,2016,KOSDAQ,225,225,224,0,0,1,0
1746,142210,2017,KOSDAQ,243,243,243,0,0,0,0
1746,142210,2018,KOSDAQ,244,244,244,0,0,0,0
1746,142210,2019,KOSDAQ,246,246,246,0,0,0,0
1746,142210,2020,KOSDAQ,248,248,247,0,0,1,0
1746,142210,2021,KOSDAQ,248,248,248,0,0,0,0
1746,142210,2022,KOSDAQ,246,246,246,0,0,0,0
1746,142210,2023,KOSDAQ,245,245,245,0,0,0,0
1746,142210,2024,KOSDAQ,244,244,244,0,0,0,0
1746,142210,2025,KOSDAQ,242,242,242,0,0,0,0
1746,142210,2026,KOSDAQ,166,166,166,0,0,0,0
1747,142280,2014,KOSDAQ,9,9,9,0,0,0,0
1747,142280,2015,KOSDAQ,248,248,248,0,0,0,0
1747,142280,2016,KOSDAQ,246,246,246,0,0,0,0
1747,142280,2017,KOSDAQ,243,243,243,0,0,0,0
1747,142280,2018,KOSDAQ,244,244,244,0,0,0,0
1747,142280,2019,KOSDAQ,246,246,246,0,0,0,0
1747,142280,2020,KOSDAQ,248,248,248,0,0,0,0
1747,142280,2021,KOSDAQ,248,248,248,0,0,0,0
1747,142280,2022,KOSDAQ,246,246,246,0,0,0,0
1747,142280,2023,KOSDAQ,245,245,245,0,0,0,0
1747,142280,2024,KOSDAQ,244,244,244,0,0,0,0
1747,142280,2025,KOSDAQ,242,242,242,0,0,0,0
1747,142280,2026,KOSDAQ,166,166,166,0,0,0,0
1748,142760,2016,KOSDAQ,121,121,121,0,0,0,0
1748,142760,2017,KOSDAQ,243,243,243,0,0,0,0
1748,142760,2018,KOSDAQ,244,244,244,0,0,0,0
1748,142760,2019,KOSDAQ,246,246,246,0,0,0,0
1748,142760,2020,KOSDAQ,248,248,248,0,0,0,0
1748,142760,2021,KOSDAQ,248,248,248,0,0,0,0
1748,142760,2022,KOSDAQ,246,246,246,0,0,0,0
1748,142760,2023,KOSDAQ,245,245,245,0,0,0,0
1748,142760,2024,KOSDAQ,244,244,244,0,0,0,0
1748,142760,2025,KOSDAQ,242,242,242,0,0,0,0
1748,142760,2026,KOSDAQ,166,166,166,0,0,0,0
1749,143160,2013,KOSDAQ,247,247,247,0,0,0,0
1749,143160,2014,KOSDAQ,245,245,245,0,0,0,0
1749,143160,2015,KOSDAQ,248,248,248,0,0,0,0
1749,143160,2016,KOSDAQ,246,246,246,0,0,0,0
1749,143160,2017,KOSDAQ,243,243,243,0,0,0,0
1749,143160,2018,KOSDAQ,244,244,244,0,0,0,0
1749,143160,2019,KOSDAQ,246,246,246,0,0,0,0
1749,143160,2020,KOSDAQ,248,248,248,0,0,0,0
1749,143160,2021,KOSDAQ,248,248,248,0,0,0,0
1749,143160,2022,KOSDAQ,246,246,246,0,0,0,0
1749,143160,2023,KOSDAQ,245,245,245,0,0,0,0
1749,143160,2024,KOSDAQ,244,244,244,0,0,0,0
1749,143160,2025,KOSDAQ,242,242,242,0,0,0,0
1749,143160,2026,KOSDAQ,166,166,166,0,0,0,0
1750,143210,2016,KOSPI,20,20,20,0,0,0,0
1750,143210,2017,KOSPI,243,243,243,0,0,0,0
1750,143210,2018,KOSPI,244,244,244,0,0,0,0
1750,143210,2019,KOSPI,246,246,246,0,0,0,0
1750,143210,2020,KOSPI,248,248,248,0,0,0,0
1750,143210,2021,KOSPI,248,248,248,0,0,0,0
1750,143210,2022,KOSPI,246,246,246,0,0,0,0
1750,143210,2023,KOSPI,245,245,245,0,0,0,0
1750,143210,2024,KOSPI,244,244,244,0,0,0,0
1750,143210,2025,KOSPI,242,242,242,0,0,0,0
1750,143210,2026,KOSPI,166,166,166,0,0,0,0
1751,143240,2013,KOSDAQ,247,247,247,0,0,0,0
1751,143240,2014,KOSDAQ,245,245,245,0,0,0,0
1751,143240,2015,KOSDAQ,248,248,248,0,0,0,0
1751,143240,2016,KOSDAQ,246,246,246,0,0,0,0
1751,143240,2017,KOSDAQ,243,243,243,0,0,0,0
1751,143240,2018,KOSDAQ,244,244,244,0,0,0,0
1751,143240,2019,KOSDAQ,246,246,246,0,0,0,0
1751,143240,2020,KOSDAQ,248,248,248,0,0,0,0
1751,143240,2021,KOSDAQ,248,248,248,0,0,0,0
1751,143240,2022,KOSDAQ,246,246,246,0,0,0,0
1751,143240,2023,KOSDAQ,245,245,245,0,0,0,0
1751,143240,2024,KOSDAQ,244,244,244,0,0,0,0
1751,143240,2025,KOSDAQ,242,242,242,0,0,0,0
1751,143240,2026,KOSDAQ,166,166,166,0,0,0,0
1752,143540,2014,KOSDAQ,44,44,44,0,0,0,0
1752,143540,2015,KOSDAQ,248,248,248,0,0,0,0
1752,143540,2016,KOSDAQ,246,246,246,0,0,0,0
1752,143540,2017,KOSDAQ,243,243,243,0,0,0,0
1752,143540,2018,KOSDAQ,244,244,244,0,0,0,0
1752,143540,2019,KOSDAQ,246,246,246,0,0,0,0
1752,143540,2020,KOSDAQ,248,248,248,0,0,0,0
1752,143540,2021,KOSDAQ,248,248,248,0,0,0,0
1752,143540,2022,KOSDAQ,246,246,246,0,0,0,0
1752,143540,2023,KOSDAQ,245,245,245,0,0,0,0
1752,143540,2024,KOSDAQ,244,244,244,0,0,0,0
1752,143540,2025,KOSDAQ,242,242,242,0,0,0,0
1752,143540,2026,KOSDAQ,166,166,166,0,0,0,0
1753,144510,2016,KOSDAQ,131,131,131,0,0,0,0
1753,144510,2017,KOSDAQ,243,243,243,0,0,0,0
1753,144510,2018,KOSDAQ,244,244,244,0,0,0,0
1753,144510,2019,KOSDAQ,246,246,246,0,0,0,0
1753,144510,2020,KOSDAQ,248,248,248,0,0,0,0
1753,144510,2021,KOSDAQ,248,248,248,0,0,0,0
1753,144510,2022,KOSDAQ,246,246,246,0,0,0,0
1753,144510,2023,KOSDAQ,245,245,245,0,0,0,0
1753,144510,2024,KOSDAQ,244,244,244,0,0,0,0
1753,144510,2025,KOSDAQ,242,242,242,0,0,0,0
1753,144510,2026,KOSDAQ,166,166,166,0,0,0,0
1754,144960,2016,KOSDAQ,22,22,22,0,0,0,0
1754,144960,2017,KOSDAQ,243,243,243,0,0,0,0
1754,144960,2018,KOSDAQ,244,244,244,0,0,0,0
1754,144960,2019,KOSDAQ,246,246,246,0,0,0,0
1754,144960,2020,KOSDAQ,248,248,248,0,0,0,0
1754,144960,2021,KOSDAQ,248,248,248,0,0,0,0
1754,144960,2022,KOSDAQ,246,246,246,0,0,0,0
1754,144960,2023,KOSDAQ,245,245,245,0,0,0,0
1754,144960,2024,KOSDAQ,244,244,244,0,0,0,0
1754,144960,2025,KOSDAQ,242,242,242,0,0,0,0
1754,144960,2026,KOSDAQ,166,166,166,0,0,0,0
1755,145020,2015,KOSDAQ,4,4,4,0,0,0,0
1755,145020,2016,KOSDAQ,246,246,246,0,0,0,0
1755,145020,2017,KOSDAQ,243,243,243,0,0,0,0
1755,145020,2018,KOSDAQ,244,244,244,0,0,0,0
1755,145020,2019,KOSDAQ,246,246,246,0,0,0,0
1755,145020,2020,KOSDAQ,248,248,248,0,0,0,0
1755,145020,2021,KOSDAQ,248,248,248,0,0,0,0
1755,145020,2022,KOSDAQ,246,246,246,0,0,0,0
1755,145020,2023,KOSDAQ,245,245,245,0,0,0,0
1755,145020,2024,KOSDAQ,244,244,244,0,0,0,0
1755,145020,2025,KOSDAQ,242,242,242,0,0,0,0
1755,145020,2026,KOSDAQ,166,166,166,0,0,0,0
1756,145170,2024,KOSDAQ,149,149,148,0,0,1,0
1756,145170,2025,KOSDAQ,242,242,242,0,0,0,0
1756,145170,2026,KOSDAQ,166,166,166,0,0,0,0
1757,145210,2015,KOSPI,197,197,197,0,0,0,0
1757,145210,2016,KOSPI,246,246,246,0,0,0,0
1757,145210,2017,KOSPI,243,243,243,0,0,0,0
1757,145210,2018,KOSPI,244,244,244,0,0,0,0
1757,145210,2019,KOSPI,246,246,246,0,0,0,0
1757,145210,2020,KOSPI,248,248,248,0,0,0,0
1757,145210,2021,KOSPI,248,248,248,0,0,0,0
1757,145210,2022,KOSPI,246,246,246,0,0,0,0
1757,145210,2023,KOSPI,245,245,245,0,0,0,0
1757,145210,2024,KOSPI,244,244,244,0,0,0,0
1757,145210,2025,KOSPI,242,242,242,0,0,0,0
1757,145210,2026,KOSPI,166,166,166,0,0,0,0
1759,145720,2017,KOSPI,194,194,194,0,0,0,0
1759,145720,2018,KOSPI,244,244,244,0,0,0,0
1759,145720,2019,KOSPI,246,246,246,0,0,0,0
1759,145720,2020,KOSPI,248,248,248,0,0,0,0
1759,145720,2021,KOSPI,248,248,248,0,0,0,0
1759,145720,2022,KOSPI,246,246,246,0,0,0,0
1759,145720,2023,KOSPI,245,245,245,0,0,0,0
1759,145720,2024,KOSPI,244,244,244,0,0,0,0
1759,145720,2025,KOSPI,242,242,242,0,0,0,0
1759,145720,2026,KOSPI,166,166,166,0,0,0,0
1760,145990,2013,KOSPI,247,247,247,0,0,0,0
1760,145990,2014,KOSPI,245,245,245,0,0,0,0
1760,145990,2015,KOSPI,248,248,248,0,0,0,0
1760,145990,2016,KOSPI,246,246,246,0,0,0,0
1760,145990,2017,KOSPI,243,243,243,0,0,0,0
1760,145990,2018,KOSPI,244,244,244,0,0,0,0
1760,145990,2019,KOSPI,246,246,246,0,0,0,0
1760,145990,2020,KOSPI,248,248,248,0,0,0,0
1760,145990,2021,KOSPI,248,248,248,0,0,0,0
1760,145990,2022,KOSPI,246,246,246,0,0,0,0
1760,145990,2023,KOSPI,245,245,245,0,0,0,0
1760,145990,2024,KOSPI,244,244,244,0,0,0,0
1760,145990,2025,KOSPI,242,242,242,0,0,0,0
1760,145990,2026,KOSPI,166,166,166,0,0,0,0
1762,146060,2023,KOSDAQ,74,74,74,0,0,0,0
1762,146060,2024,KOSDAQ,244,244,244,0,0,0,0
1762,146060,2025,KOSDAQ,242,242,242,0,0,0,0
1762,146060,2026,KOSDAQ,166,166,166,0,0,0,0
1763,146320,2022,KOSDAQ,207,207,207,0,0,0,0
1763,146320,2023,KOSDAQ,245,245,245,0,0,0,0
1763,146320,2024,KOSDAQ,244,244,244,0,0,0,0
1763,146320,2025,KOSDAQ,242,242,242,0,0,0,0
1763,146320,2026,KOSDAQ,166,166,166,0,0,0,0
1764,147760,2016,KOSDAQ,14,14,14,0,0,0,0
1764,147760,2017,KOSDAQ,243,243,243,0,0,0,0
1764,147760,2018,KOSDAQ,244,244,244,0,0,0,0
1764,147760,2019,KOSDAQ,246,246,246,0,0,0,0
1764,147760,2020,KOSDAQ,248,248,248,0,0,0,0
1764,147760,2021,KOSDAQ,248,248,248,0,0,0,0
1764,147760,2022,KOSDAQ,246,246,246,0,0,0,0
1764,147760,2023,KOSDAQ,245,245,245,0,0,0,0
1764,147760,2024,KOSDAQ,244,244,244,0,0,0,0
1764,147760,2025,KOSDAQ,242,242,242,0,0,0,0
1764,147760,2026,KOSDAQ,166,166,166,0,0,0,0
1765,147830,2013,KOSDAQ,247,247,247,0,0,0,0
1765,147830,2014,KOSDAQ,245,245,245,0,0,0,0
1765,147830,2015,KOSDAQ,248,248,248,0,0,0,0
1765,147830,2016,KOSDAQ,246,246,246,0,0,0,0
1765,147830,2017,KOSDAQ,243,243,243,0,0,0,0
1765,147830,2018,KOSDAQ,244,244,244,0,0,0,0
1765,147830,2019,KOSDAQ,246,246,246,0,0,0,0
1765,147830,2020,KOSDAQ,248,248,248,0,0,0,0
1765,147830,2021,KOSDAQ,248,248,248,0,0,0,0
1765,147830,2022,KOSDAQ,246,246,246,0,0,0,0
1765,147830,2023,KOSDAQ,245,245,245,0,0,0,0
1765,147830,2024,KOSDAQ,244,244,244,0,0,0,0
1765,147830,2025,KOSDAQ,242,242,242,0,0,0,0
1765,147830,2026,KOSDAQ,166,166,166,0,0,0,0
1766,148150,2019,KOSDAQ,104,104,104,0,0,0,0
1766,148150,2020,KOSDAQ,248,248,248,0,0,0,0
1766,148150,2021,KOSDAQ,248,248,248,0,0,0,0
1766,148150,2022,KOSDAQ,246,246,246,0,0,0,0
1766,148150,2023,KOSDAQ,245,245,245,0,0,0,0
1766,148150,2024,KOSDAQ,244,244,244,0,0,0,0
1766,148150,2025,KOSDAQ,242,242,242,0,0,0,0
1766,148150,2026,KOSDAQ,166,166,166,0,0,0,0
1767,148250,2016,KOSDAQ,132,132,132,0,0,0,0
1767,148250,2017,KOSDAQ,243,243,243,0,0,0,0
1767,148250,2018,KOSDAQ,244,244,244,0,0,0,0
1767,148250,2019,KOSDAQ,246,246,246,0,0,0,0
1767,148250,2020,KOSDAQ,248,248,248,0,0,0,0
1767,148250,2021,KOSDAQ,248,248,248,0,0,0,0
1767,148250,2022,KOSDAQ,246,246,246,0,0,0,0
1767,148250,2023,KOSDAQ,245,245,245,0,0,0,0
1767,148250,2024,KOSDAQ,244,244,244,0,0,0,0
1767,148250,2025,KOSDAQ,242,242,242,0,0,0,0
1767,148250,2026,KOSDAQ,166,166,166,0,0,0,0
1768,148780,2022,KOSDAQ,134,134,134,0,0,0,0
1768,148780,2023,KOSDAQ,245,245,245,0,0,0,0
1768,148780,2024,KOSDAQ,244,244,244,0,0,0,0
1768,148780,2025,KOSDAQ,242,242,242,0,0,0,0
1768,148780,2026,KOSDAQ,166,166,166,0,0,0,0
1769,148930,2022,KOSDAQ,98,98,98,0,0,0,0
1769,148930,2023,KOSDAQ,245,245,245,0,0,0,0
1769,148930,2024,KOSDAQ,244,244,244,0,0,0,0
1769,148930,2025,KOSDAQ,242,242,242,0,0,0,0
1769,148930,2026,KOSDAQ,166,166,166,0,0,0,0
1770,149950,2013,KOSDAQ,247,247,247,0,0,0,0
1770,149950,2014,KOSDAQ,245,245,245,0,0,0,0
1770,149950,2015,KOSDAQ,248,248,248,0,0,0,0
1770,149950,2016,KOSDAQ,246,246,246,0,0,0,0
1770,149950,2017,KOSDAQ,243,243,243,0,0,0,0
1770,149950,2018,KOSDAQ,244,244,244,0,0,0,0
1770,149950,2019,KOSDAQ,246,246,246,0,0,0,0
1770,149950,2020,KOSDAQ,248,248,248,0,0,0,0
1770,149950,2021,KOSDAQ,248,248,248,0,0,0,0
1770,149950,2022,KOSDAQ,246,246,246,0,0,0,0
1770,149950,2023,KOSDAQ,245,245,245,0,0,0,0
1770,149950,2024,KOSDAQ,244,244,244,0,0,0,0
1770,149950,2025,KOSDAQ,242,242,242,0,0,0,0
1770,149950,2026,KOSDAQ,166,166,166,0,0,0,0
1771,149980,2014,KOSDAQ,9,9,9,0,0,0,0
1771,149980,2015,KOSDAQ,248,248,248,0,0,0,0
1771,149980,2016,KOSDAQ,246,246,246,0,0,0,0
1771,149980,2017,KOSDAQ,243,243,243,0,0,0,0
1771,149980,2018,KOSDAQ,244,244,243,0,0,1,0
1771,149980,2019,KOSDAQ,246,246,246,0,0,0,0
1771,149980,2020,KOSDAQ,248,248,248,0,0,0,0
1771,149980,2021,KOSDAQ,248,248,248,0,0,0,0
1771,149980,2022,KOSDAQ,246,246,246,0,0,0,0
1771,149980,2023,KOSDAQ,245,245,245,0,0,0,0
1771,149980,2024,KOSDAQ,244,244,244,0,0,0,0
1771,149980,2025,KOSDAQ,242,242,242,0,0,0,0
1771,149980,2026,KOSDAQ,166,166,166,0,0,0,0
1772,150900,2013,KOSDAQ,51,51,51,0,0,0,0
1772,150900,2014,KOSDAQ,245,245,245,0,0,0,0
1772,150900,2015,KOSDAQ,248,248,248,0,0,0,0
1772,150900,2016,KOSDAQ,246,246,246,0,0,0,0
1772,150900,2017,KOSDAQ,243,243,243,0,0,0,0
1772,150900,2018,KOSDAQ,244,244,244,0,0,0,0
1772,150900,2019,KOSDAQ,246,246,246,0,0,0,0
1772,150900,2020,KOSDAQ,248,248,248,0,0,0,0
1772,150900,2021,KOSDAQ,248,248,248,0,0,0,0
1772,150900,2022,KOSDAQ,246,246,246,0,0,0,0
1772,150900,2023,KOSDAQ,245,245,245,0,0,0,0
1772,150900,2024,KOSDAQ,244,244,244,0,0,0,0
1772,150900,2025,KOSDAQ,242,242,242,0,0,0,0
1772,150900,2026,KOSDAQ,166,166,166,0,0,0,0
1773,151860,2013,KOSDAQ,107,107,107,0,0,0,0
1773,151860,2014,KOSDAQ,245,245,245,0,0,0,0
1773,151860,2015,KOSDAQ,248,248,248,0,0,0,0
1773,151860,2016,KOSDAQ,246,246,246,0,0,0,0
1773,151860,2017,KOSDAQ,243,243,243,0,0,0,0
1773,151860,2018,KOSDAQ,244,244,244,0,0,0,0
1773,151860,2019,KOSDAQ,246,246,246,0,0,0,0
1773,151860,2020,KOSDAQ,248,248,248,0,0,0,0
1773,151860,2021,KOSDAQ,248,248,248,0,0,0,0
1773,151860,2022,KOSDAQ,246,246,246,0,0,0,0
1773,151860,2023,KOSDAQ,245,245,245,0,0,0,0
1773,151860,2024,KOSDAQ,244,244,244,0,0,0,0
1773,151860,2025,KOSDAQ,242,242,242,0,0,0,0
1773,151860,2026,KOSDAQ,166,166,166,0,0,0,0
1774,153460,2013,KOSDAQ,247,247,247,0,0,0,0
1774,153460,2014,KOSDAQ,245,245,245,0,0,0,0
1774,153460,2015,KOSDAQ,248,248,248,0,0,0,0
1774,153460,2016,KOSDAQ,246,246,246,0,0,0,0
1774,153460,2017,KOSDAQ,243,243,243,0,0,0,0
1774,153460,2018,KOSDAQ,244,244,244,0,0,0,0
1774,153460,2019,KOSDAQ,246,246,246,0,0,0,0
1774,153460,2020,KOSDAQ,248,248,248,0,0,0,0
1774,153460,2021,KOSDAQ,248,248,248,0,0,0,0
1774,153460,2022,KOSDAQ,246,246,246,0,0,0,0
1774,153460,2023,KOSDAQ,245,245,245,0,0,0,0
1774,153460,2024,KOSDAQ,244,244,244,0,0,0,0
1774,153460,2025,KOSDAQ,242,242,242,0,0,0,0
1774,153460,2026,KOSDAQ,166,166,166,0,0,0,0
1775,153490,2013,KOSDAQ,223,223,223,0,0,0,0
1775,153490,2014,KOSDAQ,245,245,245,0,0,0,0
1775,153490,2015,KOSDAQ,248,248,248,0,0,0,0
1775,153490,2016,KOSDAQ,246,246,246,0,0,0,0
1775,153490,2017,KOSDAQ,243,243,243,0,0,0,0
1775,153490,2018,KOSDAQ,244,244,244,0,0,0,0
1775,153490,2019,KOSDAQ,246,246,246,0,0,0,0
1775,153490,2020,KOSDAQ,248,248,248,0,0,0,0
1775,153490,2021,KOSDAQ,248,248,248,0,0,0,0
1775,153490,2022,KOSDAQ,246,246,246,0,0,0,0
1775,153490,2023,KOSDAQ,245,245,245,0,0,0,0
1775,153490,2024,KOSDAQ,244,244,244,0,0,0,0
1775,153490,2025,KOSDAQ,242,242,242,0,0,0,0
1775,153490,2026,KOSDAQ,166,166,166,0,0,0,0
1776,153710,2018,KOSDAQ,45,45,45,0,0,0,0
1776,153710,2019,KOSDAQ,246,246,246,0,0,0,0
1776,153710,2020,KOSDAQ,248,248,248,0,0,0,0
1776,153710,2021,KOSDAQ,248,248,248,0,0,0,0
1776,153710,2022,KOSDAQ,246,246,246,0,0,0,0
1776,153710,2023,KOSDAQ,245,245,245,0,0,0,0
1776,153710,2024,KOSDAQ,244,244,244,0,0,0,0
1776,153710,2025,KOSDAQ,242,242,242,0,0,0,0
1776,153710,2026,KOSDAQ,166,166,166,0,0,0,0
1777,153890,2026,KOSDAQ,48,48,48,0,0,0,0
1778,154030,2018,KOSDAQ,215,215,215,0,0,0,0
1778,154030,2019,KOSDAQ,246,246,246,0,0,0,0
1778,154030,2020,KOSDAQ,248,248,248,0,0,0,0
1778,154030,2021,KOSDAQ,248,248,248,0,0,0,0
1778,154030,2022,KOSDAQ,246,246,246,0,0,0,0
1778,154030,2023,KOSDAQ,245,245,245,0,0,0,0
1778,154030,2024,KOSDAQ,244,244,244,0,0,0,0
1778,154030,2025,KOSDAQ,242,242,242,0,0,0,0
1778,154030,2026,KOSDAQ,166,166,166,0,0,0,0
1779,154040,2013,KOSDAQ,2,2,2,0,0,0,0
1779,154040,2014,KOSDAQ,245,245,245,0,0,0,0
1779,154040,2015,KOSDAQ,248,248,248,0,0,0,0
1779,154040,2016,KOSDAQ,246,246,246,0,0,0,0
1779,154040,2017,KOSDAQ,243,243,243,0,0,0,0
1779,154040,2018,KOSDAQ,244,244,244,0,0,0,0
1779,154040,2019,KOSDAQ,246,246,246,0,0,0,0
1779,154040,2020,KOSDAQ,248,248,248,0,0,0,0
1779,154040,2021,KOSDAQ,248,248,248,0,0,0,0
1779,154040,2022,KOSDAQ,246,246,246,0,0,0,0
1779,154040,2023,KOSDAQ,245,245,245,0,0,0,0
1779,154040,2024,KOSDAQ,244,244,244,0,0,0,0
1779,154040,2025,KOSDAQ,242,242,242,0,0,0,0
1779,154040,2026,KOSDAQ,166,166,166,0,0,0,0
1780,155650,2013,KOSDAQ,247,247,247,0,0,0,0
1780,155650,2014,KOSDAQ,245,245,245,0,0,0,0
1780,155650,2015,KOSDAQ,248,248,248,0,0,0,0
1780,155650,2016,KOSDAQ,246,246,246,0,0,0,0
1780,155650,2017,KOSDAQ,243,243,243,0,0,0,0
1780,155650,2018,KOSDAQ,244,244,244,0,0,0,0
1780,155650,2019,KOSDAQ,246,246,246,0,0,0,0
1780,155650,2020,KOSDAQ,248,248,248,0,0,0,0
1780,155650,2021,KOSDAQ,248,248,248,0,0,0,0
1780,155650,2022,KOSDAQ,246,246,246,0,0,0,0
1780,155650,2023,KOSDAQ,245,245,245,0,0,0,0
1780,155650,2024,KOSDAQ,244,244,244,0,0,0,0
1780,155650,2025,KOSDAQ,242,242,242,0,0,0,0
1780,155650,2026,KOSDAQ,166,166,166,0,0,0,0
1781,155660,2013,KOSPI,155,155,155,0,0,0,0
1781,155660,2014,KOSPI,245,245,245,0,0,0,0
1781,155660,2015,KOSPI,248,248,248,0,0,0,0
1781,155660,2016,KOSPI,246,246,246,0,0,0,0
1781,155660,2017,KOSPI,243,243,243,0,0,0,0
1781,155660,2018,KOSPI,244,244,244,0,0,0,0
1781,155660,2019,KOSPI,246,246,246,0,0,0,0
1781,155660,2020,KOSPI,248,248,248,0,0,0,0
1781,155660,2021,KOSPI,248,248,248,0,0,0,0
1781,155660,2022,KOSPI,246,246,246,0,0,0,0
1781,155660,2023,KOSPI,245,245,245,0,0,0,0
1781,155660,2024,KOSPI,244,244,244,0,0,0,0
1781,155660,2025,KOSPI,242,242,242,0,0,0,0
1781,155660,2026,KOSPI,166,166,166,0,0,0,0
1782,156100,2016,KOSDAQ,22,22,22,0,0,0,0
1782,156100,2017,KOSDAQ,243,243,243,0,0,0,0
1782,156100,2018,KOSDAQ,244,244,244,0,0,0,0
1782,156100,2019,KOSDAQ,246,246,246,0,0,0,0
1782,156100,2020,KOSDAQ,248,248,248,0,0,0,0
1782,156100,2021,KOSDAQ,248,248,248,0,0,0,0
1782,156100,2022,KOSDAQ,246,246,246,0,0,0,0
1782,156100,2023,KOSDAQ,245,245,245,0,0,0,0
1782,156100,2024,KOSDAQ,244,244,244,0,0,0,0
1782,156100,2025,KOSDAQ,242,242,242,0,0,0,0
1782,156100,2026,KOSDAQ,166,166,166,0,0,0,0
1783,158430,2019,KOSDAQ,52,52,52,0,0,0,0
1783,158430,2020,KOSDAQ,248,248,248,0,0,0,0
1783,158430,2021,KOSDAQ,248,248,248,0,0,0,0
1783,158430,2022,KOSDAQ,246,246,246,0,0,0,0
1783,158430,2023,KOSDAQ,245,245,245,0,0,0,0
1783,158430,2024,KOSDAQ,244,244,244,0,0,0,0
1783,158430,2025,KOSDAQ,242,242,242,0,0,0,0
1783,158430,2026,KOSDAQ,166,166,166,0,0,0,0
1784,159010,2021,KOSDAQ,60,60,60,0,0,0,0
1784,159010,2022,KOSDAQ,246,246,246,0,0,0,0
1784,159010,2023,KOSDAQ,245,245,245,0,0,0,0
1784,159010,2024,KOSDAQ,244,244,244,0,0,0,0
1784,159010,2025,KOSDAQ,242,242,242,0,0,0,0
1784,159010,2026,KOSDAQ,166,166,166,0,0,0,0
1785,159580,2013,KOSDAQ,214,214,214,0,0,0,0
1785,159580,2014,KOSDAQ,245,245,245,0,0,0,0
1785,159580,2015,KOSDAQ,248,248,248,0,0,0,0
1785,159580,2016,KOSDAQ,246,246,246,0,0,0,0
1785,159580,2017,KOSDAQ,243,243,243,0,0,0,0
1785,159580,2018,KOSDAQ,244,244,244,0,0,0,0
1785,159580,2019,KOSDAQ,246,246,246,0,0,0,0
1785,159580,2020,KOSDAQ,248,248,248,0,0,0,0
1785,159580,2021,KOSDAQ,248,248,248,0,0,0,0
1785,159580,2022,KOSDAQ,246,246,246,0,0,0,0
1785,159580,2023,KOSDAQ,245,245,245,0,0,0,0
1785,159580,2024,KOSDAQ,244,244,244,0,0,0,0
1785,159580,2025,KOSDAQ,242,242,242,0,0,0,0
1785,159580,2026,KOSDAQ,166,166,166,0,0,0,0
1786,159910,2013,KOSDAQ,247,247,247,0,0,0,0
1786,159910,2014,KOSDAQ,245,245,245,0,0,0,0
1786,159910,2015,KOSDAQ,248,248,248,0,0,0,0
1786,159910,2016,KOSDAQ,246,246,246,0,0,0,0
1786,159910,2017,KOSDAQ,243,243,243,0,0,0,0
1786,159910,2018,KOSDAQ,244,244,244,0,0,0,0
1786,159910,2019,KOSDAQ,246,246,246,0,0,0,0
1786,159910,2020,KOSDAQ,248,248,248,0,0,0,0
1786,159910,2021,KOSDAQ,248,248,248,0,0,0,0
1786,159910,2022,KOSDAQ,246,246,246,0,0,0,0
1786,159910,2023,KOSDAQ,245,245,244,0,0,1,0
1786,159910,2024,KOSDAQ,244,244,244,0,0,0,0
1786,159910,2025,KOSDAQ,242,242,242,0,0,0,0
1786,159910,2026,KOSDAQ,166,166,166,0,0,0,0
1787,160190,2024,KOSDAQ,125,125,125,0,0,0,0
1787,160190,2025,KOSDAQ,242,242,242,0,0,0,0
1787,160190,2026,KOSDAQ,166,166,166,0,0,0,0
1788,160550,2014,KOSDAQ,5,5,5,0,0,0,0
1788,160550,2015,KOSDAQ,248,248,248,0,0,0,0
1788,160550,2016,KOSDAQ,246,246,246,0,0,0,0
1788,160550,2017,KOSDAQ,243,243,243,0,0,0,0
1788,160550,2018,KOSDAQ,244,244,244,0,0,0,0
1788,160550,2019,KOSDAQ,246,246,246,0,0,0,0
1788,160550,2020,KOSDAQ,248,248,248,0,0,0,0
1788,160550,2021,KOSDAQ,248,248,248,0,0,0,0
1788,160550,2022,KOSDAQ,246,246,246,0,0,0,0
1788,160550,2023,KOSDAQ,245,245,245,0,0,0,0
1788,160550,2024,KOSDAQ,244,244,244,0,0,0,0
1788,160550,2025,KOSDAQ,242,242,242,0,0,0,0
1788,160550,2026,KOSDAQ,166,166,166,0,0,0,0
1789,160980,2015,KOSDAQ,136,136,136,0,0,0,0
1789,160980,2016,KOSDAQ,246,246,246,0,0,0,0
1789,160980,2017,KOSDAQ,243,243,243,0,0,0,0
1789,160980,2018,KOSDAQ,244,244,244,0,0,0,0
1789,160980,2019,KOSDAQ,246,246,246,0,0,0,0
1789,160980,2020,KOSDAQ,248,248,248,0,0,0,0
1789,160980,2021,KOSDAQ,248,248,248,0,0,0,0
1789,160980,2022,KOSDAQ,246,246,246,0,0,0,0
1789,160980,2023,KOSDAQ,245,245,245,0,0,0,0
1789,160980,2024,KOSDAQ,244,244,244,0,0,0,0
1789,160980,2025,KOSDAQ,242,242,242,0,0,0,0
1789,160980,2026,KOSDAQ,166,166,166,0,0,0,0
1790,161000,2013,KOSPI,247,247,247,0,0,0,0
1790,161000,2014,KOSPI,245,245,245,0,0,0,0
1790,161000,2015,KOSPI,248,248,248,0,0,0,0
1790,161000,2016,KOSPI,246,246,246,0,0,0,0
1790,161000,2017,KOSPI,243,243,243,0,0,0,0
1790,161000,2018,KOSPI,244,244,244,0,0,0,0
1790,161000,2019,KOSPI,246,246,246,0,0,0,0
1790,161000,2020,KOSPI,248,248,248,0,0,0,0
1790,161000,2021,KOSPI,248,248,248,0,0,0,0
1790,161000,2022,KOSPI,246,246,246,0,0,0,0
1790,161000,2023,KOSPI,245,245,245,0,0,0,0
1790,161000,2024,KOSPI,244,244,244,0,0,0,0
1790,161000,2025,KOSPI,242,242,242,0,0,0,0
1790,161000,2026,KOSPI,166,166,166,0,0,0,0
1791,161390,2013,KOSPI,247,247,247,0,0,0,0
1791,161390,2014,KOSPI,245,245,245,0,0,0,0
1791,161390,2015,KOSPI,248,248,248,0,0,0,0
1791,161390,2016,KOSPI,246,246,246,0,0,0,0
1791,161390,2017,KOSPI,243,243,243,0,0,0,0
1791,161390,2018,KOSPI,244,244,244,0,0,0,0
1791,161390,2019,KOSPI,246,246,246,0,0,0,0
1791,161390,2020,KOSPI,248,248,248,0,0,0,0
1791,161390,2021,KOSPI,248,248,248,0,0,0,0
1791,161390,2022,KOSPI,246,246,246,0,0,0,0
1791,161390,2023,KOSPI,245,245,245,0,0,0,0
1791,161390,2024,KOSPI,244,244,244,0,0,0,0
1791,161390,2025,KOSPI,242,242,242,0,0,0,0
1791,161390,2026,KOSPI,166,166,166,0,0,0,0
1792,161580,2017,KOSDAQ,142,142,142,0,0,0,0
1792,161580,2018,KOSDAQ,244,244,244,0,0,0,0
1792,161580,2019,KOSDAQ,246,246,246,0,0,0,0
1792,161580,2020,KOSDAQ,248,248,248,0,0,0,0
1792,161580,2021,KOSDAQ,248,248,248,0,0,0,0
1792,161580,2022,KOSDAQ,246,246,246,0,0,0,0
1792,161580,2023,KOSDAQ,245,245,245,0,0,0,0
1792,161580,2024,KOSDAQ,244,244,244,0,0,0,0
1792,161580,2025,KOSDAQ,242,242,242,0,0,0,0
1792,161580,2026,KOSDAQ,166,166,166,0,0,0,0
1793,161890,2013,KOSPI,247,247,247,0,0,0,0
1793,161890,2014,KOSPI,245,245,245,0,0,0,0
1793,161890,2015,KOSPI,248,248,248,0,0,0,0
1793,161890,2016,KOSPI,246,246,246,0,0,0,0
1793,161890,2017,KOSPI,243,243,243,0,0,0,0
1793,161890,2018,KOSPI,244,244,244,0,0,0,0
1793,161890,2019,KOSPI,246,246,246,0,0,0,0
1793,161890,2020,KOSPI,248,248,248,0,0,0,0
1793,161890,2021,KOSPI,248,248,248,0,0,0,0
1793,161890,2022,KOSPI,246,246,246,0,0,0,0
1793,161890,2023,KOSPI,245,245,245,0,0,0,0
1793,161890,2024,KOSPI,244,244,244,0,0,0,0
1793,161890,2025,KOSPI,242,242,242,0,0,0,0
1793,161890,2026,KOSPI,166,166,166,0,0,0,0
1794,162300,2022,KOSDAQ,5,5,5,0,0,0,0
1794,162300,2023,KOSDAQ,245,245,245,0,0,0,0
1794,162300,2024,KOSDAQ,244,244,244,0,0,0,0
1794,162300,2025,KOSDAQ,242,242,242,0,0,0,0
1794,162300,2026,KOSDAQ,166,166,166,0,0,0,0
1795,163280,2024,KOSDAQ,36,36,36,0,0,0,0
1795,163280,2025,KOSDAQ,242,242,242,0,0,0,0
1795,163280,2026,KOSDAQ,166,166,166,0,0,0,0
1796,163560,2013,KOSPI,247,247,247,0,0,0,0
1796,163560,2014,KOSPI,245,245,245,0,0,0,0
1796,163560,2015,KOSPI,248,248,248,0,0,0,0
1796,163560,2016,KOSPI,246,246,246,0,0,0,0
1796,163560,2017,KOSPI,243,243,243,0,0,0,0
1796,163560,2018,KOSPI,244,244,244,0,0,0,0
1796,163560,2019,KOSPI,246,246,246,0,0,0,0
1796,163560,2020,KOSPI,248,248,248,0,0,0,0
1796,163560,2021,KOSPI,248,248,248,0,0,0,0
1796,163560,2022,KOSPI,246,246,246,0,0,0,0
1796,163560,2023,KOSPI,245,245,245,0,0,0,0
1796,163560,2024,KOSPI,244,244,244,0,0,0,0
1796,163560,2025,KOSPI,242,242,242,0,0,0,0
1796,163560,2026,KOSPI,166,166,166,0,0,0,0
1797,163730,2021,KOSDAQ,229,229,229,0,0,0,0
1797,163730,2022,KOSDAQ,246,246,246,0,0,0,0
1797,163730,2023,KOSDAQ,245,245,245,0,0,0,0
1797,163730,2024,KOSDAQ,244,244,244,0,0,0,0
1797,163730,2025,KOSDAQ,242,242,242,0,0,0,0
1797,163730,2026,KOSDAQ,166,166,166,0,0,0,0
1798,166090,2017,KOSDAQ,162,162,162,0,0,0,0
1798,166090,2018,KOSDAQ,244,244,244,0,0,0,0
1798,166090,2019,KOSDAQ,246,246,246,0,0,0,0
1798,166090,2020,KOSDAQ,248,248,248,0,0,0,0
1798,166090,2021,KOSDAQ,248,248,248,0,0,0,0
1798,166090,2022,KOSDAQ,246,246,246,0,0,0,0
1798,166090,2023,KOSDAQ,245,245,245,0,0,0,0
1798,166090,2024,KOSDAQ,244,244,244,0,0,0,0
1798,166090,2025,KOSDAQ,242,242,242,0,0,0,0
1798,166090,2026,KOSDAQ,166,166,166,0,0,0,0
1799,166480,2015,KOSDAQ,129,129,129,0,0,0,0
1799,166480,2016,KOSDAQ,246,246,246,0,0,0,0
1799,166480,2017,KOSDAQ,243,243,243,0,0,0,0
1799,166480,2018,KOSDAQ,244,244,244,0,0,0,0
1799,166480,2019,KOSDAQ,246,246,246,0,0,0,0
1799,166480,2020,KOSDAQ,248,248,248,0,0,0,0
1799,166480,2021,KOSDAQ,248,248,248,0,0,0,0
1799,166480,2022,KOSDAQ,246,246,246,0,0,0,0
1799,166480,2023,KOSDAQ,245,245,245,0,0,0,0
1799,166480,2024,KOSDAQ,244,244,244,0,0,0,0
1799,166480,2025,KOSDAQ,242,242,242,0,0,0,0
1799,166480,2026,KOSDAQ,166,166,166,0,0,0,0
1800,168330,2013,KOSDAQ,42,42,42,0,0,0,0
1800,168330,2014,KOSDAQ,245,245,245,0,0,0,0
1800,168330,2015,KOSDAQ,248,248,248,0,0,0,0
1800,168330,2016,KOSDAQ,246,246,246,0,0,0,0
1800,168330,2017,KOSDAQ,243,243,243,0,0,0,0
1800,168330,2018,KOSDAQ,244,244,244,0,0,0,0
1800,168330,2019,KOSDAQ,246,246,246,0,0,0,0
1800,168330,2020,KOSDAQ,248,248,248,0,0,0,0
1800,168330,2021,KOSDAQ,248,248,248,0,0,0,0
1800,168330,2022,KOSDAQ,246,246,246,0,0,0,0
1800,168330,2023,KOSDAQ,245,245,245,0,0,0,0
1800,168330,2024,KOSDAQ,244,244,244,0,0,0,0
1800,168330,2025,KOSDAQ,242,242,242,0,0,0,0
1800,168330,2026,KOSDAQ,166,166,166,0,0,0,0
1801,168360,2022,KOSDAQ,26,26,26,0,0,0,0
1801,168360,2023,KOSDAQ,245,245,245,0,0,0,0
1801,168360,2024,KOSDAQ,244,244,244,0,0,0,0
1801,168360,2025,KOSDAQ,242,242,242,0,0,0,0
1801,168360,2026,KOSDAQ,166,166,166,0,0,0,0
1802,169330,2020,KOSDAQ,125,125,125,0,0,0,0
1802,169330,2021,KOSDAQ,248,248,248,0,0,0,0
1802,169330,2022,KOSDAQ,246,246,246,0,0,0,0
1802,169330,2023,KOSDAQ,245,245,245,0,0,0,0
1802,169330,2024,KOSDAQ,244,244,244,0,0,0,0
1802,169330,2025,KOSDAQ,242,242,242,0,0,0,0
1802,169330,2026,KOSDAQ,166,166,166,0,0,0,0
1803,170030,2013,KOSDAQ,18,18,18,0,0,0,0
1803,170030,2014,KOSDAQ,245,245,245,0,0,0,0
1803,170030,2015,KOSDAQ,248,248,248,0,0,0,0
1803,170030,2016,KOSDAQ,246,246,246,0,0,0,0
1803,170030,2017,KOSDAQ,243,243,243,0,0,0,0
1803,170030,2018,KOSDAQ,244,244,244,0,0,0,0
1803,170030,2019,KOSDAQ,246,246,246,0,0,0,0
1803,170030,2020,KOSDAQ,248,248,248,0,0,0,0
1803,170030,2021,KOSDAQ,248,248,248,0,0,0,0
1803,170030,2022,KOSDAQ,246,246,246,0,0,0,0
1803,170030,2023,KOSDAQ,245,245,245,0,0,0,0
1803,170030,2024,KOSDAQ,244,244,244,0,0,0,0
1803,170030,2025,KOSDAQ,242,242,242,0,0,0,0
1803,170030,2026,KOSDAQ,166,166,166,0,0,0,0
1804,170790,2013,KOSDAQ,101,101,101,0,0,0,0
1804,170790,2014,KOSDAQ,245,245,245,0,0,0,0
1804,170790,2015,KOSDAQ,248,248,248,0,0,0,0
1804,170790,2016,KOSDAQ,246,246,246,0,0,0,0
1804,170790,2017,KOSDAQ,243,243,243,0,0,0,0
1804,170790,2018,KOSDAQ,244,244,244,0,0,0,0
1804,170790,2019,KOSDAQ,246,246,246,0,0,0,0
1804,170790,2020,KOSDAQ,248,248,248,0,0,0,0
1804,170790,2021,KOSDAQ,248,248,248,0,0,0,0
1804,170790,2022,KOSDAQ,246,246,246,0,0,0,0
1804,170790,2023,KOSDAQ,245,245,245,0,0,0,0
1804,170790,2024,KOSDAQ,244,244,244,0,0,0,0
1804,170790,2025,KOSDAQ,242,242,242,0,0,0,0
1804,170790,2026,KOSDAQ,166,166,166,0,0,0,0
1805,170900,2013,KOSPI,181,181,181,0,0,0,0
1805,170900,2014,KOSPI,245,245,245,0,0,0,0
1805,170900,2015,KOSPI,248,248,248,0,0,0,0
1805,170900,2016,KOSPI,246,246,246,0,0,0,0
1805,170900,2017,KOSPI,243,243,243,0,0,0,0
1805,170900,2018,KOSPI,244,244,244,0,0,0,0
1805,170900,2019,KOSPI,246,246,246,0,0,0,0
1805,170900,2020,KOSPI,248,248,248,0,0,0,0
1805,170900,2021,KOSPI,248,248,248,0,0,0,0
1805,170900,2022,KOSPI,246,246,246,0,0,0,0
1805,170900,2023,KOSPI,245,245,245,0,0,0,0
1805,170900,2024,KOSPI,244,244,244,0,0,0,0
1805,170900,2025,KOSPI,242,242,242,0,0,0,0
1805,170900,2026,KOSPI,166,166,166,0,0,0,0
1806,170920,2013,KOSDAQ,58,58,58,0,0,0,0
1806,170920,2014,KOSDAQ,245,245,245,0,0,0,0
1806,170920,2015,KOSDAQ,248,248,248,0,0,0,0
1806,170920,2016,KOSDAQ,246,246,246,0,0,0,0
1806,170920,2017,KOSDAQ,243,243,243,0,0,0,0
1806,170920,2018,KOSDAQ,244,244,244,0,0,0,0
1806,170920,2019,KOSDAQ,246,246,246,0,0,0,0
1806,170920,2020,KOSDAQ,248,248,248,0,0,0,0
1806,170920,2021,KOSDAQ,248,248,248,0,0,0,0
1806,170920,2022,KOSDAQ,246,246,246,0,0,0,0
1806,170920,2023,KOSDAQ,245,245,245,0,0,0,0
1806,170920,2024,KOSDAQ,244,244,244,0,0,0,0
1806,170920,2025,KOSDAQ,242,242,242,0,0,0,0
1806,170920,2026,KOSDAQ,166,166,166,0,0,0,0
1807,171010,2013,KOSDAQ,30,30,30,0,0,0,0
1807,171010,2014,KOSDAQ,245,245,245,0,0,0,0
1807,171010,2015,KOSDAQ,248,248,248,0,0,0,0
1807,171010,2016,KOSDAQ,246,246,246,0,0,0,0
1807,171010,2017,KOSDAQ,243,243,243,0,0,0,0
1807,171010,2018,KOSDAQ,244,244,244,0,0,0,0
1807,171010,2019,KOSDAQ,246,246,246,0,0,0,0
1807,171010,2020,KOSDAQ,248,248,248,0,0,0,0
1807,171010,2021,KOSDAQ,248,248,248,0,0,0,0
1807,171010,2022,KOSDAQ,246,246,246,0,0,0,0
1807,171010,2023,KOSDAQ,245,245,245,0,0,0,0
1807,171010,2024,KOSDAQ,244,244,244,0,0,0,0
1807,171010,2025,KOSDAQ,242,242,242,0,0,0,0
1807,171010,2026,KOSDAQ,166,166,166,0,0,0,0
1808,171090,2017,KOSDAQ,65,65,65,0,0,0,0
1808,171090,2018,KOSDAQ,244,244,244,0,0,0,0
1808,171090,2019,KOSDAQ,246,246,246,0,0,0,0
1808,171090,2020,KOSDAQ,248,248,248,0,0,0,0
1808,171090,2021,KOSDAQ,248,248,248,0,0,0,0
1808,171090,2022,KOSDAQ,246,246,246,0,0,0,0
1808,171090,2023,KOSDAQ,245,245,245,0,0,0,0
1808,171090,2024,KOSDAQ,244,244,244,0,0,0,0
1808,171090,2025,KOSDAQ,242,242,242,0,0,0,0
1808,171090,2026,KOSDAQ,166,166,166,0,0,0,0
1809,171120,2013,KOSDAQ,29,29,29,0,0,0,0
1809,171120,2014,KOSDAQ,245,245,245,0,0,0,0
1809,171120,2015,KOSDAQ,248,248,248,0,0,0,0
1809,171120,2016,KOSDAQ,246,246,246,0,0,0,0
1809,171120,2017,KOSDAQ,243,243,243,0,0,0,0
1809,171120,2018,KOSDAQ,244,244,244,0,0,0,0
1809,171120,2019,KOSDAQ,246,246,246,0,0,0,0
1809,171120,2020,KOSDAQ,248,248,248,0,0,0,0
1809,171120,2021,KOSDAQ,248,248,248,0,0,0,0
1809,171120,2022,KOSDAQ,246,246,246,0,0,0,0
1809,171120,2023,KOSDAQ,245,245,245,0,0,0,0
1809,171120,2024,KOSDAQ,244,244,244,0,0,0,0
1809,171120,2025,KOSDAQ,242,242,242,0,0,0,0
1809,171120,2026,KOSDAQ,166,166,166,0,0,0,0
1810,172670,2023,KOSDAQ,104,104,104,0,0,0,0
1810,172670,2024,KOSDAQ,244,244,244,0,0,0,0
1810,172670,2025,KOSDAQ,242,242,242,0,0,0,0
1810,172670,2026,KOSDAQ,166,166,166,0,0,0,0
1811,173130,2018,KOSDAQ,85,85,85,0,0,0,0
1811,173130,2019,KOSDAQ,246,246,246,0,0,0,0
1811,173130,2020,KOSDAQ,248,248,248,0,0,0,0
1811,173130,2021,KOSDAQ,248,248,248,0,0,0,0
1811,173130,2022,KOSDAQ,246,246,246,0,0,0,0
1811,173130,2023,KOSDAQ,245,245,245,0,0,0,0
1811,173130,2024,KOSDAQ,244,244,244,0,0,0,0
1811,173130,2025,KOSDAQ,242,242,242,0,0,0,0
1811,173130,2026,KOSDAQ,166,166,166,0,0,0,0
1812,173940,2014,KOSDAQ,18,18,18,0,0,0,0
1812,173940,2015,KOSDAQ,248,248,248,0,0,0,0
1812,173940,2016,KOSDAQ,246,246,246,0,0,0,0
1812,173940,2017,KOSDAQ,243,243,243,0,0,0,0
1812,173940,2018,KOSDAQ,244,244,244,0,0,0,0
1812,173940,2019,KOSDAQ,246,246,246,0,0,0,0
1812,173940,2020,KOSDAQ,248,248,248,0,0,0,0
1812,173940,2021,KOSDAQ,248,248,248,0,0,0,0
1812,173940,2022,KOSDAQ,246,246,246,0,0,0,0
1812,173940,2023,KOSDAQ,245,245,245,0,0,0,0
1812,173940,2024,KOSDAQ,244,244,244,0,0,0,0
1812,173940,2025,KOSDAQ,242,242,242,0,0,0,0
1812,173940,2026,KOSDAQ,166,166,166,0,0,0,0
1813,174900,2017,KOSDAQ,67,67,67,0,0,0,0
1813,174900,2018,KOSDAQ,244,244,244,0,0,0,0
1813,174900,2019,KOSDAQ,246,246,246,0,0,0,0
1813,174900,2020,KOSDAQ,248,248,248,0,0,0,0
1813,174900,2021,KOSDAQ,248,248,248,0,0,0,0
1813,174900,2022,KOSDAQ,246,246,246,0,0,0,0
1813,174900,2023,KOSDAQ,245,245,245,0,0,0,0
1813,174900,2024,KOSDAQ,244,244,244,0,0,0,0
1813,174900,2025,KOSDAQ,242,242,242,0,0,0,0
1813,174900,2026,KOSDAQ,166,166,166,0,0,0,0
1814,175140,2015,KOSDAQ,67,67,67,0,0,0,0
1814,175140,2016,KOSDAQ,246,246,246,0,0,0,0
1814,175140,2017,KOSDAQ,243,243,243,0,0,0,0
1814,175140,2018,KOSDAQ,244,244,244,0,0,0,0
1814,175140,2019,KOSDAQ,246,246,246,0,0,0,0
1814,175140,2020,KOSDAQ,248,248,248,0,0,0,0
1814,175140,2021,KOSDAQ,248,248,248,0,0,0,0
1814,175140,2022,KOSDAQ,246,246,246,0,0,0,0
1814,175140,2023,KOSDAQ,245,245,245,0,0,0,0
1814,175140,2024,KOSDAQ,244,244,244,0,0,0,0
1814,175140,2025,KOSDAQ,242,242,242,0,0,0,0
1814,175140,2026,KOSDAQ,166,166,166,0,0,0,0
1815,175250,2018,KOSDAQ,115,115,115,0,0,0,0
1815,175250,2019,KOSDAQ,246,246,246,0,0,0,0
1815,175250,2020,KOSDAQ,248,248,248,0,0,0,0
1815,175250,2021,KOSDAQ,248,248,248,0,0,0,0
1815,175250,2022,KOSDAQ,246,246,246,0,0,0,0
1815,175250,2023,KOSDAQ,245,245,245,0,0,0,0
1815,175250,2024,KOSDAQ,244,244,244,0,0,0,0
1815,175250,2025,KOSDAQ,242,242,242,0,0,0,0
1815,175250,2026,KOSDAQ,166,166,166,0,0,0,0
1816,175330,2013,KOSPI,111,111,111,0,0,0,0
1816,175330,2014,KOSPI,245,245,245,0,0,0,0
1816,175330,2015,KOSPI,248,248,248,0,0,0,0
1816,175330,2016,KOSPI,246,246,246,0,0,0,0
1816,175330,2017,KOSPI,243,243,243,0,0,0,0
1816,175330,2018,KOSPI,244,244,244,0,0,0,0
1816,175330,2019,KOSPI,246,246,246,0,0,0,0
1816,175330,2020,KOSPI,248,248,248,0,0,0,0
1816,175330,2021,KOSPI,248,248,248,0,0,0,0
1816,175330,2022,KOSPI,246,246,246,0,0,0,0
1816,175330,2023,KOSPI,245,245,245,0,0,0,0
1816,175330,2024,KOSPI,244,244,244,0,0,0,0
1816,175330,2025,KOSPI,242,242,242,0,0,0,0
1816,175330,2026,KOSPI,166,166,166,0,0,0,0
1817,176750,2024,KOSDAQ,6,6,6,0,0,0,0
1817,176750,2025,KOSDAQ,242,242,242,0,0,0,0
1817,176750,2026,KOSDAQ,166,166,166,0,0,0,0
1818,177350,2015,KOSDAQ,134,134,134,0,0,0,0
1818,177350,2016,KOSDAQ,246,246,246,0,0,0,0
1818,177350,2017,KOSDAQ,243,243,243,0,0,0,0
1818,177350,2018,KOSDAQ,244,244,244,0,0,0,0
1818,177350,2019,KOSDAQ,246,246,246,0,0,0,0
1818,177350,2020,KOSDAQ,248,248,248,0,0,0,0
1818,177350,2021,KOSDAQ,248,248,248,0,0,0,0
1818,177350,2022,KOSDAQ,246,246,246,0,0,0,0
1818,177350,2023,KOSDAQ,245,245,244,0,0,1,0
1818,177350,2024,KOSDAQ,244,244,243,0,0,1,0
1818,177350,2025,KOSDAQ,242,242,242,0,0,0,0
1818,177350,2026,KOSDAQ,166,166,166,0,0,0,0
1819,177830,2014,KOSDAQ,100,100,100,0,0,0,0
1819,177830,2015,KOSDAQ,248,248,248,0,0,0,0
1819,177830,2016,KOSDAQ,246,246,246,0,0,0,0
1819,177830,2017,KOSDAQ,243,243,243,0,0,0,0
1819,177830,2018,KOSDAQ,244,244,244,0,0,0,0
1819,177830,2019,KOSDAQ,246,246,246,0,0,0,0
1819,177830,2020,KOSDAQ,248,248,248,0,0,0,0
1819,177830,2021,KOSDAQ,248,248,248,0,0,0,0
1819,177830,2022,KOSDAQ,246,246,246,0,0,0,0
1819,177830,2023,KOSDAQ,245,245,245,0,0,0,0
1819,177830,2024,KOSDAQ,244,244,244,0,0,0,0
1819,177830,2025,KOSDAQ,242,242,242,0,0,0,0
1819,177830,2026,KOSDAQ,166,166,166,0,0,0,0
1820,177900,2024,KOSDAQ,4,4,4,0,0,0,0
1820,177900,2025,KOSDAQ,242,242,242,0,0,0,0
1820,177900,2026,KOSDAQ,166,166,166,0,0,0,0
1821,178320,2017,KOSDAQ,186,186,186,0,0,0,0
1821,178320,2018,KOSDAQ,244,244,244,0,0,0,0
1821,178320,2019,KOSDAQ,246,246,246,0,0,0,0
1821,178320,2020,KOSDAQ,248,248,248,0,0,0,0
1821,178320,2021,KOSDAQ,248,248,248,0,0,0,0
1821,178320,2022,KOSDAQ,246,246,246,0,0,0,0
1821,178320,2023,KOSDAQ,245,245,245,0,0,0,0
1821,178320,2024,KOSDAQ,244,244,244,0,0,0,0
1821,178320,2025,KOSDAQ,242,242,242,0,0,0,0
1821,178320,2026,KOSDAQ,166,166,166,0,0,0,0
1822,178780,2015,KOSDAQ,127,127,127,0,0,0,0
1822,178780,2016,KOSDAQ,246,246,246,0,0,0,0
1822,178780,2017,KOSDAQ,243,243,243,0,0,0,0
1822,178780,2018,KOSDAQ,244,244,244,0,0,0,0
1822,178780,2019,KOSDAQ,246,246,246,0,0,0,0
1822,178780,2020,KOSDAQ,248,248,247,0,0,1,0
1822,178780,2021,KOSDAQ,248,248,248,0,0,0,0
1822,178780,2022,KOSDAQ,246,246,246,0,0,0,0
1822,178780,2023,KOSDAQ,245,245,245,0,0,0,0
1822,178780,2024,KOSDAQ,244,244,244,0,0,0,0
1822,178780,2025,KOSDAQ,242,242,242,0,0,0,0
1822,178780,2026,KOSDAQ,166,166,166,0,0,0,0
1823,178920,2021,KOSPI,98,98,98,0,0,0,0
1823,178920,2022,KOSPI,246,246,246,0,0,0,0
1823,178920,2023,KOSPI,245,245,245,0,0,0,0
1823,178920,2024,KOSPI,244,244,244,0,0,0,0
1823,178920,2025,KOSPI,242,242,242,0,0,0,0
1823,178920,2026,KOSPI,166,166,166,0,0,0,0
1824,179290,2018,KOSDAQ,21,21,21,0,0,0,0
1824,179290,2019,KOSDAQ,246,246,246,0,0,0,0
1824,179290,2020,KOSDAQ,248,248,248,0,0,0,0
1824,179290,2021,KOSDAQ,248,248,248,0,0,0,0
1824,179290,2022,KOSDAQ,246,246,246,0,0,0,0
1824,179290,2023,KOSDAQ,245,245,245,0,0,0,0
1824,179290,2024,KOSDAQ,244,244,244,0,0,0,0
1824,179290,2025,KOSDAQ,242,242,242,0,0,0,0
1824,179290,2026,KOSDAQ,166,166,166,0,0,0,0
1825,179530,2022,KOSDAQ,231,231,231,0,0,0,0
1825,179530,2023,KOSDAQ,245,245,245,0,0,0,0
1825,179530,2024,KOSDAQ,244,244,244,0,0,0,0
1825,179530,2025,KOSDAQ,242,242,242,0,0,0,0
1825,179530,2026,KOSDAQ,166,166,166,0,0,0,0
1826,179900,2017,KOSDAQ,60,60,60,0,0,0,0
1826,179900,2018,KOSDAQ,244,244,243,0,0,1,0
1826,179900,2019,KOSDAQ,246,246,246,0,0,0,0
1826,179900,2020,KOSDAQ,248,248,248,0,0,0,0
1826,179900,2021,KOSDAQ,248,248,248,0,0,0,0
1826,179900,2022,KOSDAQ,246,246,246,0,0,0,0
1826,179900,2023,KOSDAQ,245,245,245,0,0,0,0
1826,179900,2024,KOSDAQ,244,244,244,0,0,0,0
1826,179900,2025,KOSDAQ,242,242,242,0,0,0,0
1826,179900,2026,KOSDAQ,166,166,166,0,0,0,0
1827,180400,2015,KOSDAQ,28,28,28,0,0,0,0
1827,180400,2016,KOSDAQ,246,246,246,0,0,0,0
1827,180400,2017,KOSDAQ,243,243,243,0,0,0,0
1827,180400,2018,KOSDAQ,244,244,244,0,0,0,0
1827,180400,2019,KOSDAQ,246,246,246,0,0,0,0
1827,180400,2020,KOSDAQ,248,248,248,0,0,0,0
1827,180400,2021,KOSDAQ,248,248,248,0,0,0,0
1827,180400,2022,KOSDAQ,246,246,246,0,0,0,0
1827,180400,2023,KOSDAQ,245,245,245,0,0,0,0
1827,180400,2024,KOSDAQ,244,244,244,0,0,0,0
1827,180400,2025,KOSDAQ,242,242,242,0,0,0,0
1827,180400,2026,KOSDAQ,166,166,166,0,0,0,0
1828,180640,2013,KOSPI,70,70,70,0,0,0,0
1828,180640,2014,KOSPI,245,245,245,0,0,0,0
1828,180640,2015,KOSPI,248,248,248,0,0,0,0
1828,180640,2016,KOSPI,246,246,246,0,0,0,0
1828,180640,2017,KOSPI,243,243,243,0,0,0,0
1828,180640,2018,KOSPI,244,244,244,0,0,0,0
1828,180640,2019,KOSPI,246,246,246,0,0,0,0
1828,180640,2020,KOSPI,248,248,248,0,0,0,0
1828,180640,2021,KOSPI,248,248,248,0,0,0,0
1828,180640,2022,KOSPI,246,246,246,0,0,0,0
1828,180640,2023,KOSPI,245,245,245,0,0,0,0
1828,180640,2024,KOSPI,244,244,244,0,0,0,0
1828,180640,2025,KOSPI,242,242,242,0,0,0,0
1828,180640,2026,KOSPI,166,166,166,0,0,0,0
1830,181710,2013,KOSPI,82,82,82,0,0,0,0
1830,181710,2014,KOSPI,245,245,245,0,0,0,0
1830,181710,2015,KOSPI,248,248,248,0,0,0,0
1830,181710,2016,KOSPI,246,246,246,0,0,0,0
1830,181710,2017,KOSPI,243,243,243,0,0,0,0
1830,181710,2018,KOSPI,244,244,244,0,0,0,0
1830,181710,2019,KOSPI,246,246,246,0,0,0,0
1830,181710,2020,KOSPI,248,248,248,0,0,0,0
1830,181710,2021,KOSPI,248,248,248,0,0,0,0
1830,181710,2022,KOSPI,246,246,246,0,0,0,0
1830,181710,2023,KOSPI,245,245,245,0,0,0,0
1830,181710,2024,KOSPI,244,244,244,0,0,0,0
1830,181710,2025,KOSPI,242,242,242,0,0,0,0
1830,181710,2026,KOSPI,166,166,166,0,0,0,0
1831,182360,2013,KOSDAQ,27,27,27,0,0,0,0
1831,182360,2014,KOSDAQ,245,245,245,0,0,0,0
1831,182360,2015,KOSDAQ,248,248,248,0,0,0,0
1831,182360,2016,KOSDAQ,246,246,246,0,0,0,0
1831,182360,2017,KOSDAQ,243,243,243,0,0,0,0
1831,182360,2018,KOSDAQ,244,244,244,0,0,0,0
1831,182360,2019,KOSDAQ,246,246,246,0,0,0,0
1831,182360,2020,KOSDAQ,248,248,248,0,0,0,0
1831,182360,2021,KOSDAQ,248,248,248,0,0,0,0
1831,182360,2022,KOSDAQ,246,246,246,0,0,0,0
1831,182360,2023,KOSDAQ,245,245,245,0,0,0,0
1831,182360,2024,KOSDAQ,244,244,244,0,0,0,0
1831,182360,2025,KOSDAQ,242,242,242,0,0,0,0
1831,182360,2026,KOSDAQ,166,166,166,0,0,0,0
1832,182400,2015,KOSDAQ,48,48,48,0,0,0,0
1832,182400,2016,KOSDAQ,246,246,246,0,0,0,0
1832,182400,2017,KOSDAQ,243,243,243,0,0,0,0
1832,182400,2018,KOSDAQ,244,244,244,0,0,0,0
1832,182400,2019,KOSDAQ,246,246,246,0,0,0,0
1832,182400,2020,KOSDAQ,248,248,248,0,0,0,0
1832,182400,2021,KOSDAQ,248,248,248,0,0,0,0
1832,182400,2022,KOSDAQ,246,246,246,0,0,0,0
1832,182400,2023,KOSDAQ,245,245,245,0,0,0,0
1832,182400,2024,KOSDAQ,244,244,244,0,0,0,0
1832,182400,2025,KOSDAQ,242,242,242,0,0,0,0
1832,182400,2026,KOSDAQ,166,166,166,0,0,0,0
1833,183190,2013,KOSPI,38,38,38,0,0,0,0
1833,183190,2014,KOSPI,245,245,245,0,0,0,0
1833,183190,2015,KOSPI,248,248,248,0,0,0,0
1833,183190,2016,KOSPI,246,246,246,0,0,0,0
1833,183190,2017,KOSPI,243,243,243,0,0,0,0
1833,183190,2018,KOSPI,244,244,244,0,0,0,0
1833,183190,2019,KOSPI,246,246,246,0,0,0,0
1833,183190,2020,KOSPI,248,248,248,0,0,0,0
1833,183190,2021,KOSPI,248,248,248,0,0,0,0
1833,183190,2022,KOSPI,246,246,246,0,0,0,0
1833,183190,2023,KOSPI,245,245,245,0,0,0,0
1833,183190,2024,KOSPI,244,244,244,0,0,0,0
1833,183190,2025,KOSPI,242,242,242,0,0,0,0
1833,183190,2026,KOSPI,166,166,166,0,0,0,0
1834,183300,2017,KOSDAQ,188,188,188,0,0,0,0
1834,183300,2018,KOSDAQ,244,244,244,0,0,0,0
1834,183300,2019,KOSDAQ,246,246,246,0,0,0,0
1834,183300,2020,KOSDAQ,248,248,248,0,0,0,0
1834,183300,2021,KOSDAQ,248,248,248,0,0,0,0
1834,183300,2022,KOSDAQ,246,246,246,0,0,0,0
1834,183300,2023,KOSDAQ,245,245,245,0,0,0,0
1834,183300,2024,KOSDAQ,244,244,244,0,0,0,0
1834,183300,2025,KOSDAQ,242,242,242,0,0,0,0
1834,183300,2026,KOSDAQ,166,166,166,0,0,0,0
1835,183490,2018,KOSDAQ,210,210,210,0,0,0,0
1835,183490,2019,KOSDAQ,246,246,246,0,0,0,0
1835,183490,2020,KOSDAQ,248,248,248,0,0,0,0
1835,183490,2021,KOSDAQ,248,248,248,0,0,0,0
1835,183490,2022,KOSDAQ,246,246,245,0,0,1,0
1835,183490,2023,KOSDAQ,245,245,245,0,0,0,0
1835,183490,2024,KOSDAQ,244,244,244,0,0,0,0
1835,183490,2025,KOSDAQ,242,242,242,0,0,0,0
1835,183490,2026,KOSDAQ,166,166,166,0,0,0,0
1836,184230,2013,KOSDAQ,6,6,6,0,0,0,0
1836,184230,2014,KOSDAQ,245,245,245,0,0,0,0
1836,184230,2015,KOSDAQ,248,248,248,0,0,0,0
1836,184230,2016,KOSDAQ,246,246,246,0,0,0,0
1836,184230,2017,KOSDAQ,243,243,243,0,0,0,0
1836,184230,2018,KOSDAQ,244,244,244,0,0,0,0
1836,184230,2019,KOSDAQ,246,246,246,0,0,0,0
1836,184230,2020,KOSDAQ,248,248,248,0,0,0,0
1836,184230,2021,KOSDAQ,248,248,248,0,0,0,0
1836,184230,2022,KOSDAQ,246,246,246,0,0,0,0
1836,184230,2023,KOSDAQ,245,245,245,0,0,0,0
1836,184230,2024,KOSDAQ,244,244,244,0,0,0,0
1836,184230,2025,KOSDAQ,242,242,242,0,0,0,0
1836,184230,2026,KOSDAQ,166,166,166,0,0,0,0
1837,185490,2015,KOSDAQ,32,32,32,0,0,0,0
1837,185490,2016,KOSDAQ,246,246,246,0,0,0,0
1837,185490,2017,KOSDAQ,243,243,243,0,0,0,0
1837,185490,2018,KOSDAQ,244,244,244,0,0,0,0
1837,185490,2019,KOSDAQ,246,246,246,0,0,0,0
1837,185490,2020,KOSDAQ,248,248,248,0,0,0,0
1837,185490,2021,KOSDAQ,248,248,248,0,0,0,0
1837,185490,2022,KOSDAQ,246,246,246,0,0,0,0
1837,185490,2023,KOSDAQ,245,245,245,0,0,0,0
1837,185490,2024,KOSDAQ,244,244,244,0,0,0,0
1837,185490,2025,KOSDAQ,242,242,242,0,0,0,0
1837,185490,2026,KOSDAQ,166,166,166,0,0,0,0
1838,185750,2013,KOSPI,16,16,16,0,0,0,0
1838,185750,2014,KOSPI,245,245,245,0,0,0,0
1838,185750,2015,KOSPI,248,248,248,0,0,0,0
1838,185750,2016,KOSPI,246,246,246,0,0,0,0
1838,185750,2017,KOSPI,243,243,243,0,0,0,0
1838,185750,2018,KOSPI,244,244,244,0,0,0,0
1838,185750,2019,KOSPI,246,246,246,0,0,0,0
1838,185750,2020,KOSPI,248,248,248,0,0,0,0
1838,185750,2021,KOSPI,248,248,248,0,0,0,0
1838,185750,2022,KOSPI,246,246,246,0,0,0,0
1838,185750,2023,KOSPI,245,245,245,0,0,0,0
1838,185750,2024,KOSPI,244,244,244,0,0,0,0
1838,185750,2025,KOSPI,242,242,242,0,0,0,0
1838,185750,2026,KOSPI,166,166,166,0,0,0,0
1839,186230,2019,KOSDAQ,98,98,98,0,0,0,0
1839,186230,2020,KOSDAQ,248,248,248,0,0,0,0
1839,186230,2021,KOSDAQ,248,248,248,0,0,0,0
1839,186230,2022,KOSDAQ,246,246,246,0,0,0,0
1839,186230,2023,KOSDAQ,245,245,245,0,0,0,0
1839,186230,2024,KOSDAQ,244,244,244,0,0,0,0
1839,186230,2025,KOSDAQ,242,242,242,0,0,0,0
1839,186230,2026,KOSDAQ,166,166,166,0,0,0,0
1840,187220,2014,KOSDAQ,9,9,9,0,0,0,0
1840,187220,2015,KOSDAQ,248,248,248,0,0,0,0
1840,187220,2016,KOSDAQ,246,246,246,0,0,0,0
1840,187220,2017,KOSDAQ,243,243,243,0,0,0,0
1840,187220,2018,KOSDAQ,244,244,244,0,0,0,0
1840,187220,2019,KOSDAQ,246,246,246,0,0,0,0
1840,187220,2020,KOSDAQ,248,248,248,0,0,0,0
1840,187220,2021,KOSDAQ,248,248,248,0,0,0,0
1840,187220,2022,KOSDAQ,246,246,246,0,0,0,0
1840,187220,2023,KOSDAQ,245,245,245,0,0,0,0
1840,187220,2024,KOSDAQ,244,244,244,0,0,0,0
1840,187220,2025,KOSDAQ,242,242,242,0,0,0,0
1840,187220,2026,KOSDAQ,166,166,166,0,0,0,0
1841,187270,2014,KOSDAQ,96,96,96,0,0,0,0
1841,187270,2015,KOSDAQ,248,248,248,0,0,0,0
1841,187270,2016,KOSDAQ,246,246,246,0,0,0,0
1841,187270,2017,KOSDAQ,243,243,243,0,0,0,0
1841,187270,2018,KOSDAQ,244,244,244,0,0,0,0
1841,187270,2019,KOSDAQ,246,246,246,0,0,0,0
1841,187270,2020,KOSDAQ,248,248,248,0,0,0,0
1841,187270,2021,KOSDAQ,248,248,248,0,0,0,0
1841,187270,2022,KOSDAQ,246,246,246,0,0,0,0
1841,187270,2023,KOSDAQ,245,245,245,0,0,0,0
1841,187270,2024,KOSDAQ,244,244,244,0,0,0,0
1841,187270,2025,KOSDAQ,242,242,242,0,0,0,0
1841,187270,2026,KOSDAQ,166,166,166,0,0,0,0
1842,187420,2015,KOSDAQ,149,149,149,0,0,0,0
1842,187420,2016,KOSDAQ,246,246,246,0,0,0,0
1842,187420,2017,KOSDAQ,243,243,243,0,0,0,0
1842,187420,2018,KOSDAQ,244,244,244,0,0,0,0
1842,187420,2019,KOSDAQ,246,246,246,0,0,0,0
1842,187420,2020,KOSDAQ,248,248,248,0,0,0,0
1842,187420,2021,KOSDAQ,248,248,248,0,0,0,0
1842,187420,2022,KOSDAQ,246,246,246,0,0,0,0
1842,187420,2023,KOSDAQ,245,245,245,0,0,0,0
1842,187420,2024,KOSDAQ,244,244,244,0,0,0,0
1842,187420,2025,KOSDAQ,242,242,242,0,0,0,0
1842,187420,2026,KOSDAQ,166,166,166,0,0,0,0
1843,187660,2021,KOSDAQ,145,145,145,0,0,0,0
1843,187660,2022,KOSDAQ,246,246,246,0,0,0,0
1843,187660,2023,KOSDAQ,245,245,245,0,0,0,0
1843,187660,2024,KOSDAQ,244,244,243,0,0,1,0
1843,187660,2025,KOSDAQ,242,242,242,0,0,0,0
1843,187660,2026,KOSDAQ,166,166,166,0,0,0,0
1844,187790,2014,KOSDAQ,160,160,160,0,0,0,0
1844,187790,2015,KOSDAQ,248,248,248,0,0,0,0
1844,187790,2016,KOSDAQ,246,246,246,0,0,0,0
1844,187790,2017,KOSDAQ,243,243,243,0,0,0,0
1844,187790,2018,KOSDAQ,244,244,244,0,0,0,0
1844,187790,2019,KOSDAQ,246,246,246,0,0,0,0
1844,187790,2020,KOSDAQ,248,248,248,0,0,0,0
1844,187790,2021,KOSDAQ,248,248,248,0,0,0,0
1844,187790,2022,KOSDAQ,246,246,246,0,0,0,0
1844,187790,2023,KOSDAQ,245,245,244,0,0,1,0
1844,187790,2024,KOSDAQ,244,244,244,0,0,0,0
1844,187790,2025,KOSDAQ,242,242,242,0,0,0,0
1844,187790,2026,KOSDAQ,166,166,166,0,0,0,0
1845,187870,2017,KOSDAQ,6,6,6,0,0,0,0
1845,187870,2018,KOSDAQ,244,244,244,0,0,0,0
1845,187870,2019,KOSDAQ,246,246,246,0,0,0,0
1845,187870,2020,KOSDAQ,248,248,248,0,0,0,0
1845,187870,2021,KOSDAQ,248,248,248,0,0,0,0
1845,187870,2022,KOSDAQ,246,246,246,0,0,0,0
1845,187870,2023,KOSDAQ,245,245,245,0,0,0,0
1845,187870,2024,KOSDAQ,244,244,244,0,0,0,0
1845,187870,2025,KOSDAQ,242,242,242,0,0,0,0
1845,187870,2026,KOSDAQ,166,166,166,0,0,0,0
1846,188040,2025,KOSDAQ,154,154,154,0,0,0,0
1846,188040,2026,KOSDAQ,166,166,166,0,0,0,0
1847,188260,2023,KOSDAQ,39,39,39,0,0,0,0
1847,188260,2024,KOSDAQ,244,244,244,0,0,0,0
1847,188260,2025,KOSDAQ,242,242,242,0,0,0,0
1847,188260,2026,KOSDAQ,166,166,166,0,0,0,0
1848,189300,2016,KOSDAQ,53,53,53,0,0,0,0
1848,189300,2017,KOSDAQ,243,243,243,0,0,0,0
1848,189300,2018,KOSDAQ,244,244,244,0,0,0,0
1848,189300,2019,KOSDAQ,246,246,246,0,0,0,0
1848,189300,2020,KOSDAQ,248,248,248,0,0,0,0
1848,189300,2021,KOSDAQ,248,248,248,0,0,0,0
1848,189300,2022,KOSDAQ,246,246,246,0,0,0,0
1848,189300,2023,KOSDAQ,245,245,245,0,0,0,0
1848,189300,2024,KOSDAQ,244,244,244,0,0,0,0
1848,189300,2025,KOSDAQ,242,242,242,0,0,0,0
1848,189300,2026,KOSDAQ,166,166,166,0,0,0,0
1849,189330,2021,KOSDAQ,213,213,213,0,0,0,0
1849,189330,2022,KOSDAQ,246,246,246,0,0,0,0
1849,189330,2023,KOSDAQ,245,245,245,0,0,0,0
1849,189330,2024,KOSDAQ,244,244,244,0,0,0,0
1849,189330,2025,KOSDAQ,242,242,242,0,0,0,0
1849,189330,2026,KOSDAQ,166,166,166,0,0,0,0
1850,189690,2015,KOSDAQ,220,220,220,0,0,0,0
1850,189690,2016,KOSDAQ,246,246,246,0,0,0,0
1850,189690,2017,KOSDAQ,243,243,243,0,0,0,0
1850,189690,2018,KOSDAQ,244,244,244,0,0,0,0
1850,189690,2019,KOSDAQ,246,246,246,0,0,0,0
1850,189690,2020,KOSDAQ,248,248,248,0,0,0,0
1850,189690,2021,KOSDAQ,248,248,248,0,0,0,0
1850,189690,2022,KOSDAQ,246,246,246,0,0,0,0
1850,189690,2023,KOSDAQ,245,245,245,0,0,0,0
1850,189690,2024,KOSDAQ,244,244,244,0,0,0,0
1850,189690,2025,KOSDAQ,242,242,242,0,0,0,0
1850,189690,2026,KOSDAQ,166,166,166,0,0,0,0
1851,189860,2014,KOSDAQ,4,4,4,0,0,0,0
1851,189860,2015,KOSDAQ,248,248,248,0,0,0,0
1851,189860,2016,KOSDAQ,246,246,246,0,0,0,0
1851,189860,2017,KOSDAQ,243,243,243,0,0,0,0
1851,189860,2018,KOSDAQ,244,244,244,0,0,0,0
1851,189860,2019,KOSDAQ,246,246,246,0,0,0,0
1851,189860,2020,KOSDAQ,248,248,248,0,0,0,0
1851,189860,2021,KOSDAQ,248,248,248,0,0,0,0
1851,189860,2022,KOSDAQ,246,246,246,0,0,0,0
1851,189860,2023,KOSDAQ,245,245,245,0,0,0,0
1851,189860,2024,KOSDAQ,244,244,244,0,0,0,0
1851,189860,2025,KOSDAQ,242,242,242,0,0,0,0
1851,189860,2026,KOSDAQ,166,166,166,0,0,0,0
1852,189980,2015,KOSDAQ,99,99,99,0,0,0,0
1852,189980,2016,KOSDAQ,246,246,246,0,0,0,0
1852,189980,2017,KOSDAQ,243,243,243,0,0,0,0
1852,189980,2018,KOSDAQ,244,244,244,0,0,0,0
1852,189980,2019,KOSDAQ,246,246,246,0,0,0,0
1852,189980,2020,KOSDAQ,248,248,248,0,0,0,0
1852,189980,2021,KOSDAQ,248,248,248,0,0,0,0
1852,189980,2022,KOSDAQ,246,246,246,0,0,0,0
1852,189980,2023,KOSDAQ,245,245,245,0,0,0,0
1852,189980,2024,KOSDAQ,244,244,244,0,0,0,0
1852,189980,2025,KOSDAQ,242,242,242,0,0,0,0
1852,189980,2026,KOSDAQ,166,166,166,0,0,0,0
1853,190510,2015,KOSDAQ,34,34,34,0,0,0,0
1853,190510,2016,KOSDAQ,246,246,246,0,0,0,0
1853,190510,2017,KOSDAQ,243,243,243,0,0,0,0
1853,190510,2018,KOSDAQ,244,244,244,0,0,0,0
1853,190510,2019,KOSDAQ,246,246,246,0,0,0,0
1853,190510,2020,KOSDAQ,248,248,248,0,0,0,0
1853,190510,2021,KOSDAQ,248,248,248,0,0,0,0
1853,190510,2022,KOSDAQ,246,246,246,0,0,0,0
1853,190510,2023,KOSDAQ,245,245,245,0,0,0,0
1853,190510,2024,KOSDAQ,244,244,244,0,0,0,0
1853,190510,2025,KOSDAQ,242,242,242,0,0,0,0
1853,190510,2026,KOSDAQ,166,166,166,0,0,0,0
1854,190650,2019,KOSDAQ,28,28,28,0,0,0,0
1854,190650,2020,KOSDAQ,248,248,248,0,0,0,0
1854,190650,2021,KOSDAQ,248,248,248,0,0,0,0
1854,190650,2022,KOSDAQ,246,246,246,0,0,0,0
1854,190650,2023,KOSDAQ,245,245,245,0,0,0,0
1854,190650,2024,KOSDAQ,244,244,244,0,0,0,0
1854,190650,2025,KOSDAQ,242,242,242,0,0,0,0
1854,190650,2026,KOSDAQ,166,166,166,0,0,0,0
1855,191410,2015,KOSDAQ,4,4,4,0,0,0,0
1855,191410,2016,KOSDAQ,246,246,246,0,0,0,0
1855,191410,2017,KOSDAQ,243,243,243,0,0,0,0
1855,191410,2018,KOSDAQ,244,244,244,0,0,0,0
1855,191410,2019,KOSDAQ,246,246,246,0,0,0,0
1855,191410,2020,KOSDAQ,248,248,248,0,0,0,0
1855,191410,2021,KOSDAQ,248,248,248,0,0,0,0
1855,191410,2022,KOSDAQ,246,246,246,0,0,0,0
1855,191410,2023,KOSDAQ,245,245,245,0,0,0,0
1855,191410,2024,KOSDAQ,244,244,244,0,0,0,0
1855,191410,2025,KOSDAQ,242,242,242,0,0,0,0
1855,191410,2026,KOSDAQ,166,166,166,0,0,0,0
1856,191420,2014,KOSDAQ,38,38,38,0,0,0,0
1856,191420,2015,KOSDAQ,248,248,248,0,0,0,0
1856,191420,2016,KOSDAQ,246,246,246,0,0,0,0
1856,191420,2017,KOSDAQ,243,243,243,0,0,0,0
1856,191420,2018,KOSDAQ,244,244,244,0,0,0,0
1856,191420,2019,KOSDAQ,246,246,246,0,0,0,0
1856,191420,2020,KOSDAQ,248,248,248,0,0,0,0
1856,191420,2021,KOSDAQ,248,248,248,0,0,0,0
1856,191420,2022,KOSDAQ,246,246,246,0,0,0,0
1856,191420,2023,KOSDAQ,245,245,245,0,0,0,0
1856,191420,2024,KOSDAQ,244,244,244,0,0,0,0
1856,191420,2025,KOSDAQ,242,242,242,0,0,0,0
1856,191420,2026,KOSDAQ,166,166,166,0,0,0,0
1857,192080,2019,KOSPI,201,201,201,0,0,0,0
1857,192080,2020,KOSPI,248,248,248,0,0,0,0
1857,192080,2021,KOSPI,248,248,248,0,0,0,0
1857,192080,2022,KOSPI,246,246,246,0,0,0,0
1857,192080,2023,KOSPI,245,245,245,0,0,0,0
1857,192080,2024,KOSPI,244,244,244,0,0,0,0
1857,192080,2025,KOSPI,242,242,242,0,0,0,0
1857,192080,2026,KOSPI,166,166,166,0,0,0,0
1858,192250,2014,KOSDAQ,165,165,165,0,0,0,0
1858,192250,2015,KOSDAQ,248,248,248,0,0,0,0
1858,192250,2016,KOSDAQ,246,246,246,0,0,0,0
1858,192250,2017,KOSDAQ,243,243,243,0,0,0,0
1858,192250,2018,KOSDAQ,244,244,244,0,0,0,0
1858,192250,2019,KOSDAQ,246,246,246,0,0,0,0
1858,192250,2020,KOSDAQ,248,248,248,0,0,0,0
1858,192250,2021,KOSDAQ,248,248,248,0,0,0,0
1858,192250,2022,KOSDAQ,246,246,246,0,0,0,0
1858,192250,2023,KOSDAQ,245,245,245,0,0,0,0
1858,192250,2024,KOSDAQ,244,244,244,0,0,0,0
1858,192250,2025,KOSDAQ,242,242,242,0,0,0,0
1858,192250,2026,KOSDAQ,166,166,166,0,0,0,0
1859,192390,2014,KOSDAQ,106,106,106,0,0,0,0
1859,192390,2015,KOSDAQ,248,248,248,0,0,0,0
1859,192390,2016,KOSDAQ,246,246,246,0,0,0,0
1859,192390,2017,KOSDAQ,243,243,243,0,0,0,0
1859,192390,2018,KOSDAQ,244,244,244,0,0,0,0
1859,192390,2019,KOSDAQ,246,246,246,0,0,0,0
1859,192390,2020,KOSDAQ,248,248,248,0,0,0,0
1859,192390,2021,KOSDAQ,248,248,248,0,0,0,0
1859,192390,2022,KOSDAQ,246,246,246,0,0,0,0
1859,192390,2023,KOSDAQ,245,245,245,0,0,0,0
1859,192390,2024,KOSDAQ,244,244,244,0,0,0,0
1859,192390,2025,KOSDAQ,242,242,242,0,0,0,0
1859,192390,2026,KOSDAQ,166,166,166,0,0,0,0
1860,192400,2014,KOSPI,98,98,98,0,0,0,0
1860,192400,2015,KOSPI,248,248,248,0,0,0,0
1860,192400,2016,KOSPI,246,246,246,0,0,0,0
1860,192400,2017,KOSPI,243,243,243,0,0,0,0
1860,192400,2018,KOSPI,244,244,244,0,0,0,0
1860,192400,2019,KOSPI,246,246,246,0,0,0,0
1860,192400,2020,KOSPI,248,248,248,0,0,0,0
1860,192400,2021,KOSPI,248,248,248,0,0,0,0
1860,192400,2022,KOSPI,246,246,246,0,0,0,0
1860,192400,2023,KOSPI,245,245,245,0,0,0,0
1860,192400,2024,KOSPI,244,244,244,0,0,0,0
1860,192400,2025,KOSPI,242,242,242,0,0,0,0
1860,192400,2026,KOSPI,166,166,166,0,0,0,0
1861,192410,2014,KOSDAQ,92,92,92,0,0,0,0
1861,192410,2015,KOSDAQ,248,248,248,0,0,0,0
1861,192410,2016,KOSDAQ,246,246,246,0,0,0,0
1861,192410,2017,KOSDAQ,243,243,243,0,0,0,0
1861,192410,2018,KOSDAQ,244,244,243,0,0,1,0
1861,192410,2019,KOSDAQ,246,246,246,0,0,0,0
1861,192410,2020,KOSDAQ,248,248,248,0,0,0,0
1861,192410,2021,KOSDAQ,248,248,247,0,0,1,0
1861,192410,2022,KOSDAQ,246,246,246,0,0,0,0
1861,192410,2023,KOSDAQ,245,245,245,0,0,0,0
1861,192410,2024,KOSDAQ,244,244,244,0,0,0,0
1861,192410,2025,KOSDAQ,242,242,242,0,0,0,0
1861,192410,2026,KOSDAQ,166,166,166,0,0,0,0
1862,192440,2014,KOSDAQ,39,39,39,0,0,0,0
1862,192440,2015,KOSDAQ,248,248,248,0,0,0,0
1862,192440,2016,KOSDAQ,246,246,246,0,0,0,0
1862,192440,2017,KOSDAQ,243,243,243,0,0,0,0
1862,192440,2018,KOSDAQ,244,244,244,0,0,0,0
1862,192440,2019,KOSDAQ,246,246,246,0,0,0,0
1862,192440,2020,KOSDAQ,248,248,248,0,0,0,0
1862,192440,2021,KOSDAQ,248,248,248,0,0,0,0
1862,192440,2022,KOSDAQ,246,246,246,0,0,0,0
1862,192440,2023,KOSDAQ,245,245,245,0,0,0,0
1862,192440,2024,KOSDAQ,244,244,244,0,0,0,0
1862,192440,2025,KOSDAQ,242,242,242,0,0,0,0
1862,192440,2026,KOSDAQ,166,166,166,0,0,0,0
1863,192650,2019,KOSPI,199,199,199,0,0,0,0
1863,192650,2020,KOSPI,248,248,248,0,0,0,0
1863,192650,2021,KOSPI,248,248,248,0,0,0,0
1863,192650,2022,KOSPI,246,246,246,0,0,0,0
1863,192650,2023,KOSPI,245,245,245,0,0,0,0
1863,192650,2024,KOSPI,244,244,244,0,0,0,0
1863,192650,2025,KOSPI,242,242,242,0,0,0,0
1863,192650,2026,KOSPI,166,166,166,0,0,0,0
1864,192820,2014,KOSPI,180,180,180,0,0,0,0
1864,192820,2015,KOSPI,248,248,248,0,0,0,0
1864,192820,2016,KOSPI,246,246,246,0,0,0,0
1864,192820,2017,KOSPI,243,243,243,0,0,0,0
1864,192820,2018,KOSPI,244,244,244,0,0,0,0
1864,192820,2019,KOSPI,246,246,246,0,0,0,0
1864,192820,2020,KOSPI,248,248,248,0,0,0,0
1864,192820,2021,KOSPI,248,248,248,0,0,0,0
1864,192820,2022,KOSPI,246,246,246,0,0,0,0
1864,192820,2023,KOSPI,245,245,245,0,0,0,0
1864,192820,2024,KOSPI,244,244,244,0,0,0,0
1864,192820,2025,KOSPI,242,242,242,0,0,0,0
1864,192820,2026,KOSPI,166,166,166,0,0,0,0
1865,193250,2014,KOSDAQ,2,2,2,0,0,0,0
1865,193250,2015,KOSDAQ,248,248,248,0,0,0,0
1865,193250,2016,KOSDAQ,246,246,246,0,0,0,0
1865,193250,2017,KOSDAQ,243,243,243,0,0,0,0
1865,193250,2018,KOSDAQ,244,244,244,0,0,0,0
1865,193250,2019,KOSDAQ,246,246,246,0,0,0,0
1865,193250,2020,KOSDAQ,248,248,248,0,0,0,0
1865,193250,2021,KOSDAQ,248,248,248,0,0,0,0
1865,193250,2022,KOSDAQ,246,246,246,0,0,0,0
1865,193250,2023,KOSDAQ,245,245,245,0,0,0,0
1865,193250,2024,KOSDAQ,244,244,244,0,0,0,0
1865,193250,2025,KOSDAQ,242,242,242,0,0,0,0
1865,193250,2026,KOSDAQ,166,166,166,0,0,0,0
1866,194370,2016,KOSPI,223,223,223,0,0,0,0
1866,194370,2017,KOSPI,243,243,243,0,0,0,0
1866,194370,2018,KOSPI,244,244,244,0,0,0,0
1866,194370,2019,KOSPI,246,246,246,0,0,0,0
1866,194370,2020,KOSPI,248,248,248,0,0,0,0
1866,194370,2021,KOSPI,248,248,248,0,0,0,0
1866,194370,2022,KOSPI,246,246,246,0,0,0,0
1866,194370,2023,KOSPI,245,245,245,0,0,0,0
1866,194370,2024,KOSPI,244,244,244,0,0,0,0
1866,194370,2025,KOSPI,242,242,242,0,0,0,0
1866,194370,2026,KOSPI,166,166,166,0,0,0,0
1867,194480,2014,KOSDAQ,60,60,60,0,0,0,0
1867,194480,2015,KOSDAQ,248,248,248,0,0,0,0
1867,194480,2016,KOSDAQ,246,246,246,0,0,0,0
1867,194480,2017,KOSDAQ,243,243,243,0,0,0,0
1867,194480,2018,KOSDAQ,244,244,244,0,0,0,0
1867,194480,2019,KOSDAQ,246,246,246,0,0,0,0
1867,194480,2020,KOSDAQ,248,248,248,0,0,0,0
1867,194480,2021,KOSDAQ,248,248,248,0,0,0,0
1867,194480,2022,KOSDAQ,246,246,246,0,0,0,0
1867,194480,2023,KOSDAQ,245,245,245,0,0,0,0
1867,194480,2024,KOSDAQ,244,244,244,0,0,0,0
1867,194480,2025,KOSDAQ,242,242,242,0,0,0,0
1867,194480,2026,KOSDAQ,166,166,166,0,0,0,0
1868,194700,2018,KOSDAQ,32,32,32,0,0,0,0
1868,194700,2019,KOSDAQ,246,246,246,0,0,0,0
1868,194700,2020,KOSDAQ,248,248,248,0,0,0,0
1868,194700,2021,KOSDAQ,248,248,248,0,0,0,0
1868,194700,2022,KOSDAQ,246,246,246,0,0,0,0
1868,194700,2023,KOSDAQ,245,245,245,0,0,0,0
1868,194700,2024,KOSDAQ,244,244,244,0,0,0,0
1868,194700,2025,KOSDAQ,242,242,242,0,0,0,0
1868,194700,2026,KOSDAQ,166,166,166,0,0,0,0
1869,195500,2019,KOSDAQ,90,90,90,0,0,0,0
1869,195500,2020,KOSDAQ,248,248,248,0,0,0,0
1869,195500,2021,KOSDAQ,248,248,248,0,0,0,0
1869,195500,2022,KOSDAQ,246,246,246,0,0,0,0
1869,195500,2023,KOSDAQ,245,245,245,0,0,0,0
1869,195500,2024,KOSDAQ,244,244,244,0,0,0,0
1869,195500,2025,KOSDAQ,242,242,242,0,0,0,0
1869,195500,2026,KOSDAQ,166,166,166,0,0,0,0
1870,195870,2016,KOSPI,130,130,130,0,0,0,0
1870,195870,2017,KOSPI,243,243,243,0,0,0,0
1870,195870,2018,KOSPI,244,244,244,0,0,0,0
1870,195870,2019,KOSPI,246,246,246,0,0,0,0
1870,195870,2020,KOSPI,248,248,248,0,0,0,0
1870,195870,2021,KOSPI,248,248,248,0,0,0,0
1870,195870,2022,KOSPI,246,246,246,0,0,0,0
1870,195870,2023,KOSPI,245,245,245,0,0,0,0
1870,195870,2024,KOSPI,244,244,244,0,0,0,0
1870,195870,2025,KOSPI,242,242,242,0,0,0,0
1870,195870,2026,KOSPI,166,166,166,0,0,0,0
1871,195940,2021,KOSDAQ,98,98,98,0,0,0,0
1871,195940,2022,KOSDAQ,246,246,246,0,0,0,0
1871,195940,2023,KOSDAQ,245,245,245,0,0,0,0
1871,195940,2024,KOSDAQ,244,244,244,0,0,0,0
1871,195940,2025,KOSDAQ,242,242,242,0,0,0,0
1871,195940,2026,KOSDAQ,166,166,166,0,0,0,0
1872,195990,2015,KOSDAQ,180,180,180,0,0,0,0
1872,195990,2016,KOSDAQ,246,246,246,0,0,0,0
1872,195990,2017,KOSDAQ,243,243,243,0,0,0,0
1872,195990,2018,KOSDAQ,244,244,244,0,0,0,0
1872,195990,2019,KOSDAQ,246,246,246,0,0,0,0
1872,195990,2020,KOSDAQ,248,248,248,0,0,0,0
1872,195990,2021,KOSDAQ,248,248,248,0,0,0,0
1872,195990,2022,KOSDAQ,246,246,246,0,0,0,0
1872,195990,2023,KOSDAQ,245,245,245,0,0,0,0
1872,195990,2024,KOSDAQ,244,244,244,0,0,0,0
1872,195990,2025,KOSDAQ,242,242,242,0,0,0,0
1872,195990,2026,KOSDAQ,166,166,166,0,0,0,0
1873,196170,2014,KOSDAQ,12,12,12,0,0,0,0
1873,196170,2015,KOSDAQ,248,248,248,0,0,0,0
1873,196170,2016,KOSDAQ,246,246,246,0,0,0,0
1873,196170,2017,KOSDAQ,243,243,243,0,0,0,0
1873,196170,2018,KOSDAQ,244,244,244,0,0,0,0
1873,196170,2019,KOSDAQ,246,246,246,0,0,0,0
1873,196170,2020,KOSDAQ,248,248,248,0,0,0,0
1873,196170,2021,KOSDAQ,248,248,248,0,0,0,0
1873,196170,2022,KOSDAQ,246,246,246,0,0,0,0
1873,196170,2023,KOSDAQ,245,245,245,0,0,0,0
1873,196170,2024,KOSDAQ,244,244,244,0,0,0,0
1873,196170,2025,KOSDAQ,242,242,242,0,0,0,0
1873,196170,2026,KOSDAQ,166,166,166,0,0,0,0
1874,196300,2016,KOSDAQ,17,17,17,0,0,0,0
1874,196300,2017,KOSDAQ,243,243,243,0,0,0,0
1874,196300,2018,KOSDAQ,244,244,244,0,0,0,0
1874,196300,2019,KOSDAQ,246,246,246,0,0,0,0
1874,196300,2020,KOSDAQ,248,248,248,0,0,0,0
1874,196300,2021,KOSDAQ,248,248,248,0,0,0,0
1874,196300,2022,KOSDAQ,246,246,246,0,0,0,0
1874,196300,2023,KOSDAQ,245,245,245,0,0,0,0
1874,196300,2024,KOSDAQ,244,244,244,0,0,0,0
1874,196300,2025,KOSDAQ,242,242,242,0,0,0,0
1874,196300,2026,KOSDAQ,166,166,166,0,0,0,0
1875,196450,2014,KOSDAQ,143,143,143,0,0,0,0
1875,196450,2015,KOSDAQ,248,248,247,0,0,1,0
1875,196450,2016,KOSDAQ,246,246,246,0,0,0,0
1875,196450,2017,KOSDAQ,243,243,243,0,0,0,0
1875,196450,2018,KOSDAQ,244,244,244,0,0,0,0
1875,196450,2019,KOSDAQ,246,246,246,0,0,0,0
1875,196450,2020,KOSDAQ,248,248,248,0,0,0,0
1875,196450,2021,KOSDAQ,248,248,248,0,0,0,0
1875,196450,2022,KOSDAQ,246,246,246,0,0,0,0
1875,196450,2023,KOSDAQ,245,245,245,0,0,0,0
1875,196450,2024,KOSDAQ,244,244,244,0,0,0,0
1875,196450,2025,KOSDAQ,242,242,242,0,0,0,0
1875,196450,2026,KOSDAQ,166,166,166,0,0,0,0
1876,196490,2014,KOSDAQ,29,29,29,0,0,0,0
1876,196490,2015,KOSDAQ,248,248,248,0,0,0,0
1876,196490,2016,KOSDAQ,246,246,246,0,0,0,0
1876,196490,2017,KOSDAQ,243,243,243,0,0,0,0
1876,196490,2018,KOSDAQ,244,244,244,0,0,0,0
1876,196490,2019,KOSDAQ,246,246,246,0,0,0,0
1876,196490,2020,KOSDAQ,248,248,248,0,0,0,0
1876,196490,2021,KOSDAQ,248,248,248,0,0,0,0
1876,196490,2022,KOSDAQ,246,246,246,0,0,0,0
1876,196490,2023,KOSDAQ,245,245,245,0,0,0,0
1876,196490,2024,KOSDAQ,244,244,244,0,0,0,0
1876,196490,2025,KOSDAQ,242,242,242,0,0,0,0
1876,196490,2026,KOSDAQ,166,166,166,0,0,0,0
1877,196700,2015,KOSDAQ,89,89,89,0,0,0,0
1877,196700,2016,KOSDAQ,246,246,246,0,0,0,0
1877,196700,2017,KOSDAQ,243,243,243,0,0,0,0
1877,196700,2018,KOSDAQ,244,244,244,0,0,0,0
1877,196700,2019,KOSDAQ,246,246,246,0,0,0,0
1877,196700,2020,KOSDAQ,248,248,248,0,0,0,0
1877,196700,2021,KOSDAQ,248,248,248,0,0,0,0
1877,196700,2022,KOSDAQ,246,246,246,0,0,0,0
1877,196700,2023,KOSDAQ,245,245,245,0,0,0,0
1877,196700,2024,KOSDAQ,244,244,244,0,0,0,0
1877,196700,2025,KOSDAQ,242,242,242,0,0,0,0
1877,196700,2026,KOSDAQ,166,166,166,0,0,0,0
1878,197140,2018,KOSDAQ,75,75,75,0,0,0,0
1878,197140,2019,KOSDAQ,246,246,246,0,0,0,0
1878,197140,2020,KOSDAQ,248,248,248,0,0,0,0
1878,197140,2021,KOSDAQ,248,248,248,0,0,0,0
1878,197140,2022,KOSDAQ,246,246,246,0,0,0,0
1878,197140,2023,KOSDAQ,245,245,245,0,0,0,0
1878,197140,2024,KOSDAQ,244,244,244,0,0,0,0
1878,197140,2025,KOSDAQ,242,242,242,0,0,0,0
1878,197140,2026,KOSDAQ,166,166,166,0,0,0,0
1879,198080,2020,KOSDAQ,198,198,198,0,0,0,0
1879,198080,2021,KOSDAQ,248,248,248,0,0,0,0
1879,198080,2022,KOSDAQ,246,246,246,0,0,0,0
1879,198080,2023,KOSDAQ,245,245,245,0,0,0,0
1879,198080,2024,KOSDAQ,244,244,244,0,0,0,0
1879,198080,2025,KOSDAQ,242,242,242,0,0,0,0
1879,198080,2026,KOSDAQ,166,166,166,0,0,0,0
1880,198440,2014,KOSDAQ,93,93,93,0,0,0,0
1880,198440,2015,KOSDAQ,248,248,248,0,0,0,0
1880,198440,2016,KOSDAQ,246,246,246,0,0,0,0
1880,198440,2017,KOSDAQ,243,243,243,0,0,0,0
1880,198440,2018,KOSDAQ,244,244,244,0,0,0,0
1880,198440,2019,KOSDAQ,246,246,246,0,0,0,0
1880,198440,2020,KOSDAQ,248,248,248,0,0,0,0
1880,198440,2021,KOSDAQ,248,248,248,0,0,0,0
1880,198440,2022,KOSDAQ,246,246,246,0,0,0,0
1880,198440,2023,KOSDAQ,245,245,245,0,0,0,0
1880,198440,2024,KOSDAQ,244,244,244,0,0,0,0
1880,198440,2025,KOSDAQ,242,242,242,0,0,0,0
1880,198440,2026,KOSDAQ,166,166,166,0,0,0,0
1881,198940,2023,KOSDAQ,232,232,232,0,0,0,0
1881,198940,2024,KOSDAQ,244,244,244,0,0,0,0
1881,198940,2025,KOSDAQ,242,242,242,0,0,0,0
1881,198940,2026,KOSDAQ,166,166,166,0,0,0,0
1882,199430,2024,KOSDAQ,200,200,200,0,0,0,0
1882,199430,2025,KOSDAQ,242,242,242,0,0,0,0
1882,199430,2026,KOSDAQ,166,166,166,0,0,0,0
1883,199480,2024,KOSDAQ,93,93,93,0,0,0,0
1883,199480,2025,KOSDAQ,242,242,242,0,0,0,0
1883,199480,2026,KOSDAQ,166,166,166,0,0,0,0
1884,199550,2024,KOSDAQ,222,222,222,0,0,0,0
1884,199550,2025,KOSDAQ,242,242,241,0,0,1,0
1884,199550,2026,KOSDAQ,166,166,166,0,0,0,0
1885,199730,2023,KOSDAQ,205,205,205,0,0,0,0
1885,199730,2024,KOSDAQ,244,244,244,0,0,0,0
1885,199730,2025,KOSDAQ,242,242,242,0,0,0,0
1885,199730,2026,KOSDAQ,166,166,166,0,0,0,0
1886,199800,2021,KOSDAQ,15,15,15,0,0,0,0
1886,199800,2022,KOSDAQ,246,246,246,0,0,0,0
1886,199800,2023,KOSDAQ,245,245,245,0,0,0,0
1886,199800,2024,KOSDAQ,244,244,244,0,0,0,0
1886,199800,2025,KOSDAQ,242,242,242,0,0,0,0
1886,199800,2026,KOSDAQ,166,166,166,0,0,0,0
1887,199820,2020,KOSDAQ,24,24,24,0,0,0,0
1887,199820,2021,KOSDAQ,248,248,248,0,0,0,0
1887,199820,2022,KOSDAQ,246,246,246,0,0,0,0
1887,199820,2023,KOSDAQ,245,245,245,0,0,0,0
1887,199820,2024,KOSDAQ,244,244,243,0,0,1,0
1887,199820,2025,KOSDAQ,242,242,242,0,0,0,0
1887,199820,2026,KOSDAQ,166,166,166,0,0,0,0
1888,200130,2014,KOSDAQ,108,108,107,0,0,1,0
1888,200130,2015,KOSDAQ,248,248,248,0,0,0,0
1888,200130,2016,KOSDAQ,246,246,246,0,0,0,0
1888,200130,2017,KOSDAQ,243,243,243,0,0,0,0
1888,200130,2018,KOSDAQ,244,244,244,0,0,0,0
1888,200130,2019,KOSDAQ,246,246,246,0,0,0,0
1888,200130,2020,KOSDAQ,248,248,248,0,0,0,0
1888,200130,2021,KOSDAQ,248,248,248,0,0,0,0
1888,200130,2022,KOSDAQ,246,246,246,0,0,0,0
1888,200130,2023,KOSDAQ,245,245,245,0,0,0,0
1888,200130,2024,KOSDAQ,244,244,244,0,0,0,0
1888,200130,2025,KOSDAQ,242,242,242,0,0,0,0
1888,200130,2026,KOSDAQ,166,166,166,0,0,0,0
1889,200230,2014,KOSDAQ,26,26,26,0,0,0,0
1889,200230,2015,KOSDAQ,248,248,248,0,0,0,0
1889,200230,2016,KOSDAQ,246,246,246,0,0,0,0
1889,200230,2017,KOSDAQ,243,243,243,0,0,0,0
1889,200230,2018,KOSDAQ,244,244,244,0,0,0,0
1889,200230,2019,KOSDAQ,246,246,246,0,0,0,0
1889,200230,2020,KOSDAQ,248,248,248,0,0,0,0
1889,200230,2021,KOSDAQ,248,248,248,0,0,0,0
1889,200230,2022,KOSDAQ,246,246,246,0,0,0,0
1889,200230,2023,KOSDAQ,245,245,245,0,0,0,0
1889,200230,2024,KOSDAQ,244,244,244,0,0,0,0
1889,200230,2025,KOSDAQ,242,242,242,0,0,0,0
1889,200230,2026,KOSDAQ,166,166,166,0,0,0,0
1890,200350,2021,KOSDAQ,1,1,1,0,0,0,0
1890,200350,2022,KOSDAQ,246,246,246,0,0,0,0
1890,200350,2023,KOSDAQ,245,245,245,0,0,0,0
1890,200350,2024,KOSDAQ,244,244,244,0,0,0,0
1890,200350,2025,KOSDAQ,242,242,242,0,0,0,0
1890,200350,2026,KOSDAQ,166,166,166,0,0,0,0
1891,200470,2014,KOSDAQ,3,3,3,0,0,0,0
1891,200470,2015,KOSDAQ,248,248,248,0,0,0,0
1891,200470,2016,KOSDAQ,246,246,246,0,0,0,0
1891,200470,2017,KOSDAQ,243,243,243,0,0,0,0
1891,200470,2018,KOSDAQ,244,244,244,0,0,0,0
1891,200470,2019,KOSDAQ,246,246,246,0,0,0,0
1891,200470,2020,KOSDAQ,248,248,248,0,0,0,0
1891,200470,2021,KOSDAQ,248,248,248,0,0,0,0
1891,200470,2022,KOSDAQ,246,246,246,0,0,0,0
1891,200470,2023,KOSDAQ,245,245,245,0,0,0,0
1891,200470,2024,KOSDAQ,244,244,244,0,0,0,0
1891,200470,2025,KOSDAQ,242,242,242,0,0,0,0
1891,200470,2026,KOSDAQ,166,166,166,0,0,0,0
1892,200670,2014,KOSDAQ,3,3,3,0,0,0,0
1892,200670,2015,KOSDAQ,248,248,248,0,0,0,0
1892,200670,2016,KOSDAQ,246,246,246,0,0,0,0
1892,200670,2017,KOSDAQ,243,243,243,0,0,0,0
1892,200670,2018,KOSDAQ,244,244,244,0,0,0,0
1892,200670,2019,KOSDAQ,246,246,246,0,0,0,0
1892,200670,2020,KOSDAQ,248,248,248,0,0,0,0
1892,200670,2021,KOSDAQ,248,248,248,0,0,0,0
1892,200670,2022,KOSDAQ,246,246,246,0,0,0,0
1892,200670,2023,KOSDAQ,245,245,245,0,0,0,0
1892,200670,2024,KOSDAQ,244,244,244,0,0,0,0
1892,200670,2025,KOSDAQ,242,242,242,0,0,0,0
1892,200670,2026,KOSDAQ,166,166,166,0,0,0,0
1893,200710,2014,KOSDAQ,10,10,10,0,0,0,0
1893,200710,2015,KOSDAQ,248,248,248,0,0,0,0
1893,200710,2016,KOSDAQ,246,246,246,0,0,0,0
1893,200710,2017,KOSDAQ,243,243,243,0,0,0,0
1893,200710,2018,KOSDAQ,244,244,244,0,0,0,0
1893,200710,2019,KOSDAQ,246,246,246,0,0,0,0
1893,200710,2020,KOSDAQ,248,248,248,0,0,0,0
1893,200710,2021,KOSDAQ,248,248,248,0,0,0,0
1893,200710,2022,KOSDAQ,246,246,246,0,0,0,0
1893,200710,2023,KOSDAQ,245,245,245,0,0,0,0
1893,200710,2024,KOSDAQ,244,244,244,0,0,0,0
1893,200710,2025,KOSDAQ,242,242,242,0,0,0,0
1893,200710,2026,KOSDAQ,166,166,166,0,0,0,0
1894,200780,2014,KOSDAQ,11,11,11,0,0,0,0
1894,200780,2015,KOSDAQ,248,248,248,0,0,0,0
1894,200780,2016,KOSDAQ,246,246,246,0,0,0,0
1894,200780,2017,KOSDAQ,243,243,243,0,0,0,0
1894,200780,2018,KOSDAQ,244,244,244,0,0,0,0
1894,200780,2019,KOSDAQ,246,246,246,0,0,0,0
1894,200780,2020,KOSDAQ,248,248,247,0,0,1,0
1894,200780,2021,KOSDAQ,248,248,248,0,0,0,0
1894,200780,2022,KOSDAQ,246,246,246,0,0,0,0
1894,200780,2023,KOSDAQ,245,245,245,0,0,0,0
1894,200780,2024,KOSDAQ,244,244,244,0,0,0,0
1894,200780,2025,KOSDAQ,242,242,242,0,0,0,0
1894,200780,2026,KOSDAQ,166,166,166,0,0,0,0
1895,200880,2014,KOSPI,96,96,96,0,0,0,0
1895,200880,2015,KOSPI,248,248,248,0,0,0,0
1895,200880,2016,KOSPI,246,246,246,0,0,0,0
1895,200880,2017,KOSPI,243,243,243,0,0,0,0
1895,200880,2018,KOSPI,244,244,244,0,0,0,0
1895,200880,2019,KOSPI,246,246,246,0,0,0,0
1895,200880,2020,KOSPI,248,248,248,0,0,0,0
1895,200880,2021,KOSPI,248,248,248,0,0,0,0
1895,200880,2022,KOSPI,246,246,246,0,0,0,0
1895,200880,2023,KOSPI,245,245,245,0,0,0,0
1895,200880,2024,KOSPI,244,244,244,0,0,0,0
1895,200880,2025,KOSPI,242,242,242,0,0,0,0
1895,200880,2026,KOSPI,166,166,166,0,0,0,0
1896,201490,2016,KOSDAQ,59,59,59,0,0,0,0
1896,201490,2017,KOSDAQ,243,243,243,0,0,0,0
1896,201490,2018,KOSDAQ,244,244,244,0,0,0,0
1896,201490,2019,KOSDAQ,246,246,246,0,0,0,0
1896,201490,2020,KOSDAQ,248,248,248,0,0,0,0
1896,201490,2021,KOSDAQ,248,248,248,0,0,0,0
1896,201490,2022,KOSDAQ,246,246,246,0,0,0,0
1896,201490,2023,KOSDAQ,245,245,245,0,0,0,0
1896,201490,2024,KOSDAQ,244,244,244,0,0,0,0
1896,201490,2025,KOSDAQ,242,242,242,0,0,0,0
1896,201490,2026,KOSDAQ,166,166,166,0,0,0,0
1897,203400,2021,KOSDAQ,77,77,77,0,0,0,0
1897,203400,2022,KOSDAQ,246,246,246,0,0,0,0
1897,203400,2023,KOSDAQ,245,245,245,0,0,0,0
1897,203400,2024,KOSDAQ,244,244,244,0,0,0,0
1897,203400,2025,KOSDAQ,242,242,241,0,0,1,0
1897,203400,2026,KOSDAQ,166,166,166,0,0,0,0
1898,203450,2016,KOSDAQ,17,17,17,0,0,0,0
1898,203450,2017,KOSDAQ,243,243,243,0,0,0,0
1898,203450,2018,KOSDAQ,244,244,244,0,0,0,0
1898,203450,2019,KOSDAQ,246,246,246,0,0,0,0
1898,203450,2020,KOSDAQ,248,248,248,0,0,0,0
1898,203450,2021,KOSDAQ,248,248,248,0,0,0,0
1898,203450,2022,KOSDAQ,246,246,246,0,0,0,0
1898,203450,2023,KOSDAQ,245,245,245,0,0,0,0
1898,203450,2024,KOSDAQ,244,244,244,0,0,0,0
1898,203450,2025,KOSDAQ,242,242,242,0,0,0,0
1898,203450,2026,KOSDAQ,166,166,166,0,0,0,0
1899,203650,2014,KOSDAQ,56,56,56,0,0,0,0
1899,203650,2015,KOSDAQ,248,248,248,0,0,0,0
1899,203650,2016,KOSDAQ,246,246,246,0,0,0,0
1899,203650,2017,KOSDAQ,243,243,242,0,0,1,0
1899,203650,2018,KOSDAQ,244,244,244,0,0,0,0
1899,203650,2019,KOSDAQ,246,246,246,0,0,0,0
1899,203650,2020,KOSDAQ,248,248,248,0,0,0,0
1899,203650,2021,KOSDAQ,248,248,248,0,0,0,0
1899,203650,2022,KOSDAQ,246,246,246,0,0,0,0
1899,203650,2023,KOSDAQ,245,245,245,0,0,0,0
1899,203650,2024,KOSDAQ,244,244,244,0,0,0,0
1899,203650,2025,KOSDAQ,242,242,242,0,0,0,0
1899,203650,2026,KOSDAQ,166,166,166,0,0,0,0
1900,204020,2018,KOSDAQ,108,108,108,0,0,0,0
1900,204020,2019,KOSDAQ,246,246,246,0,0,0,0
1900,204020,2020,KOSDAQ,248,248,248,0,0,0,0
1900,204020,2021,KOSDAQ,248,248,248,0,0,0,0
1900,204020,2022,KOSDAQ,246,246,246,0,0,0,0
1900,204020,2023,KOSDAQ,245,245,245,0,0,0,0
1900,204020,2024,KOSDAQ,244,244,244,0,0,0,0
1900,204020,2025,KOSDAQ,242,242,242,0,0,0,0
1900,204020,2026,KOSDAQ,166,166,166,0,0,0,0
1901,204270,2020,KOSDAQ,206,206,206,0,0,0,0
1901,204270,2021,KOSDAQ,248,248,248,0,0,0,0
1901,204270,2022,KOSDAQ,246,246,246,0,0,0,0
1901,204270,2023,KOSDAQ,245,245,245,0,0,0,0
1901,204270,2024,KOSDAQ,244,244,244,0,0,0,0
1901,204270,2025,KOSDAQ,242,242,242,0,0,0,0
1901,204270,2026,KOSDAQ,166,166,166,0,0,0,0
1902,204320,2014,KOSPI,60,60,60,0,0,0,0
1902,204320,2015,KOSPI,248,248,248,0,0,0,0
1902,204320,2016,KOSPI,246,246,246,0,0,0,0
1902,204320,2017,KOSPI,243,243,243,0,0,0,0
1902,204320,2018,KOSPI,244,244,244,0,0,0,0
1902,204320,2019,KOSPI,246,246,246,0,0,0,0
1902,204320,2020,KOSPI,248,248,248,0,0,0,0
1902,204320,2021,KOSPI,248,248,248,0,0,0,0
1902,204320,2022,KOSPI,246,246,246,0,0,0,0
1902,204320,2023,KOSPI,245,245,245,0,0,0,0
1902,204320,2024,KOSPI,244,244,244,0,0,0,0
1902,204320,2025,KOSPI,242,242,242,0,0,0,0
1902,204320,2026,KOSPI,166,166,166,0,0,0,0
1903,204610,2022,KOSDAQ,31,31,31,0,0,0,0
1903,204610,2023,KOSDAQ,245,245,245,0,0,0,0
1903,204610,2024,KOSDAQ,244,244,244,0,0,0,0
1903,204610,2025,KOSDAQ,242,242,242,0,0,0,0
1903,204610,2026,KOSDAQ,166,166,166,0,0,0,0
1904,204620,2014,KOSDAQ,29,29,29,0,0,0,0
1904,204620,2015,KOSDAQ,248,248,248,0,0,0,0
1904,204620,2016,KOSDAQ,246,246,246,0,0,0,0
1904,204620,2017,KOSDAQ,243,243,243,0,0,0,0
1904,204620,2018,KOSDAQ,244,244,244,0,0,0,0
1904,204620,2019,KOSDAQ,246,246,246,0,0,0,0
1904,204620,2020,KOSDAQ,248,248,248,0,0,0,0
1904,204620,2021,KOSDAQ,248,248,248,0,0,0,0
1904,204620,2022,KOSDAQ,246,246,246,0,0,0,0
1904,204620,2023,KOSDAQ,245,245,245,0,0,0,0
1904,204620,2024,KOSDAQ,244,244,244,0,0,0,0
1904,204620,2025,KOSDAQ,242,242,242,0,0,0,0
1904,204620,2026,KOSDAQ,166,166,166,0,0,0,0
1905,204840,2014,KOSDAQ,28,28,28,0,0,0,0
1905,204840,2015,KOSDAQ,248,248,248,0,0,0,0
1905,204840,2016,KOSDAQ,246,246,246,0,0,0,0
1905,204840,2017,KOSDAQ,243,243,243,0,0,0,0
1905,204840,2018,KOSDAQ,244,244,244,0,0,0,0
1905,204840,2019,KOSDAQ,246,246,246,0,0,0,0
1905,204840,2020,KOSDAQ,248,248,248,0,0,0,0
1905,204840,2021,KOSDAQ,248,248,248,0,0,0,0
1905,204840,2022,KOSDAQ,246,246,246,0,0,0,0
1905,204840,2023,KOSDAQ,245,245,245,0,0,0,0
1905,204840,2024,KOSDAQ,244,244,244,0,0,0,0
1905,204840,2025,KOSDAQ,242,242,242,0,0,0,0
1905,204840,2026,KOSDAQ,166,166,166,0,0,0,0
1906,205100,2014,KOSDAQ,37,37,37,0,0,0,0
1906,205100,2015,KOSDAQ,248,248,247,0,0,1,0
1906,205100,2016,KOSDAQ,246,246,246,0,0,0,0
1906,205100,2017,KOSDAQ,243,243,243,0,0,0,0
1906,205100,2018,KOSDAQ,244,244,244,0,0,0,0
1906,205100,2019,KOSDAQ,246,246,246,0,0,0,0
1906,205100,2020,KOSDAQ,248,248,248,0,0,0,0
1906,205100,2021,KOSDAQ,248,248,248,0,0,0,0
1906,205100,2022,KOSDAQ,246,246,246,0,0,0,0
1906,205100,2023,KOSDAQ,245,245,245,0,0,0,0
1906,205100,2024,KOSDAQ,244,244,244,0,0,0,0
1906,205100,2025,KOSDAQ,242,242,242,0,0,0,0
1906,205100,2026,KOSDAQ,166,166,166,0,0,0,0
1907,205470,2014,KOSDAQ,21,21,21,0,0,0,0
1907,205470,2015,KOSDAQ,248,248,248,0,0,0,0
1907,205470,2016,KOSDAQ,246,246,246,0,0,0,0
1907,205470,2017,KOSDAQ,243,243,243,0,0,0,0
1907,205470,2018,KOSDAQ,244,244,244,0,0,0,0
1907,205470,2019,KOSDAQ,246,246,246,0,0,0,0
1907,205470,2020,KOSDAQ,248,248,244,0,0,4,0
1907,205470,2021,KOSDAQ,248,248,247,0,0,1,0
1907,205470,2022,KOSDAQ,246,246,246,0,0,0,0
1907,205470,2023,KOSDAQ,245,245,245,0,0,0,0
1907,205470,2024,KOSDAQ,244,244,244,0,0,0,0
1907,205470,2025,KOSDAQ,242,242,242,0,0,0,0
1907,205470,2026,KOSDAQ,166,166,166,0,0,0,0
1908,205500,2014,KOSDAQ,34,34,34,0,0,0,0
1908,205500,2015,KOSDAQ,248,248,248,0,0,0,0
1908,205500,2016,KOSDAQ,246,246,246,0,0,0,0
1908,205500,2017,KOSDAQ,243,243,243,0,0,0,0
1908,205500,2018,KOSDAQ,244,244,244,0,0,0,0
1908,205500,2019,KOSDAQ,246,246,246,0,0,0,0
1908,205500,2020,KOSDAQ,248,248,248,0,0,0,0
1908,205500,2021,KOSDAQ,248,248,248,0,0,0,0
1908,205500,2022,KOSDAQ,246,246,246,0,0,0,0
1908,205500,2023,KOSDAQ,245,245,245,0,0,0,0
1908,205500,2024,KOSDAQ,244,244,244,0,0,0,0
1908,205500,2025,KOSDAQ,242,242,242,0,0,0,0
1908,205500,2026,KOSDAQ,166,166,166,0,0,0,0
1909,206400,2014,KOSDAQ,14,14,14,0,0,0,0
1909,206400,2015,KOSDAQ,248,248,248,0,0,0,0
1909,206400,2016,KOSDAQ,246,246,246,0,0,0,0
1909,206400,2017,KOSDAQ,243,243,243,0,0,0,0
1909,206400,2018,KOSDAQ,244,244,244,0,0,0,0
1909,206400,2019,KOSDAQ,246,246,246,0,0,0,0
1909,206400,2020,KOSDAQ,248,248,248,0,0,0,0
1909,206400,2021,KOSDAQ,248,248,248,0,0,0,0
1909,206400,2022,KOSDAQ,246,246,246,0,0,0,0
1909,206400,2023,KOSDAQ,245,245,245,0,0,0,0
1909,206400,2024,KOSDAQ,244,244,244,0,0,0,0
1909,206400,2025,KOSDAQ,242,242,242,0,0,0,0
1909,206400,2026,KOSDAQ,166,166,166,0,0,0,0
1910,206560,2015,KOSDAQ,6,6,6,0,0,0,0
1910,206560,2016,KOSDAQ,246,246,246,0,0,0,0
1910,206560,2017,KOSDAQ,243,243,243,0,0,0,0
1910,206560,2018,KOSDAQ,244,244,244,0,0,0,0
1910,206560,2019,KOSDAQ,246,246,246,0,0,0,0
1910,206560,2020,KOSDAQ,248,248,248,0,0,0,0
1910,206560,2021,KOSDAQ,248,248,248,0,0,0,0
1910,206560,2022,KOSDAQ,246,246,246,0,0,0,0
1910,206560,2023,KOSDAQ,245,245,245,0,0,0,0
1910,206560,2024,KOSDAQ,244,244,244,0,0,0,0
1910,206560,2025,KOSDAQ,242,242,242,0,0,0,0
1910,206560,2026,KOSDAQ,166,166,166,0,0,0,0
1911,206640,2014,KOSDAQ,2,2,2,0,0,0,0
1911,206640,2015,KOSDAQ,248,248,247,0,0,1,0
1911,206640,2016,KOSDAQ,246,246,246,0,0,0,0
1911,206640,2017,KOSDAQ,243,243,243,0,0,0,0
1911,206640,2018,KOSDAQ,244,244,244,0,0,0,0
1911,206640,2019,KOSDAQ,246,246,246,0,0,0,0
1911,206640,2020,KOSDAQ,248,248,248,0,0,0,0
1911,206640,2021,KOSDAQ,248,248,248,0,0,0,0
1911,206640,2022,KOSDAQ,246,246,246,0,0,0,0
1911,206640,2023,KOSDAQ,245,245,245,0,0,0,0
1911,206640,2024,KOSDAQ,244,244,244,0,0,0,0
1911,206640,2025,KOSDAQ,242,242,242,0,0,0,0
1911,206640,2026,KOSDAQ,166,166,166,0,0,0,0
1912,206650,2017,KOSDAQ,227,227,227,0,0,0,0
1912,206650,2018,KOSDAQ,244,244,244,0,0,0,0
1912,206650,2019,KOSDAQ,246,246,246,0,0,0,0
1912,206650,2020,KOSDAQ,248,248,247,0,0,1,0
1912,206650,2021,KOSDAQ,248,248,248,0,0,0,0
1912,206650,2022,KOSDAQ,246,246,246,0,0,0,0
1912,206650,2023,KOSDAQ,245,245,245,0,0,0,0
1912,206650,2024,KOSDAQ,244,244,244,0,0,0,0
1912,206650,2025,KOSDAQ,242,242,242,0,0,0,0
1912,206650,2026,KOSDAQ,166,166,166,0,0,0,0
1913,207760,2014,KOSDAQ,12,12,12,0,0,0,0
1913,207760,2015,KOSDAQ,248,248,247,0,0,1,0
1913,207760,2016,KOSDAQ,246,246,246,0,0,0,0
1913,207760,2017,KOSDAQ,243,243,243,0,0,0,0
1913,207760,2018,KOSDAQ,244,244,244,0,0,0,0
1913,207760,2019,KOSDAQ,246,246,245,0,0,1,0
1913,207760,2020,KOSDAQ,248,248,248,0,0,0,0
1913,207760,2021,KOSDAQ,248,248,248,0,0,0,0
1913,207760,2022,KOSDAQ,246,246,246,0,0,0,0
1913,207760,2023,KOSDAQ,245,245,245,0,0,0,0
1913,207760,2024,KOSDAQ,244,244,244,0,0,0,0
1913,207760,2025,KOSDAQ,242,242,242,0,0,0,0
1913,207760,2026,KOSDAQ,166,166,166,0,0,0,0
1914,207940,2016,KOSPI,36,36,36,0,0,0,0
1914,207940,2017,KOSPI,243,243,243,0,0,0,0
1914,207940,2018,KOSPI,244,244,244,0,0,0,0
1914,207940,2019,KOSPI,246,246,246,0,0,0,0
1914,207940,2020,KOSPI,248,248,248,0,0,0,0
1914,207940,2021,KOSPI,248,248,248,0,0,0,0
1914,207940,2022,KOSPI,246,246,246,0,0,0,0
1914,207940,2023,KOSPI,245,245,245,0,0,0,0
1914,207940,2024,KOSPI,244,244,244,0,0,0,0
1914,207940,2025,KOSPI,242,242,242,0,0,0,0
1914,207940,2026,KOSPI,166,166,166,0,0,0,0
1915,208140,2014,KOSDAQ,9,9,9,0,0,0,0
1915,208140,2015,KOSDAQ,248,248,248,0,0,0,0
1915,208140,2016,KOSDAQ,246,246,246,0,0,0,0
1915,208140,2017,KOSDAQ,243,243,243,0,0,0,0
1915,208140,2018,KOSDAQ,244,244,244,0,0,0,0
1915,208140,2019,KOSDAQ,246,246,246,0,0,0,0
1915,208140,2020,KOSDAQ,248,248,248,0,0,0,0
1915,208140,2021,KOSDAQ,248,248,248,0,0,0,0
1915,208140,2022,KOSDAQ,246,246,246,0,0,0,0
1915,208140,2023,KOSDAQ,245,245,245,0,0,0,0
1915,208140,2024,KOSDAQ,244,244,244,0,0,0,0
1915,208140,2025,KOSDAQ,242,242,242,0,0,0,0
1915,208140,2026,KOSDAQ,166,166,166,0,0,0,0
1916,208350,2014,KOSDAQ,4,4,4,0,0,0,0
1916,208350,2015,KOSDAQ,248,248,248,0,0,0,0
1916,208350,2016,KOSDAQ,246,246,246,0,0,0,0
1916,208350,2017,KOSDAQ,243,243,243,0,0,0,0
1916,208350,2018,KOSDAQ,244,244,244,0,0,0,0
1916,208350,2019,KOSDAQ,246,246,246,0,0,0,0
1916,208350,2020,KOSDAQ,248,248,248,0,0,0,0
1916,208350,2021,KOSDAQ,248,248,248,0,0,0,0
1916,208350,2022,KOSDAQ,246,246,246,0,0,0,0
1916,208350,2023,KOSDAQ,245,245,245,0,0,0,0
1916,208350,2024,KOSDAQ,244,244,244,0,0,0,0
1916,208350,2025,KOSDAQ,242,242,242,0,0,0,0
1916,208350,2026,KOSDAQ,166,166,166,0,0,0,0
1917,208370,2014,KOSDAQ,9,9,9,0,0,0,0
1917,208370,2015,KOSDAQ,248,248,248,0,0,0,0
1917,208370,2016,KOSDAQ,246,246,246,0,0,0,0
1917,208370,2017,KOSDAQ,243,243,243,0,0,0,0
1917,208370,2018,KOSDAQ,244,244,243,0,0,1,0
1917,208370,2019,KOSDAQ,246,246,246,0,0,0,0
1917,208370,2020,KOSDAQ,248,248,248,0,0,0,0
1917,208370,2021,KOSDAQ,248,248,248,0,0,0,0
1917,208370,2022,KOSDAQ,246,246,246,0,0,0,0
1917,208370,2023,KOSDAQ,245,245,244,0,0,1,0
1917,208370,2024,KOSDAQ,244,244,244,0,0,0,0
1917,208370,2025,KOSDAQ,242,242,242,0,0,0,0
1917,208370,2026,KOSDAQ,166,166,166,0,0,0,0
1918,208640,2014,KOSDAQ,2,2,2,0,0,0,0
1918,208640,2015,KOSDAQ,248,248,248,0,0,0,0
1918,208640,2016,KOSDAQ,246,246,246,0,0,0,0
1918,208640,2017,KOSDAQ,243,243,243,0,0,0,0
1918,208640,2018,KOSDAQ,244,244,244,0,0,0,0
1918,208640,2019,KOSDAQ,246,246,246,0,0,0,0
1918,208640,2020,KOSDAQ,248,248,248,0,0,0,0
1918,208640,2021,KOSDAQ,248,248,248,0,0,0,0
1918,208640,2022,KOSDAQ,246,246,246,0,0,0,0
1918,208640,2023,KOSDAQ,245,245,245,0,0,0,0
1918,208640,2024,KOSDAQ,244,244,244,0,0,0,0
1918,208640,2025,KOSDAQ,242,242,241,0,0,1,0
1918,208640,2026,KOSDAQ,166,166,165,0,0,1,0
1919,208710,2014,KOSDAQ,4,4,4,0,0,0,0
1919,208710,2015,KOSDAQ,248,248,248,0,0,0,0
1919,208710,2016,KOSDAQ,246,246,246,0,0,0,0
1919,208710,2017,KOSDAQ,243,243,243,0,0,0,0
1919,208710,2018,KOSDAQ,244,244,244,0,0,0,0
1919,208710,2019,KOSDAQ,246,246,246,0,0,0,0
1919,208710,2020,KOSDAQ,248,248,248,0,0,0,0
1919,208710,2021,KOSDAQ,248,248,248,0,0,0,0
1919,208710,2022,KOSDAQ,246,246,246,0,0,0,0
1919,208710,2023,KOSDAQ,245,245,245,0,0,0,0
1919,208710,2024,KOSDAQ,244,244,244,0,0,0,0
1919,208710,2025,KOSDAQ,242,242,242,0,0,0,0
1919,208710,2026,KOSDAQ,166,166,166,0,0,0,0
1920,208860,2016,KOSDAQ,106,106,106,0,0,0,0
1920,208860,2017,KOSDAQ,243,243,243,0,0,0,0
1920,208860,2018,KOSDAQ,244,244,244,0,0,0,0
1920,208860,2019,KOSDAQ,246,246,246,0,0,0,0
1920,208860,2020,KOSDAQ,248,248,248,0,0,0,0
1920,208860,2021,KOSDAQ,248,248,248,0,0,0,0
1920,208860,2022,KOSDAQ,246,246,246,0,0,0,0
1920,208860,2023,KOSDAQ,245,245,245,0,0,0,0
1920,208860,2024,KOSDAQ,244,244,244,0,0,0,0
1920,208860,2025,KOSDAQ,242,242,242,0,0,0,0
1920,208860,2026,KOSDAQ,166,166,166,0,0,0,0
1921,209640,2024,KOSDAQ,51,51,51,0,0,0,0
1921,209640,2025,KOSDAQ,242,242,242,0,0,0,0
1921,209640,2026,KOSDAQ,166,166,166,0,0,0,0
1922,210120,2023,KOSDAQ,90,90,90,0,0,0,0
1922,210120,2024,KOSDAQ,244,244,244,0,0,0,0
1922,210120,2025,KOSDAQ,242,242,242,0,0,0,0
1922,210120,2026,KOSDAQ,166,166,166,0,0,0,0
1923,210540,2015,KOSPI,239,239,239,0,0,0,0
1923,210540,2016,KOSPI,246,246,246,0,0,0,0
1923,210540,2017,KOSPI,243,243,243,0,0,0,0
1923,210540,2018,KOSPI,244,244,244,0,0,0,0
1923,210540,2019,KOSPI,246,246,246,0,0,0,0
1923,210540,2020,KOSPI,248,248,248,0,0,0,0
1923,210540,2021,KOSPI,248,248,248,0,0,0,0
1923,210540,2022,KOSPI,246,246,246,0,0,0,0
1923,210540,2023,KOSPI,245,245,245,0,0,0,0
1923,210540,2024,KOSPI,244,244,244,0,0,0,0
1923,210540,2025,KOSPI,242,242,242,0,0,0,0
1923,210540,2026,KOSPI,166,166,166,0,0,0,0
1924,210980,2015,KOSPI,132,132,132,0,0,0,0
1924,210980,2016,KOSPI,246,246,246,0,0,0,0
1924,210980,2017,KOSPI,243,243,243,0,0,0,0
1924,210980,2018,KOSPI,244,244,244,0,0,0,0
1924,210980,2019,KOSPI,246,246,246,0,0,0,0
1924,210980,2020,KOSPI,248,248,248,0,0,0,0
1924,210980,2021,KOSPI,248,248,248,0,0,0,0
1924,210980,2022,KOSPI,246,246,246,0,0,0,0
1924,210980,2023,KOSPI,245,245,245,0,0,0,0
1924,210980,2024,KOSPI,244,244,244,0,0,0,0
1924,210980,2025,KOSPI,242,242,242,0,0,0,0
1924,210980,2026,KOSPI,166,166,166,0,0,0,0
1925,211050,2022,KOSDAQ,217,217,217,0,0,0,0
1925,211050,2023,KOSDAQ,245,245,245,0,0,0,0
1925,211050,2024,KOSDAQ,244,244,244,0,0,0,0
1925,211050,2025,KOSDAQ,242,242,242,0,0,0,0
1925,211050,2026,KOSDAQ,166,166,166,0,0,0,0
1926,211270,2016,KOSDAQ,206,206,206,0,0,0,0
1926,211270,2017,KOSDAQ,243,243,243,0,0,0,0
1926,211270,2018,KOSDAQ,244,244,244,0,0,0,0
1926,211270,2019,KOSDAQ,246,246,246,0,0,0,0
1926,211270,2020,KOSDAQ,248,248,248,0,0,0,0
1926,211270,2021,KOSDAQ,248,248,248,0,0,0,0
1926,211270,2022,KOSDAQ,246,246,246,0,0,0,0
1926,211270,2023,KOSDAQ,245,245,245,0,0,0,0
1926,211270,2024,KOSDAQ,244,244,244,0,0,0,0
1926,211270,2025,KOSDAQ,242,242,242,0,0,0,0
1926,211270,2026,KOSDAQ,166,166,166,0,0,0,0
1927,212560,2015,KOSDAQ,30,30,30,0,0,0,0
1927,212560,2016,KOSDAQ,246,246,246,0,0,0,0
1927,212560,2017,KOSDAQ,243,243,243,0,0,0,0
1927,212560,2018,KOSDAQ,244,244,244,0,0,0,0
1927,212560,2019,KOSDAQ,246,246,246,0,0,0,0
1927,212560,2020,KOSDAQ,248,248,248,0,0,0,0
1927,212560,2021,KOSDAQ,248,248,248,0,0,0,0
1927,212560,2022,KOSDAQ,246,246,246,0,0,0,0
1927,212560,2023,KOSDAQ,245,245,245,0,0,0,0
1927,212560,2024,KOSDAQ,244,244,244,0,0,0,0
1927,212560,2025,KOSDAQ,242,242,242,0,0,0,0
1927,212560,2026,KOSDAQ,166,166,166,0,0,0,0
1928,212710,2025,KOSDAQ,217,217,217,0,0,0,0
1928,212710,2026,KOSDAQ,166,166,166,0,0,0,0
1929,213420,2015,KOSDAQ,223,223,223,0,0,0,0
1929,213420,2016,KOSDAQ,246,246,246,0,0,0,0
1929,213420,2017,KOSDAQ,243,243,243,0,0,0,0
1929,213420,2018,KOSDAQ,244,244,244,0,0,0,0
1929,213420,2019,KOSDAQ,246,246,246,0,0,0,0
1929,213420,2020,KOSDAQ,248,248,248,0,0,0,0
1929,213420,2021,KOSDAQ,248,248,248,0,0,0,0
1929,213420,2022,KOSDAQ,246,246,246,0,0,0,0
1929,213420,2023,KOSDAQ,245,245,245,0,0,0,0
1929,213420,2024,KOSDAQ,244,244,244,0,0,0,0
1929,213420,2025,KOSDAQ,242,242,242,0,0,0,0
1929,213420,2026,KOSDAQ,166,166,166,0,0,0,0
1930,213500,2015,KOSPI,232,232,232,0,0,0,0
1930,213500,2016,KOSPI,246,246,246,0,0,0,0
1930,213500,2017,KOSPI,243,243,243,0,0,0,0
1930,213500,2018,KOSPI,244,244,244,0,0,0,0
1930,213500,2019,KOSPI,246,246,246,0,0,0,0
1930,213500,2020,KOSPI,248,248,248,0,0,0,0
1930,213500,2021,KOSPI,248,248,248,0,0,0,0
1930,213500,2022,KOSPI,246,246,246,0,0,0,0
1930,213500,2023,KOSPI,245,245,245,0,0,0,0
1930,213500,2024,KOSPI,244,244,244,0,0,0,0
1930,213500,2025,KOSPI,242,242,242,0,0,0,0
1930,213500,2026,KOSPI,166,166,166,0,0,0,0
1931,214150,2015,KOSDAQ,186,186,186,0,0,0,0
1931,214150,2016,KOSDAQ,246,246,246,0,0,0,0
1931,214150,2017,KOSDAQ,243,243,243,0,0,0,0
1931,214150,2018,KOSDAQ,244,244,244,0,0,0,0
1931,214150,2019,KOSDAQ,246,246,246,0,0,0,0
1931,214150,2020,KOSDAQ,248,248,248,0,0,0,0
1931,214150,2021,KOSDAQ,248,248,248,0,0,0,0
1931,214150,2022,KOSDAQ,246,246,246,0,0,0,0
1931,214150,2023,KOSDAQ,245,245,245,0,0,0,0
1931,214150,2024,KOSDAQ,244,244,244,0,0,0,0
1931,214150,2025,KOSDAQ,242,242,242,0,0,0,0
1931,214150,2026,KOSDAQ,166,166,166,0,0,0,0
1932,214180,2015,KOSDAQ,127,127,127,0,0,0,0
1932,214180,2016,KOSDAQ,246,246,246,0,0,0,0
1932,214180,2017,KOSDAQ,243,243,243,0,0,0,0
1932,214180,2018,KOSDAQ,244,244,244,0,0,0,0
1932,214180,2019,KOSDAQ,246,246,246,0,0,0,0
1932,214180,2020,KOSDAQ,248,248,248,0,0,0,0
1932,214180,2021,KOSDAQ,248,248,248,0,0,0,0
1932,214180,2022,KOSDAQ,246,246,246,0,0,0,0
1932,214180,2023,KOSDAQ,245,245,245,0,0,0,0
1932,214180,2024,KOSDAQ,244,244,244,0,0,0,0
1932,214180,2025,KOSDAQ,242,242,242,0,0,0,0
1932,214180,2026,KOSDAQ,166,166,166,0,0,0,0
1933,214260,2019,KOSDAQ,35,35,35,0,0,0,0
1933,214260,2020,KOSDAQ,248,248,248,0,0,0,0
1933,214260,2021,KOSDAQ,248,248,248,0,0,0,0
1933,214260,2022,KOSDAQ,246,246,246,0,0,0,0
1933,214260,2023,KOSDAQ,245,245,245,0,0,0,0
1933,214260,2024,KOSDAQ,244,244,244,0,0,0,0
1933,214260,2025,KOSDAQ,242,242,242,0,0,0,0
1933,214260,2026,KOSDAQ,166,166,166,0,0,0,0
1934,214270,2015,KOSDAQ,193,193,193,0,0,0,0
1934,214270,2016,KOSDAQ,246,246,245,0,0,1,0
1934,214270,2017,KOSDAQ,243,243,243,0,0,0,0
1934,214270,2018,KOSDAQ,244,244,244,0,0,0,0
1934,214270,2019,KOSDAQ,246,246,246,0,0,0,0
1934,214270,2020,KOSDAQ,248,248,248,0,0,0,0
1934,214270,2021,KOSDAQ,248,248,248,0,0,0,0
1934,214270,2022,KOSDAQ,246,246,246,0,0,0,0
1934,214270,2023,KOSDAQ,245,245,245,0,0,0,0
1934,214270,2024,KOSDAQ,244,244,244,0,0,0,0
1934,214270,2025,KOSDAQ,242,242,242,0,0,0,0
1934,214270,2026,KOSDAQ,166,166,166,0,0,0,0
1935,214320,2015,KOSPI,114,114,114,0,0,0,0
1935,214320,2016,KOSPI,246,246,246,0,0,0,0
1935,214320,2017,KOSPI,243,243,243,0,0,0,0
1935,214320,2018,KOSPI,244,244,244,0,0,0,0
1935,214320,2019,KOSPI,246,246,246,0,0,0,0
1935,214320,2020,KOSPI,248,248,248,0,0,0,0
1935,214320,2021,KOSPI,248,248,248,0,0,0,0
1935,214320,2022,KOSPI,246,246,246,0,0,0,0
1935,214320,2023,KOSPI,245,245,245,0,0,0,0
1935,214320,2024,KOSPI,244,244,244,0,0,0,0
1935,214320,2025,KOSPI,242,242,242,0,0,0,0
1935,214320,2026,KOSPI,166,166,166,0,0,0,0
1936,214330,2015,KOSPI,35,35,35,0,0,0,0
1936,214330,2016,KOSPI,246,246,246,0,0,0,0
1936,214330,2017,KOSPI,243,243,243,0,0,0,0
1936,214330,2018,KOSPI,244,244,244,0,0,0,0
1936,214330,2019,KOSPI,246,246,246,0,0,0,0
1936,214330,2020,KOSPI,248,248,248,0,0,0,0
1936,214330,2021,KOSPI,248,248,247,0,0,1,0
1936,214330,2022,KOSPI,246,246,246,0,0,0,0
1936,214330,2023,KOSPI,245,245,245,0,0,0,0
1936,214330,2024,KOSPI,244,244,244,0,0,0,0
1936,214330,2025,KOSPI,242,242,242,0,0,0,0
1936,214330,2026,KOSPI,166,166,166,0,0,0,0
1937,214370,2015,KOSDAQ,31,31,31,0,0,0,0
1937,214370,2016,KOSDAQ,246,246,246,0,0,0,0
1937,214370,2017,KOSDAQ,243,243,243,0,0,0,0
1937,214370,2018,KOSDAQ,244,244,244,0,0,0,0
1937,214370,2019,KOSDAQ,246,246,246,0,0,0,0
1937,214370,2020,KOSDAQ,248,248,248,0,0,0,0
1937,214370,2021,KOSDAQ,248,248,248,0,0,0,0
1937,214370,2022,KOSDAQ,246,246,246,0,0,0,0
1937,214370,2023,KOSDAQ,245,245,245,0,0,0,0
1937,214370,2024,KOSDAQ,244,244,244,0,0,0,0
1937,214370,2025,KOSDAQ,242,242,242,0,0,0,0
1937,214370,2026,KOSDAQ,166,166,166,0,0,0,0
1938,214390,2015,KOSPI,128,128,128,0,0,0,0
1938,214390,2016,KOSPI,246,246,246,0,0,0,0
1938,214390,2017,KOSPI,243,243,243,0,0,0,0
1938,214390,2018,KOSPI,244,244,244,0,0,0,0
1938,214390,2019,KOSPI,246,246,246,0,0,0,0
1938,214390,2020,KOSPI,248,248,248,0,0,0,0
1938,214390,2021,KOSPI,248,248,248,0,0,0,0
1938,214390,2022,KOSPI,246,246,246,0,0,0,0
1938,214390,2023,KOSPI,245,245,245,0,0,0,0
1938,214390,2024,KOSPI,244,244,244,0,0,0,0
1938,214390,2025,KOSPI,242,242,242,0,0,0,0
1938,214390,2026,KOSPI,166,166,166,0,0,0,0
1939,214420,2015,KOSPI,119,119,119,0,0,0,0
1939,214420,2016,KOSPI,246,246,246,0,0,0,0
1939,214420,2017,KOSPI,243,243,243,0,0,0,0
1939,214420,2018,KOSPI,244,244,244,0,0,0,0
1939,214420,2019,KOSPI,246,246,246,0,0,0,0
1939,214420,2020,KOSPI,248,248,248,0,0,0,0
1939,214420,2021,KOSPI,248,248,248,0,0,0,0
1939,214420,2022,KOSPI,246,246,246,0,0,0,0
1939,214420,2023,KOSPI,245,245,245,0,0,0,0
1939,214420,2024,KOSPI,244,244,244,0,0,0,0
1939,214420,2025,KOSPI,242,242,242,0,0,0,0
1939,214420,2026,KOSPI,166,166,166,0,0,0,0
1940,214430,2015,KOSDAQ,105,105,105,0,0,0,0
1940,214430,2016,KOSDAQ,246,246,246,0,0,0,0
1940,214430,2017,KOSDAQ,243,243,243,0,0,0,0
1940,214430,2018,KOSDAQ,244,244,244,0,0,0,0
1940,214430,2019,KOSDAQ,246,246,246,0,0,0,0
1940,214430,2020,KOSDAQ,248,248,248,0,0,0,0
1940,214430,2021,KOSDAQ,248,248,248,0,0,0,0
1940,214430,2022,KOSDAQ,246,246,246,0,0,0,0
1940,214430,2023,KOSDAQ,245,245,245,0,0,0,0
1940,214430,2024,KOSDAQ,244,244,244,0,0,0,0
1940,214430,2025,KOSDAQ,242,242,242,0,0,0,0
1940,214430,2026,KOSDAQ,166,166,166,0,0,0,0
1941,214450,2015,KOSDAQ,109,109,109,0,0,0,0
1941,214450,2016,KOSDAQ,246,246,246,0,0,0,0
1941,214450,2017,KOSDAQ,243,243,243,0,0,0,0
1941,214450,2018,KOSDAQ,244,244,244,0,0,0,0
1941,214450,2019,KOSDAQ,246,246,246,0,0,0,0
1941,214450,2020,KOSDAQ,248,248,248,0,0,0,0
1941,214450,2021,KOSDAQ,248,248,248,0,0,0,0
1941,214450,2022,KOSDAQ,246,246,246,0,0,0,0
1941,214450,2023,KOSDAQ,245,245,245,0,0,0,0
1941,214450,2024,KOSDAQ,244,244,244,0,0,0,0
1941,214450,2025,KOSDAQ,242,242,242,0,0,0,0
1941,214450,2026,KOSDAQ,166,166,166,0,0,0,0
1942,214610,2020,KOSDAQ,49,49,49,0,0,0,0
1942,214610,2021,KOSDAQ,248,248,248,0,0,0,0
1942,214610,2022,KOSDAQ,246,246,246,0,0,0,0
1942,214610,2023,KOSDAQ,245,245,245,0,0,0,0
1942,214610,2024,KOSDAQ,244,244,244,0,0,0,0
1942,214610,2025,KOSDAQ,242,242,242,0,0,0,0
1942,214610,2026,KOSDAQ,166,166,166,0,0,0,0
1943,214680,2015,KOSDAQ,175,175,175,0,0,0,0
1943,214680,2016,KOSDAQ,246,246,245,0,0,1,0
1943,214680,2017,KOSDAQ,243,243,243,0,0,0,0
1943,214680,2018,KOSDAQ,244,244,244,0,0,0,0
1943,214680,2019,KOSDAQ,246,246,246,0,0,0,0
1943,214680,2020,KOSDAQ,248,248,248,0,0,0,0
1943,214680,2021,KOSDAQ,248,248,248,0,0,0,0
1943,214680,2022,KOSDAQ,246,246,246,0,0,0,0
1943,214680,2023,KOSDAQ,245,245,245,0,0,0,0
1943,214680,2024,KOSDAQ,244,244,244,0,0,0,0
1943,214680,2025,KOSDAQ,242,242,242,0,0,0,0
1943,214680,2026,KOSDAQ,166,166,166,0,0,0,0
1944,215000,2015,KOSDAQ,186,186,186,0,0,0,0
1944,215000,2016,KOSDAQ,246,246,246,0,0,0,0
1944,215000,2017,KOSDAQ,243,243,243,0,0,0,0
1944,215000,2018,KOSDAQ,244,244,244,0,0,0,0
1944,215000,2019,KOSDAQ,246,246,246,0,0,0,0
1944,215000,2020,KOSDAQ,248,248,248,0,0,0,0
1944,215000,2021,KOSDAQ,248,248,248,0,0,0,0
1944,215000,2022,KOSDAQ,246,246,246,0,0,0,0
1944,215000,2023,KOSDAQ,245,245,245,0,0,0,0
1944,215000,2024,KOSDAQ,244,244,244,0,0,0,0
1944,215000,2025,KOSDAQ,242,242,242,0,0,0,0
1944,215000,2026,KOSDAQ,166,166,166,0,0,0,0
1945,215090,2015,KOSDAQ,169,169,169,0,0,0,0
1945,215090,2016,KOSDAQ,246,246,246,0,0,0,0
1945,215090,2017,KOSDAQ,243,243,243,0,0,0,0
1945,215090,2018,KOSDAQ,244,244,244,0,0,0,0
1945,215090,2019,KOSDAQ,246,246,246,0,0,0,0
1945,215090,2020,KOSDAQ,248,248,248,0,0,0,0
1945,215090,2021,KOSDAQ,248,248,248,0,0,0,0
1945,215090,2022,KOSDAQ,246,246,246,0,0,0,0
1945,215090,2023,KOSDAQ,245,245,245,0,0,0,0
1945,215090,2024,KOSDAQ,244,244,244,0,0,0,0
1945,215090,2025,KOSDAQ,242,242,242,0,0,0,0
1945,215090,2026,KOSDAQ,166,166,166,0,0,0,0
1946,215100,2015,KOSDAQ,173,173,173,0,0,0,0
1946,215100,2016,KOSDAQ,246,246,246,0,0,0,0
1946,215100,2017,KOSDAQ,243,243,242,0,0,1,0
1946,215100,2018,KOSDAQ,244,244,244,0,0,0,0
1946,215100,2019,KOSDAQ,246,246,246,0,0,0,0
1946,215100,2020,KOSDAQ,248,248,248,0,0,0,0
1946,215100,2021,KOSDAQ,248,248,248,0,0,0,0
1946,215100,2022,KOSDAQ,246,246,246,0,0,0,0
1946,215100,2023,KOSDAQ,245,245,245,0,0,0,0
1946,215100,2024,KOSDAQ,244,244,244,0,0,0,0
1946,215100,2025,KOSDAQ,242,242,242,0,0,0,0
1946,215100,2026,KOSDAQ,166,166,166,0,0,0,0
1947,215200,2015,KOSDAQ,166,166,166,0,0,0,0
1947,215200,2016,KOSDAQ,246,246,246,0,0,0,0
1947,215200,2017,KOSDAQ,243,243,243,0,0,0,0
1947,215200,2018,KOSDAQ,244,244,244,0,0,0,0
1947,215200,2019,KOSDAQ,246,246,246,0,0,0,0
1947,215200,2020,KOSDAQ,248,248,248,0,0,0,0
1947,215200,2021,KOSDAQ,248,248,248,0,0,0,0
1947,215200,2022,KOSDAQ,246,246,246,0,0,0,0
1947,215200,2023,KOSDAQ,245,245,245,0,0,0,0
1947,215200,2024,KOSDAQ,244,244,244,0,0,0,0
1947,215200,2025,KOSDAQ,242,242,242,0,0,0,0
1947,215200,2026,KOSDAQ,166,166,166,0,0,0,0
1948,215360,2015,KOSDAQ,165,165,165,0,0,0,0
1948,215360,2016,KOSDAQ,246,246,246,0,0,0,0
1948,215360,2017,KOSDAQ,243,243,243,0,0,0,0
1948,215360,2018,KOSDAQ,244,244,244,0,0,0,0
1948,215360,2019,KOSDAQ,246,246,246,0,0,0,0
1948,215360,2020,KOSDAQ,248,248,248,0,0,0,0
1948,215360,2021,KOSDAQ,248,248,248,0,0,0,0
1948,215360,2022,KOSDAQ,246,246,246,0,0,0,0
1948,215360,2023,KOSDAQ,245,245,245,0,0,0,0
1948,215360,2024,KOSDAQ,244,244,244,0,0,0,0
1948,215360,2025,KOSDAQ,242,242,242,0,0,0,0
1948,215360,2026,KOSDAQ,166,166,166,0,0,0,0
1949,215380,2015,KOSDAQ,157,157,157,0,0,0,0
1949,215380,2016,KOSDAQ,246,246,246,0,0,0,0
1949,215380,2017,KOSDAQ,243,243,243,0,0,0,0
1949,215380,2018,KOSDAQ,244,244,244,0,0,0,0
1949,215380,2019,KOSDAQ,246,246,246,0,0,0,0
1949,215380,2020,KOSDAQ,248,248,248,0,0,0,0
1949,215380,2021,KOSDAQ,248,248,248,0,0,0,0
1949,215380,2022,KOSDAQ,246,246,246,0,0,0,0
1949,215380,2023,KOSDAQ,245,245,245,0,0,0,0
1949,215380,2024,KOSDAQ,244,244,244,0,0,0,0
1949,215380,2025,KOSDAQ,242,242,242,0,0,0,0
1949,215380,2026,KOSDAQ,166,166,166,0,0,0,0
1950,215480,2015,KOSDAQ,160,160,160,0,0,0,0
1950,215480,2016,KOSDAQ,246,246,246,0,0,0,0
1950,215480,2017,KOSDAQ,243,243,243,0,0,0,0
1950,215480,2018,KOSDAQ,244,244,244,0,0,0,0
1950,215480,2019,KOSDAQ,246,246,246,0,0,0,0
1950,215480,2020,KOSDAQ,248,248,248,0,0,0,0
1950,215480,2021,KOSDAQ,248,248,248,0,0,0,0
1950,215480,2022,KOSDAQ,246,246,246,0,0,0,0
1950,215480,2023,KOSDAQ,245,245,245,0,0,0,0
1950,215480,2024,KOSDAQ,244,244,244,0,0,0,0
1950,215480,2025,KOSDAQ,242,242,242,0,0,0,0
1950,215480,2026,KOSDAQ,166,166,166,0,0,0,0
1951,215600,2016,KOSDAQ,18,18,18,0,0,0,0
1951,215600,2017,KOSDAQ,243,243,243,0,0,0,0
1951,215600,2018,KOSDAQ,244,244,244,0,0,0,0
1951,215600,2019,KOSDAQ,246,246,246,0,0,0,0
1951,215600,2020,KOSDAQ,248,248,248,0,0,0,0
1951,215600,2021,KOSDAQ,248,248,248,0,0,0,0
1951,215600,2022,KOSDAQ,246,246,246,0,0,0,0
1951,215600,2023,KOSDAQ,245,245,245,0,0,0,0
1951,215600,2024,KOSDAQ,244,244,244,0,0,0,0
1951,215600,2025,KOSDAQ,242,242,242,0,0,0,0
1951,215600,2026,KOSDAQ,166,166,166,0,0,0,0
1952,215790,2015,KOSDAQ,163,163,163,0,0,0,0
1952,215790,2016,KOSDAQ,246,246,246,0,0,0,0
1952,215790,2017,KOSDAQ,243,243,243,0,0,0,0
1952,215790,2018,KOSDAQ,244,244,244,0,0,0,0
1952,215790,2019,KOSDAQ,246,246,246,0,0,0,0
1952,215790,2020,KOSDAQ,248,248,248,0,0,0,0
1952,215790,2021,KOSDAQ,248,248,248,0,0,0,0
1952,215790,2022,KOSDAQ,246,246,246,0,0,0,0
1952,215790,2023,KOSDAQ,245,245,245,0,0,0,0
1952,215790,2024,KOSDAQ,244,244,244,0,0,0,0
1952,215790,2025,KOSDAQ,242,242,242,0,0,0,0
1952,215790,2026,KOSDAQ,166,166,166,0,0,0,0
1953,216050,2016,KOSDAQ,44,44,44,0,0,0,0
1953,216050,2017,KOSDAQ,243,243,243,0,0,0,0
1953,216050,2018,KOSDAQ,244,244,244,0,0,0,0
1953,216050,2019,KOSDAQ,246,246,246,0,0,0,0
1953,216050,2020,KOSDAQ,248,248,248,0,0,0,0
1953,216050,2021,KOSDAQ,248,248,248,0,0,0,0
1953,216050,2022,KOSDAQ,246,246,246,0,0,0,0
1953,216050,2023,KOSDAQ,245,245,245,0,0,0,0
1953,216050,2024,KOSDAQ,244,244,244,0,0,0,0
1953,216050,2025,KOSDAQ,242,242,242,0,0,0,0
1953,216050,2026,KOSDAQ,166,166,166,0,0,0,0
1954,216080,2019,KOSDAQ,32,32,32,0,0,0,0
1954,216080,2020,KOSDAQ,248,248,248,0,0,0,0
1954,216080,2021,KOSDAQ,248,248,248,0,0,0,0
1954,216080,2022,KOSDAQ,246,246,246,0,0,0,0
1954,216080,2023,KOSDAQ,245,245,245,0,0,0,0
1954,216080,2024,KOSDAQ,244,244,244,0,0,0,0
1954,216080,2025,KOSDAQ,242,242,242,0,0,0,0
1954,216080,2026,KOSDAQ,166,166,166,0,0,0,0
1955,217190,2015,KOSDAQ,65,65,65,0,0,0,0
1955,217190,2016,KOSDAQ,246,246,246,0,0,0,0
1955,217190,2017,KOSDAQ,243,243,243,0,0,0,0
1955,217190,2018,KOSDAQ,244,244,244,0,0,0,0
1955,217190,2019,KOSDAQ,246,246,245,0,0,1,0
1955,217190,2020,KOSDAQ,248,248,248,0,0,0,0
1955,217190,2021,KOSDAQ,248,248,248,0,0,0,0
1955,217190,2022,KOSDAQ,246,246,246,0,0,0,0
1955,217190,2023,KOSDAQ,245,245,245,0,0,0,0
1955,217190,2024,KOSDAQ,244,244,244,0,0,0,0
1955,217190,2025,KOSDAQ,242,242,242,0,0,0,0
1955,217190,2026,KOSDAQ,166,166,166,0,0,0,0
1956,217270,2015,KOSDAQ,135,135,135,0,0,0,0
1956,217270,2016,KOSDAQ,246,246,246,0,0,0,0
1956,217270,2017,KOSDAQ,243,243,243,0,0,0,0
1956,217270,2018,KOSDAQ,244,244,244,0,0,0,0
1956,217270,2019,KOSDAQ,246,246,246,0,0,0,0
1956,217270,2020,KOSDAQ,248,248,248,0,0,0,0
1956,217270,2021,KOSDAQ,248,248,248,0,0,0,0
1956,217270,2022,KOSDAQ,246,246,246,0,0,0,0
1956,217270,2023,KOSDAQ,245,245,245,0,0,0,0
1956,217270,2024,KOSDAQ,244,244,244,0,0,0,0
1956,217270,2025,KOSDAQ,242,242,242,0,0,0,0
1956,217270,2026,KOSDAQ,166,166,166,0,0,0,0
1957,217330,2018,KOSDAQ,26,26,26,0,0,0,0
1957,217330,2019,KOSDAQ,246,246,246,0,0,0,0
1957,217330,2020,KOSDAQ,248,248,248,0,0,0,0
1957,217330,2021,KOSDAQ,248,248,248,0,0,0,0
1957,217330,2022,KOSDAQ,246,246,246,0,0,0,0
1957,217330,2023,KOSDAQ,245,245,245,0,0,0,0
1957,217330,2024,KOSDAQ,244,244,244,0,0,0,0
1957,217330,2025,KOSDAQ,242,242,242,0,0,0,0
1957,217330,2026,KOSDAQ,166,166,166,0,0,0,0
1958,217480,2017,KOSDAQ,203,203,203,0,0,0,0
1958,217480,2018,KOSDAQ,244,244,244,0,0,0,0
1958,217480,2019,KOSDAQ,246,246,246,0,0,0,0
1958,217480,2020,KOSDAQ,248,248,248,0,0,0,0
1958,217480,2021,KOSDAQ,248,248,248,0,0,0,0
1958,217480,2022,KOSDAQ,246,246,246,0,0,0,0
1958,217480,2023,KOSDAQ,245,245,245,0,0,0,0
1958,217480,2024,KOSDAQ,244,244,244,0,0,0,0
1958,217480,2025,KOSDAQ,242,242,242,0,0,0,0
1958,217480,2026,KOSDAQ,166,166,166,0,0,0,0
1959,217500,2015,KOSDAQ,137,137,137,0,0,0,0
1959,217500,2016,KOSDAQ,246,246,246,0,0,0,0
1959,217500,2017,KOSDAQ,243,243,243,0,0,0,0
1959,217500,2018,KOSDAQ,244,244,244,0,0,0,0
1959,217500,2019,KOSDAQ,246,246,246,0,0,0,0
1959,217500,2020,KOSDAQ,248,248,248,0,0,0,0
1959,217500,2021,KOSDAQ,248,248,248,0,0,0,0
1959,217500,2022,KOSDAQ,246,246,246,0,0,0,0
1959,217500,2023,KOSDAQ,245,245,245,0,0,0,0
1959,217500,2024,KOSDAQ,244,244,244,0,0,0,0
1959,217500,2025,KOSDAQ,242,242,242,0,0,0,0
1959,217500,2026,KOSDAQ,166,166,166,0,0,0,0
1960,217590,2025,KOSPI,11,11,11,0,0,0,0
1960,217590,2026,KOSPI,166,166,166,0,0,0,0
1961,217730,2015,KOSDAQ,7,7,7,0,0,0,0
1961,217730,2016,KOSDAQ,246,246,246,0,0,0,0
1961,217730,2017,KOSDAQ,243,243,243,0,0,0,0
1961,217730,2018,KOSDAQ,244,244,244,0,0,0,0
1961,217730,2019,KOSDAQ,246,246,246,0,0,0,0
1961,217730,2020,KOSDAQ,248,248,248,0,0,0,0
1961,217730,2021,KOSDAQ,248,248,248,0,0,0,0
1961,217730,2022,KOSDAQ,246,246,246,0,0,0,0
1961,217730,2023,KOSDAQ,245,245,245,0,0,0,0
1961,217730,2024,KOSDAQ,244,244,244,0,0,0,0
1961,217730,2025,KOSDAQ,242,242,242,0,0,0,0
1961,217730,2026,KOSDAQ,166,166,166,0,0,0,0
1962,217820,2015,KOSDAQ,17,17,17,0,0,0,0
1962,217820,2016,KOSDAQ,246,246,246,0,0,0,0
1962,217820,2017,KOSDAQ,243,243,243,0,0,0,0
1962,217820,2018,KOSDAQ,244,244,244,0,0,0,0
1962,217820,2019,KOSDAQ,246,246,245,0,0,1,0
1962,217820,2020,KOSDAQ,248,248,248,0,0,0,0
1962,217820,2021,KOSDAQ,248,248,248,0,0,0,0
1962,217820,2022,KOSDAQ,246,246,246,0,0,0,0
1962,217820,2023,KOSDAQ,245,245,245,0,0,0,0
1962,217820,2024,KOSDAQ,244,244,244,0,0,0,0
1962,217820,2025,KOSDAQ,242,242,242,0,0,0,0
1962,217820,2026,KOSDAQ,166,166,166,0,0,0,0
1963,218150,2015,KOSDAQ,135,135,135,0,0,0,0
1963,218150,2016,KOSDAQ,246,246,246,0,0,0,0
1963,218150,2017,KOSDAQ,243,243,243,0,0,0,0
1963,218150,2018,KOSDAQ,244,244,244,0,0,0,0
1963,218150,2019,KOSDAQ,246,246,246,0,0,0,0
1963,218150,2020,KOSDAQ,248,248,248,0,0,0,0
1963,218150,2021,KOSDAQ,248,248,248,0,0,0,0
1963,218150,2022,KOSDAQ,246,246,246,0,0,0,0
1963,218150,2023,KOSDAQ,245,245,245,0,0,0,0
1963,218150,2024,KOSDAQ,244,244,244,0,0,0,0
1963,218150,2025,KOSDAQ,242,242,242,0,0,0,0
1963,218150,2026,KOSDAQ,166,166,166,0,0,0,0
1964,218410,2015,KOSDAQ,127,127,127,0,0,0,0
1964,218410,2016,KOSDAQ,246,246,246,0,0,0,0
1964,218410,2017,KOSDAQ,243,243,243,0,0,0,0
1964,218410,2018,KOSDAQ,244,244,244,0,0,0,0
1964,218410,2019,KOSDAQ,246,246,246,0,0,0,0
1964,218410,2020,KOSDAQ,248,248,248,0,0,0,0
1964,218410,2021,KOSDAQ,248,248,248,0,0,0,0
1964,218410,2022,KOSDAQ,246,246,246,0,0,0,0
1964,218410,2023,KOSDAQ,245,245,245,0,0,0,0
1964,218410,2024,KOSDAQ,244,244,244,0,0,0,0
1964,218410,2025,KOSDAQ,242,242,242,0,0,0,0
1964,218410,2026,KOSDAQ,166,166,166,0,0,0,0
1965,219130,2015,KOSDAQ,65,65,65,0,0,0,0
1965,219130,2016,KOSDAQ,246,246,246,0,0,0,0
1965,219130,2017,KOSDAQ,243,243,243,0,0,0,0
1965,219130,2018,KOSDAQ,244,244,244,0,0,0,0
1965,219130,2019,KOSDAQ,246,246,246,0,0,0,0
1965,219130,2020,KOSDAQ,248,248,248,0,0,0,0
1965,219130,2021,KOSDAQ,248,248,248,0,0,0,0
1965,219130,2022,KOSDAQ,246,246,246,0,0,0,0
1965,219130,2023,KOSDAQ,245,245,245,0,0,0,0
1965,219130,2024,KOSDAQ,244,244,244,0,0,0,0
1965,219130,2025,KOSDAQ,242,242,242,0,0,0,0
1965,219130,2026,KOSDAQ,166,166,166,0,0,0,0
1966,219420,2018,KOSDAQ,220,220,220,0,0,0,0
1966,219420,2019,KOSDAQ,246,246,246,0,0,0,0
1966,219420,2020,KOSDAQ,248,248,248,0,0,0,0
1966,219420,2021,KOSDAQ,248,248,248,0,0,0,0
1966,219420,2022,KOSDAQ,246,246,246,0,0,0,0
1966,219420,2023,KOSDAQ,245,245,245,0,0,0,0
1966,219420,2024,KOSDAQ,244,244,244,0,0,0,0
1966,219420,2025,KOSDAQ,242,242,242,0,0,0,0
1966,219420,2026,KOSDAQ,166,166,166,0,0,0,0
1967,219550,2015,KOSDAQ,111,111,111,0,0,0,0
1967,219550,2016,KOSDAQ,246,246,246,0,0,0,0
1967,219550,2017,KOSDAQ,243,243,243,0,0,0,0
1967,219550,2018,KOSDAQ,244,244,244,0,0,0,0
1967,219550,2019,KOSDAQ,246,246,246,0,0,0,0
1967,219550,2020,KOSDAQ,248,248,247,0,0,1,0
1967,219550,2021,KOSDAQ,248,248,248,0,0,0,0
1967,219550,2022,KOSDAQ,246,246,246,0,0,0,0
1967,219550,2023,KOSDAQ,245,245,245,0,0,0,0
1967,219550,2024,KOSDAQ,244,244,244,0,0,0,0
1967,219550,2025,KOSDAQ,242,242,242,0,0,0,0
1967,219550,2026,KOSDAQ,166,166,166,0,0,0,0
1968,219750,2018,KOSDAQ,65,65,65,0,0,0,0
1968,219750,2019,KOSDAQ,246,246,246,0,0,0,0
1968,219750,2020,KOSDAQ,248,248,248,0,0,0,0
1968,219750,2021,KOSDAQ,248,248,248,0,0,0,0
1968,219750,2022,KOSDAQ,246,246,245,0,0,1,0
1968,219750,2023,KOSDAQ,245,245,245,0,0,0,0
1968,219750,2024,KOSDAQ,244,244,244,0,0,0,0
1968,219750,2025,KOSDAQ,242,242,242,0,0,0,0
1968,219750,2026,KOSDAQ,166,166,166,0,0,0,0
1969,220100,2016,KOSDAQ,21,21,21,0,0,0,0
1969,220100,2017,KOSDAQ,243,243,243,0,0,0,0
1969,220100,2018,KOSDAQ,244,244,244,0,0,0,0
1969,220100,2019,KOSDAQ,246,246,246,0,0,0,0
1969,220100,2020,KOSDAQ,248,248,248,0,0,0,0
1969,220100,2021,KOSDAQ,248,248,248,0,0,0,0
1969,220100,2022,KOSDAQ,246,246,246,0,0,0,0
1969,220100,2023,KOSDAQ,245,245,245,0,0,0,0
1969,220100,2024,KOSDAQ,244,244,244,0,0,0,0
1969,220100,2025,KOSDAQ,242,242,242,0,0,0,0
1969,220100,2026,KOSDAQ,166,166,166,0,0,0,0
1970,220180,2016,KOSDAQ,26,26,26,0,0,0,0
1970,220180,2017,KOSDAQ,243,243,243,0,0,0,0
1970,220180,2018,KOSDAQ,244,244,244,0,0,0,0
1970,220180,2019,KOSDAQ,246,246,246,0,0,0,0
1970,220180,2020,KOSDAQ,248,248,248,0,0,0,0
1970,220180,2021,KOSDAQ,248,248,248,0,0,0,0
1970,220180,2022,KOSDAQ,246,246,246,0,0,0,0
1970,220180,2023,KOSDAQ,245,245,245,0,0,0,0
1970,220180,2024,KOSDAQ,244,244,244,0,0,0,0
1970,220180,2025,KOSDAQ,242,242,242,0,0,0,0
1970,220180,2026,KOSDAQ,166,166,166,0,0,0,0
1971,220260,2015,KOSDAQ,108,108,108,0,0,0,0
1971,220260,2016,KOSDAQ,246,246,245,0,0,1,0
1971,220260,2017,KOSDAQ,243,243,243,0,0,0,0
1971,220260,2018,KOSDAQ,244,244,244,0,0,0,0
1971,220260,2019,KOSDAQ,246,246,246,0,0,0,0
1971,220260,2020,KOSDAQ,248,248,248,0,0,0,0
1971,220260,2021,KOSDAQ,248,248,248,0,0,0,0
1971,220260,2022,KOSDAQ,246,246,246,0,0,0,0
1971,220260,2023,KOSDAQ,245,245,245,0,0,0,0
1971,220260,2024,KOSDAQ,244,244,244,0,0,0,0
1971,220260,2025,KOSDAQ,242,242,242,0,0,0,0
1971,220260,2026,KOSDAQ,166,166,166,0,0,0,0
1972,221800,2023,KOSDAQ,40,40,40,0,0,0,0
1972,221800,2024,KOSDAQ,244,244,244,0,0,0,0
1972,221800,2025,KOSDAQ,242,242,242,0,0,0,0
1972,221800,2026,KOSDAQ,166,166,166,0,0,0,0
1973,221840,2015,KOSDAQ,25,25,25,0,0,0,0
1973,221840,2016,KOSDAQ,246,246,246,0,0,0,0
1973,221840,2017,KOSDAQ,243,243,243,0,0,0,0
1973,221840,2018,KOSDAQ,244,244,244,0,0,0,0
1973,221840,2019,KOSDAQ,246,246,246,0,0,0,0
1973,221840,2020,KOSDAQ,248,248,248,0,0,0,0
1973,221840,2021,KOSDAQ,248,248,248,0,0,0,0
1973,221840,2022,KOSDAQ,246,246,246,0,0,0,0
1973,221840,2023,KOSDAQ,245,245,245,0,0,0,0
1973,221840,2024,KOSDAQ,244,244,244,0,0,0,0
1973,221840,2025,KOSDAQ,242,242,242,0,0,0,0
1973,221840,2026,KOSDAQ,166,166,166,0,0,0,0
1974,221980,2015,KOSDAQ,29,29,29,0,0,0,0
1974,221980,2016,KOSDAQ,246,246,246,0,0,0,0
1974,221980,2017,KOSDAQ,243,243,243,0,0,0,0
1974,221980,2018,KOSDAQ,244,244,244,0,0,0,0
1974,221980,2019,KOSDAQ,246,246,246,0,0,0,0
1974,221980,2020,KOSDAQ,248,248,248,0,0,0,0
1974,221980,2021,KOSDAQ,248,248,248,0,0,0,0
1974,221980,2022,KOSDAQ,246,246,246,0,0,0,0
1974,221980,2023,KOSDAQ,245,245,245,0,0,0,0
1974,221980,2024,KOSDAQ,244,244,244,0,0,0,0
1974,221980,2025,KOSDAQ,242,242,242,0,0,0,0
1974,221980,2026,KOSDAQ,166,166,166,0,0,0,0
1975,222040,2015,KOSDAQ,10,10,10,0,0,0,0
1975,222040,2016,KOSDAQ,246,246,246,0,0,0,0
1975,222040,2017,KOSDAQ,243,243,243,0,0,0,0
1975,222040,2018,KOSDAQ,244,244,244,0,0,0,0
1975,222040,2019,KOSDAQ,246,246,246,0,0,0,0
1975,222040,2020,KOSDAQ,248,248,248,0,0,0,0
1975,222040,2021,KOSDAQ,248,248,248,0,0,0,0
1975,222040,2022,KOSDAQ,246,246,246,0,0,0,0
1975,222040,2023,KOSDAQ,245,245,245,0,0,0,0
1975,222040,2024,KOSDAQ,244,244,244,0,0,0,0
1975,222040,2025,KOSDAQ,242,242,242,0,0,0,0
1975,222040,2026,KOSDAQ,166,166,166,0,0,0,0
1976,222080,2015,KOSDAQ,82,82,82,0,0,0,0
1976,222080,2016,KOSDAQ,246,246,246,0,0,0,0
1976,222080,2017,KOSDAQ,243,243,243,0,0,0,0
1976,222080,2018,KOSDAQ,244,244,244,0,0,0,0
1976,222080,2019,KOSDAQ,246,246,246,0,0,0,0
1976,222080,2020,KOSDAQ,248,248,248,0,0,0,0
1976,222080,2021,KOSDAQ,248,248,248,0,0,0,0
1976,222080,2022,KOSDAQ,246,246,246,0,0,0,0
1976,222080,2023,KOSDAQ,245,245,245,0,0,0,0
1976,222080,2024,KOSDAQ,244,244,244,0,0,0,0
1976,222080,2025,KOSDAQ,242,242,242,0,0,0,0
1976,222080,2026,KOSDAQ,166,166,166,0,0,0,0
1977,222110,2016,KOSDAQ,201,201,201,0,0,0,0
1977,222110,2017,KOSDAQ,243,243,243,0,0,0,0
1977,222110,2018,KOSDAQ,244,244,244,0,0,0,0
1977,222110,2019,KOSDAQ,246,246,246,0,0,0,0
1977,222110,2020,KOSDAQ,248,248,248,0,0,0,0
1977,222110,2021,KOSDAQ,248,248,248,0,0,0,0
1977,222110,2022,KOSDAQ,246,246,246,0,0,0,0
1977,222110,2023,KOSDAQ,245,245,245,0,0,0,0
1977,222110,2024,KOSDAQ,244,244,244,0,0,0,0
1977,222110,2025,KOSDAQ,242,242,242,0,0,0,0
1977,222110,2026,KOSDAQ,166,166,166,0,0,0,0
1978,222420,2015,KOSDAQ,100,100,100,0,0,0,0
1978,222420,2016,KOSDAQ,246,246,246,0,0,0,0
1978,222420,2017,KOSDAQ,243,243,243,0,0,0,0
1978,222420,2018,KOSDAQ,244,244,244,0,0,0,0
1978,222420,2019,KOSDAQ,246,246,246,0,0,0,0
1978,222420,2020,KOSDAQ,248,248,248,0,0,0,0
1978,222420,2021,KOSDAQ,248,248,248,0,0,0,0
1978,222420,2022,KOSDAQ,246,246,246,0,0,0,0
1978,222420,2023,KOSDAQ,245,245,245,0,0,0,0
1978,222420,2024,KOSDAQ,244,244,244,0,0,0,0
1978,222420,2025,KOSDAQ,242,242,242,0,0,0,0
1978,222420,2026,KOSDAQ,166,166,166,0,0,0,0
1979,222800,2015,KOSDAQ,99,99,99,0,0,0,0
1979,222800,2016,KOSDAQ,246,246,246,0,0,0,0
1979,222800,2017,KOSDAQ,243,243,243,0,0,0,0
1979,222800,2018,KOSDAQ,244,244,244,0,0,0,0
1979,222800,2019,KOSDAQ,246,246,246,0,0,0,0
1979,222800,2020,KOSDAQ,248,248,248,0,0,0,0
1979,222800,2021,KOSDAQ,248,248,248,0,0,0,0
1979,222800,2022,KOSDAQ,246,246,246,0,0,0,0
1979,222800,2023,KOSDAQ,245,245,245,0,0,0,0
1979,222800,2024,KOSDAQ,244,244,244,0,0,0,0
1979,222800,2025,KOSDAQ,242,242,242,0,0,0,0
1979,222800,2026,KOSDAQ,166,166,166,0,0,0,0
1980,222980,2015,KOSDAQ,5,5,5,0,0,0,0
1980,222980,2016,KOSDAQ,246,246,246,0,0,0,0
1980,222980,2017,KOSDAQ,243,243,243,0,0,0,0
1980,222980,2018,KOSDAQ,244,244,244,0,0,0,0
1980,222980,2019,KOSDAQ,246,246,246,0,0,0,0
1980,222980,2020,KOSDAQ,248,248,248,0,0,0,0
1980,222980,2021,KOSDAQ,248,248,248,0,0,0,0
1980,222980,2022,KOSDAQ,246,246,246,0,0,0,0
1980,222980,2023,KOSDAQ,245,245,245,0,0,0,0
1980,222980,2024,KOSDAQ,244,244,244,0,0,0,0
1980,222980,2025,KOSDAQ,242,242,242,0,0,0,0
1980,222980,2026,KOSDAQ,166,166,166,0,0,0,0
1981,223250,2020,KOSDAQ,153,153,153,0,0,0,0
1981,223250,2021,KOSDAQ,248,248,248,0,0,0,0
1981,223250,2022,KOSDAQ,246,246,246,0,0,0,0
1981,223250,2023,KOSDAQ,245,245,244,0,0,1,0
1981,223250,2024,KOSDAQ,244,244,244,0,0,0,0
1981,223250,2025,KOSDAQ,242,242,242,0,0,0,0
1981,223250,2026,KOSDAQ,166,166,166,0,0,0,0
1982,223310,2015,KOSDAQ,4,4,4,0,0,0,0
1982,223310,2016,KOSDAQ,246,246,246,0,0,0,0
1982,223310,2017,KOSDAQ,243,243,242,0,0,1,0
1982,223310,2018,KOSDAQ,244,244,243,0,0,1,0
1982,223310,2019,KOSDAQ,246,246,246,0,0,0,0
1982,223310,2020,KOSDAQ,248,248,248,0,0,0,0
1982,223310,2021,KOSDAQ,248,248,248,0,0,0,0
1982,223310,2022,KOSDAQ,246,246,246,0,0,0,0
1982,223310,2023,KOSDAQ,245,245,245,0,0,0,0
1982,223310,2024,KOSDAQ,244,244,244,0,0,0,0
1982,223310,2025,KOSDAQ,242,242,242,0,0,0,0
1982,223310,2026,KOSDAQ,166,166,166,0,0,0,0
1983,224060,2015,KOSDAQ,2,2,1,0,0,1,0
1983,224060,2016,KOSDAQ,246,246,246,0,0,0,0
1983,224060,2017,KOSDAQ,243,243,243,0,0,0,0
1983,224060,2018,KOSDAQ,244,244,244,0,0,0,0
1983,224060,2019,KOSDAQ,246,246,246,0,0,0,0
1983,224060,2020,KOSDAQ,248,248,248,0,0,0,0
1983,224060,2021,KOSDAQ,248,248,248,0,0,0,0
1983,224060,2022,KOSDAQ,246,246,246,0,0,0,0
1983,224060,2023,KOSDAQ,245,245,245,0,0,0,0
1983,224060,2024,KOSDAQ,244,244,244,0,0,0,0
1983,224060,2025,KOSDAQ,242,242,242,0,0,0,0
1983,224060,2026,KOSDAQ,166,166,166,0,0,0,0
1984,224110,2015,KOSDAQ,88,88,88,0,0,0,0
1984,224110,2016,KOSDAQ,246,246,246,0,0,0,0
1984,224110,2017,KOSDAQ,243,243,243,0,0,0,0
1984,224110,2018,KOSDAQ,244,244,244,0,0,0,0
1984,224110,2019,KOSDAQ,246,246,246,0,0,0,0
1984,224110,2020,KOSDAQ,248,248,248,0,0,0,0
1984,224110,2021,KOSDAQ,248,248,248,0,0,0,0
1984,224110,2022,KOSDAQ,246,246,246,0,0,0,0
1984,224110,2023,KOSDAQ,245,245,245,0,0,0,0
1984,224110,2024,KOSDAQ,244,244,244,0,0,0,0
1984,224110,2025,KOSDAQ,242,242,242,0,0,0,0
1984,224110,2026,KOSDAQ,166,166,166,0,0,0,0
1985,225190,2017,KOSDAQ,141,141,141,0,0,0,0
1985,225190,2018,KOSDAQ,244,244,244,0,0,0,0
1985,225190,2019,KOSDAQ,246,246,246,0,0,0,0
1985,225190,2020,KOSDAQ,248,248,248,0,0,0,0
1985,225190,2021,KOSDAQ,248,248,248,0,0,0,0
1985,225190,2022,KOSDAQ,246,246,246,0,0,0,0
1985,225190,2023,KOSDAQ,245,245,245,0,0,0,0
1985,225190,2024,KOSDAQ,244,244,244,0,0,0,0
1985,225190,2025,KOSDAQ,242,242,242,0,0,0,0
1985,225190,2026,KOSDAQ,166,166,166,0,0,0,0
1986,225220,2020,KOSDAQ,108,108,108,0,0,0,0
1986,225220,2021,KOSDAQ,248,248,248,0,0,0,0
1986,225220,2022,KOSDAQ,246,246,246,0,0,0,0
1986,225220,2023,KOSDAQ,245,245,245,0,0,0,0
1986,225220,2024,KOSDAQ,244,244,244,0,0,0,0
1986,225220,2025,KOSDAQ,242,242,242,0,0,0,0
1986,225220,2026,KOSDAQ,166,166,166,0,0,0,0
1987,225430,2015,KOSDAQ,58,58,58,0,0,0,0
1987,225430,2016,KOSDAQ,246,246,246,0,0,0,0
1987,225430,2017,KOSDAQ,243,243,243,0,0,0,0
1987,225430,2018,KOSDAQ,244,244,244,0,0,0,0
1987,225430,2019,KOSDAQ,246,246,244,0,0,2,0
1987,225430,2020,KOSDAQ,248,248,248,0,0,0,0
1987,225430,2021,KOSDAQ,248,248,248,0,0,0,0
1987,225430,2022,KOSDAQ,246,246,246,0,0,0,0
1987,225430,2023,KOSDAQ,245,245,245,0,0,0,0
1987,225430,2024,KOSDAQ,244,244,244,0,0,0,0
1987,225430,2025,KOSDAQ,242,242,242,0,0,0,0
1987,225430,2026,KOSDAQ,166,166,166,0,0,0,0
1988,225530,2015,KOSDAQ,9,9,9,0,0,0,0
1988,225530,2016,KOSDAQ,246,246,246,0,0,0,0
1988,225530,2017,KOSDAQ,243,243,243,0,0,0,0
1988,225530,2018,KOSDAQ,244,244,244,0,0,0,0
1988,225530,2019,KOSDAQ,246,246,246,0,0,0,0
1988,225530,2020,KOSDAQ,248,248,248,0,0,0,0
1988,225530,2021,KOSDAQ,248,248,248,0,0,0,0
1988,225530,2022,KOSDAQ,246,246,246,0,0,0,0
1988,225530,2023,KOSDAQ,245,245,245,0,0,0,0
1988,225530,2024,KOSDAQ,244,244,244,0,0,0,0
1988,225530,2025,KOSDAQ,242,242,242,0,0,0,0
1988,225530,2026,KOSDAQ,166,166,166,0,0,0,0
1989,225570,2015,KOSDAQ,65,65,65,0,0,0,0
1989,225570,2016,KOSDAQ,246,246,246,0,0,0,0
1989,225570,2017,KOSDAQ,243,243,243,0,0,0,0
1989,225570,2018,KOSDAQ,244,244,244,0,0,0,0
1989,225570,2019,KOSDAQ,246,246,246,0,0,0,0
1989,225570,2020,KOSDAQ,248,248,248,0,0,0,0
1989,225570,2021,KOSDAQ,248,248,248,0,0,0,0
1989,225570,2022,KOSDAQ,246,246,246,0,0,0,0
1989,225570,2023,KOSDAQ,245,245,245,0,0,0,0
1989,225570,2024,KOSDAQ,244,244,244,0,0,0,0
1989,225570,2025,KOSDAQ,242,242,242,0,0,0,0
1989,225570,2026,KOSDAQ,166,166,166,0,0,0,0
1990,225590,2015,KOSDAQ,61,61,61,0,0,0,0
1990,225590,2016,KOSDAQ,246,246,246,0,0,0,0
1990,225590,2017,KOSDAQ,243,243,243,0,0,0,0
1990,225590,2018,KOSDAQ,244,244,244,0,0,0,0
1990,225590,2019,KOSDAQ,246,246,246,0,0,0,0
1990,225590,2020,KOSDAQ,248,248,248,0,0,0,0
1990,225590,2021,KOSDAQ,248,248,248,0,0,0,0
1990,225590,2022,KOSDAQ,246,246,246,0,0,0,0
1990,225590,2023,KOSDAQ,245,245,245,0,0,0,0
1990,225590,2024,KOSDAQ,244,244,244,0,0,0,0
1990,225590,2025,KOSDAQ,242,242,242,0,0,0,0
1990,225590,2026,KOSDAQ,166,166,166,0,0,0,0
1991,226320,2015,KOSPI,3,3,3,0,0,0,0
1991,226320,2016,KOSPI,246,246,246,0,0,0,0
1991,226320,2017,KOSPI,243,243,243,0,0,0,0
1991,226320,2018,KOSPI,244,244,244,0,0,0,0
1991,226320,2019,KOSPI,246,246,246,0,0,0,0
1991,226320,2020,KOSPI,248,248,248,0,0,0,0
1991,226320,2021,KOSPI,248,248,248,0,0,0,0
1991,226320,2022,KOSPI,246,246,246,0,0,0,0
1991,226320,2023,KOSPI,245,245,245,0,0,0,0
1991,226320,2024,KOSPI,244,244,244,0,0,0,0
1991,226320,2025,KOSPI,242,242,242,0,0,0,0
1991,226320,2026,KOSPI,166,166,166,0,0,0,0
1992,226330,2019,KOSDAQ,9,9,9,0,0,0,0
1992,226330,2020,KOSDAQ,248,248,248,0,0,0,0
1992,226330,2021,KOSDAQ,248,248,248,0,0,0,0
1992,226330,2022,KOSDAQ,246,246,246,0,0,0,0
1992,226330,2023,KOSDAQ,245,245,244,0,0,1,0
1992,226330,2024,KOSDAQ,244,244,244,0,0,0,0
1992,226330,2025,KOSDAQ,242,242,242,0,0,0,0
1992,226330,2026,KOSDAQ,166,166,166,0,0,0,0
1993,226340,2015,KOSDAQ,39,39,39,0,0,0,0
1993,226340,2016,KOSDAQ,246,246,246,0,0,0,0
1993,226340,2017,KOSDAQ,243,243,243,0,0,0,0
1993,226340,2018,KOSDAQ,244,244,244,0,0,0,0
1993,226340,2019,KOSDAQ,246,246,246,0,0,0,0
1993,226340,2020,KOSDAQ,248,248,248,0,0,0,0
1993,226340,2021,KOSDAQ,248,248,248,0,0,0,0
1993,226340,2022,KOSDAQ,246,246,246,0,0,0,0
1993,226340,2023,KOSDAQ,245,245,245,0,0,0,0
1993,226340,2024,KOSDAQ,244,244,244,0,0,0,0
1993,226340,2025,KOSDAQ,242,242,242,0,0,0,0
1993,226340,2026,KOSDAQ,166,166,166,0,0,0,0
1994,226400,2018,KOSDAQ,209,209,209,0,0,0,0
1994,226400,2019,KOSDAQ,246,246,246,0,0,0,0
1994,226400,2020,KOSDAQ,248,248,247,0,0,1,0
1994,226400,2021,KOSDAQ,248,248,248,0,0,0,0
1994,226400,2022,KOSDAQ,246,246,246,0,0,0,0
1994,226400,2023,KOSDAQ,245,245,245,0,0,0,0
1994,226400,2024,KOSDAQ,244,244,244,0,0,0,0
1994,226400,2025,KOSDAQ,242,242,242,0,0,0,0
1994,226400,2026,KOSDAQ,166,166,166,0,0,0,0
1995,226590,2025,KOSDAQ,201,201,201,0,0,0,0
1995,226590,2026,KOSDAQ,166,166,166,0,0,0,0
1996,226950,2018,KOSDAQ,111,111,111,0,0,0,0
1996,226950,2019,KOSDAQ,246,246,246,0,0,0,0
1996,226950,2020,KOSDAQ,248,248,248,0,0,0,0
1996,226950,2021,KOSDAQ,248,248,248,0,0,0,0
1996,226950,2022,KOSDAQ,246,246,246,0,0,0,0
1996,226950,2023,KOSDAQ,245,245,245,0,0,0,0
1996,226950,2024,KOSDAQ,244,244,244,0,0,0,0
1996,226950,2025,KOSDAQ,242,242,242,0,0,0,0
1996,226950,2026,KOSDAQ,166,166,166,0,0,0,0
1997,227610,2017,KOSDAQ,114,114,114,0,0,0,0
1997,227610,2018,KOSDAQ,244,244,244,0,0,0,0
1997,227610,2019,KOSDAQ,246,246,246,0,0,0,0
1997,227610,2020,KOSDAQ,248,248,248,0,0,0,0
1997,227610,2021,KOSDAQ,248,248,248,0,0,0,0
1997,227610,2022,KOSDAQ,246,246,246,0,0,0,0
1997,227610,2023,KOSDAQ,245,245,245,0,0,0,0
1997,227610,2024,KOSDAQ,244,244,244,0,0,0,0
1997,227610,2025,KOSDAQ,242,242,242,0,0,0,0
1997,227610,2026,KOSDAQ,166,166,166,0,0,0,0
1998,227840,2015,KOSPI,48,48,48,0,0,0,0
1998,227840,2016,KOSPI,246,246,246,0,0,0,0
1998,227840,2017,KOSPI,243,243,243,0,0,0,0
1998,227840,2018,KOSPI,244,244,244,0,0,0,0
1998,227840,2019,KOSPI,246,246,246,0,0,0,0
1998,227840,2020,KOSPI,248,248,248,0,0,0,0
1998,227840,2021,KOSPI,248,248,248,0,0,0,0
1998,227840,2022,KOSPI,246,246,246,0,0,0,0
1998,227840,2023,KOSPI,245,245,245,0,0,0,0
1998,227840,2024,KOSPI,244,244,244,0,0,0,0
1998,227840,2025,KOSPI,242,242,242,0,0,0,0
1998,227840,2026,KOSPI,166,166,166,0,0,0,0
1999,227950,2015,KOSDAQ,30,30,30,0,0,0,0
1999,227950,2016,KOSDAQ,246,246,246,0,0,0,0
1999,227950,2017,KOSDAQ,243,243,243,0,0,0,0
1999,227950,2018,KOSDAQ,244,244,244,0,0,0,0
1999,227950,2019,KOSDAQ,246,246,246,0,0,0,0
1999,227950,2020,KOSDAQ,248,248,248,0,0,0,0
1999,227950,2021,KOSDAQ,248,248,248,0,0,0,0
1999,227950,2022,KOSDAQ,246,246,246,0,0,0,0
1999,227950,2023,KOSDAQ,245,245,245,0,0,0,0
1999,227950,2024,KOSDAQ,244,244,244,0,0,0,0
1999,227950,2025,KOSDAQ,242,242,242,0,0,0,0
1999,227950,2026,KOSDAQ,166,166,166,0,0,0,0
2000,228340,2016,KOSDAQ,183,183,183,0,0,0,0
2000,228340,2017,KOSDAQ,243,243,243,0,0,0,0
2000,228340,2018,KOSDAQ,244,244,244,0,0,0,0
2000,228340,2019,KOSDAQ,246,246,246,0,0,0,0
2000,228340,2020,KOSDAQ,248,248,248,0,0,0,0
2000,228340,2021,KOSDAQ,248,248,248,0,0,0,0
2000,228340,2022,KOSDAQ,246,246,246,0,0,0,0
2000,228340,2023,KOSDAQ,245,245,245,0,0,0,0
2000,228340,2024,KOSDAQ,244,244,244,0,0,0,0
2000,228340,2025,KOSDAQ,242,242,242,0,0,0,0
2000,228340,2026,KOSDAQ,166,166,166,0,0,0,0
2001,228670,2019,KOSDAQ,97,97,97,0,0,0,0
2001,228670,2020,KOSDAQ,248,248,248,0,0,0,0
2001,228670,2021,KOSDAQ,248,248,248,0,0,0,0
2001,228670,2022,KOSDAQ,246,246,246,0,0,0,0
2001,228670,2023,KOSDAQ,245,245,245,0,0,0,0
2001,228670,2024,KOSDAQ,244,244,244,0,0,0,0
2001,228670,2025,KOSDAQ,242,242,242,0,0,0,0
2001,228670,2026,KOSDAQ,166,166,166,0,0,0,0
2002,228760,2019,KOSDAQ,190,190,190,0,0,0,0
2002,228760,2020,KOSDAQ,248,248,248,0,0,0,0
2002,228760,2021,KOSDAQ,248,248,248,0,0,0,0
2002,228760,2022,KOSDAQ,246,246,246,0,0,0,0
2002,228760,2023,KOSDAQ,245,245,245,0,0,0,0
2002,228760,2024,KOSDAQ,244,244,244,0,0,0,0
2002,228760,2025,KOSDAQ,242,242,242,0,0,0,0
2002,228760,2026,KOSDAQ,166,166,166,0,0,0,0
2003,228850,2016,KOSDAQ,180,180,180,0,0,0,0
2003,228850,2017,KOSDAQ,243,243,243,0,0,0,0
2003,228850,2018,KOSDAQ,244,244,244,0,0,0,0
2003,228850,2019,KOSDAQ,246,246,246,0,0,0,0
2003,228850,2020,KOSDAQ,248,248,248,0,0,0,0
2003,228850,2021,KOSDAQ,248,248,248,0,0,0,0
2003,228850,2022,KOSDAQ,246,246,246,0,0,0,0
2003,228850,2023,KOSDAQ,245,245,245,0,0,0,0
2003,228850,2024,KOSDAQ,244,244,244,0,0,0,0
2003,228850,2025,KOSDAQ,242,242,242,0,0,0,0
2003,228850,2026,KOSDAQ,166,166,166,0,0,0,0
2004,229000,2020,KOSDAQ,129,129,129,0,0,0,0
2004,229000,2021,KOSDAQ,248,248,248,0,0,0,0
2004,229000,2022,KOSDAQ,246,246,246,0,0,0,0
2004,229000,2023,KOSDAQ,245,245,245,0,0,0,0
2004,229000,2024,KOSDAQ,244,244,244,0,0,0,0
2004,229000,2025,KOSDAQ,242,242,242,0,0,0,0
2004,229000,2026,KOSDAQ,166,166,166,0,0,0,0
2005,229640,2016,KOSPI,70,70,70,0,0,0,0
2005,229640,2017,KOSPI,243,243,243,0,0,0,0
2005,229640,2018,KOSPI,244,244,244,0,0,0,0
2005,229640,2019,KOSPI,246,246,246,0,0,0,0
2005,229640,2020,KOSPI,248,248,248,0,0,0,0
2005,229640,2021,KOSPI,248,248,248,0,0,0,0
2005,229640,2022,KOSPI,246,246,246,0,0,0,0
2005,229640,2023,KOSPI,245,245,245,0,0,0,0
2005,229640,2024,KOSPI,244,244,244,0,0,0,0
2005,229640,2025,KOSPI,242,242,242,0,0,0,0
2005,229640,2026,KOSPI,166,166,166,0,0,0,0
2006,230240,2015,KOSDAQ,10,10,10,0,0,0,0
2006,230240,2016,KOSDAQ,246,246,246,0,0,0,0
2006,230240,2017,KOSDAQ,243,243,243,0,0,0,0
2006,230240,2018,KOSDAQ,244,244,244,0,0,0,0
2006,230240,2019,KOSDAQ,246,246,246,0,0,0,0
2006,230240,2020,KOSDAQ,248,248,248,0,0,0,0
2006,230240,2021,KOSDAQ,248,248,248,0,0,0,0
2006,230240,2022,KOSDAQ,246,246,246,0,0,0,0
2006,230240,2023,KOSDAQ,245,245,245,0,0,0,0
2006,230240,2024,KOSDAQ,244,244,244,0,0,0,0
2006,230240,2025,KOSDAQ,242,242,242,0,0,0,0
2006,230240,2026,KOSDAQ,166,166,166,0,0,0,0
2007,232140,2015,KOSDAQ,4,4,4,0,0,0,0
2007,232140,2016,KOSDAQ,246,246,246,0,0,0,0
2007,232140,2017,KOSDAQ,243,243,243,0,0,0,0
2007,232140,2018,KOSDAQ,244,244,244,0,0,0,0
2007,232140,2019,KOSDAQ,246,246,246,0,0,0,0
2007,232140,2020,KOSDAQ,248,248,248,0,0,0,0
2007,232140,2021,KOSDAQ,248,248,248,0,0,0,0
2007,232140,2022,KOSDAQ,246,246,246,0,0,0,0
2007,232140,2023,KOSDAQ,245,245,245,0,0,0,0
2007,232140,2024,KOSDAQ,244,244,244,0,0,0,0
2007,232140,2025,KOSDAQ,242,242,242,0,0,0,0
2007,232140,2026,KOSDAQ,166,166,166,0,0,0,0
2008,232680,2021,KOSDAQ,135,135,135,0,0,0,0
2008,232680,2022,KOSDAQ,246,246,246,0,0,0,0
2008,232680,2023,KOSDAQ,245,245,245,0,0,0,0
2008,232680,2024,KOSDAQ,244,244,244,0,0,0,0
2008,232680,2025,KOSDAQ,242,242,242,0,0,0,0
2008,232680,2026,KOSDAQ,166,166,166,0,0,0,0
2009,232830,2023,KOSDAQ,124,124,124,0,0,0,0
2009,232830,2024,KOSDAQ,244,244,244,0,0,0,0
2009,232830,2025,KOSDAQ,242,242,242,0,0,0,0
2009,232830,2026,KOSDAQ,166,166,166,0,0,0,0
2010,234030,2025,KOSDAQ,120,120,120,0,0,0,0
2010,234030,2026,KOSDAQ,166,166,166,0,0,0,0
2011,234080,2016,KOSPI,46,46,46,0,0,0,0
2011,234080,2017,KOSPI,243,243,243,0,0,0,0
2011,234080,2018,KOSPI,244,244,244,0,0,0,0
2011,234080,2019,KOSPI,246,246,246,0,0,0,0
2011,234080,2020,KOSPI,248,248,248,0,0,0,0
2011,234080,2021,KOSPI,248,248,248,0,0,0,0
2011,234080,2022,KOSPI,246,246,246,0,0,0,0
2011,234080,2023,KOSPI,245,245,245,0,0,0,0
2011,234080,2024,KOSPI,244,244,244,0,0,0,0
2011,234080,2025,KOSPI,242,242,242,0,0,0,0
2011,234080,2026,KOSPI,166,166,166,0,0,0,0
2012,234100,2017,KOSDAQ,49,49,49,0,0,0,0
2012,234100,2018,KOSDAQ,244,244,244,0,0,0,0
2012,234100,2019,KOSDAQ,246,246,246,0,0,0,0
2012,234100,2020,KOSDAQ,248,248,248,0,0,0,0
2012,234100,2021,KOSDAQ,248,248,248,0,0,0,0
2012,234100,2022,KOSDAQ,246,246,246,0,0,0,0
2012,234100,2023,KOSDAQ,245,245,245,0,0,0,0
2012,234100,2024,KOSDAQ,244,244,244,0,0,0,0
2012,234100,2025,KOSDAQ,242,242,242,0,0,0,0
2012,234100,2026,KOSDAQ,166,166,166,0,0,0,0
2013,234300,2017,KOSDAQ,17,17,17,0,0,0,0
2013,234300,2018,KOSDAQ,244,244,244,0,0,0,0
2013,234300,2019,KOSDAQ,246,246,246,0,0,0,0
2013,234300,2020,KOSDAQ,248,248,248,0,0,0,0
2013,234300,2021,KOSDAQ,248,248,248,0,0,0,0
2013,234300,2022,KOSDAQ,246,246,246,0,0,0,0
2013,234300,2023,KOSDAQ,245,245,245,0,0,0,0
2013,234300,2024,KOSDAQ,244,244,244,0,0,0,0
2013,234300,2025,KOSDAQ,242,242,242,0,0,0,0
2013,234300,2026,KOSDAQ,166,166,166,0,0,0,0
2014,234340,2019,KOSDAQ,116,116,116,0,0,0,0
2014,234340,2020,KOSDAQ,248,248,248,0,0,0,0
2014,234340,2021,KOSDAQ,248,248,248,0,0,0,0
2014,234340,2022,KOSDAQ,246,246,246,0,0,0,0
2014,234340,2023,KOSDAQ,245,245,245,0,0,0,0
2014,234340,2024,KOSDAQ,244,244,244,0,0,0,0
2014,234340,2025,KOSDAQ,242,242,242,0,0,0,0
2014,234340,2026,KOSDAQ,166,166,166,0,0,0,0
2015,234690,2019,KOSDAQ,55,55,55,0,0,0,0
2015,234690,2020,KOSDAQ,248,248,248,0,0,0,0
2015,234690,2021,KOSDAQ,248,248,248,0,0,0,0
2015,234690,2022,KOSDAQ,246,246,246,0,0,0,0
2015,234690,2023,KOSDAQ,245,245,245,0,0,0,0
2015,234690,2024,KOSDAQ,244,244,244,0,0,0,0
2015,234690,2025,KOSDAQ,242,242,242,0,0,0,0
2015,234690,2026,KOSDAQ,166,166,166,0,0,0,0
2016,234920,2016,KOSDAQ,79,79,79,0,0,0,0
2016,234920,2017,KOSDAQ,243,243,243,0,0,0,0
2016,234920,2018,KOSDAQ,244,244,244,0,0,0,0
2016,234920,2019,KOSDAQ,246,246,246,0,0,0,0
2016,234920,2020,KOSDAQ,248,248,248,0,0,0,0
2016,234920,2021,KOSDAQ,248,248,248,0,0,0,0
2016,234920,2022,KOSDAQ,246,246,246,0,0,0,0
2016,234920,2023,KOSDAQ,245,245,245,0,0,0,0
2016,234920,2024,KOSDAQ,244,244,244,0,0,0,0
2016,234920,2025,KOSDAQ,242,242,242,0,0,0,0
2016,234920,2026,KOSDAQ,166,166,166,0,0,0,0
2017,235980,2019,KOSDAQ,7,7,7,0,0,0,0
2017,235980,2020,KOSDAQ,248,248,248,0,0,0,0
2017,235980,2021,KOSDAQ,248,248,248,0,0,0,0
2017,235980,2022,KOSDAQ,246,246,246,0,0,0,0
2017,235980,2023,KOSDAQ,245,245,245,0,0,0,0
2017,235980,2024,KOSDAQ,244,244,244,0,0,0,0
2017,235980,2025,KOSDAQ,242,242,242,0,0,0,0
2017,235980,2026,KOSDAQ,166,166,166,0,0,0,0
2018,236200,2016,KOSDAQ,222,222,222,0,0,0,0
2018,236200,2017,KOSDAQ,243,243,243,0,0,0,0
2018,236200,2018,KOSDAQ,244,244,244,0,0,0,0
2018,236200,2019,KOSDAQ,246,246,246,0,0,0,0
2018,236200,2020,KOSDAQ,248,248,248,0,0,0,0
2018,236200,2021,KOSDAQ,248,248,248,0,0,0,0
2018,236200,2022,KOSDAQ,246,246,246,0,0,0,0
2018,236200,2023,KOSDAQ,245,245,245,0,0,0,0
2018,236200,2024,KOSDAQ,244,244,244,0,0,0,0
2018,236200,2025,KOSDAQ,242,242,242,0,0,0,0
2018,236200,2026,KOSDAQ,166,166,166,0,0,0,0
2019,236810,2021,KOSDAQ,235,235,235,0,0,0,0
2019,236810,2022,KOSDAQ,246,246,246,0,0,0,0
2019,236810,2023,KOSDAQ,245,245,245,0,0,0,0
2019,236810,2024,KOSDAQ,244,244,244,0,0,0,0
2019,236810,2025,KOSDAQ,242,242,242,0,0,0,0
2019,236810,2026,KOSDAQ,166,166,166,0,0,0,0
2020,237690,2016,KOSDAQ,131,131,131,0,0,0,0
2020,237690,2017,KOSDAQ,243,243,243,0,0,0,0
2020,237690,2018,KOSDAQ,244,244,244,0,0,0,0
2020,237690,2019,KOSDAQ,246,246,246,0,0,0,0
2020,237690,2020,KOSDAQ,248,248,248,0,0,0,0
2020,237690,2021,KOSDAQ,248,248,248,0,0,0,0
2020,237690,2022,KOSDAQ,246,246,246,0,0,0,0
2020,237690,2023,KOSDAQ,245,245,245,0,0,0,0
2020,237690,2024,KOSDAQ,244,244,244,0,0,0,0
2020,237690,2025,KOSDAQ,242,242,242,0,0,0,0
2020,237690,2026,KOSDAQ,166,166,166,0,0,0,0
2021,237750,2016,KOSDAQ,124,124,124,0,0,0,0
2021,237750,2017,KOSDAQ,243,243,243,0,0,0,0
2021,237750,2018,KOSDAQ,244,244,244,0,0,0,0
2021,237750,2019,KOSDAQ,246,246,246,0,0,0,0
2021,237750,2020,KOSDAQ,248,248,248,0,0,0,0
2021,237750,2021,KOSDAQ,248,248,248,0,0,0,0
2021,237750,2022,KOSDAQ,246,246,246,0,0,0,0
2021,237750,2023,KOSDAQ,245,245,245,0,0,0,0
2021,237750,2024,KOSDAQ,244,244,244,0,0,0,0
2021,237750,2025,KOSDAQ,242,242,242,0,0,0,0
2021,237750,2026,KOSDAQ,166,166,166,0,0,0,0
2022,237820,2020,KOSDAQ,200,200,200,0,0,0,0
2022,237820,2021,KOSDAQ,248,248,248,0,0,0,0
2022,237820,2022,KOSDAQ,246,246,246,0,0,0,0
2022,237820,2023,KOSDAQ,245,245,245,0,0,0,0
2022,237820,2024,KOSDAQ,244,244,244,0,0,0,0
2022,237820,2025,KOSDAQ,242,242,242,0,0,0,0
2022,237820,2026,KOSDAQ,166,166,166,0,0,0,0
2023,237880,2016,KOSDAQ,37,37,37,0,0,0,0
2023,237880,2017,KOSDAQ,243,243,243,0,0,0,0
2023,237880,2018,KOSDAQ,244,244,244,0,0,0,0
2023,237880,2019,KOSDAQ,246,246,246,0,0,0,0
2023,237880,2020,KOSDAQ,248,248,248,0,0,0,0
2023,237880,2021,KOSDAQ,248,248,248,0,0,0,0
2023,237880,2022,KOSDAQ,246,246,246,0,0,0,0
2023,237880,2023,KOSDAQ,245,245,245,0,0,0,0
2023,237880,2024,KOSDAQ,244,244,244,0,0,0,0
2023,237880,2025,KOSDAQ,242,242,242,0,0,0,0
2023,237880,2026,KOSDAQ,166,166,166,0,0,0,0
2024,238090,2016,KOSDAQ,57,57,57,0,0,0,0
2024,238090,2017,KOSDAQ,243,243,243,0,0,0,0
2024,238090,2018,KOSDAQ,244,244,244,0,0,0,0
2024,238090,2019,KOSDAQ,246,246,246,0,0,0,0
2024,238090,2020,KOSDAQ,248,248,248,0,0,0,0
2024,238090,2021,KOSDAQ,248,248,248,0,0,0,0
2024,238090,2022,KOSDAQ,246,246,246,0,0,0,0
2024,238090,2023,KOSDAQ,245,245,245,0,0,0,0
2024,238090,2024,KOSDAQ,244,244,244,0,0,0,0
2024,238090,2025,KOSDAQ,242,242,242,0,0,0,0
2024,238090,2026,KOSDAQ,166,166,166,0,0,0,0
2025,238120,2016,KOSDAQ,41,41,41,0,0,0,0
2025,238120,2017,KOSDAQ,243,243,243,0,0,0,0
2025,238120,2018,KOSDAQ,244,244,244,0,0,0,0
2025,238120,2019,KOSDAQ,246,246,246,0,0,0,0
2025,238120,2020,KOSDAQ,248,248,248,0,0,0,0
2025,238120,2021,KOSDAQ,248,248,248,0,0,0,0
2025,238120,2022,KOSDAQ,246,246,246,0,0,0,0
2025,238120,2023,KOSDAQ,245,245,245,0,0,0,0
2025,238120,2024,KOSDAQ,244,244,244,0,0,0,0
2025,238120,2025,KOSDAQ,242,242,242,0,0,0,0
2025,238120,2026,KOSDAQ,166,166,166,0,0,0,0
2026,238200,2018,KOSDAQ,3,3,3,0,0,0,0
2026,238200,2019,KOSDAQ,246,246,246,0,0,0,0
2026,238200,2020,KOSDAQ,248,248,248,0,0,0,0
2026,238200,2021,KOSDAQ,248,248,248,0,0,0,0
2026,238200,2022,KOSDAQ,246,246,246,0,0,0,0
2026,238200,2023,KOSDAQ,245,245,245,0,0,0,0
2026,238200,2024,KOSDAQ,244,244,244,0,0,0,0
2026,238200,2025,KOSDAQ,242,242,242,0,0,0,0
2026,238200,2026,KOSDAQ,166,166,166,0,0,0,0
2027,238490,2017,KOSDAQ,108,108,108,0,0,0,0
2027,238490,2018,KOSDAQ,244,244,244,0,0,0,0
2027,238490,2019,KOSDAQ,246,246,246,0,0,0,0
2027,238490,2020,KOSDAQ,248,248,248,0,0,0,0
2027,238490,2021,KOSDAQ,248,248,248,0,0,0,0
2027,238490,2022,KOSDAQ,246,246,246,0,0,0,0
2027,238490,2023,KOSDAQ,245,245,245,0,0,0,0
2027,238490,2024,KOSDAQ,244,244,244,0,0,0,0
2027,238490,2025,KOSDAQ,242,242,242,0,0,0,0
2027,238490,2026,KOSDAQ,166,166,166,0,0,0,0
2028,239340,2016,KOSDAQ,141,141,141,0,0,0,0
2028,239340,2017,KOSDAQ,243,243,243,0,0,0,0
2028,239340,2018,KOSDAQ,244,244,244,0,0,0,0
2028,239340,2019,KOSDAQ,246,246,246,0,0,0,0
2028,239340,2020,KOSDAQ,248,248,248,0,0,0,0
2028,239340,2021,KOSDAQ,248,248,248,0,0,0,0
2028,239340,2022,KOSDAQ,246,246,246,0,0,0,0
2028,239340,2023,KOSDAQ,245,245,245,0,0,0,0
2028,239340,2024,KOSDAQ,244,244,244,0,0,0,0
2028,239340,2025,KOSDAQ,242,242,242,0,0,0,0
2028,239340,2026,KOSDAQ,166,166,166,0,0,0,0
2029,239610,2016,KOSDAQ,45,45,44,0,0,1,0
2029,239610,2017,KOSDAQ,243,243,242,0,0,1,0
2029,239610,2018,KOSDAQ,244,244,244,0,0,0,0
2029,239610,2019,KOSDAQ,246,246,246,0,0,0,0
2029,239610,2020,KOSDAQ,248,248,248,0,0,0,0
2029,239610,2021,KOSDAQ,248,248,248,0,0,0,0
2029,239610,2022,KOSDAQ,246,246,246,0,0,0,0
2029,239610,2023,KOSDAQ,245,245,245,0,0,0,0
2029,239610,2024,KOSDAQ,244,244,244,0,0,0,0
2029,239610,2025,KOSDAQ,242,242,242,0,0,0,0
2029,239610,2026,KOSDAQ,166,166,166,0,0,0,0
2030,239890,2021,KOSDAQ,219,219,219,0,0,0,0
2030,239890,2022,KOSDAQ,246,246,246,0,0,0,0
2030,239890,2023,KOSDAQ,245,245,245,0,0,0,0
2030,239890,2024,KOSDAQ,244,244,244,0,0,0,0
2030,239890,2025,KOSDAQ,242,242,242,0,0,0,0
2030,239890,2026,KOSDAQ,166,166,166,0,0,0,0
2031,240550,2025,KOSDAQ,216,216,216,0,0,0,0
2031,240550,2026,KOSDAQ,166,166,166,0,0,0,0
2032,240600,2023,KOSDAQ,40,40,40,0,0,0,0
2032,240600,2024,KOSDAQ,244,244,244,0,0,0,0
2032,240600,2025,KOSDAQ,242,242,242,0,0,0,0
2032,240600,2026,KOSDAQ,166,166,166,0,0,0,0
2033,240810,2016,KOSDAQ,166,166,166,0,0,0,0
2033,240810,2017,KOSDAQ,243,243,243,0,0,0,0
2033,240810,2018,KOSDAQ,244,244,244,0,0,0,0
2033,240810,2019,KOSDAQ,246,246,246,0,0,0,0
2033,240810,2020,KOSDAQ,248,248,248,0,0,0,0
2033,240810,2021,KOSDAQ,248,248,248,0,0,0,0
2033,240810,2022,KOSDAQ,246,246,246,0,0,0,0
2033,240810,2023,KOSDAQ,245,245,245,0,0,0,0
2033,240810,2024,KOSDAQ,244,244,244,0,0,0,0
2033,240810,2025,KOSDAQ,242,242,242,0,0,0,0
2033,240810,2026,KOSDAQ,166,166,166,0,0,0,0
2034,241520,2016,KOSDAQ,9,9,9,0,0,0,0
2034,241520,2017,KOSDAQ,243,243,243,0,0,0,0
2034,241520,2018,KOSDAQ,244,244,244,0,0,0,0
2034,241520,2019,KOSDAQ,246,246,246,0,0,0,0
2034,241520,2020,KOSDAQ,248,248,248,0,0,0,0
2034,241520,2021,KOSDAQ,248,248,248,0,0,0,0
2034,241520,2022,KOSDAQ,246,246,246,0,0,0,0
2034,241520,2023,KOSDAQ,245,245,245,0,0,0,0
2034,241520,2024,KOSDAQ,244,244,244,0,0,0,0
2034,241520,2025,KOSDAQ,242,242,242,0,0,0,0
2034,241520,2026,KOSDAQ,166,166,166,0,0,0,0
2035,241560,2016,KOSPI,30,30,30,0,0,0,0
2035,241560,2017,KOSPI,243,243,243,0,0,0,0
2035,241560,2018,KOSPI,244,244,244,0,0,0,0
2035,241560,2019,KOSPI,246,246,246,0,0,0,0
2035,241560,2020,KOSPI,248,248,248,0,0,0,0
2035,241560,2021,KOSPI,248,248,248,0,0,0,0
2035,241560,2022,KOSPI,246,246,246,0,0,0,0
2035,241560,2023,KOSPI,245,245,245,0,0,0,0
2035,241560,2024,KOSPI,244,244,244,0,0,0,0
2035,241560,2025,KOSPI,242,242,242,0,0,0,0
2035,241560,2026,KOSPI,166,166,166,0,0,0,0
2036,241590,2016,KOSPI,63,63,63,0,0,0,0
2036,241590,2017,KOSPI,243,243,243,0,0,0,0
2036,241590,2018,KOSPI,244,244,244,0,0,0,0
2036,241590,2019,KOSPI,246,246,246,0,0,0,0
2036,241590,2020,KOSPI,248,248,248,0,0,0,0
2036,241590,2021,KOSPI,248,248,248,0,0,0,0
2036,241590,2022,KOSPI,246,246,246,0,0,0,0
2036,241590,2023,KOSPI,245,245,245,0,0,0,0
2036,241590,2024,KOSPI,244,244,244,0,0,0,0
2036,241590,2025,KOSPI,242,242,242,0,0,0,0
2036,241590,2026,KOSPI,166,166,166,0,0,0,0
2037,241690,2016,KOSDAQ,72,72,72,0,0,0,0
2037,241690,2017,KOSDAQ,243,243,243,0,0,0,0
2037,241690,2018,KOSDAQ,244,244,244,0,0,0,0
2037,241690,2019,KOSDAQ,246,246,246,0,0,0,0
2037,241690,2020,KOSDAQ,248,248,248,0,0,0,0
2037,241690,2021,KOSDAQ,248,248,248,0,0,0,0
2037,241690,2022,KOSDAQ,246,246,246,0,0,0,0
2037,241690,2023,KOSDAQ,245,245,245,0,0,0,0
2037,241690,2024,KOSDAQ,244,244,244,0,0,0,0
2037,241690,2025,KOSDAQ,242,242,242,0,0,0,0
2037,241690,2026,KOSDAQ,166,166,166,0,0,0,0
2038,241710,2016,KOSDAQ,45,45,45,0,0,0,0
2038,241710,2017,KOSDAQ,243,243,243,0,0,0,0
2038,241710,2018,KOSDAQ,244,244,244,0,0,0,0
2038,241710,2019,KOSDAQ,246,246,246,0,0,0,0
2038,241710,2020,KOSDAQ,248,248,248,0,0,0,0
2038,241710,2021,KOSDAQ,248,248,248,0,0,0,0
2038,241710,2022,KOSDAQ,246,246,246,0,0,0,0
2038,241710,2023,KOSDAQ,245,245,245,0,0,0,0
2038,241710,2024,KOSDAQ,244,244,244,0,0,0,0
2038,241710,2025,KOSDAQ,242,242,242,0,0,0,0
2038,241710,2026,KOSDAQ,166,166,166,0,0,0,0
2039,241770,2017,KOSDAQ,16,16,16,0,0,0,0
2039,241770,2018,KOSDAQ,244,244,244,0,0,0,0
2039,241770,2019,KOSDAQ,246,246,246,0,0,0,0
2039,241770,2020,KOSDAQ,248,248,248,0,0,0,0
2039,241770,2021,KOSDAQ,248,248,248,0,0,0,0
2039,241770,2022,KOSDAQ,246,246,246,0,0,0,0
2039,241770,2023,KOSDAQ,245,245,245,0,0,0,0
2039,241770,2024,KOSDAQ,244,244,244,0,0,0,0
2039,241770,2025,KOSDAQ,242,242,242,0,0,0,0
2039,241770,2026,KOSDAQ,166,166,166,0,0,0,0
2040,241790,2016,KOSDAQ,21,21,21,0,0,0,0
2040,241790,2017,KOSDAQ,243,243,243,0,0,0,0
2040,241790,2018,KOSDAQ,244,244,244,0,0,0,0
2040,241790,2019,KOSDAQ,246,246,246,0,0,0,0
2040,241790,2020,KOSDAQ,248,248,248,0,0,0,0
2040,241790,2021,KOSDAQ,248,248,248,0,0,0,0
2040,241790,2022,KOSDAQ,246,246,246,0,0,0,0
2040,241790,2023,KOSDAQ,245,245,245,0,0,0,0
2040,241790,2024,KOSDAQ,244,244,244,0,0,0,0
2040,241790,2025,KOSDAQ,242,242,242,0,0,0,0
2040,241790,2026,KOSDAQ,166,166,166,0,0,0,0
2041,241820,2017,KOSDAQ,207,207,207,0,0,0,0
2041,241820,2018,KOSDAQ,244,244,244,0,0,0,0
2041,241820,2019,KOSDAQ,246,246,246,0,0,0,0
2041,241820,2020,KOSDAQ,248,248,247,0,0,1,0
2041,241820,2021,KOSDAQ,248,248,248,0,0,0,0
2041,241820,2022,KOSDAQ,246,246,246,0,0,0,0
2041,241820,2023,KOSDAQ,245,245,245,0,0,0,0
2041,241820,2024,KOSDAQ,244,244,244,0,0,0,0
2041,241820,2025,KOSDAQ,242,242,242,0,0,0,0
2041,241820,2026,KOSDAQ,166,166,166,0,0,0,0
2042,241840,2019,KOSDAQ,111,111,111,0,0,0,0
2042,241840,2020,KOSDAQ,248,248,248,0,0,0,0
2042,241840,2021,KOSDAQ,248,248,248,0,0,0,0
2042,241840,2022,KOSDAQ,246,246,246,0,0,0,0
2042,241840,2023,KOSDAQ,245,245,245,0,0,0,0
2042,241840,2024,KOSDAQ,244,244,244,0,0,0,0
2042,241840,2025,KOSDAQ,242,242,242,0,0,0,0
2042,241840,2026,KOSDAQ,166,166,166,0,0,0,0
2043,242040,2016,KOSDAQ,78,78,78,0,0,0,0
2043,242040,2017,KOSDAQ,243,243,243,0,0,0,0
2043,242040,2018,KOSDAQ,244,244,244,0,0,0,0
2043,242040,2019,KOSDAQ,246,246,246,0,0,0,0
2043,242040,2020,KOSDAQ,248,248,248,0,0,0,0
2043,242040,2021,KOSDAQ,248,248,248,0,0,0,0
2043,242040,2022,KOSDAQ,246,246,246,0,0,0,0
2043,242040,2023,KOSDAQ,245,245,245,0,0,0,0
2043,242040,2024,KOSDAQ,244,244,244,0,0,0,0
2043,242040,2025,KOSDAQ,242,242,242,0,0,0,0
2043,242040,2026,KOSDAQ,166,166,166,0,0,0,0
2044,243070,2016,KOSDAQ,144,144,144,0,0,0,0
2044,243070,2017,KOSDAQ,243,243,243,0,0,0,0
2044,243070,2018,KOSDAQ,244,244,244,0,0,0,0
2044,243070,2019,KOSDAQ,246,246,246,0,0,0,0
2044,243070,2020,KOSDAQ,248,248,248,0,0,0,0
2044,243070,2021,KOSDAQ,248,248,248,0,0,0,0
2044,243070,2022,KOSDAQ,246,246,246,0,0,0,0
2044,243070,2023,KOSDAQ,245,245,245,0,0,0,0
2044,243070,2024,KOSDAQ,244,244,244,0,0,0,0
2044,243070,2025,KOSDAQ,242,242,242,0,0,0,0
2044,243070,2026,KOSDAQ,166,166,166,0,0,0,0
2045,243840,2017,KOSDAQ,60,60,60,0,0,0,0
2045,243840,2018,KOSDAQ,244,244,244,0,0,0,0
2045,243840,2019,KOSDAQ,246,246,246,0,0,0,0
2045,243840,2020,KOSDAQ,248,248,248,0,0,0,0
2045,243840,2021,KOSDAQ,248,248,248,0,0,0,0
2045,243840,2022,KOSDAQ,246,246,246,0,0,0,0
2045,243840,2023,KOSDAQ,245,245,245,0,0,0,0
2045,243840,2024,KOSDAQ,244,244,244,0,0,0,0
2045,243840,2025,KOSDAQ,242,242,242,0,0,0,0
2045,243840,2026,KOSDAQ,166,166,166,0,0,0,0
2046,244460,2019,KOSDAQ,69,69,69,0,0,0,0
2046,244460,2020,KOSDAQ,248,248,248,0,0,0,0
2046,244460,2021,KOSDAQ,248,248,248,0,0,0,0
2046,244460,2022,KOSDAQ,246,246,246,0,0,0,0
2046,244460,2023,KOSDAQ,245,245,244,0,0,1,0
2046,244460,2024,KOSDAQ,244,244,244,0,0,0,0
2046,244460,2025,KOSDAQ,242,242,242,0,0,0,0
2046,244460,2026,KOSDAQ,166,166,166,0,0,0,0
2047,244920,2020,KOSPI,28,28,28,0,0,0,0
2047,244920,2021,KOSPI,248,248,248,0,0,0,0
2047,244920,2022,KOSPI,246,246,246,0,0,0,0
2047,244920,2023,KOSPI,245,245,245,0,0,0,0
2047,244920,2024,KOSPI,244,244,244,0,0,0,0
2047,244920,2025,KOSPI,242,242,242,0,0,0,0
2047,244920,2026,KOSPI,166,166,166,0,0,0,0
2048,245620,2018,KOSDAQ,127,127,127,0,0,0,0
2048,245620,2019,KOSDAQ,246,246,246,0,0,0,0
2048,245620,2020,KOSDAQ,248,248,248,0,0,0,0
2048,245620,2021,KOSDAQ,248,248,248,0,0,0,0
2048,245620,2022,KOSDAQ,246,246,246,0,0,0,0
2048,245620,2023,KOSDAQ,245,245,245,0,0,0,0
2048,245620,2024,KOSDAQ,244,244,243,0,0,1,0
2048,245620,2025,KOSDAQ,242,242,242,0,0,0,0
2048,245620,2026,KOSDAQ,166,166,166,0,0,0,0
2049,246250,2023,KOSDAQ,49,49,49,0,0,0,0
2049,246250,2024,KOSDAQ,244,244,244,0,0,0,0
2049,246250,2025,KOSDAQ,242,242,242,0,0,0,0
2049,246250,2026,KOSDAQ,166,166,166,0,0,0,0
2050,246690,2016,KOSDAQ,11,11,11,0,0,0,0
2050,246690,2017,KOSDAQ,243,243,243,0,0,0,0
2050,246690,2018,KOSDAQ,244,244,244,0,0,0,0
2050,246690,2019,KOSDAQ,246,246,246,0,0,0,0
2050,246690,2020,KOSDAQ,248,248,248,0,0,0,0
2050,246690,2021,KOSDAQ,248,248,248,0,0,0,0
2050,246690,2022,KOSDAQ,246,246,245,0,0,1,0
2050,246690,2023,KOSDAQ,245,245,245,0,0,0,0
2050,246690,2024,KOSDAQ,244,244,244,0,0,0,0
2050,246690,2025,KOSDAQ,242,242,242,0,0,0,0
2050,246690,2026,KOSDAQ,166,166,166,0,0,0,0
2051,246710,2018,KOSDAQ,22,22,22,0,0,0,0
2051,246710,2019,KOSDAQ,246,246,245,0,0,1,0
2051,246710,2020,KOSDAQ,248,248,248,0,0,0,0
2051,246710,2021,KOSDAQ,248,248,248,0,0,0,0
2051,246710,2022,KOSDAQ,246,246,246,0,0,0,0
2051,246710,2023,KOSDAQ,245,245,245,0,0,0,0
2051,246710,2024,KOSDAQ,244,244,244,0,0,0,0
2051,246710,2025,KOSDAQ,242,242,242,0,0,0,0
2051,246710,2026,KOSDAQ,166,166,166,0,0,0,0
2052,246720,2017,KOSDAQ,191,191,191,0,0,0,0
2052,246720,2018,KOSDAQ,244,244,244,0,0,0,0
2052,246720,2019,KOSDAQ,246,246,246,0,0,0,0
2052,246720,2020,KOSDAQ,248,248,248,0,0,0,0
2052,246720,2021,KOSDAQ,248,248,248,0,0,0,0
2052,246720,2022,KOSDAQ,246,246,246,0,0,0,0
2052,246720,2023,KOSDAQ,245,245,245,0,0,0,0
2052,246720,2024,KOSDAQ,244,244,244,0,0,0,0
2052,246720,2025,KOSDAQ,242,242,242,0,0,0,0
2052,246720,2026,KOSDAQ,166,166,166,0,0,0,0
2053,246960,2019,KOSDAQ,224,224,224,0,0,0,0
2053,246960,2020,KOSDAQ,248,248,248,0,0,0,0
2053,246960,2021,KOSDAQ,248,248,248,0,0,0,0
2053,246960,2022,KOSDAQ,246,246,246,0,0,0,0
2053,246960,2023,KOSDAQ,245,245,245,0,0,0,0
2053,246960,2024,KOSDAQ,244,244,244,0,0,0,0
2053,246960,2025,KOSDAQ,242,242,242,0,0,0,0
2053,246960,2026,KOSDAQ,166,166,166,0,0,0,0
2054,247540,2019,KOSDAQ,206,206,206,0,0,0,0
2054,247540,2020,KOSDAQ,248,248,248,0,0,0,0
2054,247540,2021,KOSDAQ,248,248,248,0,0,0,0
2054,247540,2022,KOSDAQ,246,246,246,0,0,0,0
2054,247540,2023,KOSDAQ,245,245,244,0,0,1,0
2054,247540,2024,KOSDAQ,244,244,244,0,0,0,0
2054,247540,2025,KOSDAQ,242,242,242,0,0,0,0
2054,247540,2026,KOSDAQ,166,166,166,0,0,0,0
2055,247660,2021,KOSDAQ,205,205,205,0,0,0,0
2055,247660,2022,KOSDAQ,246,246,246,0,0,0,0
2055,247660,2023,KOSDAQ,245,245,245,0,0,0,0
2055,247660,2024,KOSDAQ,244,244,244,0,0,0,0
2055,247660,2025,KOSDAQ,242,242,242,0,0,0,0
2055,247660,2026,KOSDAQ,166,166,166,0,0,0,0
2056,248070,2021,KOSPI,227,227,227,0,0,0,0
2056,248070,2022,KOSPI,246,246,246,0,0,0,0
2056,248070,2023,KOSPI,245,245,245,0,0,0,0
2056,248070,2024,KOSPI,244,244,244,0,0,0,0
2056,248070,2025,KOSPI,242,242,242,0,0,0,0
2056,248070,2026,KOSPI,166,166,166,0,0,0,0
2057,248170,2016,KOSPI,98,98,98,0,0,0,0
2057,248170,2017,KOSPI,243,243,243,0,0,0,0
2057,248170,2018,KOSPI,244,244,244,0,0,0,0
2057,248170,2019,KOSPI,246,246,246,0,0,0,0
2057,248170,2020,KOSPI,248,248,248,0,0,0,0
2057,248170,2021,KOSPI,248,248,248,0,0,0,0
2057,248170,2022,KOSPI,246,246,246,0,0,0,0
2057,248170,2023,KOSPI,245,245,245,0,0,0,0
2057,248170,2024,KOSPI,244,244,244,0,0,0,0
2057,248170,2025,KOSPI,242,242,242,0,0,0,0
2057,248170,2026,KOSPI,166,166,166,0,0,0,0
2058,249420,2016,KOSPI,83,83,83,0,0,0,0
2058,249420,2017,KOSPI,243,243,243,0,0,0,0
2058,249420,2018,KOSPI,244,244,244,0,0,0,0
2058,249420,2019,KOSPI,246,246,246,0,0,0,0
2058,249420,2020,KOSPI,248,248,248,0,0,0,0
2058,249420,2021,KOSPI,248,248,248,0,0,0,0
2058,249420,2022,KOSPI,246,246,246,0,0,0,0
2058,249420,2023,KOSPI,245,245,245,0,0,0,0
2058,249420,2024,KOSPI,244,244,244,0,0,0,0
2058,249420,2025,KOSPI,242,242,242,0,0,0,0
2058,249420,2026,KOSPI,166,166,166,0,0,0,0
2059,250000,2017,KOSDAQ,138,138,138,0,0,0,0
2059,250000,2018,KOSDAQ,244,244,244,0,0,0,0
2059,250000,2019,KOSDAQ,246,246,246,0,0,0,0
2059,250000,2020,KOSDAQ,248,248,248,0,0,0,0
2059,250000,2021,KOSDAQ,248,248,248,0,0,0,0
2059,250000,2022,KOSDAQ,246,246,246,0,0,0,0
2059,250000,2023,KOSDAQ,245,245,245,0,0,0,0
2059,250000,2024,KOSDAQ,244,244,244,0,0,0,0
2059,250000,2025,KOSDAQ,242,242,242,0,0,0,0
2059,250000,2026,KOSDAQ,166,166,166,0,0,0,0
2060,250060,2016,KOSDAQ,77,77,77,0,0,0,0
2060,250060,2017,KOSDAQ,243,243,243,0,0,0,0
2060,250060,2018,KOSDAQ,244,244,244,0,0,0,0
2060,250060,2019,KOSDAQ,246,246,246,0,0,0,0
2060,250060,2020,KOSDAQ,248,248,248,0,0,0,0
2060,250060,2021,KOSDAQ,248,248,248,0,0,0,0
2060,250060,2022,KOSDAQ,246,246,246,0,0,0,0
2060,250060,2023,KOSDAQ,245,245,245,0,0,0,0
2060,250060,2024,KOSDAQ,244,244,244,0,0,0,0
2060,250060,2025,KOSDAQ,242,242,242,0,0,0,0
2060,250060,2026,KOSDAQ,166,166,166,0,0,0,0
2061,250930,2016,KOSDAQ,65,65,65,0,0,0,0
2061,250930,2017,KOSDAQ,243,243,243,0,0,0,0
2061,250930,2018,KOSDAQ,244,244,244,0,0,0,0
2061,250930,2019,KOSDAQ,246,246,246,0,0,0,0
2061,250930,2020,KOSDAQ,248,248,248,0,0,0,0
2061,250930,2021,KOSDAQ,248,248,248,0,0,0,0
2061,250930,2022,KOSDAQ,246,246,246,0,0,0,0
2061,250930,2023,KOSDAQ,245,245,245,0,0,0,0
2061,250930,2024,KOSDAQ,244,244,244,0,0,0,0
2061,250930,2025,KOSDAQ,242,242,242,0,0,0,0
2061,250930,2026,KOSDAQ,166,166,166,0,0,0,0
2062,251120,2022,KOSDAQ,214,214,214,0,0,0,0
2062,251120,2023,KOSDAQ,245,245,245,0,0,0,0
2062,251120,2024,KOSDAQ,244,244,244,0,0,0,0
2062,251120,2025,KOSDAQ,242,242,242,0,0,0,0
2062,251120,2026,KOSDAQ,166,166,166,0,0,0,0
2063,251270,2017,KOSPI,156,156,156,0,0,0,0
2063,251270,2018,KOSPI,244,244,244,0,0,0,0
2063,251270,2019,KOSPI,246,246,246,0,0,0,0
2063,251270,2020,KOSPI,248,248,248,0,0,0,0
2063,251270,2021,KOSPI,248,248,248,0,0,0,0
2063,251270,2022,KOSPI,246,246,246,0,0,0,0
2063,251270,2023,KOSPI,245,245,245,0,0,0,0
2063,251270,2024,KOSPI,244,244,244,0,0,0,0
2063,251270,2025,KOSPI,242,242,242,0,0,0,0
2063,251270,2026,KOSPI,166,166,166,0,0,0,0
2064,251370,2017,KOSDAQ,163,163,163,0,0,0,0
2064,251370,2018,KOSDAQ,244,244,244,0,0,0,0
2064,251370,2019,KOSDAQ,246,246,246,0,0,0,0
2064,251370,2020,KOSDAQ,248,248,248,0,0,0,0
2064,251370,2021,KOSDAQ,248,248,248,0,0,0,0
2064,251370,2022,KOSDAQ,246,246,246,0,0,0,0
2064,251370,2023,KOSDAQ,245,245,245,0,0,0,0
2064,251370,2024,KOSDAQ,244,244,244,0,0,0,0
2064,251370,2025,KOSDAQ,242,242,242,0,0,0,0
2064,251370,2026,KOSDAQ,166,166,166,0,0,0,0
2065,251630,2017,KOSDAQ,113,113,113,0,0,0,0
2065,251630,2018,KOSDAQ,244,244,244,0,0,0,0
2065,251630,2019,KOSDAQ,246,246,246,0,0,0,0
2065,251630,2020,KOSDAQ,248,248,248,0,0,0,0
2065,251630,2021,KOSDAQ,248,248,248,0,0,0,0
2065,251630,2022,KOSDAQ,246,246,246,0,0,0,0
2065,251630,2023,KOSDAQ,245,245,245,0,0,0,0
2065,251630,2024,KOSDAQ,244,244,244,0,0,0,0
2065,251630,2025,KOSDAQ,242,242,242,0,0,0,0
2065,251630,2026,KOSDAQ,166,166,166,0,0,0,0
2066,251970,2019,KOSDAQ,122,122,122,0,0,0,0
2066,251970,2020,KOSDAQ,248,248,248,0,0,0,0
2066,251970,2021,KOSDAQ,248,248,248,0,0,0,0
2066,251970,2022,KOSDAQ,246,246,246,0,0,0,0
2066,251970,2023,KOSDAQ,245,245,245,0,0,0,0
2066,251970,2024,KOSDAQ,244,244,244,0,0,0,0
2066,251970,2025,KOSDAQ,242,242,242,0,0,0,0
2066,251970,2026,KOSDAQ,166,166,166,0,0,0,0
2067,252500,2016,KOSDAQ,42,42,42,0,0,0,0
2067,252500,2017,KOSDAQ,243,243,243,0,0,0,0
2067,252500,2018,KOSDAQ,244,244,241,0,0,3,0
2067,252500,2019,KOSDAQ,246,246,246,0,0,0,0
2067,252500,2020,KOSDAQ,248,248,248,0,0,0,0
2067,252500,2021,KOSDAQ,248,248,248,0,0,0,0
2067,252500,2022,KOSDAQ,246,246,246,0,0,0,0
2067,252500,2023,KOSDAQ,245,245,245,0,0,0,0
2067,252500,2024,KOSDAQ,244,244,244,0,0,0,0
2067,252500,2025,KOSDAQ,242,242,242,0,0,0,0
2067,252500,2026,KOSDAQ,166,166,166,0,0,0,0
2068,252990,2021,KOSDAQ,155,155,155,0,0,0,0
2068,252990,2022,KOSDAQ,246,246,246,0,0,0,0
2068,252990,2023,KOSDAQ,245,245,245,0,0,0,0
2068,252990,2024,KOSDAQ,244,244,244,0,0,0,0
2068,252990,2025,KOSDAQ,242,242,242,0,0,0,0
2068,252990,2026,KOSDAQ,166,166,166,0,0,0,0
2069,253450,2017,KOSDAQ,24,24,24,0,0,0,0
2069,253450,2018,KOSDAQ,244,244,244,0,0,0,0
2069,253450,2019,KOSDAQ,246,246,246,0,0,0,0
2069,253450,2020,KOSDAQ,248,248,248,0,0,0,0
2069,253450,2021,KOSDAQ,248,248,248,0,0,0,0
2069,253450,2022,KOSDAQ,246,246,246,0,0,0,0
2069,253450,2023,KOSDAQ,245,245,245,0,0,0,0
2069,253450,2024,KOSDAQ,244,244,244,0,0,0,0
2069,253450,2025,KOSDAQ,242,242,242,0,0,0,0
2069,253450,2026,KOSDAQ,166,166,166,0,0,0,0
2070,253590,2018,KOSDAQ,181,181,181,0,0,0,0
2070,253590,2019,KOSDAQ,246,246,246,0,0,0,0
2070,253590,2020,KOSDAQ,248,248,248,0,0,0,0
2070,253590,2021,KOSDAQ,248,248,248,0,0,0,0
2070,253590,2022,KOSDAQ,246,246,246,0,0,0,0
2070,253590,2023,KOSDAQ,245,245,245,0,0,0,0
2070,253590,2024,KOSDAQ,244,244,244,0,0,0,0
2070,253590,2025,KOSDAQ,242,242,242,0,0,0,0
2070,253590,2026,KOSDAQ,166,166,166,0,0,0,0
2071,253840,2019,KOSDAQ,148,148,148,0,0,0,0
2071,253840,2020,KOSDAQ,248,248,248,0,0,0,0
2071,253840,2021,KOSDAQ,248,248,248,0,0,0,0
2071,253840,2022,KOSDAQ,246,246,246,0,0,0,0
2071,253840,2023,KOSDAQ,245,245,245,0,0,0,0
2071,253840,2024,KOSDAQ,244,244,244,0,0,0,0
2071,253840,2025,KOSDAQ,242,242,242,0,0,0,0
2071,253840,2026,KOSDAQ,166,166,166,0,0,0,0
2072,254120,2016,KOSDAQ,20,20,20,0,0,0,0
2072,254120,2017,KOSDAQ,243,243,243,0,0,0,0
2072,254120,2018,KOSDAQ,244,244,244,0,0,0,0
2072,254120,2019,KOSDAQ,246,246,246,0,0,0,0
2072,254120,2020,KOSDAQ,248,248,247,0,0,1,0
2072,254120,2021,KOSDAQ,248,248,248,0,0,0,0
2072,254120,2022,KOSDAQ,246,246,246,0,0,0,0
2072,254120,2023,KOSDAQ,245,245,245,0,0,0,0
2072,254120,2024,KOSDAQ,244,244,244,0,0,0,0
2072,254120,2025,KOSDAQ,242,242,242,0,0,0,0
2072,254120,2026,KOSDAQ,166,166,166,0,0,0,0
2073,254490,2023,KOSDAQ,228,228,228,0,0,0,0
2073,254490,2024,KOSDAQ,244,244,244,0,0,0,0
2073,254490,2025,KOSDAQ,242,242,242,0,0,0,0
2073,254490,2026,KOSDAQ,166,166,166,0,0,0,0
2074,255220,2018,KOSDAQ,226,226,226,0,0,0,0
2074,255220,2019,KOSDAQ,246,246,246,0,0,0,0
2074,255220,2020,KOSDAQ,248,248,248,0,0,0,0
2074,255220,2021,KOSDAQ,248,248,248,0,0,0,0
2074,255220,2022,KOSDAQ,246,246,246,0,0,0,0
2074,255220,2023,KOSDAQ,245,245,244,0,0,1,0
2074,255220,2024,KOSDAQ,244,244,243,0,0,1,0
2074,255220,2025,KOSDAQ,242,242,242,0,0,0,0
2074,255220,2026,KOSDAQ,166,166,166,0,0,0,0
2075,255440,2017,KOSDAQ,58,58,58,0,0,0,0
2075,255440,2018,KOSDAQ,244,244,244,0,0,0,0
2075,255440,2019,KOSDAQ,246,246,246,0,0,0,0
2075,255440,2020,KOSDAQ,248,248,248,0,0,0,0
2075,255440,2021,KOSDAQ,248,248,248,0,0,0,0
2075,255440,2022,KOSDAQ,246,246,246,0,0,0,0
2075,255440,2023,KOSDAQ,245,245,245,0,0,0,0
2075,255440,2024,KOSDAQ,244,244,244,0,0,0,0
2075,255440,2025,KOSDAQ,242,242,242,0,0,0,0
2075,255440,2026,KOSDAQ,166,166,166,0,0,0,0
2076,256150,2019,KOSDAQ,78,78,78,0,0,0,0
2076,256150,2020,KOSDAQ,248,248,248,0,0,0,0
2076,256150,2021,KOSDAQ,248,248,248,0,0,0,0
2076,256150,2022,KOSDAQ,246,246,246,0,0,0,0
2076,256150,2023,KOSDAQ,245,245,245,0,0,0,0
2076,256150,2024,KOSDAQ,244,244,244,0,0,0,0
2076,256150,2025,KOSDAQ,242,242,242,0,0,0,0
2076,256150,2026,KOSDAQ,166,166,166,0,0,0,0
2077,256630,2017,KOSDAQ,161,161,161,0,0,0,0
2077,256630,2018,KOSDAQ,244,244,244,0,0,0,0
2077,256630,2019,KOSDAQ,246,246,246,0,0,0,0
2077,256630,2020,KOSDAQ,248,248,248,0,0,0,0
2077,256630,2021,KOSDAQ,248,248,248,0,0,0,0
2077,256630,2022,KOSDAQ,246,246,246,0,0,0,0
2077,256630,2023,KOSDAQ,245,245,245,0,0,0,0
2077,256630,2024,KOSDAQ,244,244,244,0,0,0,0
2077,256630,2025,KOSDAQ,242,242,242,0,0,0,0
2077,256630,2026,KOSDAQ,166,166,166,0,0,0,0
2078,256840,2016,KOSDAQ,2,2,2,0,0,0,0
2078,256840,2017,KOSDAQ,243,243,243,0,0,0,0
2078,256840,2018,KOSDAQ,244,244,244,0,0,0,0
2078,256840,2019,KOSDAQ,246,246,246,0,0,0,0
2078,256840,2020,KOSDAQ,248,248,248,0,0,0,0
2078,256840,2021,KOSDAQ,248,248,248,0,0,0,0
2078,256840,2022,KOSDAQ,246,246,246,0,0,0,0
2078,256840,2023,KOSDAQ,245,245,245,0,0,0,0
2078,256840,2024,KOSDAQ,244,244,244,0,0,0,0
2078,256840,2025,KOSDAQ,242,242,242,0,0,0,0
2078,256840,2026,KOSDAQ,166,166,166,0,0,0,0
2079,256940,2017,KOSDAQ,75,75,75,0,0,0,0
2079,256940,2018,KOSDAQ,244,244,244,0,0,0,0
2079,256940,2019,KOSDAQ,246,246,246,0,0,0,0
2079,256940,2020,KOSDAQ,248,248,248,0,0,0,0
2079,256940,2021,KOSDAQ,248,248,248,0,0,0,0
2079,256940,2022,KOSDAQ,246,246,246,0,0,0,0
2079,256940,2023,KOSDAQ,245,245,245,0,0,0,0
2079,256940,2024,KOSDAQ,244,244,244,0,0,0,0
2079,256940,2025,KOSDAQ,242,242,242,0,0,0,0
2079,256940,2026,KOSDAQ,166,166,166,0,0,0,0
2080,257370,2018,KOSDAQ,71,71,71,0,0,0,0
2080,257370,2019,KOSDAQ,246,246,246,0,0,0,0
2080,257370,2020,KOSDAQ,248,248,248,0,0,0,0
2080,257370,2021,KOSDAQ,248,248,248,0,0,0,0
2080,257370,2022,KOSDAQ,246,246,246,0,0,0,0
2080,257370,2023,KOSDAQ,245,245,245,0,0,0,0
2080,257370,2024,KOSDAQ,244,244,244,0,0,0,0
2080,257370,2025,KOSDAQ,242,242,242,0,0,0,0
2080,257370,2026,KOSDAQ,166,166,166,0,0,0,0
2081,257720,2021,KOSDAQ,65,65,65,0,0,0,0
2081,257720,2022,KOSDAQ,246,246,246,0,0,0,0
2081,257720,2023,KOSDAQ,245,245,245,0,0,0,0
2081,257720,2024,KOSDAQ,244,244,244,0,0,0,0
2081,257720,2025,KOSDAQ,242,242,242,0,0,0,0
2081,257720,2026,KOSDAQ,166,166,166,0,0,0,0
2082,258610,2017,KOSDAQ,86,86,86,0,0,0,0
2082,258610,2018,KOSDAQ,244,244,244,0,0,0,0
2082,258610,2019,KOSDAQ,246,246,246,0,0,0,0
2082,258610,2020,KOSDAQ,248,248,248,0,0,0,0
2082,258610,2021,KOSDAQ,248,248,248,0,0,0,0
2082,258610,2022,KOSDAQ,246,246,246,0,0,0,0
2082,258610,2023,KOSDAQ,245,245,245,0,0,0,0
2082,258610,2024,KOSDAQ,244,244,244,0,0,0,0
2082,258610,2025,KOSDAQ,242,242,242,0,0,0,0
2082,258610,2026,KOSDAQ,166,166,166,0,0,0,0
2083,258790,2017,KOSDAQ,163,163,163,0,0,0,0
2083,258790,2018,KOSDAQ,244,244,244,0,0,0,0
2083,258790,2019,KOSDAQ,246,246,246,0,0,0,0
2083,258790,2020,KOSDAQ,248,248,248,0,0,0,0
2083,258790,2021,KOSDAQ,248,248,248,0,0,0,0
2083,258790,2022,KOSDAQ,246,246,246,0,0,0,0
2083,258790,2023,KOSDAQ,245,245,245,0,0,0,0
2083,258790,2024,KOSDAQ,244,244,244,0,0,0,0
2083,258790,2025,KOSDAQ,242,242,241,0,0,1,0
2083,258790,2026,KOSDAQ,166,166,166,0,0,0,0
2084,258830,2018,KOSDAQ,145,145,145,0,0,0,0
2084,258830,2019,KOSDAQ,246,246,246,0,0,0,0
2084,258830,2020,KOSDAQ,248,248,248,0,0,0,0
2084,258830,2021,KOSDAQ,248,248,248,0,0,0,0
2084,258830,2022,KOSDAQ,246,246,246,0,0,0,0
2084,258830,2023,KOSDAQ,245,245,245,0,0,0,0
2084,258830,2024,KOSDAQ,244,244,244,0,0,0,0
2084,258830,2025,KOSDAQ,242,242,242,0,0,0,0
2084,258830,2026,KOSDAQ,166,166,166,0,0,0,0
2085,259630,2017,KOSDAQ,65,65,65,0,0,0,0
2085,259630,2018,KOSDAQ,244,244,244,0,0,0,0
2085,259630,2019,KOSDAQ,246,246,246,0,0,0,0
2085,259630,2020,KOSDAQ,248,248,248,0,0,0,0
2085,259630,2021,KOSDAQ,248,248,248,0,0,0,0
2085,259630,2022,KOSDAQ,246,246,246,0,0,0,0
2085,259630,2023,KOSDAQ,245,245,245,0,0,0,0
2085,259630,2024,KOSDAQ,244,244,244,0,0,0,0
2085,259630,2025,KOSDAQ,242,242,242,0,0,0,0
2085,259630,2026,KOSDAQ,166,166,166,0,0,0,0
2086,259960,2021,KOSPI,97,97,97,0,0,0,0
2086,259960,2022,KOSPI,246,246,246,0,0,0,0
2086,259960,2023,KOSPI,245,245,245,0,0,0,0
2086,259960,2024,KOSPI,244,244,244,0,0,0,0
2086,259960,2025,KOSPI,242,242,242,0,0,0,0
2086,259960,2026,KOSPI,166,166,166,0,0,0,0
2087,260660,2018,KOSDAQ,215,215,214,0,0,1,0
2087,260660,2019,KOSDAQ,246,246,246,0,0,0,0
2087,260660,2020,KOSDAQ,248,248,248,0,0,0,0
2087,260660,2021,KOSDAQ,248,248,248,0,0,0,0
2087,260660,2022,KOSDAQ,246,246,246,0,0,0,0
2087,260660,2023,KOSDAQ,245,245,245,0,0,0,0
2087,260660,2024,KOSDAQ,244,244,244,0,0,0,0
2087,260660,2025,KOSDAQ,242,242,242,0,0,0,0
2087,260660,2026,KOSDAQ,166,166,166,0,0,0,0
2088,260930,2017,KOSDAQ,15,15,15,0,0,0,0
2088,260930,2018,KOSDAQ,244,244,244,0,0,0,0
2088,260930,2019,KOSDAQ,246,246,246,0,0,0,0
2088,260930,2020,KOSDAQ,248,248,248,0,0,0,0
2088,260930,2021,KOSDAQ,248,248,248,0,0,0,0
2088,260930,2022,KOSDAQ,246,246,246,0,0,0,0
2088,260930,2023,KOSDAQ,245,245,245,0,0,0,0
2088,260930,2024,KOSDAQ,244,244,244,0,0,0,0
2088,260930,2025,KOSDAQ,242,242,242,0,0,0,0
2088,260930,2026,KOSDAQ,166,166,166,0,0,0,0
2089,260970,2021,KOSDAQ,65,65,65,0,0,0,0
2089,260970,2022,KOSDAQ,246,246,246,0,0,0,0
2089,260970,2023,KOSDAQ,245,245,245,0,0,0,0
2089,260970,2024,KOSDAQ,244,244,244,0,0,0,0
2089,260970,2025,KOSDAQ,242,242,242,0,0,0,0
2089,260970,2026,KOSDAQ,166,166,166,0,0,0,0
2090,261200,2017,KOSDAQ,126,126,126,0,0,0,0
2090,261200,2018,KOSDAQ,244,244,244,0,0,0,0
2090,261200,2019,KOSDAQ,246,246,246,0,0,0,0
2090,261200,2020,KOSDAQ,248,248,248,0,0,0,0
2090,261200,2021,KOSDAQ,248,248,248,0,0,0,0
2090,261200,2022,KOSDAQ,246,246,246,0,0,0,0
2090,261200,2023,KOSDAQ,245,245,245,0,0,0,0
2090,261200,2024,KOSDAQ,244,244,244,0,0,0,0
2090,261200,2025,KOSDAQ,242,242,242,0,0,0,0
2090,261200,2026,KOSDAQ,166,166,166,0,0,0,0
2091,261520,2025,KOSDAQ,13,13,13,0,0,0,0
2091,261520,2026,KOSDAQ,166,166,166,0,0,0,0
2092,261780,2021,KOSDAQ,50,50,50,0,0,0,0
2092,261780,2022,KOSDAQ,246,246,246,0,0,0,0
2092,261780,2023,KOSDAQ,245,245,245,0,0,0,0
2092,261780,2024,KOSDAQ,244,244,244,0,0,0,0
2092,261780,2025,KOSDAQ,242,242,242,0,0,0,0
2092,261780,2026,KOSDAQ,166,166,166,0,0,0,0
2093,262260,2020,KOSDAQ,114,114,114,0,0,0,0
2093,262260,2021,KOSDAQ,248,248,248,0,0,0,0
2093,262260,2022,KOSDAQ,246,246,246,0,0,0,0
2093,262260,2023,KOSDAQ,245,245,245,0,0,0,0
2093,262260,2024,KOSDAQ,244,244,244,0,0,0,0
2093,262260,2025,KOSDAQ,242,242,242,0,0,0,0
2093,262260,2026,KOSDAQ,166,166,166,0,0,0,0
2094,262840,2021,KOSDAQ,224,224,224,0,0,0,0
2094,262840,2022,KOSDAQ,246,246,246,0,0,0,0
2094,262840,2023,KOSDAQ,245,245,245,0,0,0,0
2094,262840,2024,KOSDAQ,244,244,244,0,0,0,0
2094,262840,2025,KOSDAQ,242,242,242,0,0,0,0
2094,262840,2026,KOSDAQ,166,166,166,0,0,0,0
2095,263020,2018,KOSDAQ,28,28,28,0,0,0,0
2095,263020,2019,KOSDAQ,246,246,246,0,0,0,0
2095,263020,2020,KOSDAQ,248,248,248,0,0,0,0
2095,263020,2021,KOSDAQ,248,248,248,0,0,0,0
2095,263020,2022,KOSDAQ,246,246,246,0,0,0,0
2095,263020,2023,KOSDAQ,245,245,245,0,0,0,0
2095,263020,2024,KOSDAQ,244,244,244,0,0,0,0
2095,263020,2025,KOSDAQ,242,242,242,0,0,0,0
2095,263020,2026,KOSDAQ,166,166,166,0,0,0,0
2096,263050,2018,KOSDAQ,4,4,4,0,0,0,0
2096,263050,2019,KOSDAQ,246,246,246,0,0,0,0
2096,263050,2020,KOSDAQ,248,248,248,0,0,0,0
2096,263050,2021,KOSDAQ,248,248,248,0,0,0,0
2096,263050,2022,KOSDAQ,246,246,246,0,0,0,0
2096,263050,2023,KOSDAQ,245,245,245,0,0,0,0
2096,263050,2024,KOSDAQ,244,244,244,0,0,0,0
2096,263050,2025,KOSDAQ,242,242,242,0,0,0,0
2096,263050,2026,KOSDAQ,166,166,166,0,0,0,0
2097,263600,2017,KOSDAQ,82,82,82,0,0,0,0
2097,263600,2018,KOSDAQ,244,244,244,0,0,0,0
2097,263600,2019,KOSDAQ,246,246,246,0,0,0,0
2097,263600,2020,KOSDAQ,248,248,248,0,0,0,0
2097,263600,2021,KOSDAQ,248,248,248,0,0,0,0
2097,263600,2022,KOSDAQ,246,246,246,0,0,0,0
2097,263600,2023,KOSDAQ,245,245,245,0,0,0,0
2097,263600,2024,KOSDAQ,244,244,244,0,0,0,0
2097,263600,2025,KOSDAQ,242,242,242,0,0,0,0
2097,263600,2026,KOSDAQ,166,166,166,0,0,0,0
2098,263690,2018,KOSDAQ,26,26,26,0,0,0,0
2098,263690,2019,KOSDAQ,246,246,246,0,0,0,0
2098,263690,2020,KOSDAQ,248,248,248,0,0,0,0
2098,263690,2021,KOSDAQ,248,248,248,0,0,0,0
2098,263690,2022,KOSDAQ,246,246,246,0,0,0,0
2098,263690,2023,KOSDAQ,245,245,245,0,0,0,0
2098,263690,2024,KOSDAQ,244,244,244,0,0,0,0
2098,263690,2025,KOSDAQ,242,242,242,0,0,0,0
2098,263690,2026,KOSDAQ,166,166,166,0,0,0,0
2099,263700,2018,KOSDAQ,186,186,186,0,0,0,0
2099,263700,2019,KOSDAQ,246,246,246,0,0,0,0
2099,263700,2020,KOSDAQ,248,248,248,0,0,0,0
2099,263700,2021,KOSDAQ,248,248,248,0,0,0,0
2099,263700,2022,KOSDAQ,246,246,246,0,0,0,0
2099,263700,2023,KOSDAQ,245,245,245,0,0,0,0
2099,263700,2024,KOSDAQ,244,244,244,0,0,0,0
2099,263700,2025,KOSDAQ,242,242,242,0,0,0,0
2099,263700,2026,KOSDAQ,166,166,166,0,0,0,0
2100,263720,2017,KOSDAQ,100,100,100,0,0,0,0
2100,263720,2018,KOSDAQ,244,244,244,0,0,0,0
2100,263720,2019,KOSDAQ,246,246,246,0,0,0,0
2100,263720,2020,KOSDAQ,248,248,248,0,0,0,0
2100,263720,2021,KOSDAQ,248,248,248,0,0,0,0
2100,263720,2022,KOSDAQ,246,246,246,0,0,0,0
2100,263720,2023,KOSDAQ,245,245,245,0,0,0,0
2100,263720,2024,KOSDAQ,244,244,244,0,0,0,0
2100,263720,2025,KOSDAQ,242,242,242,0,0,0,0
2100,263720,2026,KOSDAQ,166,166,166,0,0,0,0
2101,263750,2017,KOSDAQ,69,69,69,0,0,0,0
2101,263750,2018,KOSDAQ,244,244,244,0,0,0,0
2101,263750,2019,KOSDAQ,246,246,246,0,0,0,0
2101,263750,2020,KOSDAQ,248,248,248,0,0,0,0
2101,263750,2021,KOSDAQ,248,248,248,0,0,0,0
2101,263750,2022,KOSDAQ,246,246,246,0,0,0,0
2101,263750,2023,KOSDAQ,245,245,245,0,0,0,0
2101,263750,2024,KOSDAQ,244,244,244,0,0,0,0
2101,263750,2025,KOSDAQ,242,242,242,0,0,0,0
2101,263750,2026,KOSDAQ,166,166,166,0,0,0,0
2102,263770,2017,KOSDAQ,178,178,178,0,0,0,0
2102,263770,2018,KOSDAQ,244,244,244,0,0,0,0
2102,263770,2019,KOSDAQ,246,246,246,0,0,0,0
2102,263770,2020,KOSDAQ,248,248,248,0,0,0,0
2102,263770,2021,KOSDAQ,248,248,248,0,0,0,0
2102,263770,2022,KOSDAQ,246,246,246,0,0,0,0
2102,263770,2023,KOSDAQ,245,245,245,0,0,0,0
2102,263770,2024,KOSDAQ,244,244,244,0,0,0,0
2102,263770,2025,KOSDAQ,242,242,242,0,0,0,0
2102,263770,2026,KOSDAQ,166,166,166,0,0,0,0
2103,263800,2017,KOSDAQ,98,98,98,0,0,0,0
2103,263800,2018,KOSDAQ,244,244,244,0,0,0,0
2103,263800,2019,KOSDAQ,246,246,246,0,0,0,0
2103,263800,2020,KOSDAQ,248,248,248,0,0,0,0
2103,263800,2021,KOSDAQ,248,248,248,0,0,0,0
2103,263800,2022,KOSDAQ,246,246,246,0,0,0,0
2103,263800,2023,KOSDAQ,245,245,245,0,0,0,0
2103,263800,2024,KOSDAQ,244,244,244,0,0,0,0
2103,263800,2025,KOSDAQ,242,242,242,0,0,0,0
2103,263800,2026,KOSDAQ,166,166,166,0,0,0,0
2104,263810,2017,KOSDAQ,53,53,53,0,0,0,0
2104,263810,2018,KOSDAQ,244,244,244,0,0,0,0
2104,263810,2019,KOSDAQ,246,246,246,0,0,0,0
2104,263810,2020,KOSDAQ,248,248,248,0,0,0,0
2104,263810,2021,KOSDAQ,248,248,248,0,0,0,0
2104,263810,2022,KOSDAQ,246,246,246,0,0,0,0
2104,263810,2023,KOSDAQ,245,245,245,0,0,0,0
2104,263810,2024,KOSDAQ,244,244,244,0,0,0,0
2104,263810,2025,KOSDAQ,242,242,242,0,0,0,0
2104,263810,2026,KOSDAQ,166,166,166,0,0,0,0
2105,263860,2017,KOSDAQ,99,99,99,0,0,0,0
2105,263860,2018,KOSDAQ,244,244,244,0,0,0,0
2105,263860,2019,KOSDAQ,246,246,246,0,0,0,0
2105,263860,2020,KOSDAQ,248,248,248,0,0,0,0
2105,263860,2021,KOSDAQ,248,248,248,0,0,0,0
2105,263860,2022,KOSDAQ,246,246,246,0,0,0,0
2105,263860,2023,KOSDAQ,245,245,245,0,0,0,0
2105,263860,2024,KOSDAQ,244,244,244,0,0,0,0
2105,263860,2025,KOSDAQ,242,242,242,0,0,0,0
2105,263860,2026,KOSDAQ,166,166,166,0,0,0,0
2106,263920,2017,KOSDAQ,59,59,59,0,0,0,0
2106,263920,2018,KOSDAQ,244,244,244,0,0,0,0
2106,263920,2019,KOSDAQ,246,246,246,0,0,0,0
2106,263920,2020,KOSDAQ,248,248,247,0,0,1,0
2106,263920,2021,KOSDAQ,248,248,248,0,0,0,0
2106,263920,2022,KOSDAQ,246,246,246,0,0,0,0
2106,263920,2023,KOSDAQ,245,245,245,0,0,0,0
2106,263920,2024,KOSDAQ,244,244,244,0,0,0,0
2106,263920,2025,KOSDAQ,242,242,242,0,0,0,0
2106,263920,2026,KOSDAQ,166,166,166,0,0,0,0
2107,264450,2017,KOSDAQ,182,182,182,0,0,0,0
2107,264450,2018,KOSDAQ,244,244,244,0,0,0,0
2107,264450,2019,KOSDAQ,246,246,246,0,0,0,0
2107,264450,2020,KOSDAQ,248,248,248,0,0,0,0
2107,264450,2021,KOSDAQ,248,248,248,0,0,0,0
2107,264450,2022,KOSDAQ,246,246,246,0,0,0,0
2107,264450,2023,KOSDAQ,245,245,245,0,0,0,0
2107,264450,2024,KOSDAQ,244,244,244,0,0,0,0
2107,264450,2025,KOSDAQ,242,242,242,0,0,0,0
2107,264450,2026,KOSDAQ,166,166,166,0,0,0,0
2108,264660,2018,KOSDAQ,227,227,227,0,0,0,0
2108,264660,2019,KOSDAQ,246,246,246,0,0,0,0
2108,264660,2020,KOSDAQ,248,248,248,0,0,0,0
2108,264660,2021,KOSDAQ,248,248,248,0,0,0,0
2108,264660,2022,KOSDAQ,246,246,246,0,0,0,0
2108,264660,2023,KOSDAQ,245,245,245,0,0,0,0
2108,264660,2024,KOSDAQ,244,244,244,0,0,0,0
2108,264660,2025,KOSDAQ,242,242,242,0,0,0,0
2108,264660,2026,KOSDAQ,166,166,166,0,0,0,0
2109,264850,2017,KOSDAQ,142,142,142,0,0,0,0
2109,264850,2018,KOSDAQ,244,244,244,0,0,0,0
2109,264850,2019,KOSDAQ,246,246,246,0,0,0,0
2109,264850,2020,KOSDAQ,248,248,248,0,0,0,0
2109,264850,2021,KOSDAQ,248,248,248,0,0,0,0
2109,264850,2022,KOSDAQ,246,246,246,0,0,0,0
2109,264850,2023,KOSDAQ,245,245,245,0,0,0,0
2109,264850,2024,KOSDAQ,244,244,244,0,0,0,0
2109,264850,2025,KOSDAQ,242,242,242,0,0,0,0
2109,264850,2026,KOSDAQ,166,166,166,0,0,0,0
2110,264900,2017,KOSPI,175,175,175,0,0,0,0
2110,264900,2018,KOSPI,244,244,244,0,0,0,0
2110,264900,2019,KOSPI,246,246,246,0,0,0,0
2110,264900,2020,KOSPI,248,248,248,0,0,0,0
2110,264900,2021,KOSPI,248,248,248,0,0,0,0
2110,264900,2022,KOSPI,246,246,246,0,0,0,0
2110,264900,2023,KOSPI,245,245,245,0,0,0,0
2110,264900,2024,KOSPI,244,244,244,0,0,0,0
2110,264900,2025,KOSPI,242,242,242,0,0,0,0
2110,264900,2026,KOSPI,166,166,166,0,0,0,0
2112,265520,2017,KOSDAQ,177,177,177,0,0,0,0
2112,265520,2018,KOSDAQ,244,244,244,0,0,0,0
2112,265520,2019,KOSDAQ,246,246,246,0,0,0,0
2112,265520,2020,KOSDAQ,248,248,248,0,0,0,0
2112,265520,2021,KOSDAQ,248,248,248,0,0,0,0
2112,265520,2022,KOSDAQ,246,246,246,0,0,0,0
2112,265520,2023,KOSDAQ,245,245,245,0,0,0,0
2112,265520,2024,KOSDAQ,244,244,244,0,0,0,0
2112,265520,2025,KOSDAQ,242,242,242,0,0,0,0
2112,265520,2026,KOSDAQ,166,166,166,0,0,0,0
2113,265560,2017,KOSDAQ,45,45,45,0,0,0,0
2113,265560,2018,KOSDAQ,244,244,244,0,0,0,0
2113,265560,2019,KOSDAQ,246,246,246,0,0,0,0
2113,265560,2020,KOSDAQ,248,248,248,0,0,0,0
2113,265560,2021,KOSDAQ,248,248,248,0,0,0,0
2113,265560,2022,KOSDAQ,246,246,246,0,0,0,0
2113,265560,2023,KOSDAQ,245,245,245,0,0,0,0
2113,265560,2024,KOSDAQ,244,244,244,0,0,0,0
2113,265560,2025,KOSDAQ,242,242,242,0,0,0,0
2113,265560,2026,KOSDAQ,166,166,166,0,0,0,0
2114,265740,2020,KOSDAQ,20,20,20,0,0,0,0
2114,265740,2021,KOSDAQ,248,248,248,0,0,0,0
2114,265740,2022,KOSDAQ,246,246,246,0,0,0,0
2114,265740,2023,KOSDAQ,245,245,245,0,0,0,0
2114,265740,2024,KOSDAQ,244,244,244,0,0,0,0
2114,265740,2025,KOSDAQ,242,242,242,0,0,0,0
2114,265740,2026,KOSDAQ,166,166,166,0,0,0,0
2115,267250,2017,KOSPI,158,158,158,0,0,0,0
2115,267250,2018,KOSPI,244,244,244,0,0,0,0
2115,267250,2019,KOSPI,246,246,246,0,0,0,0
2115,267250,2020,KOSPI,248,248,248,0,0,0,0
2115,267250,2021,KOSPI,248,248,248,0,0,0,0
2115,267250,2022,KOSPI,246,246,246,0,0,0,0
2115,267250,2023,KOSPI,245,245,245,0,0,0,0
2115,267250,2024,KOSPI,244,244,244,0,0,0,0
2115,267250,2025,KOSPI,242,242,242,0,0,0,0
2115,267250,2026,KOSPI,166,166,166,0,0,0,0
2116,267260,2017,KOSPI,158,158,158,0,0,0,0
2116,267260,2018,KOSPI,244,244,244,0,0,0,0
2116,267260,2019,KOSPI,246,246,246,0,0,0,0
2116,267260,2020,KOSPI,248,248,248,0,0,0,0
2116,267260,2021,KOSPI,248,248,248,0,0,0,0
2116,267260,2022,KOSPI,246,246,246,0,0,0,0
2116,267260,2023,KOSPI,245,245,245,0,0,0,0
2116,267260,2024,KOSPI,244,244,244,0,0,0,0
2116,267260,2025,KOSPI,242,242,242,0,0,0,0
2116,267260,2026,KOSPI,166,166,166,0,0,0,0
2117,267270,2017,KOSPI,158,158,158,0,0,0,0
2117,267270,2018,KOSPI,244,244,244,0,0,0,0
2117,267270,2019,KOSPI,246,246,246,0,0,0,0
2117,267270,2020,KOSPI,248,248,248,0,0,0,0
2117,267270,2021,KOSPI,248,248,248,0,0,0,0
2117,267270,2022,KOSPI,246,246,246,0,0,0,0
2117,267270,2023,KOSPI,245,245,245,0,0,0,0
2117,267270,2024,KOSPI,244,244,244,0,0,0,0
2117,267270,2025,KOSPI,242,242,242,0,0,0,0
2117,267270,2026,KOSPI,166,166,166,0,0,0,0
2118,267290,2017,KOSPI,156,156,156,0,0,0,0
2118,267290,2018,KOSPI,244,244,244,0,0,0,0
2118,267290,2019,KOSPI,246,246,246,0,0,0,0
2118,267290,2020,KOSPI,248,248,248,0,0,0,0
2118,267290,2021,KOSPI,248,248,248,0,0,0,0
2118,267290,2022,KOSPI,246,246,246,0,0,0,0
2118,267290,2023,KOSPI,245,245,245,0,0,0,0
2118,267290,2024,KOSPI,244,244,244,0,0,0,0
2118,267290,2025,KOSPI,242,242,242,0,0,0,0
2118,267290,2026,KOSPI,166,166,166,0,0,0,0
2119,267320,2017,KOSDAQ,128,128,128,0,0,0,0
2119,267320,2018,KOSDAQ,244,244,244,0,0,0,0
2119,267320,2019,KOSDAQ,246,246,246,0,0,0,0
2119,267320,2020,KOSDAQ,248,248,248,0,0,0,0
2119,267320,2021,KOSDAQ,248,248,248,0,0,0,0
2119,267320,2022,KOSDAQ,246,246,246,0,0,0,0
2119,267320,2023,KOSDAQ,245,245,245,0,0,0,0
2119,267320,2024,KOSDAQ,244,244,244,0,0,0,0
2119,267320,2025,KOSDAQ,242,242,242,0,0,0,0
2119,267320,2026,KOSDAQ,166,166,166,0,0,0,0
2120,267790,2018,KOSDAQ,222,222,222,0,0,0,0
2120,267790,2019,KOSDAQ,246,246,246,0,0,0,0
2120,267790,2020,KOSDAQ,248,248,248,0,0,0,0
2120,267790,2021,KOSDAQ,248,248,248,0,0,0,0
2120,267790,2022,KOSDAQ,246,246,246,0,0,0,0
2120,267790,2023,KOSDAQ,245,245,245,0,0,0,0
2120,267790,2024,KOSDAQ,244,244,244,0,0,0,0
2120,267790,2025,KOSDAQ,242,242,242,0,0,0,0
2120,267790,2026,KOSDAQ,166,166,166,0,0,0,0
2121,267850,2018,KOSPI,25,25,25,0,0,0,0
2121,267850,2019,KOSPI,246,246,246,0,0,0,0
2121,267850,2020,KOSPI,248,248,248,0,0,0,0
2121,267850,2021,KOSPI,248,248,248,0,0,0,0
2121,267850,2022,KOSPI,246,246,246,0,0,0,0
2121,267850,2023,KOSPI,245,245,245,0,0,0,0
2121,267850,2024,KOSPI,244,244,244,0,0,0,0
2121,267850,2025,KOSPI,242,242,242,0,0,0,0
2121,267850,2026,KOSPI,166,166,166,0,0,0,0
2122,267980,2017,KOSDAQ,140,140,140,0,0,0,0
2122,267980,2018,KOSDAQ,244,244,244,0,0,0,0
2122,267980,2019,KOSDAQ,246,246,246,0,0,0,0
2122,267980,2020,KOSDAQ,248,248,248,0,0,0,0
2122,267980,2021,KOSDAQ,248,248,248,0,0,0,0
2122,267980,2022,KOSDAQ,246,246,246,0,0,0,0
2122,267980,2023,KOSDAQ,245,245,245,0,0,0,0
2122,267980,2024,KOSDAQ,244,244,244,0,0,0,0
2122,267980,2025,KOSDAQ,242,242,242,0,0,0,0
2122,267980,2026,KOSDAQ,166,166,166,0,0,0,0
2123,268280,2017,KOSPI,150,150,150,0,0,0,0
2123,268280,2018,KOSPI,244,244,244,0,0,0,0
2123,268280,2019,KOSPI,246,246,246,0,0,0,0
2123,268280,2020,KOSPI,248,248,248,0,0,0,0
2123,268280,2021,KOSPI,248,248,248,0,0,0,0
2123,268280,2022,KOSPI,246,246,246,0,0,0,0
2123,268280,2023,KOSPI,245,245,245,0,0,0,0
2123,268280,2024,KOSPI,244,244,244,0,0,0,0
2123,268280,2025,KOSPI,242,242,242,0,0,0,0
2123,268280,2026,KOSPI,166,166,166,0,0,0,0
2125,270520,2017,KOSDAQ,86,86,86,0,0,0,0
2125,270520,2018,KOSDAQ,244,244,244,0,0,0,0
2125,270520,2019,KOSDAQ,246,246,246,0,0,0,0
2125,270520,2020,KOSDAQ,248,248,248,0,0,0,0
2125,270520,2021,KOSDAQ,248,248,248,0,0,0,0
2125,270520,2022,KOSDAQ,246,246,246,0,0,0,0
2125,270520,2023,KOSDAQ,245,245,245,0,0,0,0
2125,270520,2024,KOSDAQ,244,244,244,0,0,0,0
2125,270520,2025,KOSDAQ,242,242,242,0,0,0,0
2125,270520,2026,KOSDAQ,166,166,166,0,0,0,0
2126,270660,2021,KOSDAQ,106,106,106,0,0,0,0
2126,270660,2022,KOSDAQ,246,246,246,0,0,0,0
2126,270660,2023,KOSDAQ,245,245,245,0,0,0,0
2126,270660,2024,KOSDAQ,244,244,244,0,0,0,0
2126,270660,2025,KOSDAQ,242,242,242,0,0,0,0
2126,270660,2026,KOSDAQ,166,166,166,0,0,0,0
2127,270870,2018,KOSDAQ,11,11,11,0,0,0,0
2127,270870,2019,KOSDAQ,246,246,246,0,0,0,0
2127,270870,2020,KOSDAQ,248,248,248,0,0,0,0
2127,270870,2021,KOSDAQ,248,248,248,0,0,0,0
2127,270870,2022,KOSDAQ,246,246,246,0,0,0,0
2127,270870,2023,KOSDAQ,245,245,245,0,0,0,0
2127,270870,2024,KOSDAQ,244,244,244,0,0,0,0
2127,270870,2025,KOSDAQ,242,242,242,0,0,0,0
2127,270870,2026,KOSDAQ,166,166,166,0,0,0,0
2128,271560,2017,KOSPI,117,117,117,0,0,0,0
2128,271560,2018,KOSPI,244,244,244,0,0,0,0
2128,271560,2019,KOSPI,246,246,246,0,0,0,0
2128,271560,2020,KOSPI,248,248,248,0,0,0,0
2128,271560,2021,KOSPI,248,248,248,0,0,0,0
2128,271560,2022,KOSPI,246,246,246,0,0,0,0
2128,271560,2023,KOSPI,245,245,245,0,0,0,0
2128,271560,2024,KOSPI,244,244,244,0,0,0,0
2128,271560,2025,KOSPI,242,242,242,0,0,0,0
2128,271560,2026,KOSPI,166,166,166,0,0,0,0
2129,271830,2023,KOSDAQ,149,149,149,0,0,0,0
2129,271830,2024,KOSDAQ,244,244,244,0,0,0,0
2129,271830,2025,KOSDAQ,242,242,242,0,0,0,0
2129,271830,2026,KOSDAQ,166,166,166,0,0,0,0
2130,271940,2021,KOSPI,82,82,82,0,0,0,0
2130,271940,2022,KOSPI,246,246,246,0,0,0,0
2130,271940,2023,KOSPI,245,245,245,0,0,0,0
2130,271940,2024,KOSPI,244,244,244,0,0,0,0
2130,271940,2025,KOSPI,242,242,242,0,0,0,0
2130,271940,2026,KOSPI,166,166,166,0,0,0,0
2131,271980,2017,KOSPI,111,111,111,0,0,0,0
2131,271980,2018,KOSPI,244,244,244,0,0,0,0
2131,271980,2019,KOSPI,246,246,246,0,0,0,0
2131,271980,2020,KOSPI,248,248,248,0,0,0,0
2131,271980,2021,KOSPI,248,248,248,0,0,0,0
2131,271980,2022,KOSPI,246,246,246,0,0,0,0
2131,271980,2023,KOSPI,245,245,245,0,0,0,0
2131,271980,2024,KOSPI,244,244,244,0,0,0,0
2131,271980,2025,KOSPI,242,242,242,0,0,0,0
2131,271980,2026,KOSPI,166,166,166,0,0,0,0
2132,272110,2019,KOSDAQ,46,46,46,0,0,0,0
2132,272110,2020,KOSDAQ,248,248,248,0,0,0,0
2132,272110,2021,KOSDAQ,248,248,248,0,0,0,0
2132,272110,2022,KOSDAQ,246,246,246,0,0,0,0
2132,272110,2023,KOSDAQ,245,245,245,0,0,0,0
2132,272110,2024,KOSDAQ,244,244,244,0,0,0,0
2132,272110,2025,KOSDAQ,242,242,242,0,0,0,0
2132,272110,2026,KOSDAQ,166,166,166,0,0,0,0
2133,272210,2019,KOSPI,33,33,33,0,0,0,0
2133,272210,2020,KOSPI,248,248,248,0,0,0,0
2133,272210,2021,KOSPI,248,248,248,0,0,0,0
2133,272210,2022,KOSPI,246,246,246,0,0,0,0
2133,272210,2023,KOSPI,245,245,245,0,0,0,0
2133,272210,2024,KOSPI,244,244,244,0,0,0,0
2133,272210,2025,KOSPI,242,242,242,0,0,0,0
2133,272210,2026,KOSPI,166,166,166,0,0,0,0
2134,272290,2017,KOSDAQ,116,116,116,0,0,0,0
2134,272290,2018,KOSDAQ,244,244,244,0,0,0,0
2134,272290,2019,KOSDAQ,246,246,246,0,0,0,0
2134,272290,2020,KOSDAQ,248,248,248,0,0,0,0
2134,272290,2021,KOSDAQ,248,248,248,0,0,0,0
2134,272290,2022,KOSDAQ,246,246,246,0,0,0,0
2134,272290,2023,KOSDAQ,245,245,245,0,0,0,0
2134,272290,2024,KOSDAQ,244,244,244,0,0,0,0
2134,272290,2025,KOSDAQ,242,242,242,0,0,0,0
2134,272290,2026,KOSDAQ,166,166,166,0,0,0,0
2135,272450,2017,KOSPI,14,14,14,0,0,0,0
2135,272450,2018,KOSPI,244,244,244,0,0,0,0
2135,272450,2019,KOSPI,246,246,246,0,0,0,0
2135,272450,2020,KOSPI,248,248,248,0,0,0,0
2135,272450,2021,KOSPI,248,248,248,0,0,0,0
2135,272450,2022,KOSPI,246,246,246,0,0,0,0
2135,272450,2023,KOSPI,245,245,245,0,0,0,0
2135,272450,2024,KOSPI,244,244,244,0,0,0,0
2135,272450,2025,KOSPI,242,242,242,0,0,0,0
2135,272450,2026,KOSPI,166,166,166,0,0,0,0
2136,272550,2017,KOSPI,21,21,21,0,0,0,0
2136,272550,2018,KOSPI,244,244,244,0,0,0,0
2136,272550,2019,KOSPI,246,246,246,0,0,0,0
2136,272550,2020,KOSPI,248,248,248,0,0,0,0
2136,272550,2021,KOSPI,248,248,248,0,0,0,0
2136,272550,2022,KOSPI,246,246,246,0,0,0,0
2136,272550,2023,KOSPI,245,245,245,0,0,0,0
2136,272550,2024,KOSPI,244,244,244,0,0,0,0
2136,272550,2025,KOSPI,242,242,242,0,0,0,0
2136,272550,2026,KOSPI,166,166,166,0,0,0,0
2137,273060,2017,KOSDAQ,96,96,96,0,0,0,0
2137,273060,2018,KOSDAQ,244,244,244,0,0,0,0
2137,273060,2019,KOSDAQ,246,246,246,0,0,0,0
2137,273060,2020,KOSDAQ,248,248,248,0,0,0,0
2137,273060,2021,KOSDAQ,248,248,248,0,0,0,0
2137,273060,2022,KOSDAQ,246,246,246,0,0,0,0
2137,273060,2023,KOSDAQ,245,245,245,0,0,0,0
2137,273060,2024,KOSDAQ,244,244,244,0,0,0,0
2137,273060,2025,KOSDAQ,242,242,242,0,0,0,0
2137,273060,2026,KOSDAQ,166,166,166,0,0,0,0
2138,273640,2021,KOSDAQ,75,75,75,0,0,0,0
2138,273640,2022,KOSDAQ,246,246,246,0,0,0,0
2138,273640,2023,KOSDAQ,245,245,245,0,0,0,0
2138,273640,2024,KOSDAQ,244,244,244,0,0,0,0
2138,273640,2025,KOSDAQ,242,242,242,0,0,0,0
2138,273640,2026,KOSDAQ,166,166,166,0,0,0,0
2139,274090,2020,KOSDAQ,207,207,207,0,0,0,0
2139,274090,2021,KOSDAQ,248,248,248,0,0,0,0
2139,274090,2022,KOSDAQ,246,246,246,0,0,0,0
2139,274090,2023,KOSDAQ,245,245,245,0,0,0,0
2139,274090,2024,KOSDAQ,244,244,244,0,0,0,0
2139,274090,2025,KOSDAQ,242,242,242,0,0,0,0
2139,274090,2026,KOSDAQ,166,166,166,0,0,0,0
2140,274400,2023,KOSDAQ,119,119,119,0,0,0,0
2140,274400,2024,KOSDAQ,244,244,244,0,0,0,0
2140,274400,2025,KOSDAQ,242,242,242,0,0,0,0
2140,274400,2026,KOSDAQ,166,166,166,0,0,0,0
2141,275630,2018,KOSDAQ,98,98,98,0,0,0,0
2141,275630,2019,KOSDAQ,246,246,246,0,0,0,0
2141,275630,2020,KOSDAQ,248,248,248,0,0,0,0
2141,275630,2021,KOSDAQ,248,248,248,0,0,0,0
2141,275630,2022,KOSDAQ,246,246,246,0,0,0,0
2141,275630,2023,KOSDAQ,245,245,245,0,0,0,0
2141,275630,2024,KOSDAQ,244,244,244,0,0,0,0
2141,275630,2025,KOSDAQ,242,242,242,0,0,0,0
2141,275630,2026,KOSDAQ,166,166,166,0,0,0,0
2142,276040,2022,KOSDAQ,225,225,225,0,0,0,0
2142,276040,2023,KOSDAQ,245,245,245,0,0,0,0
2142,276040,2024,KOSDAQ,244,244,244,0,0,0,0
2142,276040,2025,KOSDAQ,242,242,242,0,0,0,0
2142,276040,2026,KOSDAQ,166,166,166,0,0,0,0
2143,276730,2021,KOSDAQ,151,151,151,0,0,0,0
2143,276730,2022,KOSDAQ,246,246,246,0,0,0,0
2143,276730,2023,KOSDAQ,245,245,245,0,0,0,0
2143,276730,2024,KOSDAQ,244,244,244,0,0,0,0
2143,276730,2025,KOSDAQ,242,242,242,0,0,0,0
2143,276730,2026,KOSDAQ,166,166,166,0,0,0,0
2144,277070,2018,KOSDAQ,196,196,196,0,0,0,0
2144,277070,2019,KOSDAQ,246,246,246,0,0,0,0
2144,277070,2020,KOSDAQ,248,248,248,0,0,0,0
2144,277070,2021,KOSDAQ,248,248,248,0,0,0,0
2144,277070,2022,KOSDAQ,246,246,246,0,0,0,0
2144,277070,2023,KOSDAQ,245,245,245,0,0,0,0
2144,277070,2024,KOSDAQ,244,244,244,0,0,0,0
2144,277070,2025,KOSDAQ,242,242,242,0,0,0,0
2144,277070,2026,KOSDAQ,166,166,166,0,0,0,0
2145,277410,2017,KOSDAQ,58,58,58,0,0,0,0
2145,277410,2018,KOSDAQ,244,244,244,0,0,0,0
2145,277410,2019,KOSDAQ,246,246,246,0,0,0,0
2145,277410,2020,KOSDAQ,248,248,248,0,0,0,0
2145,277410,2021,KOSDAQ,248,248,248,0,0,0,0
2145,277410,2022,KOSDAQ,246,246,246,0,0,0,0
2145,277410,2023,KOSDAQ,245,245,245,0,0,0,0
2145,277410,2024,KOSDAQ,244,244,244,0,0,0,0
2145,277410,2025,KOSDAQ,242,242,242,0,0,0,0
2145,277410,2026,KOSDAQ,166,166,166,0,0,0,0
2146,277810,2021,KOSDAQ,226,226,226,0,0,0,0
2146,277810,2022,KOSDAQ,246,246,246,0,0,0,0
2146,277810,2023,KOSDAQ,245,245,245,0,0,0,0
2146,277810,2024,KOSDAQ,244,244,244,0,0,0,0
2146,277810,2025,KOSDAQ,242,242,242,0,0,0,0
2146,277810,2026,KOSDAQ,166,166,166,0,0,0,0
2147,277880,2020,KOSDAQ,110,110,110,0,0,0,0
2147,277880,2021,KOSDAQ,248,248,248,0,0,0,0
2147,277880,2022,KOSDAQ,246,246,246,0,0,0,0
2147,277880,2023,KOSDAQ,245,245,245,0,0,0,0
2147,277880,2024,KOSDAQ,244,244,244,0,0,0,0
2147,277880,2025,KOSDAQ,242,242,242,0,0,0,0
2147,277880,2026,KOSDAQ,166,166,166,0,0,0,0
2148,278280,2019,KOSDAQ,221,221,221,0,0,0,0
2148,278280,2020,KOSDAQ,248,248,248,0,0,0,0
2148,278280,2021,KOSDAQ,248,248,248,0,0,0,0
2148,278280,2022,KOSDAQ,246,246,246,0,0,0,0
2148,278280,2023,KOSDAQ,245,245,245,0,0,0,0
2148,278280,2024,KOSDAQ,244,244,244,0,0,0,0
2148,278280,2025,KOSDAQ,242,242,242,0,0,0,0
2148,278280,2026,KOSDAQ,166,166,166,0,0,0,0
2149,278470,2024,KOSPI,206,206,206,0,0,0,0
2149,278470,2025,KOSPI,242,242,242,0,0,0,0
2149,278470,2026,KOSPI,166,166,166,0,0,0,0
2150,278650,2019,KOSDAQ,23,23,23,0,0,0,0
2150,278650,2020,KOSDAQ,248,248,248,0,0,0,0
2150,278650,2021,KOSDAQ,248,248,248,0,0,0,0
2150,278650,2022,KOSDAQ,246,246,246,0,0,0,0
2150,278650,2023,KOSDAQ,245,245,245,0,0,0,0
2150,278650,2024,KOSDAQ,244,244,244,0,0,0,0
2150,278650,2025,KOSDAQ,242,242,242,0,0,0,0
2150,278650,2026,KOSDAQ,166,166,166,0,0,0,0
2151,279570,2026,KOSPI,126,126,126,0,0,0,0
2152,279600,2019,KOSDAQ,39,39,39,0,0,0,0
2152,279600,2020,KOSDAQ,248,248,248,0,0,0,0
2152,279600,2021,KOSDAQ,248,248,248,0,0,0,0
2152,279600,2022,KOSDAQ,246,246,246,0,0,0,0
2152,279600,2023,KOSDAQ,245,245,245,0,0,0,0
2152,279600,2024,KOSDAQ,244,244,244,0,0,0,0
2152,279600,2025,KOSDAQ,242,242,242,0,0,0,0
2152,279600,2026,KOSDAQ,166,166,166,0,0,0,0
2153,280360,2017,KOSPI,43,43,43,0,0,0,0
2153,280360,2018,KOSPI,244,244,244,0,0,0,0
2153,280360,2019,KOSPI,246,246,246,0,0,0,0
2153,280360,2020,KOSPI,248,248,248,0,0,0,0
2153,280360,2021,KOSPI,248,248,248,0,0,0,0
2153,280360,2022,KOSPI,246,246,246,0,0,0,0
2153,280360,2023,KOSPI,245,245,245,0,0,0,0
2153,280360,2024,KOSPI,244,244,244,0,0,0,0
2153,280360,2025,KOSPI,242,242,242,0,0,0,0
2153,280360,2026,KOSPI,166,166,166,0,0,0,0
2154,281740,2017,KOSDAQ,12,12,12,0,0,0,0
2154,281740,2018,KOSDAQ,244,244,244,0,0,0,0
2154,281740,2019,KOSDAQ,246,246,246,0,0,0,0
2154,281740,2020,KOSDAQ,248,248,248,0,0,0,0
2154,281740,2021,KOSDAQ,248,248,248,0,0,0,0
2154,281740,2022,KOSDAQ,246,246,246,0,0,0,0
2154,281740,2023,KOSDAQ,245,245,245,0,0,0,0
2154,281740,2024,KOSDAQ,244,244,244,0,0,0,0
2154,281740,2025,KOSDAQ,242,242,242,0,0,0,0
2154,281740,2026,KOSDAQ,166,166,166,0,0,0,0
2155,281820,2017,KOSPI,17,17,17,0,0,0,0
2155,281820,2018,KOSPI,244,244,244,0,0,0,0
2155,281820,2019,KOSPI,246,246,246,0,0,0,0
2155,281820,2020,KOSPI,248,248,248,0,0,0,0
2155,281820,2021,KOSPI,248,248,248,0,0,0,0
2155,281820,2022,KOSPI,246,246,246,0,0,0,0
2155,281820,2023,KOSPI,245,245,245,0,0,0,0
2155,281820,2024,KOSPI,244,244,244,0,0,0,0
2155,281820,2025,KOSPI,242,242,242,0,0,0,0
2155,281820,2026,KOSPI,166,166,166,0,0,0,0
2156,282330,2017,KOSPI,14,14,14,0,0,0,0
2156,282330,2018,KOSPI,244,244,244,0,0,0,0
2156,282330,2019,KOSPI,246,246,246,0,0,0,0
2156,282330,2020,KOSPI,248,248,248,0,0,0,0
2156,282330,2021,KOSPI,248,248,248,0,0,0,0
2156,282330,2022,KOSPI,246,246,246,0,0,0,0
2156,282330,2023,KOSPI,245,245,245,0,0,0,0
2156,282330,2024,KOSPI,244,244,244,0,0,0,0
2156,282330,2025,KOSPI,242,242,242,0,0,0,0
2156,282330,2026,KOSPI,166,166,166,0,0,0,0
2157,282720,2023,KOSDAQ,198,198,198,0,0,0,0
2157,282720,2024,KOSDAQ,244,244,244,0,0,0,0
2157,282720,2025,KOSDAQ,242,242,242,0,0,0,0
2157,282720,2026,KOSDAQ,166,166,166,0,0,0,0
2158,282880,2019,KOSDAQ,100,100,100,0,0,0,0
2158,282880,2020,KOSDAQ,248,248,248,0,0,0,0
2158,282880,2021,KOSDAQ,248,248,248,0,0,0,0
2158,282880,2022,KOSDAQ,246,246,246,0,0,0,0
2158,282880,2023,KOSDAQ,245,245,245,0,0,0,0
2158,282880,2024,KOSDAQ,244,244,244,0,0,0,0
2158,282880,2025,KOSDAQ,242,242,242,0,0,0,0
2158,282880,2026,KOSDAQ,166,166,166,0,0,0,0
2159,284620,2018,KOSDAQ,138,138,138,0,0,0,0
2159,284620,2019,KOSDAQ,246,246,246,0,0,0,0
2159,284620,2020,KOSDAQ,248,248,248,0,0,0,0
2159,284620,2021,KOSDAQ,248,248,248,0,0,0,0
2159,284620,2022,KOSDAQ,246,246,246,0,0,0,0
2159,284620,2023,KOSDAQ,245,245,245,0,0,0,0
2159,284620,2024,KOSDAQ,244,244,244,0,0,0,0
2159,284620,2025,KOSDAQ,242,242,242,0,0,0,0
2159,284620,2026,KOSDAQ,166,166,166,0,0,0,0
2160,284740,2018,KOSPI,237,237,237,0,0,0,0
2160,284740,2019,KOSPI,246,246,246,0,0,0,0
2160,284740,2020,KOSPI,248,248,248,0,0,0,0
2160,284740,2021,KOSPI,248,248,248,0,0,0,0
2160,284740,2022,KOSPI,246,246,246,0,0,0,0
2160,284740,2023,KOSPI,245,245,245,0,0,0,0
2160,284740,2024,KOSPI,244,244,244,0,0,0,0
2160,284740,2025,KOSPI,242,242,242,0,0,0,0
2160,284740,2026,KOSPI,166,166,166,0,0,0,0
2161,285130,2018,KOSPI,241,241,241,0,0,0,0
2161,285130,2019,KOSPI,246,246,246,0,0,0,0
2161,285130,2020,KOSPI,248,248,248,0,0,0,0
2161,285130,2021,KOSPI,248,248,248,0,0,0,0
2161,285130,2022,KOSPI,246,246,246,0,0,0,0
2161,285130,2023,KOSPI,245,245,245,0,0,0,0
2161,285130,2024,KOSPI,244,244,244,0,0,0,0
2161,285130,2025,KOSPI,242,242,242,0,0,0,0
2161,285130,2026,KOSPI,166,166,166,0,0,0,0
2163,285490,2018,KOSDAQ,40,40,40,0,0,0,0
2163,285490,2019,KOSDAQ,246,246,246,0,0,0,0
2163,285490,2020,KOSDAQ,248,248,248,0,0,0,0
2163,285490,2021,KOSDAQ,248,248,248,0,0,0,0
2163,285490,2022,KOSDAQ,246,246,246,0,0,0,0
2163,285490,2023,KOSDAQ,245,245,245,0,0,0,0
2163,285490,2024,KOSDAQ,244,244,244,0,0,0,0
2163,285490,2025,KOSDAQ,242,242,242,0,0,0,0
2163,285490,2026,KOSDAQ,166,166,166,0,0,0,0
2164,285800,2023,KOSDAQ,143,143,143,0,0,0,0
2164,285800,2024,KOSDAQ,244,244,244,0,0,0,0
2164,285800,2025,KOSDAQ,242,242,242,0,0,0,0
2164,285800,2026,KOSDAQ,166,166,166,0,0,0,0
2165,286750,2019,KOSDAQ,91,91,91,0,0,0,0
2165,286750,2020,KOSDAQ,248,248,248,0,0,0,0
2165,286750,2021,KOSDAQ,248,248,248,0,0,0,0
2165,286750,2022,KOSDAQ,246,246,246,0,0,0,0
2165,286750,2023,KOSDAQ,245,245,245,0,0,0,0
2165,286750,2024,KOSDAQ,244,244,244,0,0,0,0
2165,286750,2025,KOSDAQ,242,242,242,0,0,0,0
2165,286750,2026,KOSDAQ,166,166,166,0,0,0,0
2166,286940,2018,KOSPI,104,104,104,0,0,0,0
2166,286940,2019,KOSPI,246,246,246,0,0,0,0
2166,286940,2020,KOSPI,248,248,248,0,0,0,0
2166,286940,2021,KOSPI,248,248,248,0,0,0,0
2166,286940,2022,KOSPI,246,246,246,0,0,0,0
2166,286940,2023,KOSPI,245,245,245,0,0,0,0
2166,286940,2024,KOSPI,244,244,244,0,0,0,0
2166,286940,2025,KOSPI,242,242,242,0,0,0,0
2166,286940,2026,KOSPI,166,166,166,0,0,0,0
2167,287840,2025,KOSDAQ,149,149,149,0,0,0,0
2167,287840,2026,KOSDAQ,166,166,166,0,0,0,0
2168,288180,2026,KOSDAQ,75,75,75,0,0,0,0
2169,288330,2019,KOSDAQ,6,6,6,0,0,0,0
2169,288330,2020,KOSDAQ,248,248,248,0,0,0,0
2169,288330,2021,KOSDAQ,248,248,248,0,0,0,0
2169,288330,2022,KOSDAQ,246,246,246,0,0,0,0
2169,288330,2023,KOSDAQ,245,245,245,0,0,0,0
2169,288330,2024,KOSDAQ,244,244,244,0,0,0,0
2169,288330,2025,KOSDAQ,242,242,242,0,0,0,0
2169,288330,2026,KOSDAQ,166,166,166,0,0,0,0
2170,288620,2018,KOSDAQ,54,54,54,0,0,0,0
2170,288620,2019,KOSDAQ,246,246,246,0,0,0,0
2170,288620,2020,KOSDAQ,248,248,248,0,0,0,0
2170,288620,2021,KOSDAQ,248,248,248,0,0,0,0
2170,288620,2022,KOSDAQ,246,246,246,0,0,0,0
2170,288620,2023,KOSDAQ,245,245,245,0,0,0,0
2170,288620,2024,KOSDAQ,244,244,244,0,0,0,0
2170,288620,2025,KOSDAQ,242,242,242,0,0,0,0
2170,288620,2026,KOSDAQ,166,166,166,0,0,0,0
2171,288980,2022,KOSDAQ,203,203,203,0,0,0,0
2171,288980,2023,KOSDAQ,245,245,245,0,0,0,0
2171,288980,2024,KOSDAQ,244,244,244,0,0,0,0
2171,288980,2025,KOSDAQ,242,242,242,0,0,0,0
2171,288980,2026,KOSDAQ,166,166,166,0,0,0,0
2172,289010,2019,KOSDAQ,117,117,117,0,0,0,0
2172,289010,2020,KOSDAQ,248,248,248,0,0,0,0
2172,289010,2021,KOSDAQ,248,248,248,0,0,0,0
2172,289010,2022,KOSDAQ,246,246,246,0,0,0,0
2172,289010,2023,KOSDAQ,245,245,245,0,0,0,0
2172,289010,2024,KOSDAQ,244,244,244,0,0,0,0
2172,289010,2025,KOSDAQ,242,242,242,0,0,0,0
2172,289010,2026,KOSDAQ,166,166,166,0,0,0,0
2173,289080,2018,KOSDAQ,119,119,119,0,0,0,0
2173,289080,2019,KOSDAQ,246,246,246,0,0,0,0
2173,289080,2020,KOSDAQ,248,248,248,0,0,0,0
2173,289080,2021,KOSDAQ,248,248,248,0,0,0,0
2173,289080,2022,KOSDAQ,246,246,246,0,0,0,0
2173,289080,2023,KOSDAQ,245,245,245,0,0,0,0
2173,289080,2024,KOSDAQ,244,244,244,0,0,0,0
2173,289080,2025,KOSDAQ,242,242,242,0,0,0,0
2173,289080,2026,KOSDAQ,166,166,166,0,0,0,0
2174,289220,2021,KOSDAQ,194,194,194,0,0,0,0
2174,289220,2022,KOSDAQ,246,246,246,0,0,0,0
2174,289220,2023,KOSDAQ,245,245,245,0,0,0,0
2174,289220,2024,KOSDAQ,244,244,244,0,0,0,0
2174,289220,2025,KOSDAQ,242,242,242,0,0,0,0
2174,289220,2026,KOSDAQ,166,166,166,0,0,0,0
2175,289930,2024,KOSDAQ,46,46,46,0,0,0,0
2175,289930,2025,KOSDAQ,242,242,242,0,0,0,0
2175,289930,2026,KOSDAQ,166,166,166,0,0,0,0
2176,290090,2021,KOSDAQ,32,32,32,0,0,0,0
2176,290090,2022,KOSDAQ,246,246,246,0,0,0,0
2176,290090,2023,KOSDAQ,245,245,245,0,0,0,0
2176,290090,2024,KOSDAQ,244,244,244,0,0,0,0
2176,290090,2025,KOSDAQ,242,242,242,0,0,0,0
2176,290090,2026,KOSDAQ,166,166,166,0,0,0,0
2177,290120,2018,KOSDAQ,15,15,15,0,0,0,0
2177,290120,2019,KOSDAQ,246,246,246,0,0,0,0
2177,290120,2020,KOSDAQ,248,248,248,0,0,0,0
2177,290120,2021,KOSDAQ,248,248,248,0,0,0,0
2177,290120,2022,KOSDAQ,246,246,246,0,0,0,0
2177,290120,2023,KOSDAQ,245,245,245,0,0,0,0
2177,290120,2024,KOSDAQ,244,244,244,0,0,0,0
2177,290120,2025,KOSDAQ,242,242,242,0,0,0,0
2177,290120,2026,KOSDAQ,166,166,166,0,0,0,0
2178,290270,2018,KOSDAQ,100,100,100,0,0,0,0
2178,290270,2019,KOSDAQ,246,246,246,0,0,0,0
2178,290270,2020,KOSDAQ,248,248,248,0,0,0,0
2178,290270,2021,KOSDAQ,248,248,248,0,0,0,0
2178,290270,2022,KOSDAQ,246,246,246,0,0,0,0
2178,290270,2023,KOSDAQ,245,245,245,0,0,0,0
2178,290270,2024,KOSDAQ,244,244,244,0,0,0,0
2178,290270,2025,KOSDAQ,242,242,242,0,0,0,0
2178,290270,2026,KOSDAQ,166,166,166,0,0,0,0
2179,290520,2020,KOSDAQ,122,122,122,0,0,0,0
2179,290520,2021,KOSDAQ,248,248,248,0,0,0,0
2179,290520,2022,KOSDAQ,246,246,246,0,0,0,0
2179,290520,2023,KOSDAQ,245,245,245,0,0,0,0
2179,290520,2024,KOSDAQ,244,244,244,0,0,0,0
2179,290520,2025,KOSDAQ,242,242,242,0,0,0,0
2179,290520,2026,KOSDAQ,166,166,166,0,0,0,0
2180,290550,2018,KOSDAQ,5,5,5,0,0,0,0
2180,290550,2019,KOSDAQ,246,246,246,0,0,0,0
2180,290550,2020,KOSDAQ,248,248,248,0,0,0,0
2180,290550,2021,KOSDAQ,248,248,248,0,0,0,0
2180,290550,2022,KOSDAQ,246,246,246,0,0,0,0
2180,290550,2023,KOSDAQ,245,245,245,0,0,0,0
2180,290550,2024,KOSDAQ,244,244,244,0,0,0,0
2180,290550,2025,KOSDAQ,242,242,242,0,0,0,0
2180,290550,2026,KOSDAQ,166,166,166,0,0,0,0
2181,290560,2023,KOSDAQ,39,39,39,0,0,0,0
2181,290560,2024,KOSDAQ,244,244,244,0,0,0,0
2181,290560,2025,KOSDAQ,242,242,242,0,0,0,0
2181,290560,2026,KOSDAQ,166,166,166,0,0,0,0
2182,290650,2018,KOSDAQ,41,41,41,0,0,0,0
2182,290650,2019,KOSDAQ,246,246,246,0,0,0,0
2182,290650,2020,KOSDAQ,248,248,248,0,0,0,0
2182,290650,2021,KOSDAQ,248,248,248,0,0,0,0
2182,290650,2022,KOSDAQ,246,246,246,0,0,0,0
2182,290650,2023,KOSDAQ,245,245,245,0,0,0,0
2182,290650,2024,KOSDAQ,244,244,244,0,0,0,0
2182,290650,2025,KOSDAQ,242,242,242,0,0,0,0
2182,290650,2026,KOSDAQ,166,166,166,0,0,0,0
2183,290660,2018,KOSDAQ,22,22,22,0,0,0,0
2183,290660,2019,KOSDAQ,246,246,246,0,0,0,0
2183,290660,2020,KOSDAQ,248,248,248,0,0,0,0
2183,290660,2021,KOSDAQ,248,248,248,0,0,0,0
2183,290660,2022,KOSDAQ,246,246,246,0,0,0,0
2183,290660,2023,KOSDAQ,245,245,245,0,0,0,0
2183,290660,2024,KOSDAQ,244,244,244,0,0,0,0
2183,290660,2025,KOSDAQ,242,242,242,0,0,0,0
2183,290660,2026,KOSDAQ,166,166,166,0,0,0,0
2184,290670,2018,KOSDAQ,38,38,38,0,0,0,0
2184,290670,2019,KOSDAQ,246,246,246,0,0,0,0
2184,290670,2020,KOSDAQ,248,248,248,0,0,0,0
2184,290670,2021,KOSDAQ,248,248,248,0,0,0,0
2184,290670,2022,KOSDAQ,246,246,246,0,0,0,0
2184,290670,2023,KOSDAQ,245,245,245,0,0,0,0
2184,290670,2024,KOSDAQ,244,244,244,0,0,0,0
2184,290670,2025,KOSDAQ,242,242,242,0,0,0,0
2184,290670,2026,KOSDAQ,166,166,166,0,0,0,0
2185,290690,2020,KOSDAQ,38,38,38,0,0,0,0
2185,290690,2021,KOSDAQ,248,248,248,0,0,0,0
2185,290690,2022,KOSDAQ,246,246,246,0,0,0,0
2185,290690,2023,KOSDAQ,245,245,244,0,0,1,0
2185,290690,2024,KOSDAQ,244,244,243,0,0,1,0
2185,290690,2025,KOSDAQ,242,242,242,0,0,0,0
2185,290690,2026,KOSDAQ,166,166,166,0,0,0,0
2186,290720,2018,KOSDAQ,60,60,60,0,0,0,0
2186,290720,2019,KOSDAQ,246,246,246,0,0,0,0
2186,290720,2020,KOSDAQ,248,248,248,0,0,0,0
2186,290720,2021,KOSDAQ,248,248,248,0,0,0,0
2186,290720,2022,KOSDAQ,246,246,246,0,0,0,0
2186,290720,2023,KOSDAQ,245,245,245,0,0,0,0
2186,290720,2024,KOSDAQ,244,244,244,0,0,0,0
2186,290720,2025,KOSDAQ,242,242,242,0,0,0,0
2186,290720,2026,KOSDAQ,166,166,166,0,0,0,0
2187,290740,2018,KOSDAQ,83,83,83,0,0,0,0
2187,290740,2019,KOSDAQ,246,246,246,0,0,0,0
2187,290740,2020,KOSDAQ,248,248,248,0,0,0,0
2187,290740,2021,KOSDAQ,248,248,248,0,0,0,0
2187,290740,2022,KOSDAQ,246,246,246,0,0,0,0
2187,290740,2023,KOSDAQ,245,245,245,0,0,0,0
2187,290740,2024,KOSDAQ,244,244,244,0,0,0,0
2187,290740,2025,KOSDAQ,242,242,242,0,0,0,0
2187,290740,2026,KOSDAQ,166,166,166,0,0,0,0
2188,291230,2018,KOSDAQ,71,71,71,0,0,0,0
2188,291230,2019,KOSDAQ,246,246,246,0,0,0,0
2188,291230,2020,KOSDAQ,248,248,248,0,0,0,0
2188,291230,2021,KOSDAQ,248,248,248,0,0,0,0
2188,291230,2022,KOSDAQ,246,246,246,0,0,0,0
2188,291230,2023,KOSDAQ,245,245,245,0,0,0,0
2188,291230,2024,KOSDAQ,244,244,244,0,0,0,0
2188,291230,2025,KOSDAQ,242,242,242,0,0,0,0
2188,291230,2026,KOSDAQ,166,166,166,0,0,0,0
2189,291650,2020,KOSDAQ,71,71,71,0,0,0,0
2189,291650,2021,KOSDAQ,248,248,248,0,0,0,0
2189,291650,2022,KOSDAQ,246,246,246,0,0,0,0
2189,291650,2023,KOSDAQ,245,245,245,0,0,0,0
2189,291650,2024,KOSDAQ,244,244,243,0,0,1,0
2189,291650,2025,KOSDAQ,242,242,242,0,0,0,0
2189,291650,2026,KOSDAQ,166,166,166,0,0,0,0
2190,291810,2022,KOSDAQ,51,51,51,0,0,0,0
2190,291810,2023,KOSDAQ,245,245,245,0,0,0,0
2190,291810,2024,KOSDAQ,244,244,244,0,0,0,0
2190,291810,2025,KOSDAQ,242,242,242,0,0,0,0
2190,291810,2026,KOSDAQ,166,166,166,0,0,0,0
2191,293480,2018,KOSPI,61,61,61,0,0,0,0
2191,293480,2019,KOSPI,246,246,246,0,0,0,0
2191,293480,2020,KOSPI,248,248,248,0,0,0,0
2191,293480,2021,KOSPI,248,248,248,0,0,0,0
2191,293480,2022,KOSPI,246,246,246,0,0,0,0
2191,293480,2023,KOSPI,245,245,245,0,0,0,0
2191,293480,2024,KOSPI,244,244,244,0,0,0,0
2191,293480,2025,KOSPI,242,242,242,0,0,0,0
2191,293480,2026,KOSPI,166,166,166,0,0,0,0
2192,293490,2020,KOSDAQ,75,75,75,0,0,0,0
2192,293490,2021,KOSDAQ,248,248,248,0,0,0,0
2192,293490,2022,KOSDAQ,246,246,246,0,0,0,0
2192,293490,2023,KOSDAQ,245,245,245,0,0,0,0
2192,293490,2024,KOSDAQ,244,244,244,0,0,0,0
2192,293490,2025,KOSDAQ,242,242,242,0,0,0,0
2192,293490,2026,KOSDAQ,166,166,166,0,0,0,0
2193,293580,2018,KOSDAQ,60,60,60,0,0,0,0
2193,293580,2019,KOSDAQ,246,246,246,0,0,0,0
2193,293580,2020,KOSDAQ,248,248,248,0,0,0,0
2193,293580,2021,KOSDAQ,248,248,248,0,0,0,0
2193,293580,2022,KOSDAQ,246,246,246,0,0,0,0
2193,293580,2023,KOSDAQ,245,245,245,0,0,0,0
2193,293580,2024,KOSDAQ,244,244,244,0,0,0,0
2193,293580,2025,KOSDAQ,242,242,242,0,0,0,0
2193,293580,2026,KOSDAQ,166,166,166,0,0,0,0
2194,293780,2019,KOSDAQ,138,138,138,0,0,0,0
2194,293780,2020,KOSDAQ,248,248,248,0,0,0,0
2194,293780,2021,KOSDAQ,248,248,248,0,0,0,0
2194,293780,2022,KOSDAQ,246,246,246,0,0,0,0
2194,293780,2023,KOSDAQ,245,245,245,0,0,0,0
2194,293780,2024,KOSDAQ,244,244,244,0,0,0,0
2194,293780,2025,KOSDAQ,242,242,242,0,0,0,0
2194,293780,2026,KOSDAQ,166,166,166,0,0,0,0
2196,294090,2020,KOSDAQ,73,73,73,0,0,0,0
2196,294090,2021,KOSDAQ,248,248,248,0,0,0,0
2196,294090,2022,KOSDAQ,246,246,246,0,0,0,0
2196,294090,2023,KOSDAQ,245,245,244,0,0,1,0
2196,294090,2024,KOSDAQ,244,244,243,0,0,1,0
2196,294090,2025,KOSDAQ,242,242,242,0,0,0,0
2196,294090,2026,KOSDAQ,166,166,166,0,0,0,0
2197,294140,2020,KOSDAQ,209,209,209,0,0,0,0
2197,294140,2021,KOSDAQ,248,248,248,0,0,0,0
2197,294140,2022,KOSDAQ,246,246,246,0,0,0,0
2197,294140,2023,KOSDAQ,245,245,245,0,0,0,0
2197,294140,2024,KOSDAQ,244,244,244,0,0,0,0
2197,294140,2025,KOSDAQ,242,242,242,0,0,0,0
2197,294140,2026,KOSDAQ,166,166,166,0,0,0,0
2198,294570,2021,KOSDAQ,169,169,169,0,0,0,0
2198,294570,2022,KOSDAQ,246,246,246,0,0,0,0
2198,294570,2023,KOSDAQ,245,245,245,0,0,0,0
2198,294570,2024,KOSDAQ,244,244,244,0,0,0,0
2198,294570,2025,KOSDAQ,242,242,242,0,0,0,0
2198,294570,2026,KOSDAQ,166,166,166,0,0,0,0
2199,294630,2020,KOSDAQ,215,215,215,0,0,0,0
2199,294630,2021,KOSDAQ,248,248,248,0,0,0,0
2199,294630,2022,KOSDAQ,246,246,246,0,0,0,0
2199,294630,2023,KOSDAQ,245,245,245,0,0,0,0
2199,294630,2024,KOSDAQ,244,244,244,0,0,0,0
2199,294630,2025,KOSDAQ,242,242,242,0,0,0,0
2199,294630,2026,KOSDAQ,166,166,166,0,0,0,0
2200,294870,2018,KOSPI,136,136,136,0,0,0,0
2200,294870,2019,KOSPI,246,246,246,0,0,0,0
2200,294870,2020,KOSPI,248,248,248,0,0,0,0
2200,294870,2021,KOSPI,248,248,248,0,0,0,0
2200,294870,2022,KOSPI,246,246,246,0,0,0,0
2200,294870,2023,KOSPI,245,245,245,0,0,0,0
2200,294870,2024,KOSPI,244,244,244,0,0,0,0
2200,294870,2025,KOSPI,242,242,242,0,0,0,0
2200,294870,2026,KOSPI,166,166,166,0,0,0,0
2201,295310,2024,KOSDAQ,124,124,124,0,0,0,0
2201,295310,2025,KOSDAQ,242,242,242,0,0,0,0
2201,295310,2026,KOSDAQ,166,166,166,0,0,0,0
2202,296640,2022,KOSDAQ,59,59,59,0,0,0,0
2202,296640,2023,KOSDAQ,245,245,245,0,0,0,0
2202,296640,2024,KOSDAQ,244,244,244,0,0,0,0
2202,296640,2025,KOSDAQ,242,242,242,0,0,0,0
2202,296640,2026,KOSDAQ,166,166,166,0,0,0,0
2203,297090,2019,KOSDAQ,27,27,27,0,0,0,0
2203,297090,2020,KOSDAQ,248,248,248,0,0,0,0
2203,297090,2021,KOSDAQ,248,248,248,0,0,0,0
2203,297090,2022,KOSDAQ,246,246,246,0,0,0,0
2203,297090,2023,KOSDAQ,245,245,245,0,0,0,0
2203,297090,2024,KOSDAQ,244,244,244,0,0,0,0
2203,297090,2025,KOSDAQ,242,242,242,0,0,0,0
2203,297090,2026,KOSDAQ,166,166,166,0,0,0,0
2204,297570,2018,KOSDAQ,109,109,109,0,0,0,0
2204,297570,2019,KOSDAQ,246,246,246,0,0,0,0
2204,297570,2020,KOSDAQ,248,248,248,0,0,0,0
2204,297570,2021,KOSDAQ,248,248,248,0,0,0,0
2204,297570,2022,KOSDAQ,246,246,246,0,0,0,0
2204,297570,2023,KOSDAQ,245,245,245,0,0,0,0
2204,297570,2024,KOSDAQ,244,244,244,0,0,0,0
2204,297570,2025,KOSDAQ,242,242,242,0,0,0,0
2204,297570,2026,KOSDAQ,166,166,166,0,0,0,0
2205,297890,2020,KOSDAQ,132,132,132,0,0,0,0
2205,297890,2021,KOSDAQ,248,248,248,0,0,0,0
2205,297890,2022,KOSDAQ,246,246,246,0,0,0,0
2205,297890,2023,KOSDAQ,245,245,245,0,0,0,0
2205,297890,2024,KOSDAQ,244,244,244,0,0,0,0
2205,297890,2025,KOSDAQ,242,242,242,0,0,0,0
2205,297890,2026,KOSDAQ,166,166,166,0,0,0,0
2206,298000,2018,KOSPI,114,114,114,0,0,0,0
2206,298000,2019,KOSPI,246,246,246,0,0,0,0
2206,298000,2020,KOSPI,248,248,248,0,0,0,0
2206,298000,2021,KOSPI,248,248,248,0,0,0,0
2206,298000,2022,KOSPI,246,246,246,0,0,0,0
2206,298000,2023,KOSPI,245,245,245,0,0,0,0
2206,298000,2024,KOSPI,244,244,244,0,0,0,0
2206,298000,2025,KOSPI,242,242,242,0,0,0,0
2206,298000,2026,KOSPI,166,166,166,0,0,0,0
2207,298020,2018,KOSPI,114,114,114,0,0,0,0
2207,298020,2019,KOSPI,246,246,246,0,0,0,0
2207,298020,2020,KOSPI,248,248,248,0,0,0,0
2207,298020,2021,KOSPI,248,248,248,0,0,0,0
2207,298020,2022,KOSPI,246,246,246,0,0,0,0
2207,298020,2023,KOSPI,245,245,245,0,0,0,0
2207,298020,2024,KOSPI,244,244,244,0,0,0,0
2207,298020,2025,KOSPI,242,242,242,0,0,0,0
2207,298020,2026,KOSPI,166,166,166,0,0,0,0
2208,298040,2018,KOSPI,114,114,114,0,0,0,0
2208,298040,2019,KOSPI,246,246,246,0,0,0,0
2208,298040,2020,KOSPI,248,248,248,0,0,0,0
2208,298040,2021,KOSPI,248,248,248,0,0,0,0
2208,298040,2022,KOSPI,246,246,246,0,0,0,0
2208,298040,2023,KOSPI,245,245,245,0,0,0,0
2208,298040,2024,KOSPI,244,244,244,0,0,0,0
2208,298040,2025,KOSPI,242,242,242,0,0,0,0
2208,298040,2026,KOSPI,166,166,166,0,0,0,0
2209,298050,2018,KOSPI,114,114,114,0,0,0,0
2209,298050,2019,KOSPI,246,246,246,0,0,0,0
2209,298050,2020,KOSPI,248,248,248,0,0,0,0
2209,298050,2021,KOSPI,248,248,248,0,0,0,0
2209,298050,2022,KOSPI,246,246,246,0,0,0,0
2209,298050,2023,KOSPI,245,245,245,0,0,0,0
2209,298050,2024,KOSPI,244,244,244,0,0,0,0
2209,298050,2025,KOSPI,242,242,242,0,0,0,0
2209,298050,2026,KOSPI,166,166,166,0,0,0,0
2210,298060,2020,KOSDAQ,135,135,135,0,0,0,0
2210,298060,2021,KOSDAQ,248,248,248,0,0,0,0
2210,298060,2022,KOSDAQ,246,246,245,0,0,1,0
2210,298060,2023,KOSDAQ,245,245,245,0,0,0,0
2210,298060,2024,KOSDAQ,244,244,244,0,0,0,0
2210,298060,2025,KOSDAQ,242,242,242,0,0,0,0
2210,298060,2026,KOSDAQ,166,166,166,0,0,0,0
2211,298380,2018,KOSDAQ,7,7,7,0,0,0,0
2211,298380,2019,KOSDAQ,246,246,246,0,0,0,0
2211,298380,2020,KOSDAQ,248,248,248,0,0,0,0
2211,298380,2021,KOSDAQ,248,248,248,0,0,0,0
2211,298380,2022,KOSDAQ,246,246,246,0,0,0,0
2211,298380,2023,KOSDAQ,245,245,245,0,0,0,0
2211,298380,2024,KOSDAQ,244,244,244,0,0,0,0
2211,298380,2025,KOSDAQ,242,242,242,0,0,0,0
2211,298380,2026,KOSDAQ,166,166,166,0,0,0,0
2212,298540,2020,KOSDAQ,107,107,107,0,0,0,0
2212,298540,2021,KOSDAQ,248,248,248,0,0,0,0
2212,298540,2022,KOSDAQ,246,246,246,0,0,0,0
2212,298540,2023,KOSDAQ,245,245,245,0,0,0,0
2212,298540,2024,KOSDAQ,244,244,244,0,0,0,0
2212,298540,2025,KOSDAQ,242,242,242,0,0,0,0
2212,298540,2026,KOSDAQ,166,166,166,0,0,0,0
2213,298690,2018,KOSPI,2,2,2,0,0,0,0
2213,298690,2019,KOSPI,246,246,246,0,0,0,0
2213,298690,2020,KOSPI,248,248,248,0,0,0,0
2213,298690,2021,KOSPI,248,248,248,0,0,0,0
2213,298690,2022,KOSPI,246,246,246,0,0,0,0
2213,298690,2023,KOSPI,245,245,245,0,0,0,0
2213,298690,2024,KOSPI,244,244,244,0,0,0,0
2213,298690,2025,KOSPI,242,242,242,0,0,0,0
2213,298690,2026,KOSPI,166,166,166,0,0,0,0
2214,298830,2023,KOSDAQ,164,164,164,0,0,0,0
2214,298830,2024,KOSDAQ,244,244,244,0,0,0,0
2214,298830,2025,KOSDAQ,242,242,242,0,0,0,0
2214,298830,2026,KOSDAQ,166,166,166,0,0,0,0
2215,299030,2020,KOSDAQ,25,25,25,0,0,0,0
2215,299030,2021,KOSDAQ,248,248,248,0,0,0,0
2215,299030,2022,KOSDAQ,246,246,246,0,0,0,0
2215,299030,2023,KOSDAQ,245,245,245,0,0,0,0
2215,299030,2024,KOSDAQ,244,244,244,0,0,0,0
2215,299030,2025,KOSDAQ,242,242,242,0,0,0,0
2215,299030,2026,KOSDAQ,166,166,166,0,0,0,0
2216,299170,2018,KOSDAQ,65,65,65,0,0,0,0
2216,299170,2019,KOSDAQ,246,246,246,0,0,0,0
2216,299170,2020,KOSDAQ,248,248,248,0,0,0,0
2216,299170,2021,KOSDAQ,248,248,248,0,0,0,0
2216,299170,2022,KOSDAQ,246,246,246,0,0,0,0
2216,299170,2023,KOSDAQ,245,245,245,0,0,0,0
2216,299170,2024,KOSDAQ,244,244,244,0,0,0,0
2216,299170,2025,KOSDAQ,242,242,242,0,0,0,0
2216,299170,2026,KOSDAQ,166,166,166,0,0,0,0
2217,299660,2019,KOSDAQ,214,214,214,0,0,0,0
2217,299660,2020,KOSDAQ,248,248,247,0,0,1,0
2217,299660,2021,KOSDAQ,248,248,248,0,0,0,0
2217,299660,2022,KOSDAQ,246,246,246,0,0,0,0
2217,299660,2023,KOSDAQ,245,245,245,0,0,0,0
2217,299660,2024,KOSDAQ,244,244,244,0,0,0,0
2217,299660,2025,KOSDAQ,242,242,242,0,0,0,0
2217,299660,2026,KOSDAQ,166,166,166,0,0,0,0
2218,300080,2019,KOSDAQ,113,113,113,0,0,0,0
2218,300080,2020,KOSDAQ,248,248,248,0,0,0,0
2218,300080,2021,KOSDAQ,248,248,248,0,0,0,0
2218,300080,2022,KOSDAQ,246,246,246,0,0,0,0
2218,300080,2023,KOSDAQ,245,245,245,0,0,0,0
2218,300080,2024,KOSDAQ,244,244,243,0,0,1,0
2218,300080,2025,KOSDAQ,242,242,242,0,0,0,0
2218,300080,2026,KOSDAQ,166,166,166,0,0,0,0
2219,300120,2019,KOSDAQ,51,51,51,0,0,0,0
2219,300120,2020,KOSDAQ,248,248,248,0,0,0,0
2219,300120,2021,KOSDAQ,248,248,248,0,0,0,0
2219,300120,2022,KOSDAQ,246,246,246,0,0,0,0
2219,300120,2023,KOSDAQ,245,245,245,0,0,0,0
2219,300120,2024,KOSDAQ,244,244,244,0,0,0,0
2219,300120,2025,KOSDAQ,242,242,242,0,0,0,0
2219,300120,2026,KOSDAQ,166,166,166,0,0,0,0
2220,300720,2018,KOSPI,98,98,98,0,0,0,0
2220,300720,2019,KOSPI,246,246,246,0,0,0,0
2220,300720,2020,KOSPI,248,248,248,0,0,0,0
2220,300720,2021,KOSPI,248,248,248,0,0,0,0
2220,300720,2022,KOSPI,246,246,246,0,0,0,0
2220,300720,2023,KOSPI,245,245,245,0,0,0,0
2220,300720,2024,KOSPI,244,244,244,0,0,0,0
2220,300720,2025,KOSPI,242,242,242,0,0,0,0
2220,300720,2026,KOSPI,166,166,166,0,0,0,0
2221,301300,2020,KOSDAQ,45,45,45,0,0,0,0
2221,301300,2021,KOSDAQ,248,248,248,0,0,0,0
2221,301300,2022,KOSDAQ,246,246,246,0,0,0,0
2221,301300,2023,KOSDAQ,245,245,245,0,0,0,0
2221,301300,2024,KOSDAQ,244,244,244,0,0,0,0
2221,301300,2025,KOSDAQ,242,242,242,0,0,0,0
2221,301300,2026,KOSDAQ,166,166,166,0,0,0,0
2222,302430,2018,KOSDAQ,12,12,12,0,0,0,0
2222,302430,2019,KOSDAQ,246,246,246,0,0,0,0
2222,302430,2020,KOSDAQ,248,248,248,0,0,0,0
2222,302430,2021,KOSDAQ,248,248,248,0,0,0,0
2222,302430,2022,KOSDAQ,246,246,246,0,0,0,0
2222,302430,2023,KOSDAQ,245,245,245,0,0,0,0
2222,302430,2024,KOSDAQ,244,244,244,0,0,0,0
2222,302430,2025,KOSDAQ,242,242,242,0,0,0,0
2222,302430,2026,KOSDAQ,166,166,166,0,0,0,0
2223,302440,2021,KOSPI,198,198,198,0,0,0,0
2223,302440,2022,KOSPI,246,246,246,0,0,0,0
2223,302440,2023,KOSPI,245,245,245,0,0,0,0
2223,302440,2024,KOSPI,244,244,244,0,0,0,0
2223,302440,2025,KOSPI,242,242,242,0,0,0,0
2223,302440,2026,KOSPI,166,166,166,0,0,0,0
2224,302550,2019,KOSDAQ,16,16,16,0,0,0,0
2224,302550,2020,KOSDAQ,248,248,248,0,0,0,0
2224,302550,2021,KOSDAQ,248,248,248,0,0,0,0
2224,302550,2022,KOSDAQ,246,246,246,0,0,0,0
2224,302550,2023,KOSDAQ,245,245,245,0,0,0,0
2224,302550,2024,KOSDAQ,244,244,244,0,0,0,0
2224,302550,2025,KOSDAQ,242,242,242,0,0,0,0
2224,302550,2026,KOSDAQ,166,166,166,0,0,0,0
2225,303030,2018,KOSDAQ,81,81,81,0,0,0,0
2225,303030,2019,KOSDAQ,246,246,246,0,0,0,0
2225,303030,2020,KOSDAQ,248,248,248,0,0,0,0
2225,303030,2021,KOSDAQ,248,248,248,0,0,0,0
2225,303030,2022,KOSDAQ,246,246,246,0,0,0,0
2225,303030,2023,KOSDAQ,245,245,245,0,0,0,0
2225,303030,2024,KOSDAQ,244,244,244,0,0,0,0
2225,303030,2025,KOSDAQ,242,242,242,0,0,0,0
2225,303030,2026,KOSDAQ,166,166,166,0,0,0,0
2226,303360,2023,KOSDAQ,133,133,133,0,0,0,0
2226,303360,2024,KOSDAQ,244,244,244,0,0,0,0
2226,303360,2025,KOSDAQ,242,242,242,0,0,0,0
2226,303360,2026,KOSDAQ,166,166,166,0,0,0,0
2227,303530,2021,KOSDAQ,134,134,134,0,0,0,0
2227,303530,2022,KOSDAQ,246,246,246,0,0,0,0
2227,303530,2023,KOSDAQ,245,245,245,0,0,0,0
2227,303530,2024,KOSDAQ,244,244,244,0,0,0,0
2227,303530,2025,KOSDAQ,242,242,242,0,0,0,0
2227,303530,2026,KOSDAQ,166,166,166,0,0,0,0
2228,303810,2025,KOSDAQ,214,214,214,0,0,0,0
2228,303810,2026,KOSDAQ,166,166,166,0,0,0,0
2229,304100,2020,KOSDAQ,109,109,109,0,0,0,0
2229,304100,2021,KOSDAQ,248,248,248,0,0,0,0
2229,304100,2022,KOSDAQ,246,246,246,0,0,0,0
2229,304100,2023,KOSDAQ,245,245,245,0,0,0,0
2229,304100,2024,KOSDAQ,244,244,244,0,0,0,0
2229,304100,2025,KOSDAQ,242,242,242,0,0,0,0
2229,304100,2026,KOSDAQ,166,166,166,0,0,0,0
2230,304360,2023,KOSDAQ,161,161,161,0,0,0,0
2230,304360,2024,KOSDAQ,244,244,244,0,0,0,0
2230,304360,2025,KOSDAQ,242,242,242,0,0,0,0
2230,304360,2026,KOSDAQ,166,166,166,0,0,0,0
2231,304840,2020,KOSDAQ,52,52,52,0,0,0,0
2231,304840,2021,KOSDAQ,248,248,248,0,0,0,0
2231,304840,2022,KOSDAQ,246,246,246,0,0,0,0
2231,304840,2023,KOSDAQ,245,245,245,0,0,0,0
2231,304840,2024,KOSDAQ,244,244,244,0,0,0,0
2231,304840,2025,KOSDAQ,242,242,242,0,0,0,0
2231,304840,2026,KOSDAQ,166,166,166,0,0,0,0
2232,305090,2019,KOSDAQ,142,142,142,0,0,0,0
2232,305090,2020,KOSDAQ,248,248,248,0,0,0,0
2232,305090,2021,KOSDAQ,248,248,248,0,0,0,0
2232,305090,2022,KOSDAQ,246,246,246,0,0,0,0
2232,305090,2023,KOSDAQ,245,245,245,0,0,0,0
2232,305090,2024,KOSDAQ,244,244,244,0,0,0,0
2232,305090,2025,KOSDAQ,242,242,242,0,0,0,0
2232,305090,2026,KOSDAQ,166,166,166,0,0,0,0
2233,306040,2019,KOSDAQ,30,30,30,0,0,0,0
2233,306040,2020,KOSDAQ,248,248,248,0,0,0,0
2233,306040,2021,KOSDAQ,248,248,248,0,0,0,0
2233,306040,2022,KOSDAQ,246,246,246,0,0,0,0
2233,306040,2023,KOSDAQ,245,245,245,0,0,0,0
2233,306040,2024,KOSDAQ,244,244,244,0,0,0,0
2233,306040,2025,KOSDAQ,242,242,242,0,0,0,0
2233,306040,2026,KOSDAQ,166,166,166,0,0,0,0
2234,306200,2018,KOSPI,59,59,59,0,0,0,0
2234,306200,2019,KOSPI,246,246,246,0,0,0,0
2234,306200,2020,KOSPI,248,248,248,0,0,0,0
2234,306200,2021,KOSPI,248,248,248,0,0,0,0
2234,306200,2022,KOSPI,246,246,246,0,0,0,0
2234,306200,2023,KOSPI,245,245,245,0,0,0,0
2234,306200,2024,KOSPI,244,244,244,0,0,0,0
2234,306200,2025,KOSPI,242,242,242,0,0,0,0
2234,306200,2026,KOSPI,166,166,166,0,0,0,0
2235,306620,2018,KOSDAQ,42,42,42,0,0,0,0
2235,306620,2019,KOSDAQ,246,246,246,0,0,0,0
2235,306620,2020,KOSDAQ,248,248,248,0,0,0,0
2235,306620,2021,KOSDAQ,248,248,248,0,0,0,0
2235,306620,2022,KOSDAQ,246,246,246,0,0,0,0
2235,306620,2023,KOSDAQ,245,245,245,0,0,0,0
2235,306620,2024,KOSDAQ,244,244,244,0,0,0,0
2235,306620,2025,KOSDAQ,242,242,242,0,0,0,0
2235,306620,2026,KOSDAQ,166,166,166,0,0,0,0
2236,307180,2018,KOSDAQ,5,5,5,0,0,0,0
2236,307180,2019,KOSDAQ,246,246,246,0,0,0,0
2236,307180,2020,KOSDAQ,248,248,248,0,0,0,0
2236,307180,2021,KOSDAQ,248,248,248,0,0,0,0
2236,307180,2022,KOSDAQ,246,246,246,0,0,0,0
2236,307180,2023,KOSDAQ,245,245,245,0,0,0,0
2236,307180,2024,KOSDAQ,244,244,244,0,0,0,0
2236,307180,2025,KOSDAQ,242,242,242,0,0,0,0
2236,307180,2026,KOSDAQ,166,166,166,0,0,0,0
2237,307280,2018,KOSDAQ,17,17,17,0,0,0,0
2237,307280,2019,KOSDAQ,246,246,246,0,0,0,0
2237,307280,2020,KOSDAQ,248,248,248,0,0,0,0
2237,307280,2021,KOSDAQ,248,248,248,0,0,0,0
2237,307280,2022,KOSDAQ,246,246,246,0,0,0,0
2237,307280,2023,KOSDAQ,245,245,245,0,0,0,0
2237,307280,2024,KOSDAQ,244,244,244,0,0,0,0
2237,307280,2025,KOSDAQ,242,242,242,0,0,0,0
2237,307280,2026,KOSDAQ,166,166,166,0,0,0,0
2238,307750,2018,KOSDAQ,7,7,7,0,0,0,0
2238,307750,2019,KOSDAQ,246,246,246,0,0,0,0
2238,307750,2020,KOSDAQ,248,248,248,0,0,0,0
2238,307750,2021,KOSDAQ,248,248,248,0,0,0,0
2238,307750,2022,KOSDAQ,246,246,246,0,0,0,0
2238,307750,2023,KOSDAQ,245,245,245,0,0,0,0
2238,307750,2024,KOSDAQ,244,244,244,0,0,0,0
2238,307750,2025,KOSDAQ,242,242,242,0,0,0,0
2238,307750,2026,KOSDAQ,166,166,166,0,0,0,0
2239,307870,2018,KOSDAQ,12,12,12,0,0,0,0
2239,307870,2019,KOSDAQ,246,246,246,0,0,0,0
2239,307870,2020,KOSDAQ,248,248,248,0,0,0,0
2239,307870,2021,KOSDAQ,248,248,248,0,0,0,0
2239,307870,2022,KOSDAQ,246,246,246,0,0,0,0
2239,307870,2023,KOSDAQ,245,245,245,0,0,0,0
2239,307870,2024,KOSDAQ,244,244,244,0,0,0,0
2239,307870,2025,KOSDAQ,242,242,242,0,0,0,0
2239,307870,2026,KOSDAQ,166,166,166,0,0,0,0
2240,307930,2019,KOSDAQ,151,151,151,0,0,0,0
2240,307930,2020,KOSDAQ,248,248,248,0,0,0,0
2240,307930,2021,KOSDAQ,248,248,248,0,0,0,0
2240,307930,2022,KOSDAQ,246,246,246,0,0,0,0
2240,307930,2023,KOSDAQ,245,245,245,0,0,0,0
2240,307930,2024,KOSDAQ,244,244,244,0,0,0,0
2240,307930,2025,KOSDAQ,242,242,242,0,0,0,0
2240,307930,2026,KOSDAQ,166,166,166,0,0,0,0
2241,307950,2019,KOSPI,189,189,189,0,0,0,0
2241,307950,2020,KOSPI,248,248,248,0,0,0,0
2241,307950,2021,KOSPI,248,248,248,0,0,0,0
2241,307950,2022,KOSPI,246,246,246,0,0,0,0
2241,307950,2023,KOSPI,245,245,245,0,0,0,0
2241,307950,2024,KOSPI,244,244,244,0,0,0,0
2241,307950,2025,KOSPI,242,242,242,0,0,0,0
2241,307950,2026,KOSPI,166,166,166,0,0,0,0
2242,308080,2021,KOSDAQ,87,87,87,0,0,0,0
2242,308080,2022,KOSDAQ,246,246,246,0,0,0,0
2242,308080,2023,KOSDAQ,245,245,245,0,0,0,0
2242,308080,2024,KOSDAQ,244,244,244,0,0,0,0
2242,308080,2025,KOSDAQ,242,242,242,0,0,0,0
2242,308080,2026,KOSDAQ,166,166,166,0,0,0,0
2243,308100,2019,KOSDAQ,140,140,140,0,0,0,0
2243,308100,2020,KOSDAQ,248,248,248,0,0,0,0
2243,308100,2021,KOSDAQ,248,248,248,0,0,0,0
2243,308100,2022,KOSDAQ,246,246,246,0,0,0,0
2243,308100,2023,KOSDAQ,245,245,244,0,0,1,0
2243,308100,2024,KOSDAQ,244,244,244,0,0,0,0
2243,308100,2025,KOSDAQ,242,242,240,0,0,2,0
2243,308100,2026,KOSDAQ,166,166,166,0,0,0,0
2244,308170,2019,KOSPI,25,25,25,0,0,0,0
2244,308170,2020,KOSPI,248,248,248,0,0,0,0
2244,308170,2021,KOSPI,248,248,248,0,0,0,0
2244,308170,2022,KOSPI,246,246,246,0,0,0,0
2244,308170,2023,KOSPI,245,245,245,0,0,0,0
2244,308170,2024,KOSPI,244,244,244,0,0,0,0
2244,308170,2025,KOSPI,242,242,242,0,0,0,0
2244,308170,2026,KOSPI,166,166,166,0,0,0,0
2245,308430,2024,KOSDAQ,53,53,53,0,0,0,0
2245,308430,2025,KOSDAQ,242,242,242,0,0,0,0
2245,308430,2026,KOSDAQ,166,166,166,0,0,0,0
2246,309710,2025,KOSDAQ,97,97,97,0,0,0,0
2246,309710,2026,KOSDAQ,166,166,166,0,0,0,0
2247,309930,2018,KOSDAQ,6,6,6,0,0,0,0
2247,309930,2019,KOSDAQ,246,246,246,0,0,0,0
2247,309930,2020,KOSDAQ,248,248,248,0,0,0,0
2247,309930,2021,KOSDAQ,248,248,248,0,0,0,0
2247,309930,2022,KOSDAQ,246,246,246,0,0,0,0
2247,309930,2023,KOSDAQ,245,245,245,0,0,0,0
2247,309930,2024,KOSDAQ,244,244,244,0,0,0,0
2247,309930,2025,KOSDAQ,242,242,242,0,0,0,0
2247,309930,2026,KOSDAQ,166,166,165,0,0,1,0
2248,309960,2023,KOSDAQ,186,186,186,0,0,0,0
2248,309960,2024,KOSDAQ,244,244,244,0,0,0,0
2248,309960,2025,KOSDAQ,242,242,242,0,0,0,0
2248,309960,2026,KOSDAQ,166,166,166,0,0,0,0
2249,310200,2018,KOSDAQ,5,5,5,0,0,0,0
2249,310200,2019,KOSDAQ,246,246,246,0,0,0,0
2249,310200,2020,KOSDAQ,248,248,248,0,0,0,0
2249,310200,2021,KOSDAQ,248,248,248,0,0,0,0
2249,310200,2022,KOSDAQ,246,246,246,0,0,0,0
2249,310200,2023,KOSDAQ,245,245,245,0,0,0,0
2249,310200,2024,KOSDAQ,244,244,244,0,0,0,0
2249,310200,2025,KOSDAQ,242,242,242,0,0,0,0
2249,310200,2026,KOSDAQ,166,166,166,0,0,0,0
2250,310210,2022,KOSDAQ,130,130,130,0,0,0,0
2250,310210,2023,KOSDAQ,245,245,245,0,0,0,0
2250,310210,2024,KOSDAQ,244,244,244,0,0,0,0
2250,310210,2025,KOSDAQ,242,242,242,0,0,0,0
2250,310210,2026,KOSDAQ,166,166,166,0,0,0,0
2251,310870,2018,KOSDAQ,6,6,6,0,0,0,0
2251,310870,2019,KOSDAQ,246,246,246,0,0,0,0
2251,310870,2020,KOSDAQ,248,248,248,0,0,0,0
2251,310870,2021,KOSDAQ,248,248,248,0,0,0,0
2251,310870,2022,KOSDAQ,246,246,246,0,0,0,0
2251,310870,2023,KOSDAQ,245,245,245,0,0,0,0
2251,310870,2024,KOSDAQ,244,244,244,0,0,0,0
2251,310870,2025,KOSDAQ,242,242,242,0,0,0,0
2251,310870,2026,KOSDAQ,166,166,166,0,0,0,0
2252,311320,2021,KOSDAQ,36,36,36,0,0,0,0
2252,311320,2022,KOSDAQ,246,246,246,0,0,0,0
2252,311320,2023,KOSDAQ,245,245,245,0,0,0,0
2252,311320,2024,KOSDAQ,244,244,244,0,0,0,0
2252,311320,2025,KOSDAQ,242,242,242,0,0,0,0
2252,311320,2026,KOSDAQ,166,166,166,0,0,0,0
2253,311390,2019,KOSDAQ,88,88,88,0,0,0,0
2253,311390,2020,KOSDAQ,248,248,248,0,0,0,0
2253,311390,2021,KOSDAQ,248,248,248,0,0,0,0
2253,311390,2022,KOSDAQ,246,246,246,0,0,0,0
2253,311390,2023,KOSDAQ,245,245,245,0,0,0,0
2253,311390,2024,KOSDAQ,244,244,244,0,0,0,0
2253,311390,2025,KOSDAQ,242,242,242,0,0,0,0
2253,311390,2026,KOSDAQ,166,166,166,0,0,0,0
2254,311690,2019,KOSDAQ,3,3,3,0,0,0,0
2254,311690,2020,KOSDAQ,248,248,247,0,0,1,0
2254,311690,2021,KOSDAQ,248,248,248,0,0,0,0
2254,311690,2022,KOSDAQ,246,246,246,0,0,0,0
2254,311690,2023,KOSDAQ,245,245,245,0,0,0,0
2254,311690,2024,KOSDAQ,244,244,244,0,0,0,0
2254,311690,2025,KOSDAQ,242,242,242,0,0,0,0
2254,311690,2026,KOSDAQ,166,166,166,0,0,0,0
2255,312610,2019,KOSDAQ,125,125,125,0,0,0,0
2255,312610,2020,KOSDAQ,248,248,248,0,0,0,0
2255,312610,2021,KOSDAQ,248,248,248,0,0,0,0
2255,312610,2022,KOSDAQ,246,246,246,0,0,0,0
2255,312610,2023,KOSDAQ,245,245,245,0,0,0,0
2255,312610,2024,KOSDAQ,244,244,244,0,0,0,0
2255,312610,2025,KOSDAQ,242,242,242,0,0,0,0
2255,312610,2026,KOSDAQ,166,166,166,0,0,0,0
2256,313760,2019,KOSDAQ,107,107,107,0,0,0,0
2256,313760,2020,KOSDAQ,248,248,248,0,0,0,0
2256,313760,2021,KOSDAQ,248,248,248,0,0,0,0
2256,313760,2022,KOSDAQ,246,246,246,0,0,0,0
2256,313760,2023,KOSDAQ,245,245,245,0,0,0,0
2256,313760,2024,KOSDAQ,244,244,244,0,0,0,0
2256,313760,2025,KOSDAQ,242,242,242,0,0,0,0
2256,313760,2026,KOSDAQ,166,166,166,0,0,0,0
2257,314130,2020,KOSDAQ,5,5,5,0,0,0,0
2257,314130,2021,KOSDAQ,248,248,248,0,0,0,0
2257,314130,2022,KOSDAQ,246,246,246,0,0,0,0
2257,314130,2023,KOSDAQ,245,245,245,0,0,0,0
2257,314130,2024,KOSDAQ,244,244,244,0,0,0,0
2257,314130,2025,KOSDAQ,242,242,242,0,0,0,0
2257,314130,2026,KOSDAQ,166,166,166,0,0,0,0
2258,314140,2022,KOSDAQ,64,64,64,0,0,0,0
2258,314140,2023,KOSDAQ,245,245,245,0,0,0,0
2258,314140,2024,KOSDAQ,244,244,244,0,0,0,0
2258,314140,2025,KOSDAQ,242,242,242,0,0,0,0
2258,314140,2026,KOSDAQ,166,166,166,0,0,0,0
2259,314930,2021,KOSDAQ,199,199,199,0,0,0,0
2259,314930,2022,KOSDAQ,246,246,246,0,0,0,0
2259,314930,2023,KOSDAQ,245,245,245,0,0,0,0
2259,314930,2024,KOSDAQ,244,244,244,0,0,0,0
2259,314930,2025,KOSDAQ,242,242,242,0,0,0,0
2259,314930,2026,KOSDAQ,166,166,166,0,0,0,0
2260,315640,2021,KOSDAQ,93,93,93,0,0,0,0
2260,315640,2022,KOSDAQ,246,246,246,0,0,0,0
2260,315640,2023,KOSDAQ,245,245,244,0,0,1,0
2260,315640,2024,KOSDAQ,244,244,244,0,0,0,0
2260,315640,2025,KOSDAQ,242,242,242,0,0,0,0
2260,315640,2026,KOSDAQ,166,166,166,0,0,0,0
2261,316140,2019,KOSPI,219,219,219,0,0,0,0
2261,316140,2020,KOSPI,248,248,248,0,0,0,0
2261,316140,2021,KOSPI,248,248,248,0,0,0,0
2261,316140,2022,KOSPI,246,246,246,0,0,0,0
2261,316140,2023,KOSPI,245,245,245,0,0,0,0
2261,316140,2024,KOSPI,244,244,244,0,0,0,0
2261,316140,2025,KOSPI,242,242,242,0,0,0,0
2261,316140,2026,KOSPI,166,166,166,0,0,0,0
2262,317120,2019,KOSDAQ,71,71,71,0,0,0,0
2262,317120,2020,KOSDAQ,248,248,248,0,0,0,0
2262,317120,2021,KOSDAQ,248,248,248,0,0,0,0
2262,317120,2022,KOSDAQ,246,246,246,0,0,0,0
2262,317120,2023,KOSDAQ,245,245,245,0,0,0,0
2262,317120,2024,KOSDAQ,244,244,244,0,0,0,0
2262,317120,2025,KOSDAQ,242,242,241,0,0,1,0
2262,317120,2026,KOSDAQ,166,166,166,0,0,0,0
2263,317240,2019,KOSDAQ,167,167,167,0,0,0,0
2263,317240,2020,KOSDAQ,248,248,248,0,0,0,0
2263,317240,2021,KOSDAQ,248,248,248,0,0,0,0
2263,317240,2022,KOSDAQ,246,246,246,0,0,0,0
2263,317240,2023,KOSDAQ,245,245,245,0,0,0,0
2263,317240,2024,KOSDAQ,244,244,244,0,0,0,0
2263,317240,2025,KOSDAQ,242,242,242,0,0,0,0
2263,317240,2026,KOSDAQ,166,166,166,0,0,0,0
2264,317330,2019,KOSDAQ,101,101,101,0,0,0,0
2264,317330,2020,KOSDAQ,248,248,248,0,0,0,0
2264,317330,2021,KOSDAQ,248,248,248,0,0,0,0
2264,317330,2022,KOSDAQ,246,246,246,0,0,0,0
2264,317330,2023,KOSDAQ,245,245,245,0,0,0,0
2264,317330,2024,KOSDAQ,244,244,244,0,0,0,0
2264,317330,2025,KOSDAQ,242,242,242,0,0,0,0
2264,317330,2026,KOSDAQ,166,166,166,0,0,0,0
2265,317400,2019,KOSPI,38,38,38,0,0,0,0
2265,317400,2020,KOSPI,248,248,248,0,0,0,0
2265,317400,2021,KOSPI,248,248,248,0,0,0,0
2265,317400,2022,KOSPI,246,246,246,0,0,0,0
2265,317400,2023,KOSPI,245,245,245,0,0,0,0
2265,317400,2024,KOSPI,244,244,244,0,0,0,0
2265,317400,2025,KOSPI,242,242,242,0,0,0,0
2265,317400,2026,KOSPI,166,166,166,0,0,0,0
2266,317450,2025,KOSPI,59,59,59,0,0,0,0
2266,317450,2026,KOSPI,166,166,166,0,0,0,0
2267,317530,2019,KOSDAQ,44,44,44,0,0,0,0
2267,317530,2020,KOSDAQ,248,248,248,0,0,0,0
2267,317530,2021,KOSDAQ,248,248,248,0,0,0,0
2267,317530,2022,KOSDAQ,246,246,246,0,0,0,0
2267,317530,2023,KOSDAQ,245,245,245,0,0,0,0
2267,317530,2024,KOSDAQ,244,244,244,0,0,0,0
2267,317530,2025,KOSDAQ,242,242,242,0,0,0,0
2267,317530,2026,KOSDAQ,166,166,166,0,0,0,0
2268,317690,2020,KOSDAQ,15,15,15,0,0,0,0
2268,317690,2021,KOSDAQ,248,248,248,0,0,0,0
2268,317690,2022,KOSDAQ,246,246,246,0,0,0,0
2268,317690,2023,KOSDAQ,245,245,245,0,0,0,0
2268,317690,2024,KOSDAQ,244,244,244,0,0,0,0
2268,317690,2025,KOSDAQ,242,242,242,0,0,0,0
2268,317690,2026,KOSDAQ,166,166,166,0,0,0,0
2269,317770,2019,KOSDAQ,102,102,102,0,0,0,0
2269,317770,2020,KOSDAQ,248,248,248,0,0,0,0
2269,317770,2021,KOSDAQ,248,248,248,0,0,0,0
2269,317770,2022,KOSDAQ,246,246,246,0,0,0,0
2269,317770,2023,KOSDAQ,245,245,244,0,0,1,0
2269,317770,2024,KOSDAQ,244,244,244,0,0,0,0
2269,317770,2025,KOSDAQ,242,242,242,0,0,0,0
2269,317770,2026,KOSDAQ,166,166,166,0,0,0,0
2270,317830,2019,KOSDAQ,93,93,93,0,0,0,0
2270,317830,2020,KOSDAQ,248,248,248,0,0,0,0
2270,317830,2021,KOSDAQ,248,248,248,0,0,0,0
2270,317830,2022,KOSDAQ,246,246,246,0,0,0,0
2270,317830,2023,KOSDAQ,245,245,245,0,0,0,0
2270,317830,2024,KOSDAQ,244,244,244,0,0,0,0
2270,317830,2025,KOSDAQ,242,242,242,0,0,0,0
2270,317830,2026,KOSDAQ,166,166,166,0,0,0,0
2271,317850,2019,KOSDAQ,108,108,108,0,0,0,0
2271,317850,2020,KOSDAQ,248,248,248,0,0,0,0
2271,317850,2021,KOSDAQ,248,248,248,0,0,0,0
2271,317850,2022,KOSDAQ,246,246,246,0,0,0,0
2271,317850,2023,KOSDAQ,245,245,245,0,0,0,0
2271,317850,2024,KOSDAQ,244,244,244,0,0,0,0
2271,317850,2025,KOSDAQ,242,242,242,0,0,0,0
2271,317850,2026,KOSDAQ,166,166,166,0,0,0,0
2272,317870,2019,KOSDAQ,47,47,47,0,0,0,0
2272,317870,2020,KOSDAQ,248,248,248,0,0,0,0
2272,317870,2021,KOSDAQ,248,248,248,0,0,0,0
2272,317870,2022,KOSDAQ,246,246,246,0,0,0,0
2272,317870,2023,KOSDAQ,245,245,245,0,0,0,0
2272,317870,2024,KOSDAQ,244,244,244,0,0,0,0
2272,317870,2025,KOSDAQ,242,242,242,0,0,0,0
2272,317870,2026,KOSDAQ,166,166,166,0,0,0,0
2273,318000,2019,KOSDAQ,102,102,102,0,0,0,0
2273,318000,2020,KOSDAQ,248,248,248,0,0,0,0
2273,318000,2021,KOSDAQ,248,248,248,0,0,0,0
2273,318000,2022,KOSDAQ,246,246,246,0,0,0,0
2273,318000,2023,KOSDAQ,245,245,245,0,0,0,0
2273,318000,2024,KOSDAQ,244,244,244,0,0,0,0
2273,318000,2025,KOSDAQ,242,242,242,0,0,0,0
2273,318000,2026,KOSDAQ,166,166,166,0,0,0,0
2274,318010,2019,KOSDAQ,49,49,49,0,0,0,0
2274,318010,2020,KOSDAQ,248,248,248,0,0,0,0
2274,318010,2021,KOSDAQ,248,248,248,0,0,0,0
2274,318010,2022,KOSDAQ,246,246,246,0,0,0,0
2274,318010,2023,KOSDAQ,245,245,245,0,0,0,0
2274,318010,2024,KOSDAQ,244,244,244,0,0,0,0
2274,318010,2025,KOSDAQ,242,242,242,0,0,0,0
2274,318010,2026,KOSDAQ,166,166,166,0,0,0,0
2275,318020,2020,KOSDAQ,19,19,19,0,0,0,0
2275,318020,2021,KOSDAQ,248,248,248,0,0,0,0
2275,318020,2022,KOSDAQ,246,246,246,0,0,0,0
2275,318020,2023,KOSDAQ,245,245,245,0,0,0,0
2275,318020,2024,KOSDAQ,244,244,244,0,0,0,0
2275,318020,2025,KOSDAQ,242,242,242,0,0,0,0
2275,318020,2026,KOSDAQ,166,166,166,0,0,0,0
2276,318060,2025,KOSDAQ,86,86,86,0,0,0,0
2276,318060,2026,KOSDAQ,166,166,166,0,0,0,0
2277,318160,2023,KOSDAQ,170,170,170,0,0,0,0
2277,318160,2024,KOSDAQ,244,244,244,0,0,0,0
2277,318160,2025,KOSDAQ,242,242,242,0,0,0,0
2277,318160,2026,KOSDAQ,166,166,166,0,0,0,0
2278,318410,2020,KOSDAQ,68,68,68,0,0,0,0
2278,318410,2021,KOSDAQ,248,248,248,0,0,0,0
2278,318410,2022,KOSDAQ,246,246,246,0,0,0,0
2278,318410,2023,KOSDAQ,245,245,245,0,0,0,0
2278,318410,2024,KOSDAQ,244,244,244,0,0,0,0
2278,318410,2025,KOSDAQ,242,242,242,0,0,0,0
2278,318410,2026,KOSDAQ,166,166,166,0,0,0,0
2279,319400,2019,KOSDAQ,162,162,162,0,0,0,0
2279,319400,2020,KOSDAQ,248,248,248,0,0,0,0
2279,319400,2021,KOSDAQ,248,248,248,0,0,0,0
2279,319400,2022,KOSDAQ,246,246,246,0,0,0,0
2279,319400,2023,KOSDAQ,245,245,245,0,0,0,0
2279,319400,2024,KOSDAQ,244,244,244,0,0,0,0
2279,319400,2025,KOSDAQ,242,242,242,0,0,0,0
2279,319400,2026,KOSDAQ,166,166,166,0,0,0,0
2280,319660,2019,KOSDAQ,160,160,160,0,0,0,0
2280,319660,2020,KOSDAQ,248,248,248,0,0,0,0
2280,319660,2021,KOSDAQ,248,248,248,0,0,0,0
2280,319660,2022,KOSDAQ,246,246,246,0,0,0,0
2280,319660,2023,KOSDAQ,245,245,245,0,0,0,0
2280,319660,2024,KOSDAQ,244,244,244,0,0,0,0
2280,319660,2025,KOSDAQ,242,242,242,0,0,0,0
2280,319660,2026,KOSDAQ,166,166,166,0,0,0,0
2281,320000,2019,KOSDAQ,71,71,71,0,0,0,0
2281,320000,2020,KOSDAQ,248,248,247,0,0,1,0
2281,320000,2021,KOSDAQ,248,248,248,0,0,0,0
2281,320000,2022,KOSDAQ,246,246,246,0,0,0,0
2281,320000,2023,KOSDAQ,245,245,245,0,0,0,0
2281,320000,2024,KOSDAQ,244,244,243,0,0,1,0
2281,320000,2025,KOSDAQ,242,242,242,0,0,0,0
2281,320000,2026,KOSDAQ,166,166,166,0,0,0,0
2282,321260,2019,KOSDAQ,145,145,145,0,0,0,0
2282,321260,2020,KOSDAQ,248,248,248,0,0,0,0
2282,321260,2021,KOSDAQ,248,248,248,0,0,0,0
2282,321260,2022,KOSDAQ,246,246,246,0,0,0,0
2282,321260,2023,KOSDAQ,245,245,245,0,0,0,0
2282,321260,2024,KOSDAQ,244,244,244,0,0,0,0
2282,321260,2025,KOSDAQ,242,242,242,0,0,0,0
2282,321260,2026,KOSDAQ,166,166,166,0,0,0,0
2283,321370,2023,KOSDAQ,110,110,110,0,0,0,0
2283,321370,2024,KOSDAQ,244,244,244,0,0,0,0
2283,321370,2025,KOSDAQ,242,242,242,0,0,0,0
2283,321370,2026,KOSDAQ,166,166,166,0,0,0,0
2284,321550,2019,KOSDAQ,26,26,26,0,0,0,0
2284,321550,2020,KOSDAQ,248,248,248,0,0,0,0
2284,321550,2021,KOSDAQ,248,248,248,0,0,0,0
2284,321550,2022,KOSDAQ,246,246,246,0,0,0,0
2284,321550,2023,KOSDAQ,245,245,245,0,0,0,0
2284,321550,2024,KOSDAQ,244,244,244,0,0,0,0
2284,321550,2025,KOSDAQ,242,242,242,0,0,0,0
2284,321550,2026,KOSDAQ,166,166,166,0,0,0,0
2285,321820,2021,KOSDAQ,226,226,226,0,0,0,0
2285,321820,2022,KOSDAQ,246,246,246,0,0,0,0
2285,321820,2023,KOSDAQ,245,245,245,0,0,0,0
2285,321820,2024,KOSDAQ,244,244,244,0,0,0,0
2285,321820,2025,KOSDAQ,242,242,242,0,0,0,0
2285,321820,2026,KOSDAQ,166,166,166,0,0,0,0
2286,322000,2019,KOSPI,29,29,29,0,0,0,0
2286,322000,2020,KOSPI,248,248,248,0,0,0,0
2286,322000,2021,KOSPI,248,248,248,0,0,0,0
2286,322000,2022,KOSPI,246,246,246,0,0,0,0
2286,322000,2023,KOSPI,245,245,245,0,0,0,0
2286,322000,2024,KOSPI,244,244,244,0,0,0,0
2286,322000,2025,KOSPI,242,242,242,0,0,0,0
2286,322000,2026,KOSPI,166,166,166,0,0,0,0
2287,322180,2019,KOSDAQ,42,42,42,0,0,0,0
2287,322180,2020,KOSDAQ,248,248,248,0,0,0,0
2287,322180,2021,KOSDAQ,248,248,248,0,0,0,0
2287,322180,2022,KOSDAQ,246,246,246,0,0,0,0
2287,322180,2023,KOSDAQ,245,245,245,0,0,0,0
2287,322180,2024,KOSDAQ,244,244,244,0,0,0,0
2287,322180,2025,KOSDAQ,242,242,242,0,0,0,0
2287,322180,2026,KOSDAQ,166,166,166,0,0,0,0
2288,322310,2021,KOSDAQ,213,213,213,0,0,0,0
2288,322310,2022,KOSDAQ,246,246,246,0,0,0,0
2288,322310,2023,KOSDAQ,245,245,245,0,0,0,0
2288,322310,2024,KOSDAQ,244,244,244,0,0,0,0
2288,322310,2025,KOSDAQ,242,242,242,0,0,0,0
2288,322310,2026,KOSDAQ,166,166,166,0,0,0,0
2289,322510,2019,KOSDAQ,13,13,13,0,0,0,0
2289,322510,2020,KOSDAQ,248,248,248,0,0,0,0
2289,322510,2021,KOSDAQ,248,248,248,0,0,0,0
2289,322510,2022,KOSDAQ,246,246,246,0,0,0,0
2289,322510,2023,KOSDAQ,245,245,245,0,0,0,0
2289,322510,2024,KOSDAQ,244,244,243,0,0,1,0
2289,322510,2025,KOSDAQ,242,242,242,0,0,0,0
2289,322510,2026,KOSDAQ,166,166,166,0,0,0,0
2290,322780,2019,KOSDAQ,145,145,144,0,0,1,0
2290,322780,2020,KOSDAQ,248,248,248,0,0,0,0
2290,322780,2021,KOSDAQ,248,248,248,0,0,0,0
2290,322780,2022,KOSDAQ,246,246,246,0,0,0,0
2290,322780,2023,KOSDAQ,245,245,245,0,0,0,0
2290,322780,2024,KOSDAQ,244,244,244,0,0,0,0
2290,322780,2025,KOSDAQ,242,242,242,0,0,0,0
2290,322780,2026,KOSDAQ,166,166,166,0,0,0,0
2291,323280,2019,KOSDAQ,130,130,130,0,0,0,0
2291,323280,2020,KOSDAQ,248,248,248,0,0,0,0
2291,323280,2021,KOSDAQ,248,248,248,0,0,0,0
2291,323280,2022,KOSDAQ,246,246,246,0,0,0,0
2291,323280,2023,KOSDAQ,245,245,244,0,0,1,0
2291,323280,2024,KOSDAQ,244,244,244,0,0,0,0
2291,323280,2025,KOSDAQ,242,242,242,0,0,0,0
2291,323280,2026,KOSDAQ,166,166,166,0,0,0,0
2292,323350,2024,KOSDAQ,137,137,137,0,0,0,0
2292,323350,2025,KOSDAQ,242,242,242,0,0,0,0
2292,323350,2026,KOSDAQ,166,166,166,0,0,0,0
2293,323410,2021,KOSPI,99,99,99,0,0,0,0
2293,323410,2022,KOSPI,246,246,246,0,0,0,0
2293,323410,2023,KOSPI,245,245,245,0,0,0,0
2293,323410,2024,KOSPI,244,244,244,0,0,0,0
2293,323410,2025,KOSPI,242,242,242,0,0,0,0
2293,323410,2026,KOSPI,166,166,166,0,0,0,0
2294,323990,2020,KOSDAQ,67,67,65,0,0,2,0
2294,323990,2021,KOSDAQ,248,248,248,0,0,0,0
2294,323990,2022,KOSDAQ,246,246,246,0,0,0,0
2294,323990,2023,KOSDAQ,245,245,245,0,0,0,0
2294,323990,2024,KOSDAQ,244,244,244,0,0,0,0
2294,323990,2025,KOSDAQ,242,242,242,0,0,0,0
2294,323990,2026,KOSDAQ,166,166,166,0,0,0,0
2295,326030,2020,KOSPI,124,124,124,0,0,0,0
2295,326030,2021,KOSPI,248,248,248,0,0,0,0
2295,326030,2022,KOSPI,246,246,246,0,0,0,0
2295,326030,2023,KOSPI,245,245,245,0,0,0,0
2295,326030,2024,KOSPI,244,244,244,0,0,0,0
2295,326030,2025,KOSPI,242,242,242,0,0,0,0
2295,326030,2026,KOSPI,166,166,166,0,0,0,0
2296,327260,2019,KOSDAQ,4,4,4,0,0,0,0
2296,327260,2020,KOSDAQ,248,248,248,0,0,0,0
2296,327260,2021,KOSDAQ,248,248,248,0,0,0,0
2296,327260,2022,KOSDAQ,246,246,246,0,0,0,0
2296,327260,2023,KOSDAQ,245,245,245,0,0,0,0
2296,327260,2024,KOSDAQ,244,244,244,0,0,0,0
2296,327260,2025,KOSDAQ,242,242,242,0,0,0,0
2296,327260,2026,KOSDAQ,166,166,166,0,0,0,0
2297,328130,2022,KOSDAQ,111,111,111,0,0,0,0
2297,328130,2023,KOSDAQ,245,245,245,0,0,0,0
2297,328130,2024,KOSDAQ,244,244,244,0,0,0,0
2297,328130,2025,KOSDAQ,242,242,242,0,0,0,0
2297,328130,2026,KOSDAQ,166,166,166,0,0,0,0
2298,328380,2019,KOSDAQ,90,90,90,0,0,0,0
2298,328380,2020,KOSDAQ,248,248,248,0,0,0,0
2298,328380,2021,KOSDAQ,248,248,248,0,0,0,0
2298,328380,2022,KOSDAQ,246,246,246,0,0,0,0
2298,328380,2023,KOSDAQ,245,245,245,0,0,0,0
2298,328380,2024,KOSDAQ,244,244,244,0,0,0,0
2298,328380,2025,KOSDAQ,242,242,242,0,0,0,0
2298,328380,2026,KOSDAQ,166,166,166,0,0,0,0
2299,329180,2021,KOSPI,70,70,70,0,0,0,0
2299,329180,2022,KOSPI,246,246,246,0,0,0,0
2299,329180,2023,KOSPI,245,245,245,0,0,0,0
2299,329180,2024,KOSPI,244,244,244,0,0,0,0
2299,329180,2025,KOSPI,242,242,242,0,0,0,0
2299,329180,2026,KOSPI,166,166,166,0,0,0,0
2300,330350,2020,KOSDAQ,123,123,123,0,0,0,0
2300,330350,2021,KOSDAQ,248,248,248,0,0,0,0
2300,330350,2022,KOSDAQ,246,246,246,0,0,0,0
2300,330350,2023,KOSDAQ,245,245,245,0,0,0,0
2300,330350,2024,KOSDAQ,244,244,244,0,0,0,0
2300,330350,2025,KOSDAQ,242,242,242,0,0,0,0
2300,330350,2026,KOSDAQ,166,166,166,0,0,0,0
2302,330730,2022,KOSDAQ,210,210,210,0,0,0,0
2302,330730,2023,KOSDAQ,245,245,245,0,0,0,0
2302,330730,2024,KOSDAQ,244,244,244,0,0,0,0
2302,330730,2025,KOSDAQ,242,242,242,0,0,0,0
2302,330730,2026,KOSDAQ,166,166,166,0,0,0,0
2303,330860,2020,KOSDAQ,31,31,31,0,0,0,0
2303,330860,2021,KOSDAQ,248,248,248,0,0,0,0
2303,330860,2022,KOSDAQ,246,246,246,0,0,0,0
2303,330860,2023,KOSDAQ,245,245,245,0,0,0,0
2303,330860,2024,KOSDAQ,244,244,244,0,0,0,0
2303,330860,2025,KOSDAQ,242,242,242,0,0,0,0
2303,330860,2026,KOSDAQ,166,166,166,0,0,0,0
2304,331380,2019,KOSDAQ,61,61,61,0,0,0,0
2304,331380,2020,KOSDAQ,248,248,248,0,0,0,0
2304,331380,2021,KOSDAQ,248,248,248,0,0,0,0
2304,331380,2022,KOSDAQ,246,246,246,0,0,0,0
2304,331380,2023,KOSDAQ,245,245,245,0,0,0,0
2304,331380,2024,KOSDAQ,244,244,244,0,0,0,0
2304,331380,2025,KOSDAQ,242,242,242,0,0,0,0
2304,331380,2026,KOSDAQ,166,166,166,0,0,0,0
2305,331520,2019,KOSDAQ,44,44,44,0,0,0,0
2305,331520,2020,KOSDAQ,248,248,248,0,0,0,0
2305,331520,2021,KOSDAQ,248,248,248,0,0,0,0
2305,331520,2022,KOSDAQ,246,246,246,0,0,0,0
2305,331520,2023,KOSDAQ,245,245,245,0,0,0,0
2305,331520,2024,KOSDAQ,244,244,244,0,0,0,0
2305,331520,2025,KOSDAQ,242,242,242,0,0,0,0
2305,331520,2026,KOSDAQ,166,166,166,0,0,0,0
2306,331740,2025,KOSDAQ,114,114,114,0,0,0,0
2306,331740,2026,KOSDAQ,166,166,166,0,0,0,0
2307,331920,2020,KOSDAQ,89,89,89,0,0,0,0
2307,331920,2021,KOSDAQ,248,248,248,0,0,0,0
2307,331920,2022,KOSDAQ,246,246,246,0,0,0,0
2307,331920,2023,KOSDAQ,245,245,245,0,0,0,0
2307,331920,2024,KOSDAQ,244,244,244,0,0,0,0
2307,331920,2025,KOSDAQ,242,242,242,0,0,0,0
2307,331920,2026,KOSDAQ,166,166,166,0,0,0,0
2308,332290,2019,KOSDAQ,56,56,56,0,0,0,0
2308,332290,2020,KOSDAQ,248,248,248,0,0,0,0
2308,332290,2021,KOSDAQ,248,248,248,0,0,0,0
2308,332290,2022,KOSDAQ,246,246,246,0,0,0,0
2308,332290,2023,KOSDAQ,245,245,245,0,0,0,0
2308,332290,2024,KOSDAQ,244,244,244,0,0,0,0
2308,332290,2025,KOSDAQ,242,242,242,0,0,0,0
2308,332290,2026,KOSDAQ,166,166,166,0,0,0,0
2309,332370,2020,KOSDAQ,88,88,88,0,0,0,0
2309,332370,2021,KOSDAQ,248,248,248,0,0,0,0
2309,332370,2022,KOSDAQ,246,246,246,0,0,0,0
2309,332370,2023,KOSDAQ,245,245,245,0,0,0,0
2309,332370,2024,KOSDAQ,244,244,244,0,0,0,0
2309,332370,2025,KOSDAQ,242,242,242,0,0,0,0
2309,332370,2026,KOSDAQ,166,166,166,0,0,0,0
2310,332570,2020,KOSDAQ,103,103,103,0,0,0,0
2310,332570,2021,KOSDAQ,248,248,248,0,0,0,0
2310,332570,2022,KOSDAQ,246,246,246,0,0,0,0
2310,332570,2023,KOSDAQ,245,245,245,0,0,0,0
2310,332570,2024,KOSDAQ,244,244,244,0,0,0,0
2310,332570,2025,KOSDAQ,242,242,242,0,0,0,0
2310,332570,2026,KOSDAQ,166,166,166,0,0,0,0
2311,333050,2019,KOSDAQ,42,42,42,0,0,0,0
2311,333050,2020,KOSDAQ,248,248,248,0,0,0,0
2311,333050,2021,KOSDAQ,248,248,248,0,0,0,0
2311,333050,2022,KOSDAQ,246,246,246,0,0,0,0
2311,333050,2023,KOSDAQ,245,245,245,0,0,0,0
2311,333050,2024,KOSDAQ,244,244,244,0,0,0,0
2311,333050,2025,KOSDAQ,242,242,242,0,0,0,0
2311,333050,2026,KOSDAQ,166,166,166,0,0,0,0
2312,333430,2019,KOSDAQ,38,38,38,0,0,0,0
2312,333430,2020,KOSDAQ,248,248,248,0,0,0,0
2312,333430,2021,KOSDAQ,248,248,248,0,0,0,0
2312,333430,2022,KOSDAQ,246,246,246,0,0,0,0
2312,333430,2023,KOSDAQ,245,245,245,0,0,0,0
2312,333430,2024,KOSDAQ,244,244,244,0,0,0,0
2312,333430,2025,KOSDAQ,242,242,242,0,0,0,0
2312,333430,2026,KOSDAQ,166,166,166,0,0,0,0
2313,333620,2021,KOSDAQ,188,188,188,0,0,0,0
2313,333620,2022,KOSDAQ,246,246,246,0,0,0,0
2313,333620,2023,KOSDAQ,245,245,245,0,0,0,0
2313,333620,2024,KOSDAQ,244,244,244,0,0,0,0
2313,333620,2025,KOSDAQ,242,242,242,0,0,0,0
2313,333620,2026,KOSDAQ,166,166,166,0,0,0,0
2315,334970,2021,KOSDAQ,203,203,203,0,0,0,0
2315,334970,2022,KOSDAQ,246,246,246,0,0,0,0
2315,334970,2023,KOSDAQ,245,245,245,0,0,0,0
2315,334970,2024,KOSDAQ,244,244,244,0,0,0,0
2315,334970,2025,KOSDAQ,242,242,242,0,0,0,0
2315,334970,2026,KOSDAQ,166,166,166,0,0,0,0
2316,335810,2020,KOSDAQ,6,6,6,0,0,0,0
2316,335810,2021,KOSDAQ,248,248,248,0,0,0,0
2316,335810,2022,KOSDAQ,246,246,246,0,0,0,0
2316,335810,2023,KOSDAQ,245,245,245,0,0,0,0
2316,335810,2024,KOSDAQ,244,244,244,0,0,0,0
2316,335810,2025,KOSDAQ,242,242,242,0,0,0,0
2316,335810,2026,KOSDAQ,166,166,166,0,0,0,0
2317,335870,2019,KOSDAQ,15,15,15,0,0,0,0
2317,335870,2020,KOSDAQ,248,248,248,0,0,0,0
2317,335870,2021,KOSDAQ,248,248,248,0,0,0,0
2317,335870,2022,KOSDAQ,246,246,246,0,0,0,0
2317,335870,2023,KOSDAQ,245,245,245,0,0,0,0
2317,335870,2024,KOSDAQ,244,244,244,0,0,0,0
2317,335870,2025,KOSDAQ,242,242,242,0,0,0,0
2317,335870,2026,KOSDAQ,166,166,166,0,0,0,0
2318,336060,2019,KOSDAQ,22,22,22,0,0,0,0
2318,336060,2020,KOSDAQ,248,248,248,0,0,0,0
2318,336060,2021,KOSDAQ,248,248,248,0,0,0,0
2318,336060,2022,KOSDAQ,246,246,246,0,0,0,0
2318,336060,2023,KOSDAQ,245,245,245,0,0,0,0
2318,336060,2024,KOSDAQ,244,244,244,0,0,0,0
2318,336060,2025,KOSDAQ,242,242,242,0,0,0,0
2318,336060,2026,KOSDAQ,166,166,166,0,0,0,0
2319,336260,2019,KOSPI,51,51,51,0,0,0,0
2319,336260,2020,KOSPI,248,248,248,0,0,0,0
2319,336260,2021,KOSPI,248,248,248,0,0,0,0
2319,336260,2022,KOSPI,246,246,246,0,0,0,0
2319,336260,2023,KOSPI,245,245,245,0,0,0,0
2319,336260,2024,KOSPI,244,244,244,0,0,0,0
2319,336260,2025,KOSPI,242,242,242,0,0,0,0
2319,336260,2026,KOSPI,166,166,166,0,0,0,0
2322,336370,2019,KOSPI,51,51,51,0,0,0,0
2322,336370,2020,KOSPI,248,248,248,0,0,0,0
2322,336370,2021,KOSPI,248,248,248,0,0,0,0
2322,336370,2022,KOSPI,246,246,246,0,0,0,0
2322,336370,2023,KOSPI,245,245,245,0,0,0,0
2322,336370,2024,KOSPI,244,244,244,0,0,0,0
2322,336370,2025,KOSPI,242,242,242,0,0,0,0
2322,336370,2026,KOSPI,166,166,166,0,0,0,0
2325,336570,2019,KOSDAQ,7,7,7,0,0,0,0
2325,336570,2020,KOSDAQ,248,248,248,0,0,0,0
2325,336570,2021,KOSDAQ,248,248,248,0,0,0,0
2325,336570,2022,KOSDAQ,246,246,246,0,0,0,0
2325,336570,2023,KOSDAQ,245,245,245,0,0,0,0
2325,336570,2024,KOSDAQ,244,244,244,0,0,0,0
2325,336570,2025,KOSDAQ,242,242,242,0,0,0,0
2325,336570,2026,KOSDAQ,166,166,166,0,0,0,0
2326,336680,2024,KOSDAQ,41,41,41,0,0,0,0
2326,336680,2025,KOSDAQ,242,242,242,0,0,0,0
2326,336680,2026,KOSDAQ,166,166,166,0,0,0,0
2327,337930,2020,KOSDAQ,94,94,94,0,0,0,0
2327,337930,2021,KOSDAQ,248,248,248,0,0,0,0
2327,337930,2022,KOSDAQ,246,246,246,0,0,0,0
2327,337930,2023,KOSDAQ,245,245,245,0,0,0,0
2327,337930,2024,KOSDAQ,244,244,244,0,0,0,0
2327,337930,2025,KOSDAQ,242,242,242,0,0,0,0
2327,337930,2026,KOSDAQ,166,166,166,0,0,0,0
2329,338220,2021,KOSDAQ,211,211,211,0,0,0,0
2329,338220,2022,KOSDAQ,246,246,246,0,0,0,0
2329,338220,2023,KOSDAQ,245,245,245,0,0,0,0
2329,338220,2024,KOSDAQ,244,244,244,0,0,0,0
2329,338220,2025,KOSDAQ,242,242,242,0,0,0,0
2329,338220,2026,KOSDAQ,166,166,166,0,0,0,0
2330,338840,2023,KOSDAQ,17,17,17,0,0,0,0
2330,338840,2024,KOSDAQ,244,244,244,0,0,0,0
2330,338840,2025,KOSDAQ,242,242,242,0,0,0,0
2330,338840,2026,KOSDAQ,166,166,166,0,0,0,0
2331,339770,2020,KOSPI,34,34,34,0,0,0,0
2331,339770,2021,KOSPI,248,248,248,0,0,0,0
2331,339770,2022,KOSPI,246,246,246,0,0,0,0
2331,339770,2023,KOSPI,245,245,245,0,0,0,0
2331,339770,2024,KOSPI,244,244,244,0,0,0,0
2331,339770,2025,KOSPI,242,242,242,0,0,0,0
2331,339770,2026,KOSPI,166,166,166,0,0,0,0
2332,339950,2019,KOSDAQ,4,4,4,0,0,0,0
2332,339950,2020,KOSDAQ,248,248,248,0,0,0,0
2332,339950,2021,KOSDAQ,248,248,248,0,0,0,0
2332,339950,2022,KOSDAQ,246,246,246,0,0,0,0
2332,339950,2023,KOSDAQ,245,245,245,0,0,0,0
2332,339950,2024,KOSDAQ,244,244,244,0,0,0,0
2332,339950,2025,KOSDAQ,242,242,242,0,0,0,0
2332,339950,2026,KOSDAQ,166,166,166,0,0,0,0
2333,340360,2019,KOSDAQ,7,7,7,0,0,0,0
2333,340360,2020,KOSDAQ,248,248,248,0,0,0,0
2333,340360,2021,KOSDAQ,248,248,248,0,0,0,0
2333,340360,2022,KOSDAQ,246,246,246,0,0,0,0
2333,340360,2023,KOSDAQ,245,245,245,0,0,0,0
2333,340360,2024,KOSDAQ,244,244,244,0,0,0,0
2333,340360,2025,KOSDAQ,242,242,242,0,0,0,0
2333,340360,2026,KOSDAQ,166,166,166,0,0,0,0
2334,340440,2019,KOSDAQ,2,2,2,0,0,0,0
2334,340440,2020,KOSDAQ,248,248,248,0,0,0,0
2334,340440,2021,KOSDAQ,248,248,248,0,0,0,0
2334,340440,2022,KOSDAQ,246,246,246,0,0,0,0
2334,340440,2023,KOSDAQ,245,245,245,0,0,0,0
2334,340440,2024,KOSDAQ,244,244,244,0,0,0,0
2334,340440,2025,KOSDAQ,242,242,242,0,0,0,0
2334,340440,2026,KOSDAQ,166,166,166,0,0,0,0
2335,340450,2025,KOSDAQ,138,138,138,0,0,0,0
2335,340450,2026,KOSDAQ,166,166,166,0,0,0,0
2336,340570,2020,KOSDAQ,28,28,28,0,0,0,0
2336,340570,2021,KOSDAQ,248,248,248,0,0,0,0
2336,340570,2022,KOSDAQ,246,246,246,0,0,0,0
2336,340570,2023,KOSDAQ,245,245,245,0,0,0,0
2336,340570,2024,KOSDAQ,244,244,244,0,0,0,0
2336,340570,2025,KOSDAQ,242,242,242,0,0,0,0
2336,340570,2026,KOSDAQ,166,166,166,0,0,0,0
2337,340810,2023,KOSDAQ,151,151,151,0,0,0,0
2337,340810,2024,KOSDAQ,244,244,244,0,0,0,0
2337,340810,2025,KOSDAQ,242,242,242,0,0,0,0
2337,340810,2026,KOSDAQ,166,166,166,0,0,0,0
2338,340930,2021,KOSDAQ,212,212,212,0,0,0,0
2338,340930,2022,KOSDAQ,246,246,246,0,0,0,0
2338,340930,2023,KOSDAQ,245,245,245,0,0,0,0
2338,340930,2024,KOSDAQ,244,244,244,0,0,0,0
2338,340930,2025,KOSDAQ,242,242,240,0,0,2,0
2338,340930,2026,KOSDAQ,166,166,166,0,0,0,0
2339,342870,2025,KOSDAQ,75,75,75,0,0,0,0
2339,342870,2026,KOSDAQ,166,166,166,0,0,0,0
2340,344820,2020,KOSPI,235,235,235,0,0,0,0
2340,344820,2021,KOSPI,248,248,248,0,0,0,0
2340,344820,2022,KOSPI,246,246,246,0,0,0,0
2340,344820,2023,KOSPI,245,245,245,0,0,0,0
2340,344820,2024,KOSPI,244,244,244,0,0,0,0
2340,344820,2025,KOSPI,242,242,242,0,0,0,0
2340,344820,2026,KOSPI,166,166,166,0,0,0,0
2341,344860,2023,KOSDAQ,212,212,212,0,0,0,0
2341,344860,2024,KOSDAQ,244,244,244,0,0,0,0
2341,344860,2025,KOSDAQ,242,242,242,0,0,0,0
2341,344860,2026,KOSDAQ,166,166,166,0,0,0,0
2342,347000,2020,KOSDAQ,44,44,44,0,0,0,0
2342,347000,2021,KOSDAQ,248,248,248,0,0,0,0
2342,347000,2022,KOSDAQ,246,246,246,0,0,0,0
2342,347000,2023,KOSDAQ,245,245,245,0,0,0,0
2342,347000,2024,KOSDAQ,244,244,244,0,0,0,0
2342,347000,2025,KOSDAQ,242,242,242,0,0,0,0
2342,347000,2026,KOSDAQ,166,166,166,0,0,0,0
2343,347700,2021,KOSDAQ,195,195,195,0,0,0,0
2343,347700,2022,KOSDAQ,246,246,246,0,0,0,0
2343,347700,2023,KOSDAQ,245,245,245,0,0,0,0
2343,347700,2024,KOSDAQ,244,244,244,0,0,0,0
2343,347700,2025,KOSDAQ,242,242,242,0,0,0,0
2343,347700,2026,KOSDAQ,166,166,166,0,0,0,0
2344,347740,2020,KOSDAQ,76,76,76,0,0,0,0
2344,347740,2021,KOSDAQ,248,248,248,0,0,0,0
2344,347740,2022,KOSDAQ,246,246,246,0,0,0,0
2344,347740,2023,KOSDAQ,245,245,245,0,0,0,0
2344,347740,2024,KOSDAQ,244,244,244,0,0,0,0
2344,347740,2025,KOSDAQ,242,242,242,0,0,0,0
2344,347740,2026,KOSDAQ,166,166,166,0,0,0,0
2345,347770,2020,KOSDAQ,69,69,69,0,0,0,0
2345,347770,2021,KOSDAQ,248,248,248,0,0,0,0
2345,347770,2022,KOSDAQ,246,246,246,0,0,0,0
2345,347770,2023,KOSDAQ,245,245,245,0,0,0,0
2345,347770,2024,KOSDAQ,244,244,244,0,0,0,0
2345,347770,2025,KOSDAQ,242,242,242,0,0,0,0
2345,347770,2026,KOSDAQ,166,166,166,0,0,0,0
2346,347850,2024,KOSDAQ,162,162,162,0,0,0,0
2346,347850,2025,KOSDAQ,242,242,242,0,0,0,0
2346,347850,2026,KOSDAQ,166,166,166,0,0,0,0
2347,347860,2020,KOSDAQ,7,7,6,0,0,1,0
2347,347860,2021,KOSDAQ,248,248,248,0,0,0,0
2347,347860,2022,KOSDAQ,246,246,246,0,0,0,0
2347,347860,2023,KOSDAQ,245,245,245,0,0,0,0
2347,347860,2024,KOSDAQ,244,244,244,0,0,0,0
2347,347860,2025,KOSDAQ,242,242,242,0,0,0,0
2347,347860,2026,KOSDAQ,166,166,166,0,0,0,0
2348,347890,2020,KOSDAQ,105,105,105,0,0,0,0
2348,347890,2021,KOSDAQ,248,248,248,0,0,0,0
2348,347890,2022,KOSDAQ,246,246,246,0,0,0,0
2348,347890,2023,KOSDAQ,245,245,245,0,0,0,0
2348,347890,2024,KOSDAQ,244,244,244,0,0,0,0
2348,347890,2025,KOSDAQ,242,242,242,0,0,0,0
2348,347890,2026,KOSDAQ,166,166,166,0,0,0,0
2349,348030,2021,KOSDAQ,230,230,230,0,0,0,0
2349,348030,2022,KOSDAQ,246,246,246,0,0,0,0
2349,348030,2023,KOSDAQ,245,245,245,0,0,0,0
2349,348030,2024,KOSDAQ,244,244,244,0,0,0,0
2349,348030,2025,KOSDAQ,242,242,242,0,0,0,0
2349,348030,2026,KOSDAQ,166,166,166,0,0,0,0
2350,348080,2023,KOSDAQ,134,134,134,0,0,0,0
2350,348080,2024,KOSDAQ,244,244,244,0,0,0,0
2350,348080,2025,KOSDAQ,242,242,242,0,0,0,0
2350,348080,2026,KOSDAQ,166,166,166,0,0,0,0
2351,348150,2020,KOSDAQ,30,30,30,0,0,0,0
2351,348150,2021,KOSDAQ,248,248,248,0,0,0,0
2351,348150,2022,KOSDAQ,246,246,246,0,0,0,0
2351,348150,2023,KOSDAQ,245,245,245,0,0,0,0
2351,348150,2024,KOSDAQ,244,244,244,0,0,0,0
2351,348150,2025,KOSDAQ,242,242,242,0,0,0,0
2351,348150,2026,KOSDAQ,166,166,166,0,0,0,0
2352,348210,2020,KOSDAQ,58,58,58,0,0,0,0
2352,348210,2021,KOSDAQ,248,248,248,0,0,0,0
2352,348210,2022,KOSDAQ,246,246,246,0,0,0,0
2352,348210,2023,KOSDAQ,245,245,245,0,0,0,0
2352,348210,2024,KOSDAQ,244,244,244,0,0,0,0
2352,348210,2025,KOSDAQ,242,242,242,0,0,0,0
2352,348210,2026,KOSDAQ,166,166,166,0,0,0,0
2353,348340,2022,KOSDAQ,40,40,40,0,0,0,0
2353,348340,2023,KOSDAQ,245,245,245,0,0,0,0
2353,348340,2024,KOSDAQ,244,244,244,0,0,0,0
2353,348340,2025,KOSDAQ,242,242,242,0,0,0,0
2353,348340,2026,KOSDAQ,166,166,166,0,0,0,0
2354,348350,2020,KOSDAQ,43,43,43,0,0,0,0
2354,348350,2021,KOSDAQ,248,248,248,0,0,0,0
2354,348350,2022,KOSDAQ,246,246,246,0,0,0,0
2354,348350,2023,KOSDAQ,245,245,245,0,0,0,0
2354,348350,2024,KOSDAQ,244,244,244,0,0,0,0
2354,348350,2025,KOSDAQ,242,242,242,0,0,0,0
2354,348350,2026,KOSDAQ,166,166,166,0,0,0,0
2355,348370,2021,KOSDAQ,44,44,44,0,0,0,0
2355,348370,2022,KOSDAQ,246,246,246,0,0,0,0
2355,348370,2023,KOSDAQ,245,245,245,0,0,0,0
2355,348370,2024,KOSDAQ,244,244,244,0,0,0,0
2355,348370,2025,KOSDAQ,242,242,242,0,0,0,0
2355,348370,2026,KOSDAQ,166,166,166,0,0,0,0
2358,351320,2020,KOSDAQ,132,132,132,0,0,0,0
2358,351320,2021,KOSDAQ,248,248,248,0,0,0,0
2358,351320,2022,KOSDAQ,246,246,246,0,0,0,0
2358,351320,2023,KOSDAQ,245,245,245,0,0,0,0
2358,351320,2024,KOSDAQ,244,244,244,0,0,0,0
2358,351320,2025,KOSDAQ,242,242,242,0,0,0,0
2358,351320,2026,KOSDAQ,166,166,166,0,0,0,0
2359,351330,2021,KOSDAQ,174,174,174,0,0,0,0
2359,351330,2022,KOSDAQ,246,246,246,0,0,0,0
2359,351330,2023,KOSDAQ,245,245,245,0,0,0,0
2359,351330,2024,KOSDAQ,244,244,244,0,0,0,0
2359,351330,2025,KOSDAQ,242,242,242,0,0,0,0
2359,351330,2026,KOSDAQ,166,166,166,0,0,0,0
2360,351870,2024,KOSDAQ,63,63,63,0,0,0,0
2360,351870,2025,KOSDAQ,242,242,242,0,0,0,0
2360,351870,2026,KOSDAQ,166,166,166,0,0,0,0
2361,352090,2023,KOSDAQ,28,28,28,0,0,0,0
2361,352090,2024,KOSDAQ,244,244,244,0,0,0,0
2361,352090,2025,KOSDAQ,242,242,242,0,0,0,0
2361,352090,2026,KOSDAQ,166,166,166,0,0,0,0
2362,352480,2021,KOSDAQ,157,157,157,0,0,0,0
2362,352480,2022,KOSDAQ,246,246,246,0,0,0,0
2362,352480,2023,KOSDAQ,245,245,245,0,0,0,0
2362,352480,2024,KOSDAQ,244,244,244,0,0,0,0
2362,352480,2025,KOSDAQ,242,242,242,0,0,0,0
2362,352480,2026,KOSDAQ,166,166,166,0,0,0,0
2363,352700,2021,KOSDAQ,230,230,230,0,0,0,0
2363,352700,2022,KOSDAQ,246,246,246,0,0,0,0
2363,352700,2023,KOSDAQ,245,245,245,0,0,0,0
2363,352700,2024,KOSDAQ,244,244,244,0,0,0,0
2363,352700,2025,KOSDAQ,242,242,242,0,0,0,0
2363,352700,2026,KOSDAQ,166,166,166,0,0,0,0
2364,352770,2020,KOSDAQ,18,18,18,0,0,0,0
2364,352770,2021,KOSDAQ,248,248,248,0,0,0,0
2364,352770,2022,KOSDAQ,246,246,246,0,0,0,0
2364,352770,2023,KOSDAQ,245,245,245,0,0,0,0
2364,352770,2024,KOSDAQ,244,244,244,0,0,0,0
2364,352770,2025,KOSDAQ,242,242,242,0,0,0,0
2364,352770,2026,KOSDAQ,166,166,166,0,0,0,0
2365,352820,2020,KOSPI,54,54,54,0,0,0,0
2365,352820,2021,KOSPI,248,248,248,0,0,0,0
2365,352820,2022,KOSPI,246,246,246,0,0,0,0
2365,352820,2023,KOSPI,245,245,245,0,0,0,0
2365,352820,2024,KOSPI,244,244,244,0,0,0,0
2365,352820,2025,KOSPI,242,242,242,0,0,0,0
2365,352820,2026,KOSPI,166,166,166,0,0,0,0
2366,352910,2021,KOSDAQ,117,117,117,0,0,0,0
2366,352910,2022,KOSDAQ,246,246,246,0,0,0,0
2366,352910,2023,KOSDAQ,245,245,245,0,0,0,0
2366,352910,2024,KOSDAQ,244,244,244,0,0,0,0
2366,352910,2025,KOSDAQ,242,242,242,0,0,0,0
2366,352910,2026,KOSDAQ,166,166,166,0,0,0,0
2367,352940,2020,KOSDAQ,13,13,13,0,0,0,0
2367,352940,2021,KOSDAQ,248,248,248,0,0,0,0
2367,352940,2022,KOSDAQ,246,246,246,0,0,0,0
2367,352940,2023,KOSDAQ,245,245,245,0,0,0,0
2367,352940,2024,KOSDAQ,244,244,244,0,0,0,0
2367,352940,2025,KOSDAQ,242,242,242,0,0,0,0
2367,352940,2026,KOSDAQ,166,166,166,0,0,0,0
2368,353190,2020,KOSDAQ,135,135,135,0,0,0,0
2368,353190,2021,KOSDAQ,248,248,248,0,0,0,0
2368,353190,2022,KOSDAQ,246,246,246,0,0,0,0
2368,353190,2023,KOSDAQ,245,245,245,0,0,0,0
2368,353190,2024,KOSDAQ,244,244,244,0,0,0,0
2368,353190,2025,KOSDAQ,242,242,242,0,0,0,0
2368,353190,2026,KOSDAQ,166,166,166,0,0,0,0
2369,353200,2020,KOSPI,154,154,154,0,0,0,0
2369,353200,2021,KOSPI,248,248,248,0,0,0,0
2369,353200,2022,KOSPI,246,246,246,0,0,0,0
2369,353200,2023,KOSPI,245,245,245,0,0,0,0
2369,353200,2024,KOSPI,244,244,244,0,0,0,0
2369,353200,2025,KOSPI,242,242,242,0,0,0,0
2369,353200,2026,KOSPI,166,166,166,0,0,0,0
2371,353590,2022,KOSDAQ,233,233,233,0,0,0,0
2371,353590,2023,KOSDAQ,245,245,245,0,0,0,0
2371,353590,2024,KOSDAQ,244,244,244,0,0,0,0
2371,353590,2025,KOSDAQ,242,242,242,0,0,0,0
2371,353590,2026,KOSDAQ,166,166,166,0,0,0,0
2372,353810,2020,KOSDAQ,143,143,143,0,0,0,0
2372,353810,2021,KOSDAQ,248,248,248,0,0,0,0
2372,353810,2022,KOSDAQ,246,246,246,0,0,0,0
2372,353810,2023,KOSDAQ,245,245,245,0,0,0,0
2372,353810,2024,KOSDAQ,244,244,244,0,0,0,0
2372,353810,2025,KOSDAQ,242,242,242,0,0,0,0
2372,353810,2026,KOSDAQ,166,166,166,0,0,0,0
2373,354200,2020,KOSDAQ,14,14,14,0,0,0,0
2373,354200,2021,KOSDAQ,248,248,248,0,0,0,0
2373,354200,2022,KOSDAQ,246,246,246,0,0,0,0
2373,354200,2023,KOSDAQ,245,245,245,0,0,0,0
2373,354200,2024,KOSDAQ,244,244,243,0,0,1,0
2373,354200,2025,KOSDAQ,242,242,242,0,0,0,0
2373,354200,2026,KOSDAQ,166,166,166,0,0,0,0
2374,354320,2023,KOSDAQ,123,123,123,0,0,0,0
2374,354320,2024,KOSDAQ,244,244,244,0,0,0,0
2374,354320,2025,KOSDAQ,242,242,242,0,0,0,0
2374,354320,2026,KOSDAQ,166,166,166,0,0,0,0
2375,355150,2020,KOSDAQ,69,69,69,0,0,0,0
2375,355150,2021,KOSDAQ,248,248,248,0,0,0,0
2375,355150,2022,KOSDAQ,246,246,246,0,0,0,0
2375,355150,2023,KOSDAQ,245,245,245,0,0,0,0
2375,355150,2024,KOSDAQ,244,244,244,0,0,0,0
2375,355150,2025,KOSDAQ,242,242,242,0,0,0,0
2375,355150,2026,KOSDAQ,166,166,166,0,0,0,0
2376,355390,2023,KOSDAQ,80,80,80,0,0,0,0
2376,355390,2024,KOSDAQ,244,244,244,0,0,0,0
2376,355390,2025,KOSDAQ,242,242,242,0,0,0,0
2376,355390,2026,KOSDAQ,166,166,166,0,0,0,0
2377,355690,2023,KOSDAQ,19,19,19,0,0,0,0
2377,355690,2024,KOSDAQ,244,244,243,0,0,1,0
2377,355690,2025,KOSDAQ,242,242,242,0,0,0,0
2377,355690,2026,KOSDAQ,166,166,166,0,0,0,0
2378,356680,2023,KOSDAQ,195,195,195,0,0,0,0
2378,356680,2024,KOSDAQ,244,244,244,0,0,0,0
2378,356680,2025,KOSDAQ,242,242,242,0,0,0,0
2378,356680,2026,KOSDAQ,166,166,166,0,0,0,0
2379,356860,2020,KOSDAQ,12,12,12,0,0,0,0
2379,356860,2021,KOSDAQ,248,248,248,0,0,0,0
2379,356860,2022,KOSDAQ,246,246,246,0,0,0,0
2379,356860,2023,KOSDAQ,245,245,245,0,0,0,0
2379,356860,2024,KOSDAQ,244,244,244,0,0,0,0
2379,356860,2025,KOSDAQ,242,242,242,0,0,0,0
2379,356860,2026,KOSDAQ,166,166,166,0,0,0,0
2380,356890,2021,KOSDAQ,203,203,203,0,0,0,0
2380,356890,2022,KOSDAQ,246,246,246,0,0,0,0
2380,356890,2023,KOSDAQ,245,245,245,0,0,0,0
2380,356890,2024,KOSDAQ,244,244,244,0,0,0,0
2380,356890,2025,KOSDAQ,242,242,242,0,0,0,0
2380,356890,2026,KOSDAQ,166,166,166,0,0,0,0
2382,357230,2021,KOSDAQ,158,158,158,0,0,0,0
2382,357230,2022,KOSDAQ,246,246,246,0,0,0,0
2382,357230,2023,KOSDAQ,245,245,245,0,0,0,0
2382,357230,2024,KOSDAQ,244,244,244,0,0,0,0
2382,357230,2025,KOSDAQ,242,242,242,0,0,0,0
2382,357230,2026,KOSDAQ,166,166,166,0,0,0,0
2385,357550,2020,KOSDAQ,5,5,5,0,0,0,0
2385,357550,2021,KOSDAQ,248,248,248,0,0,0,0
2385,357550,2022,KOSDAQ,246,246,246,0,0,0,0
2385,357550,2023,KOSDAQ,245,245,245,0,0,0,0
2385,357550,2024,KOSDAQ,244,244,244,0,0,0,0
2385,357550,2025,KOSDAQ,242,242,242,0,0,0,0
2385,357550,2026,KOSDAQ,166,166,166,0,0,0,0
2386,357580,2021,KOSDAQ,129,129,129,0,0,0,0
2386,357580,2022,KOSDAQ,246,246,246,0,0,0,0
2386,357580,2023,KOSDAQ,245,245,245,0,0,0,0
2386,357580,2024,KOSDAQ,244,244,244,0,0,0,0
2386,357580,2025,KOSDAQ,242,242,242,0,0,0,0
2386,357580,2026,KOSDAQ,166,166,166,0,0,0,0
2387,357780,2020,KOSDAQ,99,99,99,0,0,0,0
2387,357780,2021,KOSDAQ,248,248,248,0,0,0,0
2387,357780,2022,KOSDAQ,246,246,246,0,0,0,0
2387,357780,2023,KOSDAQ,245,245,245,0,0,0,0
2387,357780,2024,KOSDAQ,244,244,244,0,0,0,0
2387,357780,2025,KOSDAQ,242,242,242,0,0,0,0
2387,357780,2026,KOSDAQ,166,166,166,0,0,0,0
2388,357880,2021,KOSDAQ,37,37,37,0,0,0,0
2388,357880,2022,KOSDAQ,246,246,246,0,0,0,0
2388,357880,2023,KOSDAQ,245,245,245,0,0,0,0
2388,357880,2024,KOSDAQ,244,244,244,0,0,0,0
2388,357880,2025,KOSDAQ,242,242,242,0,0,0,0
2388,357880,2026,KOSDAQ,166,166,166,0,0,0,0
2389,358570,2023,KOSDAQ,185,185,185,0,0,0,0
2389,358570,2024,KOSDAQ,244,244,244,0,0,0,0
2389,358570,2025,KOSDAQ,242,242,242,0,0,0,0
2389,358570,2026,KOSDAQ,166,166,166,0,0,0,0
2390,359090,2020,KOSDAQ,66,66,66,0,0,0,0
2390,359090,2021,KOSDAQ,248,248,248,0,0,0,0
2390,359090,2022,KOSDAQ,246,246,246,0,0,0,0
2390,359090,2023,KOSDAQ,245,245,245,0,0,0,0
2390,359090,2024,KOSDAQ,244,244,244,0,0,0,0
2390,359090,2025,KOSDAQ,242,242,242,0,0,0,0
2390,359090,2026,KOSDAQ,166,166,166,0,0,0,0
2391,360070,2022,KOSDAQ,53,53,53,0,0,0,0
2391,360070,2023,KOSDAQ,245,245,245,0,0,0,0
2391,360070,2024,KOSDAQ,244,244,244,0,0,0,0
2391,360070,2025,KOSDAQ,242,242,242,0,0,0,0
2391,360070,2026,KOSDAQ,166,166,166,0,0,0,0
2392,360350,2024,KOSDAQ,208,208,208,0,0,0,0
2392,360350,2025,KOSDAQ,242,242,242,0,0,0,0
2392,360350,2026,KOSDAQ,166,166,166,0,0,0,0
2393,361390,2021,KOSDAQ,194,194,194,0,0,0,0
2393,361390,2022,KOSDAQ,246,246,246,0,0,0,0
2393,361390,2023,KOSDAQ,245,245,245,0,0,0,0
2393,361390,2024,KOSDAQ,244,244,244,0,0,0,0
2393,361390,2025,KOSDAQ,242,242,242,0,0,0,0
2393,361390,2026,KOSDAQ,166,166,166,0,0,0,0
2394,361570,2021,KOSDAQ,29,29,29,0,0,0,0
2394,361570,2022,KOSDAQ,246,246,246,0,0,0,0
2394,361570,2023,KOSDAQ,245,245,245,0,0,0,0
2394,361570,2024,KOSDAQ,244,244,244,0,0,0,0
2394,361570,2025,KOSDAQ,242,242,242,0,0,0,0
2394,361570,2026,KOSDAQ,166,166,166,0,0,0,0
2395,361610,2021,KOSPI,161,161,161,0,0,0,0
2395,361610,2022,KOSPI,246,246,246,0,0,0,0
2395,361610,2023,KOSPI,245,245,245,0,0,0,0
2395,361610,2024,KOSPI,244,244,244,0,0,0,0
2395,361610,2025,KOSPI,242,242,242,0,0,0,0
2395,361610,2026,KOSPI,166,166,166,0,0,0,0
2396,361670,2021,KOSDAQ,154,154,154,0,0,0,0
2396,361670,2022,KOSDAQ,246,246,246,0,0,0,0
2396,361670,2023,KOSDAQ,245,245,245,0,0,0,0
2396,361670,2024,KOSDAQ,244,244,244,0,0,0,0
2396,361670,2025,KOSDAQ,242,242,242,0,0,0,0
2396,361670,2026,KOSDAQ,166,166,166,0,0,0,0
2397,362320,2022,KOSDAQ,144,144,144,0,0,0,0
2397,362320,2023,KOSDAQ,245,245,245,0,0,0,0
2397,362320,2024,KOSDAQ,244,244,244,0,0,0,0
2397,362320,2025,KOSDAQ,242,242,242,0,0,0,0
2397,362320,2026,KOSDAQ,166,166,166,0,0,0,0
2398,362990,2024,KOSDAQ,227,227,227,0,0,0,0
2398,362990,2025,KOSDAQ,242,242,242,0,0,0,0
2398,362990,2026,KOSDAQ,166,166,166,0,0,0,0
2399,363250,2021,KOSDAQ,151,151,151,0,0,0,0
2399,363250,2022,KOSDAQ,246,246,246,0,0,0,0
2399,363250,2023,KOSDAQ,245,245,245,0,0,0,0
2399,363250,2024,KOSDAQ,244,244,244,0,0,0,0
2399,363250,2025,KOSDAQ,242,242,242,0,0,0,0
2399,363250,2026,KOSDAQ,166,166,166,0,0,0,0
2400,363260,2021,KOSDAQ,221,221,221,0,0,0,0
2400,363260,2022,KOSDAQ,246,246,246,0,0,0,0
2400,363260,2023,KOSDAQ,245,245,245,0,0,0,0
2400,363260,2024,KOSDAQ,244,244,244,0,0,0,0
2400,363260,2025,KOSDAQ,242,242,242,0,0,0,0
2400,363260,2026,KOSDAQ,166,166,166,0,0,0,0
2401,363280,2020,KOSPI,67,67,67,0,0,0,0
2401,363280,2021,KOSPI,248,248,248,0,0,0,0
2401,363280,2022,KOSPI,246,246,246,0,0,0,0
2401,363280,2023,KOSPI,245,245,245,0,0,0,0
2401,363280,2024,KOSPI,244,244,244,0,0,0,0
2401,363280,2025,KOSPI,242,242,242,0,0,0,0
2401,363280,2026,KOSPI,166,166,166,0,0,0,0
2403,364950,2025,KOSDAQ,164,164,164,0,0,0,0
2403,364950,2026,KOSDAQ,166,166,166,0,0,0,0
2404,365270,2021,KOSDAQ,110,110,110,0,0,0,0
2404,365270,2022,KOSDAQ,246,246,246,0,0,0,0
2404,365270,2023,KOSDAQ,245,245,245,0,0,0,0
2404,365270,2024,KOSDAQ,244,244,244,0,0,0,0
2404,365270,2025,KOSDAQ,242,242,242,0,0,0,0
2404,365270,2026,KOSDAQ,166,166,166,0,0,0,0
2405,365330,2023,KOSDAQ,33,33,33,0,0,0,0
2405,365330,2024,KOSDAQ,244,244,244,0,0,0,0
2405,365330,2025,KOSDAQ,242,242,242,0,0,0,0
2405,365330,2026,KOSDAQ,166,166,166,0,0,0,0
2406,365340,2022,KOSDAQ,106,106,106,0,0,0,0
2406,365340,2023,KOSDAQ,245,245,245,0,0,0,0
2406,365340,2024,KOSDAQ,244,244,244,0,0,0,0
2406,365340,2025,KOSDAQ,242,242,242,0,0,0,0
2406,365340,2026,KOSDAQ,166,166,166,0,0,0,0
2408,365590,2020,KOSDAQ,7,7,7,0,0,0,0
2408,365590,2021,KOSDAQ,248,248,248,0,0,0,0
2408,365590,2022,KOSDAQ,246,246,246,0,0,0,0
2408,365590,2023,KOSDAQ,245,245,245,0,0,0,0
2408,365590,2024,KOSDAQ,244,244,244,0,0,0,0
2408,365590,2025,KOSDAQ,242,242,242,0,0,0,0
2408,365590,2026,KOSDAQ,166,166,166,0,0,0,0
2409,365660,2026,KOSDAQ,43,43,43,0,0,0,0
2410,365900,2022,KOSDAQ,211,211,211,0,0,0,0
2410,365900,2023,KOSDAQ,245,245,245,0,0,0,0
2410,365900,2024,KOSDAQ,244,244,244,0,0,0,0
2410,365900,2025,KOSDAQ,242,242,242,0,0,0,0
2410,365900,2026,KOSDAQ,166,166,166,0,0,0,0
2411,366030,2022,KOSDAQ,194,194,194,0,0,0,0
2411,366030,2023,KOSDAQ,245,245,245,0,0,0,0
2411,366030,2024,KOSDAQ,244,244,244,0,0,0,0
2411,366030,2025,KOSDAQ,242,242,242,0,0,0,0
2411,366030,2026,KOSDAQ,166,166,166,0,0,0,0
2412,367000,2021,KOSDAQ,95,95,95,0,0,0,0
2412,367000,2022,KOSDAQ,246,246,246,0,0,0,0
2412,367000,2023,KOSDAQ,245,245,245,0,0,0,0
2412,367000,2024,KOSDAQ,244,244,244,0,0,0,0
2412,367000,2025,KOSDAQ,242,242,242,0,0,0,0
2412,367000,2026,KOSDAQ,166,166,166,0,0,0,0
2413,368600,2022,KOSDAQ,105,105,105,0,0,0,0
2413,368600,2023,KOSDAQ,245,245,245,0,0,0,0
2413,368600,2024,KOSDAQ,244,244,244,0,0,0,0
2413,368600,2025,KOSDAQ,242,242,242,0,0,0,0
2413,368600,2026,KOSDAQ,166,166,166,0,0,0,0
2414,368770,2021,KOSDAQ,235,235,235,0,0,0,0
2414,368770,2022,KOSDAQ,246,246,246,0,0,0,0
2414,368770,2023,KOSDAQ,245,245,245,0,0,0,0
2414,368770,2024,KOSDAQ,244,244,244,0,0,0,0
2414,368770,2025,KOSDAQ,242,242,242,0,0,0,0
2414,368770,2026,KOSDAQ,166,166,166,0,0,0,0
2415,368970,2022,KOSDAQ,55,55,55,0,0,0,0
2415,368970,2023,KOSDAQ,245,245,245,0,0,0,0
2415,368970,2024,KOSDAQ,244,244,244,0,0,0,0
2415,368970,2025,KOSDAQ,242,242,242,0,0,0,0
2415,368970,2026,KOSDAQ,166,166,166,0,0,0,0
2416,369370,2020,KOSDAQ,5,5,5,0,0,0,0
2416,369370,2021,KOSDAQ,248,248,248,0,0,0,0
2416,369370,2022,KOSDAQ,246,246,246,0,0,0,0
2416,369370,2023,KOSDAQ,245,245,245,0,0,0,0
2416,369370,2024,KOSDAQ,244,244,244,0,0,0,0
2416,369370,2025,KOSDAQ,242,242,242,0,0,0,0
2416,369370,2026,KOSDAQ,166,166,166,0,0,0,0
2417,370090,2022,KOSDAQ,212,212,212,0,0,0,0
2417,370090,2023,KOSDAQ,245,245,245,0,0,0,0
2417,370090,2024,KOSDAQ,244,244,244,0,0,0,0
2417,370090,2025,KOSDAQ,242,242,242,0,0,0,0
2417,370090,2026,KOSDAQ,166,166,166,0,0,0,0
2418,371950,2022,KOSDAQ,209,209,209,0,0,0,0
2418,371950,2023,KOSDAQ,245,245,245,0,0,0,0
2418,371950,2024,KOSDAQ,244,244,244,0,0,0,0
2418,371950,2025,KOSDAQ,242,242,242,0,0,0,0
2418,371950,2026,KOSDAQ,166,166,166,0,0,0,0
2419,372170,2022,KOSDAQ,34,34,34,0,0,0,0
2419,372170,2023,KOSDAQ,245,245,245,0,0,0,0
2419,372170,2024,KOSDAQ,244,244,244,0,0,0,0
2419,372170,2025,KOSDAQ,242,242,242,0,0,0,0
2419,372170,2026,KOSDAQ,166,166,166,0,0,0,0
2420,372320,2023,KOSDAQ,35,35,35,0,0,0,0
2420,372320,2024,KOSDAQ,244,244,244,0,0,0,0
2420,372320,2025,KOSDAQ,242,242,242,0,0,0,0
2420,372320,2026,KOSDAQ,166,166,166,0,0,0,0
2421,372800,2021,KOSDAQ,36,36,36,0,0,0,0
2421,372800,2022,KOSDAQ,246,246,246,0,0,0,0
2421,372800,2023,KOSDAQ,245,245,245,0,0,0,0
2421,372800,2024,KOSDAQ,244,244,244,0,0,0,0
2421,372800,2025,KOSDAQ,242,242,242,0,0,0,0
2421,372800,2026,KOSDAQ,166,166,166,0,0,0,0
2422,372910,2021,KOSPI,93,93,93,0,0,0,0
2422,372910,2022,KOSPI,246,246,246,0,0,0,0
2422,372910,2023,KOSPI,245,245,245,0,0,0,0
2422,372910,2024,KOSPI,244,244,244,0,0,0,0
2422,372910,2025,KOSPI,242,242,242,0,0,0,0
2422,372910,2026,KOSPI,166,166,166,0,0,0,0
2423,373110,2024,KOSDAQ,113,113,112,0,0,1,0
2423,373110,2025,KOSDAQ,242,242,242,0,0,0,0
2423,373110,2026,KOSDAQ,166,166,166,0,0,0,0
2424,373160,2025,KOSDAQ,226,226,226,0,0,0,0
2424,373160,2026,KOSDAQ,166,166,166,0,0,0,0
2425,373170,2023,KOSDAQ,98,98,98,0,0,0,0
2425,373170,2024,KOSDAQ,244,244,244,0,0,0,0
2425,373170,2025,KOSDAQ,242,242,242,0,0,0,0
2425,373170,2026,KOSDAQ,166,166,166,0,0,0,0
2426,373200,2021,KOSDAQ,211,211,211,0,0,0,0
2426,373200,2022,KOSDAQ,246,246,246,0,0,0,0
2426,373200,2023,KOSDAQ,245,245,245,0,0,0,0
2426,373200,2024,KOSDAQ,244,244,244,0,0,0,0
2426,373200,2025,KOSDAQ,242,242,242,0,0,0,0
2426,373200,2026,KOSDAQ,166,166,166,0,0,0,0
2427,373220,2022,KOSPI,228,228,228,0,0,0,0
2427,373220,2023,KOSPI,245,245,245,0,0,0,0
2427,373220,2024,KOSPI,244,244,244,0,0,0,0
2427,373220,2025,KOSPI,242,242,242,0,0,0,0
2427,373220,2026,KOSPI,166,166,166,0,0,0,0
2428,375500,2021,KOSPI,233,233,233,0,0,0,0
2428,375500,2022,KOSPI,246,246,246,0,0,0,0
2428,375500,2023,KOSPI,245,245,245,0,0,0,0
2428,375500,2024,KOSPI,244,244,244,0,0,0,0
2428,375500,2025,KOSPI,242,242,242,0,0,0,0
2428,375500,2026,KOSPI,166,166,166,0,0,0,0
2431,376180,2021,KOSDAQ,42,42,42,0,0,0,0
2431,376180,2022,KOSDAQ,246,246,246,0,0,0,0
2431,376180,2023,KOSDAQ,245,245,245,0,0,0,0
2431,376180,2024,KOSDAQ,244,244,244,0,0,0,0
2431,376180,2025,KOSDAQ,242,242,242,0,0,0,0
2431,376180,2026,KOSDAQ,166,166,166,0,0,0,0
2432,376270,2024,KOSDAQ,39,39,39,0,0,0,0
2432,376270,2025,KOSDAQ,242,242,242,0,0,0,0
2432,376270,2026,KOSDAQ,166,166,166,0,0,0,0
2433,376290,2021,KOSDAQ,59,59,59,0,0,0,0
2433,376290,2022,KOSDAQ,246,246,246,0,0,0,0
2433,376290,2023,KOSDAQ,245,245,245,0,0,0,0
2433,376290,2024,KOSDAQ,244,244,244,0,0,0,0
2433,376290,2025,KOSDAQ,242,242,242,0,0,0,0
2433,376290,2026,KOSDAQ,166,166,166,0,0,0,0
2434,376300,2021,KOSDAQ,37,37,37,0,0,0,0
2434,376300,2022,KOSDAQ,246,246,246,0,0,0,0
2434,376300,2023,KOSDAQ,245,245,245,0,0,0,0
2434,376300,2024,KOSDAQ,244,244,244,0,0,0,0
2434,376300,2025,KOSDAQ,242,242,242,0,0,0,0
2434,376300,2026,KOSDAQ,166,166,166,0,0,0,0
2435,376900,2025,KOSDAQ,158,158,158,0,0,0,0
2435,376900,2026,KOSDAQ,166,166,166,0,0,0,0
2436,376930,2022,KOSDAQ,207,207,207,0,0,0,0
2436,376930,2023,KOSDAQ,245,245,245,0,0,0,0
2436,376930,2024,KOSDAQ,244,244,244,0,0,0,0
2436,376930,2025,KOSDAQ,242,242,242,0,0,0,0
2436,376930,2026,KOSDAQ,166,166,166,0,0,0,0
2437,376980,2021,KOSDAQ,96,96,96,0,0,0,0
2437,376980,2022,KOSDAQ,246,246,246,0,0,0,0
2437,376980,2023,KOSDAQ,245,245,245,0,0,0,0
2437,376980,2024,KOSDAQ,244,244,244,0,0,0,0
2437,376980,2025,KOSDAQ,242,242,242,0,0,0,0
2437,376980,2026,KOSDAQ,166,166,166,0,0,0,0
2438,377030,2021,KOSDAQ,107,107,107,0,0,0,0
2438,377030,2022,KOSDAQ,246,246,246,0,0,0,0
2438,377030,2023,KOSDAQ,245,245,245,0,0,0,0
2438,377030,2024,KOSDAQ,244,244,244,0,0,0,0
2438,377030,2025,KOSDAQ,242,242,242,0,0,0,0
2438,377030,2026,KOSDAQ,166,166,165,0,0,1,0
2440,377220,2021,KOSDAQ,66,66,66,0,0,0,0
2440,377220,2022,KOSDAQ,246,246,246,0,0,0,0
2440,377220,2023,KOSDAQ,245,245,245,0,0,0,0
2440,377220,2024,KOSDAQ,244,244,244,0,0,0,0
2440,377220,2025,KOSDAQ,242,242,242,0,0,0,0
2440,377220,2026,KOSDAQ,166,166,166,0,0,0,0
2441,377300,2021,KOSPI,42,42,42,0,0,0,0
2441,377300,2022,KOSPI,246,246,246,0,0,0,0
2441,377300,2023,KOSPI,245,245,245,0,0,0,0
2441,377300,2024,KOSPI,244,244,244,0,0,0,0
2441,377300,2025,KOSPI,242,242,242,0,0,0,0
2441,377300,2026,KOSPI,166,166,166,0,0,0,0
2442,377330,2022,KOSDAQ,225,225,225,0,0,0,0
2442,377330,2023,KOSDAQ,245,245,245,0,0,0,0
2442,377330,2024,KOSDAQ,244,244,244,0,0,0,0
2442,377330,2025,KOSDAQ,242,242,242,0,0,0,0
2442,377330,2026,KOSDAQ,166,166,166,0,0,0,0
2443,377450,2021,KOSDAQ,45,45,45,0,0,0,0
2443,377450,2022,KOSDAQ,246,246,246,0,0,0,0
2443,377450,2023,KOSDAQ,245,245,245,0,0,0,0
2443,377450,2024,KOSDAQ,244,244,244,0,0,0,0
2443,377450,2025,KOSDAQ,242,242,242,0,0,0,0
2443,377450,2026,KOSDAQ,166,166,166,0,0,0,0
2444,377460,2022,KOSDAQ,131,131,131,0,0,0,0
2444,377460,2023,KOSDAQ,245,245,245,0,0,0,0
2444,377460,2024,KOSDAQ,244,244,244,0,0,0,0
2444,377460,2025,KOSDAQ,242,242,242,0,0,0,0
2444,377460,2026,KOSDAQ,166,166,166,0,0,0,0
2445,377480,2021,KOSDAQ,28,28,28,0,0,0,0
2445,377480,2022,KOSDAQ,246,246,246,0,0,0,0
2445,377480,2023,KOSDAQ,245,245,245,0,0,0,0
2445,377480,2024,KOSDAQ,244,244,244,0,0,0,0
2445,377480,2025,KOSDAQ,242,242,242,0,0,0,0
2445,377480,2026,KOSDAQ,166,166,166,0,0,0,0
2446,377740,2022,KOSPI,6,6,6,0,0,0,0
2446,377740,2023,KOSPI,245,245,245,0,0,0,0
2446,377740,2024,KOSPI,244,244,244,0,0,0,0
2446,377740,2025,KOSPI,242,242,242,0,0,0,0
2446,377740,2026,KOSPI,166,166,166,0,0,0,0
2447,378340,2023,KOSDAQ,113,113,113,0,0,0,0
2447,378340,2024,KOSDAQ,244,244,244,0,0,0,0
2447,378340,2025,KOSDAQ,242,242,242,0,0,0,0
2447,378340,2026,KOSDAQ,166,166,166,0,0,0,0
2448,378800,2022,KOSDAQ,52,52,52,0,0,0,0
2448,378800,2023,KOSDAQ,245,245,245,0,0,0,0
2448,378800,2024,KOSDAQ,244,244,244,0,0,0,0
2448,378800,2025,KOSDAQ,242,242,242,0,0,0,0
2448,378800,2026,KOSDAQ,166,166,166,0,0,0,0
2449,378850,2021,KOSPI,201,201,201,0,0,0,0
2449,378850,2022,KOSPI,246,246,246,0,0,0,0
2449,378850,2023,KOSPI,245,245,245,0,0,0,0
2449,378850,2024,KOSPI,244,244,244,0,0,0,0
2449,378850,2025,KOSPI,242,242,242,0,0,0,0
2449,378850,2026,KOSPI,166,166,166,0,0,0,0
2450,380540,2022,KOSDAQ,1,1,1,0,0,0,0
2450,380540,2023,KOSDAQ,245,245,245,0,0,0,0
2450,380540,2024,KOSDAQ,244,244,244,0,0,0,0
2450,380540,2025,KOSDAQ,242,242,242,0,0,0,0
2450,380540,2026,KOSDAQ,166,166,166,0,0,0,0
2451,380550,2025,KOSDAQ,106,106,106,0,0,0,0
2451,380550,2026,KOSDAQ,166,166,166,0,0,0,0
2452,381620,2024,KOSDAQ,62,62,62,0,0,0,0
2452,381620,2025,KOSDAQ,242,242,242,0,0,0,0
2452,381620,2026,KOSDAQ,166,166,166,0,0,0,0
2453,381970,2021,KOSPI,57,57,57,0,0,0,0
2453,381970,2022,KOSPI,246,246,246,0,0,0,0
2453,381970,2023,KOSPI,245,245,245,0,0,0,0
2453,381970,2024,KOSPI,244,244,244,0,0,0,0
2453,381970,2025,KOSPI,242,242,242,0,0,0,0
2453,381970,2026,KOSPI,166,166,166,0,0,0,0
2454,382150,2024,KOSDAQ,8,8,8,0,0,0,0
2454,382150,2025,KOSDAQ,242,242,242,0,0,0,0
2454,382150,2026,KOSDAQ,166,166,166,0,0,0,0
2455,382480,2021,KOSDAQ,51,51,51,0,0,0,0
2455,382480,2022,KOSDAQ,246,246,246,0,0,0,0
2455,382480,2023,KOSDAQ,245,245,245,0,0,0,0
2455,382480,2024,KOSDAQ,244,244,244,0,0,0,0
2455,382480,2025,KOSDAQ,242,242,242,0,0,0,0
2455,382480,2026,KOSDAQ,166,166,166,0,0,0,0
2456,382800,2021,KOSDAQ,45,45,45,0,0,0,0
2456,382800,2022,KOSDAQ,246,246,246,0,0,0,0
2456,382800,2023,KOSDAQ,245,245,245,0,0,0,0
2456,382800,2024,KOSDAQ,244,244,244,0,0,0,0
2456,382800,2025,KOSDAQ,242,242,242,0,0,0,0
2456,382800,2026,KOSDAQ,166,166,166,0,0,0,0
2457,382840,2021,KOSDAQ,60,60,59,0,0,1,0
2457,382840,2022,KOSDAQ,246,246,246,0,0,0,0
2457,382840,2023,KOSDAQ,245,245,245,0,0,0,0
2457,382840,2024,KOSDAQ,244,244,244,0,0,0,0
2457,382840,2025,KOSDAQ,242,242,242,0,0,0,0
2457,382840,2026,KOSDAQ,166,166,166,0,0,0,0
2458,382900,2022,KOSDAQ,135,135,135,0,0,0,0
2458,382900,2023,KOSDAQ,245,245,245,0,0,0,0
2458,382900,2024,KOSDAQ,244,244,244,0,0,0,0
2458,382900,2025,KOSDAQ,242,242,242,0,0,0,0
2458,382900,2026,KOSDAQ,166,166,166,0,0,0,0
2459,383220,2021,KOSPI,154,154,154,0,0,0,0
2459,383220,2022,KOSPI,246,246,246,0,0,0,0
2459,383220,2023,KOSPI,245,245,245,0,0,0,0
2459,383220,2024,KOSPI,244,244,244,0,0,0,0
2459,383220,2025,KOSPI,242,242,242,0,0,0,0
2459,383220,2026,KOSPI,166,166,166,0,0,0,0
2460,383310,2021,KOSDAQ,149,149,149,0,0,0,0
2460,383310,2022,KOSDAQ,246,246,246,0,0,0,0
2460,383310,2023,KOSDAQ,245,245,245,0,0,0,0
2460,383310,2024,KOSDAQ,244,244,244,0,0,0,0
2460,383310,2025,KOSDAQ,242,242,242,0,0,0,0
2460,383310,2026,KOSDAQ,166,166,166,0,0,0,0
2461,383800,2021,KOSPI,150,150,150,0,0,0,0
2461,383800,2022,KOSPI,246,246,246,0,0,0,0
2461,383800,2023,KOSPI,245,245,245,0,0,0,0
2461,383800,2024,KOSPI,244,244,244,0,0,0,0
2461,383800,2025,KOSPI,242,242,242,0,0,0,0
2461,383800,2026,KOSPI,166,166,166,0,0,0,0
2463,383930,2022,KOSDAQ,35,35,35,0,0,0,0
2463,383930,2023,KOSDAQ,245,245,245,0,0,0,0
2463,383930,2024,KOSDAQ,244,244,244,0,0,0,0
2463,383930,2025,KOSDAQ,242,242,242,0,0,0,0
2463,383930,2026,KOSDAQ,166,166,166,0,0,0,0
2464,384470,2023,KOSDAQ,68,68,68,0,0,0,0
2464,384470,2024,KOSDAQ,244,244,244,0,0,0,0
2464,384470,2025,KOSDAQ,242,242,242,0,0,0,0
2464,384470,2026,KOSDAQ,166,166,166,0,0,0,0
2465,387570,2024,KOSDAQ,3,3,3,0,0,0,0
2465,387570,2025,KOSDAQ,242,242,242,0,0,0,0
2465,387570,2026,KOSDAQ,166,166,166,0,0,0,0
2466,387690,2026,KOSDAQ,38,38,38,0,0,0,0
2467,388050,2022,KOSDAQ,187,187,187,0,0,0,0
2467,388050,2023,KOSDAQ,245,245,245,0,0,0,0
2467,388050,2024,KOSDAQ,244,244,244,0,0,0,0
2467,388050,2025,KOSDAQ,242,242,242,0,0,0,0
2467,388050,2026,KOSDAQ,166,166,166,0,0,0,0
2468,388210,2025,KOSDAQ,28,28,28,0,0,0,0
2468,388210,2026,KOSDAQ,166,166,166,0,0,0,0
2469,388610,2025,KOSDAQ,125,125,125,0,0,0,0
2469,388610,2026,KOSDAQ,166,166,166,0,0,0,0
2470,388720,2022,KOSDAQ,197,197,197,0,0,0,0
2470,388720,2023,KOSDAQ,245,245,245,0,0,0,0
2470,388720,2024,KOSDAQ,244,244,244,0,0,0,0
2470,388720,2025,KOSDAQ,242,242,242,0,0,0,0
2470,388720,2026,KOSDAQ,166,166,166,0,0,0,0
2471,388790,2021,KOSDAQ,80,80,80,0,0,0,0
2471,388790,2022,KOSDAQ,246,246,246,0,0,0,0
2471,388790,2023,KOSDAQ,245,245,245,0,0,0,0
2471,388790,2024,KOSDAQ,244,244,244,0,0,0,0
2471,388790,2025,KOSDAQ,242,242,242,0,0,0,0
2471,388790,2026,KOSDAQ,166,166,166,0,0,0,0
2472,388870,2023,KOSDAQ,104,104,104,0,0,0,0
2472,388870,2024,KOSDAQ,244,244,244,0,0,0,0
2472,388870,2025,KOSDAQ,242,242,242,0,0,0,0
2472,388870,2026,KOSDAQ,166,166,166,0,0,0,0
2473,389020,2023,KOSDAQ,202,202,202,0,0,0,0
2473,389020,2024,KOSDAQ,244,244,244,0,0,0,0
2473,389020,2025,KOSDAQ,242,242,242,0,0,0,0
2473,389020,2026,KOSDAQ,166,166,166,0,0,0,0
2474,389030,2021,KOSDAQ,39,39,39,0,0,0,0
2474,389030,2022,KOSDAQ,246,246,246,0,0,0,0
2474,389030,2023,KOSDAQ,245,245,245,0,0,0,0
2474,389030,2024,KOSDAQ,244,244,244,0,0,0,0
2474,389030,2025,KOSDAQ,242,242,242,0,0,0,0
2474,389030,2026,KOSDAQ,166,166,166,0,0,0,0
2475,389140,2022,KOSDAQ,168,168,168,0,0,0,0
2475,389140,2023,KOSDAQ,245,245,245,0,0,0,0
2475,389140,2024,KOSDAQ,244,244,244,0,0,0,0
2475,389140,2025,KOSDAQ,242,242,241,0,0,1,0
2475,389140,2026,KOSDAQ,166,166,166,0,0,0,0
2476,389260,2022,KOSDAQ,157,157,157,0,0,0,0
2476,389260,2023,KOSDAQ,245,245,245,0,0,0,0
2476,389260,2024,KOSDAQ,244,244,244,0,0,0,0
2476,389260,2025,KOSDAQ,242,242,242,0,0,0,0
2476,389260,2026,KOSDAQ,166,166,166,0,0,0,0
2477,389470,2022,KOSDAQ,28,28,28,0,0,0,0
2477,389470,2023,KOSDAQ,245,245,245,0,0,0,0
2477,389470,2024,KOSDAQ,244,244,244,0,0,0,0
2477,389470,2025,KOSDAQ,242,242,242,0,0,0,0
2477,389470,2026,KOSDAQ,166,166,166,0,0,0,0
2478,389500,2022,KOSDAQ,54,54,54,0,0,0,0
2478,389500,2023,KOSDAQ,245,245,245,0,0,0,0
2478,389500,2024,KOSDAQ,244,244,244,0,0,0,0
2478,389500,2025,KOSDAQ,242,242,242,0,0,0,0
2478,389500,2026,KOSDAQ,166,166,166,0,0,0,0
2479,389650,2024,KOSDAQ,88,88,88,0,0,0,0
2479,389650,2025,KOSDAQ,242,242,242,0,0,0,0
2479,389650,2026,KOSDAQ,166,166,166,0,0,0,0
2480,389680,2024,KOSDAQ,28,28,28,0,0,0,0
2480,389680,2025,KOSDAQ,242,242,242,0,0,0,0
2480,389680,2026,KOSDAQ,166,166,166,0,0,0,0
2481,391710,2021,KOSDAQ,55,55,55,0,0,0,0
2481,391710,2022,KOSDAQ,246,246,246,0,0,0,0
2481,391710,2023,KOSDAQ,245,245,245,0,0,0,0
2481,391710,2024,KOSDAQ,244,244,244,0,0,0,0
2481,391710,2025,KOSDAQ,242,242,242,0,0,0,0
2481,391710,2026,KOSDAQ,166,166,166,0,0,0,0
2482,393210,2023,KOSDAQ,165,165,165,0,0,0,0
2482,393210,2024,KOSDAQ,244,244,244,0,0,0,0
2482,393210,2025,KOSDAQ,242,242,242,0,0,0,0
2482,393210,2026,KOSDAQ,166,166,166,0,0,0,0
2483,393890,2022,KOSDAQ,63,63,63,0,0,0,0
2483,393890,2023,KOSDAQ,245,245,245,0,0,0,0
2483,393890,2024,KOSDAQ,244,244,244,0,0,0,0
2483,393890,2025,KOSDAQ,242,242,242,0,0,0,0
2483,393890,2026,KOSDAQ,166,166,166,0,0,0,0
2484,393970,2025,KOSDAQ,202,202,202,0,0,0,0
2484,393970,2026,KOSDAQ,166,166,166,0,0,0,0
2485,394280,2022,KOSDAQ,67,67,67,0,0,0,0
2485,394280,2023,KOSDAQ,245,245,245,0,0,0,0
2485,394280,2024,KOSDAQ,244,244,244,0,0,0,0
2485,394280,2025,KOSDAQ,242,242,242,0,0,0,0
2485,394280,2026,KOSDAQ,166,166,166,0,0,0,0
2486,394420,2026,KOSDAQ,108,108,108,0,0,0,0
2487,394800,2024,KOSDAQ,32,32,32,0,0,0,0
2487,394800,2025,KOSDAQ,242,242,242,0,0,0,0
2487,394800,2026,KOSDAQ,166,166,166,0,0,0,0
2489,396270,2022,KOSDAQ,125,125,125,0,0,0,0
2489,396270,2023,KOSDAQ,245,245,245,0,0,0,0
2489,396270,2024,KOSDAQ,244,244,244,0,0,0,0
2489,396270,2025,KOSDAQ,242,242,242,0,0,0,0
2489,396270,2026,KOSDAQ,166,166,166,0,0,0,0
2490,396300,2022,KOSDAQ,193,193,193,0,0,0,0
2490,396300,2023,KOSDAQ,245,245,245,0,0,0,0
2490,396300,2024,KOSDAQ,244,244,244,0,0,0,0
2490,396300,2025,KOSDAQ,242,242,242,0,0,0,0
2490,396300,2026,KOSDAQ,166,166,166,0,0,0,0
2491,396470,2023,KOSDAQ,45,45,45,0,0,0,0
2491,396470,2024,KOSDAQ,244,244,244,0,0,0,0
2491,396470,2025,KOSDAQ,242,242,242,0,0,0,0
2491,396470,2026,KOSDAQ,166,166,166,0,0,0,0
2493,397030,2022,KOSDAQ,106,106,106,0,0,0,0
2493,397030,2023,KOSDAQ,245,245,245,0,0,0,0
2493,397030,2024,KOSDAQ,244,244,244,0,0,0,0
2493,397030,2025,KOSDAQ,242,242,242,0,0,0,0
2493,397030,2026,KOSDAQ,166,166,166,0,0,0,0
2494,397810,2025,KOSDAQ,87,87,87,0,0,0,0
2494,397810,2026,KOSDAQ,166,166,166,0,0,0,0
2495,398120,2024,KOSDAQ,7,7,7,0,0,0,0
2495,398120,2025,KOSDAQ,242,242,242,0,0,0,0
2495,398120,2026,KOSDAQ,166,166,166,0,0,0,0
2496,399720,2022,KOSDAQ,153,153,153,0,0,0,0
2496,399720,2023,KOSDAQ,245,245,245,0,0,0,0
2496,399720,2024,KOSDAQ,244,244,244,0,0,0,0
2496,399720,2025,KOSDAQ,242,242,242,0,0,0,0
2496,399720,2026,KOSDAQ,166,166,166,0,0,0,0
2498,402030,2022,KOSDAQ,121,121,121,0,0,0,0
2498,402030,2023,KOSDAQ,245,245,245,0,0,0,0
2498,402030,2024,KOSDAQ,244,244,244,0,0,0,0
2498,402030,2025,KOSDAQ,242,242,242,0,0,0,0
2498,402030,2026,KOSDAQ,166,166,166,0,0,0,0
2499,402340,2021,KOSPI,24,24,24,0,0,0,0
2499,402340,2022,KOSPI,246,246,246,0,0,0,0
2499,402340,2023,KOSPI,245,245,245,0,0,0,0
2499,402340,2024,KOSPI,244,244,244,0,0,0,0
2499,402340,2025,KOSPI,242,242,242,0,0,0,0
2499,402340,2026,KOSPI,166,166,166,0,0,0,0
2500,402490,2023,KOSDAQ,24,24,24,0,0,0,0
2500,402490,2024,KOSDAQ,244,244,244,0,0,0,0
2500,402490,2025,KOSDAQ,242,242,242,0,0,0,0
2500,402490,2026,KOSDAQ,166,166,166,0,0,0,0
2501,403490,2023,KOSDAQ,67,67,67,0,0,0,0
2501,403490,2024,KOSDAQ,244,244,244,0,0,0,0
2501,403490,2025,KOSDAQ,242,242,242,0,0,0,0
2501,403490,2026,KOSDAQ,166,166,166,0,0,0,0
2502,403550,2022,KOSPI,90,90,90,0,0,0,0
2502,403550,2023,KOSPI,245,245,245,0,0,0,0
2502,403550,2024,KOSPI,244,244,244,0,0,0,0
2502,403550,2025,KOSPI,242,242,242,0,0,0,0
2502,403550,2026,KOSPI,166,166,166,0,0,0,0
2503,403850,2025,KOSDAQ,30,30,30,0,0,0,0
2503,403850,2026,KOSDAQ,166,166,166,0,0,0,0
2504,403870,2022,KOSDAQ,115,115,115,0,0,0,0
2504,403870,2023,KOSDAQ,245,245,245,0,0,0,0
2504,403870,2024,KOSDAQ,244,244,244,0,0,0,0
2504,403870,2025,KOSDAQ,242,242,242,0,0,0,0
2504,403870,2026,KOSDAQ,166,166,166,0,0,0,0
2506,405000,2022,KOSDAQ,50,50,50,0,0,0,0
2506,405000,2023,KOSDAQ,245,245,245,0,0,0,0
2506,405000,2024,KOSDAQ,244,244,244,0,0,0,0
2506,405000,2025,KOSDAQ,242,242,242,0,0,0,0
2506,405000,2026,KOSDAQ,166,166,166,0,0,0,0
2507,405100,2022,KOSDAQ,42,42,42,0,0,0,0
2507,405100,2023,KOSDAQ,245,245,245,0,0,0,0
2507,405100,2024,KOSDAQ,244,244,244,0,0,0,0
2507,405100,2025,KOSDAQ,242,242,242,0,0,0,0
2507,405100,2026,KOSDAQ,166,166,166,0,0,0,0
2508,405920,2023,KOSDAQ,142,142,142,0,0,0,0
2508,405920,2024,KOSDAQ,244,244,244,0,0,0,0
2508,405920,2025,KOSDAQ,242,242,242,0,0,0,0
2508,405920,2026,KOSDAQ,166,166,166,0,0,0,0
2509,406820,2023,KOSDAQ,107,107,107,0,0,0,0
2509,406820,2024,KOSDAQ,244,244,244,0,0,0,0
2509,406820,2025,KOSDAQ,242,242,242,0,0,0,0
2509,406820,2026,KOSDAQ,166,166,166,0,0,0,0
2510,407400,2023,KOSDAQ,219,219,218,0,0,1,0
2510,407400,2024,KOSDAQ,244,244,244,0,0,0,0
2510,407400,2025,KOSDAQ,242,242,242,0,0,0,0
2510,407400,2026,KOSDAQ,166,166,166,0,0,0,0
2511,408470,2026,KOSDAQ,112,112,112,0,0,0,0
2512,408900,2023,KOSDAQ,221,221,221,0,0,0,0
2512,408900,2024,KOSDAQ,244,244,244,0,0,0,0
2512,408900,2025,KOSDAQ,242,242,242,0,0,0,0
2512,408900,2026,KOSDAQ,166,166,166,0,0,0,0
2513,408920,2022,KOSDAQ,205,205,205,0,0,0,0
2513,408920,2023,KOSDAQ,245,245,245,0,0,0,0
2513,408920,2024,KOSDAQ,244,244,244,0,0,0,0
2513,408920,2025,KOSDAQ,242,242,242,0,0,0,0
2513,408920,2026,KOSDAQ,166,166,166,0,0,0,0
2514,411080,2023,KOSDAQ,215,215,215,0,0,0,0
2514,411080,2024,KOSDAQ,244,244,244,0,0,0,0
2514,411080,2025,KOSDAQ,242,242,242,0,0,0,0
2514,411080,2026,KOSDAQ,166,166,166,0,0,0,0
2515,412350,2022,KOSDAQ,130,130,130,0,0,0,0
2515,412350,2023,KOSDAQ,245,245,245,0,0,0,0
2515,412350,2024,KOSDAQ,244,244,244,0,0,0,0
2515,412350,2025,KOSDAQ,242,242,242,0,0,0,0
2515,412350,2026,KOSDAQ,166,166,166,0,0,0,0
2516,412540,2024,KOSDAQ,163,163,163,0,0,0,0
2516,412540,2025,KOSDAQ,242,242,242,0,0,0,0
2516,412540,2026,KOSDAQ,166,166,166,0,0,0,0
2517,413390,2024,KOSDAQ,30,30,30,0,0,0,0
2517,413390,2025,KOSDAQ,242,242,242,0,0,0,0
2517,413390,2026,KOSDAQ,166,166,166,0,0,0,0
2518,413630,2022,KOSDAQ,188,188,188,0,0,0,0
2518,413630,2023,KOSDAQ,245,245,245,0,0,0,0
2518,413630,2024,KOSDAQ,244,244,244,0,0,0,0
2518,413630,2025,KOSDAQ,242,242,242,0,0,0,0
2518,413630,2026,KOSDAQ,166,166,166,0,0,0,0
2519,413640,2023,KOSDAQ,35,35,35,0,0,0,0
2519,413640,2024,KOSDAQ,244,244,244,0,0,0,0
2519,413640,2025,KOSDAQ,242,242,242,0,0,0,0
2519,413640,2026,KOSDAQ,166,166,166,0,0,0,0
2520,415380,2024,KOSDAQ,219,219,219,0,0,0,0
2520,415380,2025,KOSDAQ,242,242,242,0,0,0,0
2520,415380,2026,KOSDAQ,166,166,166,0,0,0,0
2522,416180,2023,KOSDAQ,50,50,50,0,0,0,0
2522,416180,2024,KOSDAQ,244,244,244,0,0,0,0
2522,416180,2025,KOSDAQ,242,242,242,0,0,0,0
2522,416180,2026,KOSDAQ,166,166,166,0,0,0,0
2523,417010,2023,KOSDAQ,204,204,204,0,0,0,0
2523,417010,2024,KOSDAQ,244,244,244,0,0,0,0
2523,417010,2025,KOSDAQ,242,242,242,0,0,0,0
2523,417010,2026,KOSDAQ,166,166,166,0,0,0,0
2524,417180,2022,KOSDAQ,16,16,16,0,0,0,0
2524,417180,2023,KOSDAQ,245,245,245,0,0,0,0
2524,417180,2024,KOSDAQ,244,244,244,0,0,0,0
2524,417180,2025,KOSDAQ,242,242,242,0,0,0,0
2524,417180,2026,KOSDAQ,166,166,166,0,0,0,0
2525,417200,2023,KOSDAQ,12,12,12,0,0,0,0
2525,417200,2024,KOSDAQ,244,244,244,0,0,0,0
2525,417200,2025,KOSDAQ,242,242,242,0,0,0,0
2525,417200,2026,KOSDAQ,166,166,166,0,0,0,0
2527,417500,2022,KOSDAQ,40,40,40,0,0,0,0
2527,417500,2023,KOSDAQ,245,245,245,0,0,0,0
2527,417500,2024,KOSDAQ,244,244,244,0,0,0,0
2527,417500,2025,KOSDAQ,242,242,242,0,0,0,0
2527,417500,2026,KOSDAQ,166,166,166,0,0,0,0
2528,417790,2023,KOSDAQ,153,153,153,0,0,0,0
2528,417790,2024,KOSDAQ,244,244,244,0,0,0,0
2528,417790,2025,KOSDAQ,242,242,242,0,0,0,0
2528,417790,2026,KOSDAQ,166,166,166,0,0,0,0
2529,417840,2022,KOSDAQ,45,45,45,0,0,0,0
2529,417840,2023,KOSDAQ,245,245,244,0,0,1,0
2529,417840,2024,KOSDAQ,244,244,244,0,0,0,0
2529,417840,2025,KOSDAQ,242,242,242,0,0,0,0
2529,417840,2026,KOSDAQ,166,166,166,0,0,0,0
2530,417860,2023,KOSDAQ,227,227,227,0,0,0,0
2530,417860,2024,KOSDAQ,244,244,244,0,0,0,0
2530,417860,2025,KOSDAQ,242,242,242,0,0,0,0
2530,417860,2026,KOSDAQ,166,166,166,0,0,0,0
2531,417970,2022,KOSDAQ,59,59,59,0,0,0,0
2531,417970,2023,KOSDAQ,245,245,245,0,0,0,0
2531,417970,2024,KOSDAQ,244,244,244,0,0,0,0
2531,417970,2025,KOSDAQ,242,242,242,0,0,0,0
2531,417970,2026,KOSDAQ,166,166,166,0,0,0,0
2532,418250,2023,KOSDAQ,85,85,85,0,0,0,0
2532,418250,2024,KOSDAQ,244,244,244,0,0,0,0
2532,418250,2025,KOSDAQ,242,242,242,0,0,0,0
2532,418250,2026,KOSDAQ,166,166,166,0,0,0,0
2533,418420,2023,KOSDAQ,200,200,200,0,0,0,0
2533,418420,2024,KOSDAQ,244,244,244,0,0,0,0
2533,418420,2025,KOSDAQ,242,242,242,0,0,0,0
2533,418420,2026,KOSDAQ,166,166,166,0,0,0,0
2534,418470,2023,KOSDAQ,61,61,61,0,0,0,0
2534,418470,2024,KOSDAQ,244,244,244,0,0,0,0
2534,418470,2025,KOSDAQ,242,242,242,0,0,0,0
2534,418470,2026,KOSDAQ,166,166,166,0,0,0,0
2535,418550,2023,KOSDAQ,214,214,214,0,0,0,0
2535,418550,2024,KOSDAQ,244,244,244,0,0,0,0
2535,418550,2025,KOSDAQ,242,242,242,0,0,0,0
2535,418550,2026,KOSDAQ,166,166,166,0,0,0,0
2536,418620,2024,KOSDAQ,208,208,208,0,0,0,0
2536,418620,2025,KOSDAQ,242,242,242,0,0,0,0
2536,418620,2026,KOSDAQ,166,166,166,0,0,0,0
2537,419050,2023,KOSDAQ,223,223,223,0,0,0,0
2537,419050,2024,KOSDAQ,244,244,244,0,0,0,0
2537,419050,2025,KOSDAQ,242,242,242,0,0,0,0
2537,419050,2026,KOSDAQ,166,166,166,0,0,0,0
2538,419080,2022,KOSDAQ,30,30,30,0,0,0,0
2538,419080,2023,KOSDAQ,245,245,245,0,0,0,0
2538,419080,2024,KOSDAQ,244,244,244,0,0,0,0
2538,419080,2025,KOSDAQ,242,242,242,0,0,0,0
2538,419080,2026,KOSDAQ,166,166,166,0,0,0,0
2539,419120,2022,KOSDAQ,46,46,46,0,0,0,0
2539,419120,2023,KOSDAQ,245,245,245,0,0,0,0
2539,419120,2024,KOSDAQ,244,244,244,0,0,0,0
2539,419120,2025,KOSDAQ,242,242,242,0,0,0,0
2539,419120,2026,KOSDAQ,166,166,166,0,0,0,0
2540,419530,2022,KOSDAQ,18,18,18,0,0,0,0
2540,419530,2023,KOSDAQ,245,245,245,0,0,0,0
2540,419530,2024,KOSDAQ,244,244,244,0,0,0,0
2540,419530,2025,KOSDAQ,242,242,242,0,0,0,0
2540,419530,2026,KOSDAQ,166,166,166,0,0,0,0
2541,419540,2022,KOSDAQ,53,53,53,0,0,0,0
2541,419540,2023,KOSDAQ,245,245,245,0,0,0,0
2541,419540,2024,KOSDAQ,244,244,244,0,0,0,0
2541,419540,2025,KOSDAQ,242,242,242,0,0,0,0
2541,419540,2026,KOSDAQ,166,166,166,0,0,0,0
2542,420570,2024,KOSDAQ,188,188,188,0,0,0,0
2542,420570,2025,KOSDAQ,242,242,242,0,0,0,0
2542,420570,2026,KOSDAQ,166,166,166,0,0,0,0
2543,420770,2023,KOSDAQ,148,148,148,0,0,0,0
2543,420770,2024,KOSDAQ,244,244,244,0,0,0,0
2543,420770,2025,KOSDAQ,242,242,242,0,0,0,0
2543,420770,2026,KOSDAQ,166,166,166,0,0,0,0
2544,424760,2022,KOSDAQ,110,110,110,0,0,0,0
2544,424760,2023,KOSDAQ,245,245,245,0,0,0,0
2544,424760,2024,KOSDAQ,244,244,244,0,0,0,0
2544,424760,2025,KOSDAQ,242,242,242,0,0,0,0
2544,424760,2026,KOSDAQ,166,166,166,0,0,0,0
2545,424870,2025,KOSDAQ,153,153,153,0,0,0,0
2545,424870,2026,KOSDAQ,166,166,166,0,0,0,0
2546,424960,2023,KOSDAQ,87,87,87,0,0,0,0
2546,424960,2024,KOSDAQ,244,244,244,0,0,0,0
2546,424960,2025,KOSDAQ,242,242,242,0,0,0,0
2546,424960,2026,KOSDAQ,166,166,166,0,0,0,0
2547,424980,2023,KOSDAQ,166,166,166,0,0,0,0
2547,424980,2024,KOSDAQ,244,244,244,0,0,0,0
2547,424980,2025,KOSDAQ,242,242,242,0,0,0,0
2547,424980,2026,KOSDAQ,166,166,166,0,0,0,0
2548,425040,2023,KOSDAQ,232,232,232,0,0,0,0
2548,425040,2024,KOSDAQ,244,244,244,0,0,0,0
2548,425040,2025,KOSDAQ,242,242,242,0,0,0,0
2548,425040,2026,KOSDAQ,166,166,166,0,0,0,0
2549,425420,2022,KOSDAQ,31,31,31,0,0,0,0
2549,425420,2023,KOSDAQ,245,245,245,0,0,0,0
2549,425420,2024,KOSDAQ,244,244,244,0,0,0,0
2549,425420,2025,KOSDAQ,242,242,242,0,0,0,0
2549,425420,2026,KOSDAQ,166,166,166,0,0,0,0
2550,429270,2023,KOSDAQ,99,99,99,0,0,0,0
2550,429270,2024,KOSDAQ,244,244,244,0,0,0,0
2550,429270,2025,KOSDAQ,242,242,241,0,0,1,0
2550,429270,2026,KOSDAQ,166,166,166,0,0,0,0
2551,430690,2023,KOSDAQ,60,60,59,0,0,1,0
2551,430690,2024,KOSDAQ,244,244,244,0,0,0,0
2551,430690,2025,KOSDAQ,242,242,242,0,0,0,0
2551,430690,2026,KOSDAQ,166,166,166,0,0,0,0
2552,431190,2024,KOSDAQ,88,88,88,0,0,0,0
2552,431190,2025,KOSDAQ,242,242,242,0,0,0,0
2552,431190,2026,KOSDAQ,166,166,166,0,0,0,0
2554,432430,2023,KOSDAQ,109,109,109,0,0,0,0
2554,432430,2024,KOSDAQ,244,244,244,0,0,0,0
2554,432430,2025,KOSDAQ,242,242,242,0,0,0,0
2554,432430,2026,KOSDAQ,166,166,166,0,0,0,0
2555,432470,2023,KOSDAQ,16,16,16,0,0,0,0
2555,432470,2024,KOSDAQ,244,244,244,0,0,0,0
2555,432470,2025,KOSDAQ,242,242,242,0,0,0,0
2555,432470,2026,KOSDAQ,166,166,166,0,0,0,0
2556,432720,2023,KOSDAQ,44,44,44,0,0,0,0
2556,432720,2024,KOSDAQ,244,244,244,0,0,0,0
2556,432720,2025,KOSDAQ,242,242,242,0,0,0,0
2556,432720,2026,KOSDAQ,166,166,166,0,0,0,0
2557,432980,2024,KOSDAQ,3,3,3,0,0,0,0
2557,432980,2025,KOSDAQ,242,242,242,0,0,0,0
2557,432980,2026,KOSDAQ,166,166,166,0,0,0,0
2558,434480,2023,KOSDAQ,151,151,151,0,0,0,0
2558,434480,2024,KOSDAQ,244,244,244,0,0,0,0
2558,434480,2025,KOSDAQ,242,242,242,0,0,0,0
2558,434480,2026,KOSDAQ,166,166,166,0,0,0,0
2559,435570,2025,KOSDAQ,205,205,205,0,0,0,0
2559,435570,2026,KOSDAQ,166,166,166,0,0,0,0
2560,437730,2024,KOSDAQ,190,190,190,0,0,0,0
2560,437730,2025,KOSDAQ,242,242,242,0,0,0,0
2560,437730,2026,KOSDAQ,166,166,166,0,0,0,0
2561,438700,2023,KOSDAQ,105,105,105,0,0,0,0
2561,438700,2024,KOSDAQ,244,244,244,0,0,0,0
2561,438700,2025,KOSDAQ,242,242,242,0,0,0,0
2561,438700,2026,KOSDAQ,166,166,166,0,0,0,0
2562,439090,2023,KOSDAQ,139,139,139,0,0,0,0
2562,439090,2024,KOSDAQ,244,244,244,0,0,0,0
2562,439090,2025,KOSDAQ,242,242,242,0,0,0,0
2562,439090,2026,KOSDAQ,166,166,166,0,0,0,0
2563,439260,2025,KOSPI,101,101,101,0,0,0,0
2563,439260,2026,KOSPI,166,166,166,0,0,0,0
2564,439580,2023,KOSDAQ,11,11,10,0,0,1,0
2564,439580,2024,KOSDAQ,244,244,244,0,0,0,0
2564,439580,2025,KOSDAQ,242,242,241,0,0,1,0
2564,439580,2026,KOSDAQ,166,166,166,0,0,0,0
2565,439960,2026,KOSDAQ,81,81,81,0,0,0,0
2566,440110,2023,KOSDAQ,97,97,97,0,0,0,0
2566,440110,2024,KOSDAQ,244,244,244,0,0,0,0
2566,440110,2025,KOSDAQ,242,242,242,0,0,0,0
2566,440110,2026,KOSDAQ,166,166,166,0,0,0,0
2567,440290,2024,KOSDAQ,227,227,227,0,0,0,0
2567,440290,2025,KOSDAQ,242,242,242,0,0,0,0
2567,440290,2026,KOSDAQ,166,166,166,0,0,0,0
2568,440320,2023,KOSDAQ,123,123,123,0,0,0,0
2568,440320,2024,KOSDAQ,244,244,244,0,0,0,0
2568,440320,2025,KOSDAQ,242,242,242,0,0,0,0
2568,440320,2026,KOSDAQ,166,166,166,0,0,0,0
2569,441270,2022,KOSDAQ,59,59,59,0,0,0,0
2569,441270,2023,KOSDAQ,245,245,245,0,0,0,0
2569,441270,2024,KOSDAQ,244,244,244,0,0,0,0
2569,441270,2025,KOSDAQ,242,242,242,0,0,0,0
2569,441270,2026,KOSDAQ,166,166,166,0,0,0,0
2570,443060,2024,KOSPI,159,159,159,0,0,0,0
2570,443060,2025,KOSPI,242,242,242,0,0,0,0
2570,443060,2026,KOSPI,166,166,166,0,0,0,0
2571,443250,2023,KOSDAQ,58,58,58,0,0,0,0
2571,443250,2024,KOSDAQ,244,244,244,0,0,0,0
2571,443250,2025,KOSDAQ,242,242,242,0,0,0,0
2571,443250,2026,KOSDAQ,166,166,166,0,0,0,0
2572,443670,2024,KOSDAQ,214,214,214,0,0,0,0
2572,443670,2025,KOSDAQ,242,242,242,0,0,0,0
2572,443670,2026,KOSDAQ,166,166,166,0,0,0,0
2573,444530,2025,KOSDAQ,191,191,191,0,0,0,0
2573,444530,2026,KOSDAQ,166,166,166,0,0,0,0
2574,445090,2023,KOSDAQ,33,33,33,0,0,0,0
2574,445090,2024,KOSDAQ,244,244,244,0,0,0,0
2574,445090,2025,KOSDAQ,242,242,242,0,0,0,0
2574,445090,2026,KOSDAQ,166,166,166,0,0,0,0
2575,445180,2023,KOSDAQ,51,51,51,0,0,0,0
2575,445180,2024,KOSDAQ,244,244,244,0,0,0,0
2575,445180,2025,KOSDAQ,242,242,242,0,0,0,0
2575,445180,2026,KOSDAQ,166,166,166,0,0,0,0
2576,445680,2023,KOSDAQ,94,94,94,0,0,0,0
2576,445680,2024,KOSDAQ,244,244,244,0,0,0,0
2576,445680,2025,KOSDAQ,242,242,242,0,0,0,0
2576,445680,2026,KOSDAQ,166,166,166,0,0,0,0
2577,446070,2022,KOSPI,24,24,24,0,0,0,0
2577,446070,2023,KOSPI,245,245,245,0,0,0,0
2577,446070,2024,KOSPI,244,244,244,0,0,0,0
2577,446070,2025,KOSPI,242,242,242,0,0,0,0
2577,446070,2026,KOSPI,166,166,166,0,0,0,0
2578,446540,2023,KOSDAQ,35,35,35,0,0,0,0
2578,446540,2024,KOSDAQ,244,244,244,0,0,0,0
2578,446540,2025,KOSDAQ,242,242,242,0,0,0,0
2578,446540,2026,KOSDAQ,166,166,166,0,0,0,0
2579,446840,2023,KOSDAQ,153,153,153,0,0,0,0
2579,446840,2024,KOSDAQ,244,244,244,0,0,0,0
2579,446840,2025,KOSDAQ,242,242,242,0,0,0,0
2579,446840,2026,KOSDAQ,166,166,166,0,0,0,0
2580,448280,2023,KOSDAQ,27,27,27,0,0,0,0
2580,448280,2024,KOSDAQ,244,244,244,0,0,0,0
2580,448280,2025,KOSDAQ,242,242,241,0,0,1,0
2580,448280,2026,KOSDAQ,166,166,166,0,0,0,0
2581,448710,2023,KOSDAQ,94,94,94,0,0,0,0
2581,448710,2024,KOSDAQ,244,244,244,0,0,0,0
2581,448710,2025,KOSDAQ,242,242,242,0,0,0,0
2581,448710,2026,KOSDAQ,166,166,166,0,0,0,0
2583,448900,2025,KOSDAQ,181,181,181,0,0,0,0
2583,448900,2026,KOSDAQ,166,166,166,0,0,0,0
2584,450080,2023,KOSPI,29,29,29,0,0,0,0
2584,450080,2024,KOSPI,244,244,244,0,0,0,0
2584,450080,2025,KOSPI,242,242,242,0,0,0,0
2584,450080,2026,KOSPI,166,166,166,0,0,0,0
2585,450330,2024,KOSDAQ,121,121,121,0,0,0,0
2585,450330,2025,KOSDAQ,242,242,242,0,0,0,0
2585,450330,2026,KOSDAQ,166,166,166,0,0,0,0
2586,450520,2023,KOSDAQ,63,63,63,0,0,0,0
2586,450520,2024,KOSDAQ,244,244,244,0,0,0,0
2586,450520,2025,KOSDAQ,242,242,242,0,0,0,0
2586,450520,2026,KOSDAQ,166,166,166,0,0,0,0
2587,450950,2025,KOSDAQ,226,226,226,0,0,0,0
2587,450950,2026,KOSDAQ,166,166,166,0,0,0,0
2588,451220,2023,KOSDAQ,57,57,57,0,0,0,0
2588,451220,2024,KOSDAQ,244,244,244,0,0,0,0
2588,451220,2025,KOSDAQ,242,242,242,0,0,0,0
2588,451220,2026,KOSDAQ,166,166,166,0,0,0,0
2589,451250,2024,KOSDAQ,166,166,166,0,0,0,0
2589,451250,2025,KOSDAQ,242,242,242,0,0,0,0
2589,451250,2026,KOSDAQ,166,166,166,0,0,0,0
2590,451760,2023,KOSDAQ,35,35,35,0,0,0,0
2590,451760,2024,KOSDAQ,244,244,244,0,0,0,0
2590,451760,2025,KOSDAQ,242,242,242,0,0,0,0
2590,451760,2026,KOSDAQ,166,166,166,0,0,0,0
2592,452160,2023,KOSDAQ,24,24,24,0,0,0,0
2592,452160,2024,KOSDAQ,244,244,244,0,0,0,0
2592,452160,2025,KOSDAQ,242,242,242,0,0,0,0
2592,452160,2026,KOSDAQ,166,166,166,0,0,0,0
2593,452190,2024,KOSDAQ,242,242,242,0,0,0,0
2593,452190,2025,KOSDAQ,242,242,242,0,0,0,0
2593,452190,2026,KOSDAQ,166,166,166,0,0,0,0
2594,452200,2024,KOSDAQ,161,161,161,0,0,0,0
2594,452200,2025,KOSDAQ,242,242,242,0,0,0,0
2594,452200,2026,KOSDAQ,166,166,166,0,0,0,0
2595,452260,2023,KOSPI,184,184,184,0,0,0,0
2595,452260,2024,KOSPI,244,244,244,0,0,0,0
2595,452260,2025,KOSPI,242,242,242,0,0,0,0
2595,452260,2026,KOSPI,166,166,166,0,0,0,0
2597,452280,2023,KOSDAQ,24,24,24,0,0,0,0
2597,452280,2024,KOSDAQ,244,244,244,0,0,0,0
2597,452280,2025,KOSDAQ,242,242,242,0,0,0,0
2597,452280,2026,KOSDAQ,166,166,166,0,0,0,0
2598,452300,2023,KOSDAQ,31,31,31,0,0,0,0
2598,452300,2024,KOSDAQ,244,244,244,0,0,0,0
2598,452300,2025,KOSDAQ,242,242,242,0,0,0,0
2598,452300,2026,KOSDAQ,166,166,166,0,0,0,0
2599,452400,2024,KOSDAQ,222,222,222,0,0,0,0
2599,452400,2025,KOSDAQ,242,242,242,0,0,0,0
2599,452400,2026,KOSDAQ,166,166,166,0,0,0,0
2600,452430,2024,KOSDAQ,212,212,212,0,0,0,0
2600,452430,2025,KOSDAQ,242,242,242,0,0,0,0
2600,452430,2026,KOSDAQ,166,166,166,0,0,0,0
2601,452450,2025,KOSDAQ,223,223,223,0,0,0,0
2601,452450,2026,KOSDAQ,166,166,166,0,0,0,0
2602,453340,2023,KOSPI,178,178,178,0,0,0,0
2602,453340,2024,KOSPI,244,244,244,0,0,0,0
2602,453340,2025,KOSPI,242,242,242,0,0,0,0
2602,453340,2026,KOSPI,166,166,166,0,0,0,0
2603,453450,2024,KOSDAQ,134,134,134,0,0,0,0
2603,453450,2025,KOSDAQ,242,242,242,0,0,0,0
2603,453450,2026,KOSDAQ,166,166,166,0,0,0,0
2604,453860,2023,KOSDAQ,22,22,22,0,0,0,0
2604,453860,2024,KOSDAQ,244,244,244,0,0,0,0
2604,453860,2025,KOSDAQ,242,242,242,0,0,0,0
2604,453860,2026,KOSDAQ,166,166,166,0,0,0,0
2605,454910,2023,KOSPI,59,59,59,0,0,0,0
2605,454910,2024,KOSPI,244,244,244,0,0,0,0
2605,454910,2025,KOSPI,242,242,242,0,0,0,0
2605,454910,2026,KOSPI,166,166,166,0,0,0,0
2606,455180,2025,KOSDAQ,134,134,134,0,0,0,0
2606,455180,2026,KOSDAQ,166,166,166,0,0,0,0
2607,455900,2024,KOSDAQ,187,187,187,0,0,0,0
2607,455900,2025,KOSDAQ,242,242,242,0,0,0,0
2607,455900,2026,KOSDAQ,166,166,166,0,0,0,0
2608,456010,2024,KOSDAQ,153,153,153,0,0,0,0
2608,456010,2025,KOSDAQ,242,242,242,0,0,0,0
2608,456010,2026,KOSDAQ,166,166,166,0,0,0,0
2609,456040,2023,KOSPI,145,145,145,0,0,0,0
2609,456040,2024,KOSPI,244,244,244,0,0,0,0
2609,456040,2025,KOSPI,242,242,242,0,0,0,0
2609,456040,2026,KOSPI,166,166,166,0,0,0,0
2610,456070,2024,KOSDAQ,85,85,85,0,0,0,0
2610,456070,2025,KOSDAQ,242,242,242,0,0,0,0
2610,456070,2026,KOSDAQ,166,166,166,0,0,0,0
2611,456160,2025,KOSDAQ,92,92,92,0,0,0,0
2611,456160,2026,KOSDAQ,166,166,166,0,0,0,0
2612,457190,2023,KOSPI,144,144,144,0,0,0,0
2612,457190,2024,KOSPI,244,244,244,0,0,0,0
2612,457190,2025,KOSPI,242,242,242,0,0,0,0
2612,457190,2026,KOSPI,166,166,166,0,0,0,0
2613,457370,2024,KOSDAQ,49,49,49,0,0,0,0
2613,457370,2025,KOSDAQ,242,242,242,0,0,0,0
2613,457370,2026,KOSDAQ,166,166,166,0,0,0,0
2614,457550,2024,KOSDAQ,228,228,228,0,0,0,0
2614,457550,2025,KOSDAQ,242,242,242,0,0,0,0
2614,457550,2026,KOSDAQ,166,166,166,0,0,0,0
2615,457600,2024,KOSDAQ,10,10,10,0,0,0,0
2615,457600,2025,KOSDAQ,242,242,242,0,0,0,0
2615,457600,2026,KOSDAQ,166,166,166,0,0,0,0
2616,458350,2026,KOSDAQ,125,125,125,0,0,0,0
2617,458650,2024,KOSDAQ,42,42,42,0,0,0,0
2617,458650,2025,KOSDAQ,242,242,242,0,0,0,0
2617,458650,2026,KOSDAQ,166,166,166,0,0,0,0
2618,458870,2024,KOSDAQ,131,131,131,0,0,0,0
2618,458870,2025,KOSDAQ,242,242,242,0,0,0,0
2618,458870,2026,KOSDAQ,166,166,166,0,0,0,0
2619,459100,2024,KOSDAQ,28,28,28,0,0,0,0
2619,459100,2025,KOSDAQ,242,242,242,0,0,0,0
2619,459100,2026,KOSDAQ,166,166,166,0,0,0,0
2620,459510,2025,KOSDAQ,160,160,160,0,0,0,0
2620,459510,2026,KOSDAQ,166,166,166,0,0,0,0
2621,459550,2025,KOSDAQ,31,31,31,0,0,0,0
2621,459550,2026,KOSDAQ,166,166,166,0,0,0,0
2622,460470,2024,KOSDAQ,97,97,97,0,0,0,0
2622,460470,2025,KOSDAQ,242,242,242,0,0,0,0
2622,460470,2026,KOSDAQ,166,166,166,0,0,0,0
2623,460850,2023,KOSPI,133,133,133,0,0,0,0
2623,460850,2024,KOSPI,244,244,244,0,0,0,0
2623,460850,2025,KOSPI,242,242,242,0,0,0,0
2623,460850,2026,KOSPI,166,166,166,0,0,0,0
2624,460860,2023,KOSPI,133,133,133,0,0,0,0
2624,460860,2024,KOSPI,244,244,244,0,0,0,0
2624,460860,2025,KOSPI,242,242,242,0,0,0,0
2624,460860,2026,KOSPI,166,166,166,0,0,0,0
2625,460870,2025,KOSDAQ,201,201,201,0,0,0,0
2625,460870,2026,KOSDAQ,166,166,166,0,0,0,0
2626,460930,2024,KOSDAQ,226,226,226,0,0,0,0
2626,460930,2025,KOSDAQ,242,242,242,0,0,0,0
2626,460930,2026,KOSDAQ,166,166,166,0,0,0,0
2627,460940,2024,KOSDAQ,101,101,101,0,0,0,0
2627,460940,2025,KOSDAQ,242,242,242,0,0,0,0
2627,460940,2026,KOSDAQ,166,166,166,0,0,0,0
2628,461030,2024,KOSDAQ,181,181,181,0,0,0,0
2628,461030,2025,KOSDAQ,242,242,242,0,0,0,0
2628,461030,2026,KOSDAQ,166,166,166,0,0,0,0
2629,461300,2024,KOSDAQ,80,80,80,0,0,0,0
2629,461300,2025,KOSDAQ,242,242,242,0,0,0,0
2629,461300,2026,KOSDAQ,166,166,166,0,0,0,0
2630,462310,2025,KOSDAQ,118,118,118,0,0,0,0
2630,462310,2026,KOSDAQ,166,166,166,0,0,0,0
2631,462350,2024,KOSDAQ,122,122,122,0,0,0,0
2631,462350,2025,KOSDAQ,242,242,242,0,0,0,0
2631,462350,2026,KOSDAQ,166,166,166,0,0,0,0
2632,462510,2024,KOSDAQ,133,133,133,0,0,0,0
2632,462510,2025,KOSDAQ,242,242,242,0,0,0,0
2632,462510,2026,KOSDAQ,166,166,166,0,0,0,0
2633,462520,2023,KOSPI,103,103,103,0,0,0,0
2633,462520,2024,KOSPI,244,244,244,0,0,0,0
2633,462520,2025,KOSPI,242,242,242,0,0,0,0
2633,462520,2026,KOSPI,166,166,166,0,0,0,0
2634,462860,2025,KOSDAQ,190,190,190,0,0,0,0
2634,462860,2026,KOSDAQ,166,166,166,0,0,0,0
2635,462870,2024,KOSPI,115,115,115,0,0,0,0
2635,462870,2025,KOSPI,242,242,242,0,0,0,0
2635,462870,2026,KOSPI,166,166,166,0,0,0,0
2636,462980,2025,KOSDAQ,223,223,223,0,0,0,0
2636,462980,2026,KOSDAQ,166,166,166,0,0,0,0
2637,463020,2025,KOSDAQ,121,121,121,0,0,0,0
2637,463020,2026,KOSDAQ,166,166,166,0,0,0,0
2638,463480,2025,KOSDAQ,211,211,211,0,0,0,0
2638,463480,2026,KOSDAQ,166,166,166,0,0,0,0
2639,464080,2024,KOSDAQ,127,127,127,0,0,0,0
2639,464080,2025,KOSDAQ,242,242,242,0,0,0,0
2639,464080,2026,KOSDAQ,166,166,166,0,0,0,0
2640,464280,2024,KOSDAQ,87,87,87,0,0,0,0
2640,464280,2025,KOSDAQ,242,242,242,0,0,0,0
2640,464280,2026,KOSDAQ,166,166,166,0,0,0,0
2641,464490,2025,KOSDAQ,12,12,12,0,0,0,0
2641,464490,2026,KOSDAQ,166,166,166,0,0,0,0
2642,464500,2024,KOSDAQ,67,67,67,0,0,0,0
2642,464500,2025,KOSDAQ,242,242,242,0,0,0,0
2642,464500,2026,KOSDAQ,166,166,166,0,0,0,0
2643,464580,2024,KOSDAQ,33,33,33,0,0,0,0
2643,464580,2025,KOSDAQ,242,242,242,0,0,0,0
2643,464580,2026,KOSDAQ,166,166,166,0,0,0,0
2644,465320,2023,KOSDAQ,17,17,17,0,0,0,0
2644,465320,2024,KOSDAQ,244,244,244,0,0,0,0
2644,465320,2025,KOSDAQ,242,242,242,0,0,0,0
2644,465320,2026,KOSDAQ,166,166,166,0,0,0,0
2645,465480,2024,KOSDAQ,51,51,51,0,0,0,0
2645,465480,2025,KOSDAQ,242,242,242,0,0,0,0
2645,465480,2026,KOSDAQ,166,166,166,0,0,0,0
2646,465770,2023,KOSPI,69,69,69,0,0,0,0
2646,465770,2024,KOSPI,244,244,244,0,0,0,0
2646,465770,2025,KOSPI,242,242,242,0,0,0,0
2646,465770,2026,KOSPI,166,166,166,0,0,0,0
2647,466100,2024,KOSDAQ,45,45,45,0,0,0,0
2647,466100,2025,KOSDAQ,242,242,242,0,0,0,0
2647,466100,2026,KOSDAQ,166,166,166,0,0,0,0
2648,466410,2024,KOSDAQ,29,29,29,0,0,0,0
2648,466410,2025,KOSDAQ,242,242,242,0,0,0,0
2648,466410,2026,KOSDAQ,166,166,166,0,0,0,0
2649,466690,2025,KOSDAQ,12,12,12,0,0,0,0
2649,466690,2026,KOSDAQ,166,166,166,0,0,0,0
2650,468530,2025,KOSDAQ,104,104,104,0,0,0,0
2650,468530,2026,KOSDAQ,166,166,166,0,0,0,0
2651,468760,2024,KOSDAQ,204,204,204,0,0,0,0
2651,468760,2025,KOSDAQ,242,242,242,0,0,0,0
2651,468760,2026,KOSDAQ,166,166,166,0,0,0,0
2652,469480,2024,KOSDAQ,222,222,222,0,0,0,0
2652,469480,2025,KOSDAQ,242,242,242,0,0,0,0
2652,469480,2026,KOSDAQ,166,166,166,0,0,0,0
2653,469610,2025,KOSDAQ,37,37,37,0,0,0,0
2653,469610,2026,KOSDAQ,166,166,166,0,0,0,0
2654,469750,2024,KOSDAQ,78,78,78,0,0,0,0
2654,469750,2025,KOSDAQ,242,242,242,0,0,0,0
2654,469750,2026,KOSDAQ,166,166,166,0,0,0,0
2655,469900,2024,KOSDAQ,202,202,202,0,0,0,0
2655,469900,2025,KOSDAQ,242,242,242,0,0,0,0
2655,469900,2026,KOSDAQ,166,166,166,0,0,0,0
2657,471820,2024,KOSDAQ,11,11,11,0,0,0,0
2657,471820,2025,KOSDAQ,242,242,242,0,0,0,0
2657,471820,2026,KOSDAQ,166,166,166,0,0,0,0
2658,472220,2024,KOSDAQ,219,219,219,0,0,0,0
2658,472220,2025,KOSDAQ,242,242,242,0,0,0,0
2658,472220,2026,KOSDAQ,166,166,166,0,0,0,0
2659,472230,2024,KOSDAQ,203,203,203,0,0,0,0
2659,472230,2025,KOSDAQ,242,242,242,0,0,0,0
2659,472230,2026,KOSDAQ,166,166,166,0,0,0,0
2660,472850,2024,KOSDAQ,221,221,221,0,0,0,0
2660,472850,2025,KOSDAQ,242,242,242,0,0,0,0
2660,472850,2026,KOSDAQ,166,166,166,0,0,0,0
2661,473000,2024,KOSDAQ,160,160,160,0,0,0,0
2661,473000,2025,KOSDAQ,242,242,242,0,0,0,0
2661,473000,2026,KOSDAQ,166,166,166,0,0,0,0
2662,473050,2024,KOSDAQ,204,204,204,0,0,0,0
2662,473050,2025,KOSDAQ,242,242,242,0,0,0,0
2662,473050,2026,KOSDAQ,166,166,166,0,0,0,0
2663,473950,2024,KOSDAQ,105,105,105,0,0,0,0
2663,473950,2025,KOSDAQ,242,242,242,0,0,0,0
2663,473950,2026,KOSDAQ,166,166,166,0,0,0,0
2664,473980,2024,KOSDAQ,34,34,34,0,0,0,0
2664,473980,2025,KOSDAQ,242,242,242,0,0,0,0
2664,473980,2026,KOSDAQ,166,166,166,0,0,0,0
2665,474170,2024,KOSDAQ,50,50,50,0,0,0,0
2665,474170,2025,KOSDAQ,242,242,242,0,0,0,0
2665,474170,2026,KOSDAQ,166,166,166,0,0,0,0
2666,474490,2024,KOSDAQ,162,162,162,0,0,0,0
2666,474490,2025,KOSDAQ,242,242,242,0,0,0,0
2666,474490,2026,KOSDAQ,166,166,166,0,0,0,0
2667,474610,2024,KOSDAQ,29,29,29,0,0,0,0
2667,474610,2025,KOSDAQ,242,242,242,0,0,0,0
2667,474610,2026,KOSDAQ,166,166,166,0,0,0,0
2668,474650,2025,KOSDAQ,139,139,139,0,0,0,0
2668,474650,2026,KOSDAQ,166,166,166,0,0,0,0
2669,474660,2024,KOSDAQ,174,174,174,0,0,0,0
2669,474660,2025,KOSDAQ,242,242,242,0,0,0,0
2669,474660,2026,KOSDAQ,166,166,166,0,0,0,0
2670,474930,2024,KOSDAQ,169,169,169,0,0,0,0
2670,474930,2025,KOSDAQ,242,242,242,0,0,0,0
2670,474930,2026,KOSDAQ,166,166,166,0,0,0,0
2671,475040,2026,KOSDAQ,47,47,47,0,0,0,0
2672,475150,2024,KOSPI,184,184,184,0,0,0,0
2672,475150,2025,KOSPI,242,242,242,0,0,0,0
2672,475150,2026,KOSPI,166,166,166,0,0,0,0
2673,475230,2025,KOSDAQ,105,105,105,0,0,0,0
2673,475230,2026,KOSDAQ,166,166,166,0,0,0,0
2674,475240,2024,KOSDAQ,186,186,186,0,0,0,0
2674,475240,2025,KOSDAQ,242,242,242,0,0,0,0
2674,475240,2026,KOSDAQ,166,166,166,0,0,0,0
2675,475250,2024,KOSDAQ,167,167,167,0,0,0,0
2675,475250,2025,KOSDAQ,242,242,242,0,0,0,0
2675,475250,2026,KOSDAQ,166,166,166,0,0,0,0
2676,475400,2024,KOSDAQ,47,47,47,0,0,0,0
2676,475400,2025,KOSDAQ,242,242,242,0,0,0,0
2676,475400,2026,KOSDAQ,166,166,166,0,0,0,0
2677,475430,2025,KOSDAQ,143,143,143,0,0,0,0
2677,475430,2026,KOSDAQ,166,166,166,0,0,0,0
2678,475460,2025,KOSDAQ,227,227,227,0,0,0,0
2678,475460,2026,KOSDAQ,166,166,166,0,0,0,0
2679,475560,2024,KOSPI,38,38,38,0,0,0,0
2679,475560,2025,KOSPI,242,242,242,0,0,0,0
2679,475560,2026,KOSPI,166,166,166,0,0,0,0
2680,475580,2024,KOSDAQ,41,41,41,0,0,0,0
2680,475580,2025,KOSDAQ,242,242,242,0,0,0,0
2680,475580,2026,KOSDAQ,166,166,166,0,0,0,0
2681,475660,2024,KOSDAQ,30,30,30,0,0,0,0
2681,475660,2025,KOSDAQ,242,242,242,0,0,0,0
2681,475660,2026,KOSDAQ,166,166,166,0,0,0,0
2682,475830,2025,KOSDAQ,215,215,215,0,0,0,0
2682,475830,2026,KOSDAQ,166,166,166,0,0,0,0
2683,475960,2024,KOSDAQ,37,37,37,0,0,0,0
2683,475960,2025,KOSDAQ,242,242,242,0,0,0,0
2683,475960,2026,KOSDAQ,166,166,166,0,0,0,0
2684,476040,2025,KOSDAQ,159,159,159,0,0,0,0
2684,476040,2026,KOSDAQ,166,166,166,0,0,0,0
2685,476060,2024,KOSDAQ,7,7,7,0,0,0,0
2685,476060,2025,KOSDAQ,242,242,242,0,0,0,0
2685,476060,2026,KOSDAQ,166,166,166,0,0,0,0
2686,476080,2024,KOSDAQ,86,86,86,0,0,0,0
2686,476080,2025,KOSDAQ,242,242,242,0,0,0,0
2686,476080,2026,KOSDAQ,166,166,166,0,0,0,0
2687,476830,2025,KOSDAQ,8,8,8,0,0,0,0
2687,476830,2026,KOSDAQ,166,166,166,0,0,0,0
2688,477340,2024,KOSDAQ,128,128,128,0,0,0,0
2688,477340,2025,KOSDAQ,242,242,242,0,0,0,0
2688,477340,2026,KOSDAQ,166,166,166,0,0,0,0
2689,477380,2024,KOSDAQ,145,145,145,0,0,0,0
2689,477380,2025,KOSDAQ,242,242,242,0,0,0,0
2689,477380,2026,KOSDAQ,166,166,166,0,0,0,0
2690,477470,2024,KOSDAQ,131,131,131,0,0,0,0
2690,477470,2025,KOSDAQ,242,242,242,0,0,0,0
2690,477470,2026,KOSDAQ,166,166,166,0,0,0,0
2691,477760,2024,KOSDAQ,132,132,132,0,0,0,0
2691,477760,2025,KOSDAQ,242,242,242,0,0,0,0
2691,477760,2026,KOSDAQ,166,166,166,0,0,0,0
2692,477850,2026,KOSDAQ,74,74,74,0,0,0,0
2693,478110,2024,KOSDAQ,114,114,114,0,0,0,0
2693,478110,2025,KOSDAQ,242,242,242,0,0,0,0
2693,478110,2026,KOSDAQ,166,166,166,0,0,0,0
2694,478340,2025,KOSDAQ,9,9,9,0,0,0,0
2694,478340,2026,KOSDAQ,166,166,166,0,0,0,0
2695,478390,2024,KOSDAQ,129,129,129,0,0,0,0
2695,478390,2025,KOSDAQ,242,242,242,0,0,0,0
2695,478390,2026,KOSDAQ,166,166,166,0,0,0,0
2696,478440,2024,KOSDAQ,128,128,128,0,0,0,0
2696,478440,2025,KOSDAQ,242,242,242,0,0,0,0
2696,478440,2026,KOSDAQ,166,166,166,0,0,0,0
2697,478560,2025,KOSDAQ,229,229,229,0,0,0,0
2697,478560,2026,KOSDAQ,166,166,166,0,0,0,0
2698,479880,2024,KOSDAQ,126,126,126,0,0,0,0
2698,479880,2025,KOSDAQ,242,242,242,0,0,0,0
2698,479880,2026,KOSDAQ,166,166,166,0,0,0,0
2699,479960,2025,KOSDAQ,209,209,209,0,0,0,0
2699,479960,2026,KOSDAQ,166,166,166,0,0,0,0
2700,480370,2025,KOSPI,195,195,195,0,0,0,0
2700,480370,2026,KOSPI,166,166,166,0,0,0,0
2701,481070,2025,KOSDAQ,182,182,182,0,0,0,0
2701,481070,2026,KOSDAQ,166,166,166,0,0,0,0
2703,481890,2024,KOSDAQ,104,104,104,0,0,0,0
2703,481890,2025,KOSDAQ,242,242,242,0,0,0,0
2703,481890,2026,KOSDAQ,166,166,166,0,0,0,0
2704,482520,2024,KOSDAQ,92,92,92,0,0,0,0
2704,482520,2025,KOSDAQ,242,242,242,0,0,0,0
2704,482520,2026,KOSDAQ,166,166,166,0,0,0,0
2705,482630,2025,KOSDAQ,224,224,224,0,0,0,0
2705,482630,2026,KOSDAQ,166,166,166,0,0,0,0
2706,482680,2024,KOSDAQ,72,72,72,0,0,0,0
2706,482680,2025,KOSDAQ,242,242,242,0,0,0,0
2706,482680,2026,KOSDAQ,166,166,166,0,0,0,0
2707,482690,2024,KOSDAQ,28,28,28,0,0,0,0
2707,482690,2025,KOSDAQ,242,242,242,0,0,0,0
2707,482690,2026,KOSDAQ,166,166,166,0,0,0,0
2708,483350,2026,KOSDAQ,17,17,17,0,0,0,0
2709,483650,2025,KOSPI,150,150,150,0,0,0,0
2709,483650,2026,KOSPI,166,166,166,0,0,0,0
2710,484120,2025,KOSDAQ,108,108,108,0,0,0,0
2710,484120,2026,KOSDAQ,166,166,166,0,0,0,0
2711,484130,2024,KOSDAQ,29,29,29,0,0,0,0
2711,484130,2025,KOSDAQ,242,242,242,0,0,0,0
2711,484130,2026,KOSDAQ,166,166,166,0,0,0,0
2712,484590,2025,KOSDAQ,91,91,91,0,0,0,0
2712,484590,2026,KOSDAQ,166,166,166,0,0,0,0
2713,484810,2025,KOSDAQ,192,192,192,0,0,0,0
2713,484810,2026,KOSDAQ,166,166,166,0,0,0,0
2714,484870,2024,KOSPI,10,10,10,0,0,0,0
2714,484870,2025,KOSPI,242,242,242,0,0,0,0
2714,484870,2026,KOSPI,166,166,166,0,0,0,0
2715,486630,2024,KOSDAQ,65,65,65,0,0,0,0
2715,486630,2025,KOSDAQ,242,242,242,0,0,0,0
2715,486630,2026,KOSDAQ,166,166,166,0,0,0,0
2716,486990,2025,KOSDAQ,41,41,41,0,0,0,0
2716,486990,2026,KOSDAQ,166,166,166,0,0,0,0
2717,487360,2024,KOSDAQ,5,5,5,0,0,0,0
2717,487360,2025,KOSDAQ,242,242,242,0,0,0,0
2717,487360,2026,KOSDAQ,166,166,166,0,0,0,0
2718,487400,2026,KOSDAQ,16,16,16,0,0,0,0
2719,487570,2024,KOSPI,103,103,103,0,0,0,0
2719,487570,2025,KOSPI,242,242,242,0,0,0,0
2719,487570,2026,KOSPI,166,166,166,0,0,0,0
2720,487580,2026,KOSDAQ,78,78,78,0,0,0,0
2721,487720,2024,KOSDAQ,6,6,6,0,0,0,0
2721,487720,2025,KOSDAQ,242,242,242,0,0,0,0
2721,487720,2026,KOSDAQ,166,166,166,0,0,0,0
2722,487830,2024,KOSDAQ,31,31,31,0,0,0,0
2722,487830,2025,KOSDAQ,242,242,242,0,0,0,0
2722,487830,2026,KOSDAQ,166,166,166,0,0,0,0
2723,488060,2024,KOSDAQ,42,42,42,0,0,0,0
2723,488060,2025,KOSDAQ,242,242,242,0,0,0,0
2723,488060,2026,KOSDAQ,166,166,166,0,0,0,0
2724,488280,2025,KOSDAQ,67,67,67,0,0,0,0
2724,488280,2026,KOSDAQ,166,166,166,0,0,0,0
2725,488900,2025,KOSDAQ,27,27,27,0,0,0,0
2725,488900,2026,KOSDAQ,166,166,166,0,0,0,0
2726,489210,2024,KOSDAQ,27,27,27,0,0,0,0
2726,489210,2025,KOSDAQ,242,242,242,0,0,0,0
2726,489210,2026,KOSDAQ,166,166,166,0,0,0,0
2727,489460,2025,KOSDAQ,152,152,152,0,0,0,0
2727,489460,2026,KOSDAQ,166,166,166,0,0,0,0
2728,489480,2024,KOSDAQ,13,13,13,0,0,0,0
2728,489480,2025,KOSDAQ,242,242,242,0,0,0,0
2728,489480,2026,KOSDAQ,166,166,166,0,0,0,0
2729,489500,2025,KOSDAQ,208,208,208,0,0,0,0
2729,489500,2026,KOSDAQ,166,166,166,0,0,0,0
2730,489730,2024,KOSDAQ,22,22,22,0,0,0,0
2730,489730,2025,KOSDAQ,242,242,242,0,0,0,0
2730,489730,2026,KOSDAQ,166,166,166,0,0,0,0
2731,489790,2024,KOSPI,63,63,63,0,0,0,0
2731,489790,2025,KOSPI,242,242,242,0,0,0,0
2731,489790,2026,KOSPI,166,166,166,0,0,0,0
2732,490470,2025,KOSDAQ,2,2,2,0,0,0,0
2732,490470,2026,KOSDAQ,166,166,166,0,0,0,0
2733,491000,2025,KOSDAQ,4,4,4,0,0,0,0
2733,491000,2026,KOSDAQ,166,166,166,0,0,0,0
2734,492220,2024,KOSDAQ,12,12,12,0,0,0,0
2734,492220,2025,KOSDAQ,242,242,242,0,0,0,0
2734,492220,2026,KOSDAQ,166,166,166,0,0,0,0
2735,493280,2026,KOSDAQ,115,115,115,0,0,0,0
2736,493330,2026,KOSDAQ,158,158,158,0,0,0,0
2737,493790,2025,KOSDAQ,227,227,227,0,0,0,0
2737,493790,2026,KOSDAQ,166,166,166,0,0,0,0
2738,494120,2025,KOSDAQ,33,33,32,0,0,1,0
2738,494120,2026,KOSDAQ,166,166,166,0,0,0,0
2739,496070,2025,KOSDAQ,145,145,145,0,0,0,0
2739,496070,2026,KOSDAQ,166,166,166,0,0,0,0
2740,498390,2025,KOSDAQ,192,192,192,0,0,0,0
2740,498390,2026,KOSDAQ,166,166,166,0,0,0,0
2741,499790,2024,KOSPI,5,5,5,0,0,0,0
2741,499790,2025,KOSPI,242,242,242,0,0,0,0
2741,499790,2026,KOSPI,166,166,166,0,0,0,0
2764,282620,2026,KOSDAQ,11,11,11,0,0,0,0
2765,417030,2026,KOSDAQ,10,10,10,0,0,0,0
2766,0155E0,2026,KOSDAQ,9,9,9,0,0,0,0
2767,0220W0,2026,KOSPI,9,9,9,0,0,0,0
