instrument_id,code,trade_date,reason
1521,097870,2013-01-02,price_missing
2904,004510,2013-01-02,price_missing
3004,007800,2013-01-02,price_missing
3089,010600,2013-01-02,price_missing
3157,013200,2013-01-02,price_missing
3160,013240,2013-01-02,price_missing
3162,013250,2013-01-02,price_missing
3173,013781,2013-01-02,price_missing
3196,014590,2013-01-02,price_missing
3240,016560,2013-01-02,price_missing
3280,018570,2013-01-02,price_missing
3282,018590,2013-01-02,price_missing
3300,019641,2013-01-02,price_missing
3304,019930,2013-01-02,price_missing
3306,019931,2013-01-02,price_missing
3312,021060,2013-01-02,price_missing
3313,021060,2013-01-02,price_missing
3318,021310,2013-01-02,price_missing
3322,021600,2013-01-02,price_missing
3324,021610,2013-01-02,price_missing
3330,021960,2013-01-02,price_missing
3336,022520,2013-01-02,price_missing
3342,023420,2013-01-02,price_missing
3361,024100,2013-01-02,price_missing
3369,024870,2013-01-02,price_missing
3397,025930,2013-01-02,price_missing
3433,027840,2013-01-02,price_missing
3453,029471,2013-01-02,price_missing
3461,030421,2013-01-02,price_missing
3469,030790,2013-01-02,price_missing
3475,031440,2013-01-02,price_missing
3490,032390,2013-01-02,price_missing
3493,032421,2013-01-02,price_missing
3497,032611,2013-01-02,price_missing
3498,032612,2013-01-02,price_missing
3511,033180,2013-01-02,price_missing
3528,034300,2013-01-02,price_missing
1521,097870,2013-01-03,price_missing
2904,004510,2013-01-03,price_missing
3004,007800,2013-01-03,price_missing
3089,010600,2013-01-03,price_missing
3157,013200,2013-01-03,price_missing
3160,013240,2013-01-03,price_missing
3162,013250,2013-01-03,price_missing
3173,013781,2013-01-03,price_missing
3196,014590,2013-01-03,price_missing
3240,016560,2013-01-03,price_missing
3280,018570,2013-01-03,price_missing
3282,018590,2013-01-03,price_missing
3300,019641,2013-01-03,price_missing
3304,019930,2013-01-03,price_missing
3306,019931,2013-01-03,price_missing
3312,021060,2013-01-03,price_missing
3313,021060,2013-01-03,price_missing
3318,021310,2013-01-03,price_missing
3322,021600,2013-01-03,price_missing
3324,021610,2013-01-03,price_missing
3330,021960,2013-01-03,price_missing
3336,022520,2013-01-03,price_missing
3342,023420,2013-01-03,price_missing
3361,024100,2013-01-03,price_missing
3369,024870,2013-01-03,price_missing
3397,025930,2013-01-03,price_missing
3433,027840,2013-01-03,price_missing
3453,029471,2013-01-03,price_missing
3461,030421,2013-01-03,price_missing
3469,030790,2013-01-03,price_missing
3475,031440,2013-01-03,price_missing
3490,032390,2013-01-03,price_missing
3493,032421,2013-01-03,price_missing
3497,032611,2013-01-03,price_missing
3498,032612,2013-01-03,price_missing
3511,033180,2013-01-03,price_missing
3528,034300,2013-01-03,price_missing
1521,097870,2013-01-04,price_missing
2904,004510,2013-01-04,price_missing
3004,007800,2013-01-04,price_missing
3089,010600,2013-01-04,price_missing
3157,013200,2013-01-04,price_missing
3160,013240,2013-01-04,price_missing
3162,013250,2013-01-04,price_missing
3173,013781,2013-01-04,price_missing
3196,014590,2013-01-04,price_missing
3240,016560,2013-01-04,price_missing
3280,018570,2013-01-04,price_missing
3282,018590,2013-01-04,price_missing
3300,019641,2013-01-04,price_missing
3304,019930,2013-01-04,price_missing
3306,019931,2013-01-04,price_missing
3312,021060,2013-01-04,price_missing
3313,021060,2013-01-04,price_missing
3318,021310,2013-01-04,price_missing
3322,021600,2013-01-04,price_missing
3324,021610,2013-01-04,price_missing
3330,021960,2013-01-04,price_missing
3336,022520,2013-01-04,price_missing
3342,023420,2013-01-04,price_missing
3361,024100,2013-01-04,price_missing
3369,024870,2013-01-04,price_missing
3397,025930,2013-01-04,price_missing
3433,027840,2013-01-04,price_missing
3453,029471,2013-01-04,price_missing
3461,030421,2013-01-04,price_missing
3469,030790,2013-01-04,price_missing
3475,031440,2013-01-04,price_missing
3490,032390,2013-01-04,price_missing
3493,032421,2013-01-04,price_missing
3497,032611,2013-01-04,price_missing
3498,032612,2013-01-04,price_missing
3511,033180,2013-01-04,price_missing
3528,034300,2013-01-04,price_missing
1521,097870,2013-01-07,price_missing
2904,004510,2013-01-07,price_missing
3004,007800,2013-01-07,price_missing
3089,010600,2013-01-07,price_missing
3157,013200,2013-01-07,price_missing
3160,013240,2013-01-07,price_missing
3162,013250,2013-01-07,price_missing
3173,013781,2013-01-07,price_missing
3196,014590,2013-01-07,price_missing
3240,016560,2013-01-07,price_missing
3280,018570,2013-01-07,price_missing
3282,018590,2013-01-07,price_missing
3300,019641,2013-01-07,price_missing
3304,019930,2013-01-07,price_missing
3306,019931,2013-01-07,price_missing
3312,021060,2013-01-07,price_missing
3313,021060,2013-01-07,price_missing
3318,021310,2013-01-07,price_missing
3322,021600,2013-01-07,price_missing
3324,021610,2013-01-07,price_missing
3330,021960,2013-01-07,price_missing
3336,022520,2013-01-07,price_missing
3342,023420,2013-01-07,price_missing
3361,024100,2013-01-07,price_missing
3369,024870,2013-01-07,price_missing
3397,025930,2013-01-07,price_missing
3433,027840,2013-01-07,price_missing
3453,029471,2013-01-07,price_missing
3461,030421,2013-01-07,price_missing
3469,030790,2013-01-07,price_missing
3475,031440,2013-01-07,price_missing
3490,032390,2013-01-07,price_missing
3493,032421,2013-01-07,price_missing
3497,032611,2013-01-07,price_missing
3498,032612,2013-01-07,price_missing
3511,033180,2013-01-07,price_missing
3528,034300,2013-01-07,price_missing
1521,097870,2013-01-08,price_missing
2904,004510,2013-01-08,price_missing
3004,007800,2013-01-08,price_missing
3089,010600,2013-01-08,price_missing
3157,013200,2013-01-08,price_missing
3160,013240,2013-01-08,price_missing
3162,013250,2013-01-08,price_missing
3173,013781,2013-01-08,price_missing
3196,014590,2013-01-08,price_missing
3240,016560,2013-01-08,price_missing
3280,018570,2013-01-08,price_missing
3282,018590,2013-01-08,price_missing
3300,019641,2013-01-08,price_missing
3304,019930,2013-01-08,price_missing
3306,019931,2013-01-08,price_missing
3312,021060,2013-01-08,price_missing
3313,021060,2013-01-08,price_missing
3318,021310,2013-01-08,price_missing
3322,021600,2013-01-08,price_missing
3324,021610,2013-01-08,price_missing
3330,021960,2013-01-08,price_missing
3336,022520,2013-01-08,price_missing
3342,023420,2013-01-08,price_missing
3361,024100,2013-01-08,price_missing
3369,024870,2013-01-08,price_missing
3397,025930,2013-01-08,price_missing
3433,027840,2013-01-08,price_missing
3453,029471,2013-01-08,price_missing
3461,030421,2013-01-08,price_missing
3469,030790,2013-01-08,price_missing
3475,031440,2013-01-08,price_missing
3490,032390,2013-01-08,price_missing
3493,032421,2013-01-08,price_missing
3497,032611,2013-01-08,price_missing
3498,032612,2013-01-08,price_missing
3511,033180,2013-01-08,price_missing
3528,034300,2013-01-08,price_missing
1521,097870,2013-01-09,price_missing
2904,004510,2013-01-09,price_missing
3004,007800,2013-01-09,price_missing
3089,010600,2013-01-09,price_missing
3157,013200,2013-01-09,price_missing
3160,013240,2013-01-09,price_missing
3162,013250,2013-01-09,price_missing
3173,013781,2013-01-09,price_missing
3196,014590,2013-01-09,price_missing
3240,016560,2013-01-09,price_missing
3280,018570,2013-01-09,price_missing
3282,018590,2013-01-09,price_missing
3300,019641,2013-01-09,price_missing
3304,019930,2013-01-09,price_missing
3306,019931,2013-01-09,price_missing
3312,021060,2013-01-09,price_missing
3313,021060,2013-01-09,price_missing
3318,021310,2013-01-09,price_missing
3322,021600,2013-01-09,price_missing
3324,021610,2013-01-09,price_missing
3330,021960,2013-01-09,price_missing
3336,022520,2013-01-09,price_missing
3342,023420,2013-01-09,price_missing
3361,024100,2013-01-09,price_missing
3369,024870,2013-01-09,price_missing
3397,025930,2013-01-09,price_missing
3433,027840,2013-01-09,price_missing
3453,029471,2013-01-09,price_missing
3461,030421,2013-01-09,price_missing
3469,030790,2013-01-09,price_missing
3475,031440,2013-01-09,price_missing
3490,032390,2013-01-09,price_missing
3493,032421,2013-01-09,price_missing
3497,032611,2013-01-09,price_missing
3498,032612,2013-01-09,price_missing
3511,033180,2013-01-09,price_missing
3528,034300,2013-01-09,price_missing
1521,097870,2013-01-10,price_missing
2904,004510,2013-01-10,price_missing
3004,007800,2013-01-10,price_missing
3089,010600,2013-01-10,price_missing
3157,013200,2013-01-10,price_missing
3160,013240,2013-01-10,price_missing
3162,013250,2013-01-10,price_missing
3173,013781,2013-01-10,price_missing
3196,014590,2013-01-10,price_missing
3240,016560,2013-01-10,price_missing
3280,018570,2013-01-10,price_missing
3282,018590,2013-01-10,price_missing
3300,019641,2013-01-10,price_missing
3304,019930,2013-01-10,price_missing
3306,019931,2013-01-10,price_missing
3312,021060,2013-01-10,price_missing
3313,021060,2013-01-10,price_missing
3318,021310,2013-01-10,price_missing
3322,021600,2013-01-10,price_missing
3324,021610,2013-01-10,price_missing
3330,021960,2013-01-10,price_missing
3336,022520,2013-01-10,price_missing
3342,023420,2013-01-10,price_missing
3361,024100,2013-01-10,price_missing
3369,024870,2013-01-10,price_missing
3397,025930,2013-01-10,price_missing
3433,027840,2013-01-10,price_missing
3453,029471,2013-01-10,price_missing
3461,030421,2013-01-10,price_missing
3469,030790,2013-01-10,price_missing
3475,031440,2013-01-10,price_missing
3490,032390,2013-01-10,price_missing
3493,032421,2013-01-10,price_missing
3497,032611,2013-01-10,price_missing
3498,032612,2013-01-10,price_missing
3511,033180,2013-01-10,price_missing
3528,034300,2013-01-10,price_missing
1521,097870,2013-01-11,price_missing
2904,004510,2013-01-11,price_missing
3004,007800,2013-01-11,price_missing
3089,010600,2013-01-11,price_missing
3157,013200,2013-01-11,price_missing
3160,013240,2013-01-11,price_missing
3162,013250,2013-01-11,price_missing
3173,013781,2013-01-11,price_missing
3196,014590,2013-01-11,price_missing
3240,016560,2013-01-11,price_missing
3280,018570,2013-01-11,price_missing
3282,018590,2013-01-11,price_missing
3300,019641,2013-01-11,price_missing
3304,019930,2013-01-11,price_missing
3306,019931,2013-01-11,price_missing
3312,021060,2013-01-11,price_missing
3313,021060,2013-01-11,price_missing
3318,021310,2013-01-11,price_missing
3322,021600,2013-01-11,price_missing
3324,021610,2013-01-11,price_missing
3330,021960,2013-01-11,price_missing
3336,022520,2013-01-11,price_missing
3342,023420,2013-01-11,price_missing
3361,024100,2013-01-11,price_missing
3369,024870,2013-01-11,price_missing
3397,025930,2013-01-11,price_missing
3433,027840,2013-01-11,price_missing
3453,029471,2013-01-11,price_missing
3461,030421,2013-01-11,price_missing
3469,030790,2013-01-11,price_missing
3475,031440,2013-01-11,price_missing
3490,032390,2013-01-11,price_missing
3493,032421,2013-01-11,price_missing
3497,032611,2013-01-11,price_missing
3498,032612,2013-01-11,price_missing
3511,033180,2013-01-11,price_missing
3528,034300,2013-01-11,price_missing
1521,097870,2013-01-14,price_missing
2904,004510,2013-01-14,price_missing
3004,007800,2013-01-14,price_missing
3089,010600,2013-01-14,price_missing
3157,013200,2013-01-14,price_missing
3160,013240,2013-01-14,price_missing
3162,013250,2013-01-14,price_missing
3173,013781,2013-01-14,price_missing
3196,014590,2013-01-14,price_missing
3240,016560,2013-01-14,price_missing
3280,018570,2013-01-14,price_missing
3282,018590,2013-01-14,price_missing
3300,019641,2013-01-14,price_missing
3304,019930,2013-01-14,price_missing
3306,019931,2013-01-14,price_missing
3312,021060,2013-01-14,price_missing
3313,021060,2013-01-14,price_missing
3318,021310,2013-01-14,price_missing
3322,021600,2013-01-14,price_missing
3324,021610,2013-01-14,price_missing
3330,021960,2013-01-14,price_missing
3336,022520,2013-01-14,price_missing
3342,023420,2013-01-14,price_missing
3361,024100,2013-01-14,price_missing
3369,024870,2013-01-14,price_missing
3397,025930,2013-01-14,price_missing
3433,027840,2013-01-14,price_missing
3453,029471,2013-01-14,price_missing
3461,030421,2013-01-14,price_missing
3469,030790,2013-01-14,price_missing
3475,031440,2013-01-14,price_missing
3490,032390,2013-01-14,price_missing
3493,032421,2013-01-14,price_missing
3497,032611,2013-01-14,price_missing
3498,032612,2013-01-14,price_missing
3511,033180,2013-01-14,price_missing
3528,034300,2013-01-14,price_missing
1521,097870,2013-01-15,price_missing
2904,004510,2013-01-15,price_missing
3004,007800,2013-01-15,price_missing
3089,010600,2013-01-15,price_missing
3157,013200,2013-01-15,price_missing
3160,013240,2013-01-15,price_missing
3162,013250,2013-01-15,price_missing
3173,013781,2013-01-15,price_missing
3196,014590,2013-01-15,price_missing
3240,016560,2013-01-15,price_missing
3280,018570,2013-01-15,price_missing
3282,018590,2013-01-15,price_missing
3300,019641,2013-01-15,price_missing
3304,019930,2013-01-15,price_missing
3306,019931,2013-01-15,price_missing
3312,021060,2013-01-15,price_missing
3313,021060,2013-01-15,price_missing
3318,021310,2013-01-15,price_missing
3322,021600,2013-01-15,price_missing
3324,021610,2013-01-15,price_missing
3330,021960,2013-01-15,price_missing
3336,022520,2013-01-15,price_missing
3342,023420,2013-01-15,price_missing
3361,024100,2013-01-15,price_missing
3369,024870,2013-01-15,price_missing
3397,025930,2013-01-15,price_missing
3433,027840,2013-01-15,price_missing
3453,029471,2013-01-15,price_missing
3461,030421,2013-01-15,price_missing
3469,030790,2013-01-15,price_missing
3475,031440,2013-01-15,price_missing
3490,032390,2013-01-15,price_missing
3493,032421,2013-01-15,price_missing
3497,032611,2013-01-15,price_missing
3498,032612,2013-01-15,price_missing
3511,033180,2013-01-15,price_missing
3528,034300,2013-01-15,price_missing
1521,097870,2013-01-16,price_missing
2904,004510,2013-01-16,price_missing
3004,007800,2013-01-16,price_missing
3089,010600,2013-01-16,price_missing
3157,013200,2013-01-16,price_missing
3160,013240,2013-01-16,price_missing
3162,013250,2013-01-16,price_missing
3173,013781,2013-01-16,price_missing
3196,014590,2013-01-16,price_missing
3240,016560,2013-01-16,price_missing
3280,018570,2013-01-16,price_missing
3282,018590,2013-01-16,price_missing
3300,019641,2013-01-16,price_missing
3304,019930,2013-01-16,price_missing
3306,019931,2013-01-16,price_missing
3312,021060,2013-01-16,price_missing
3313,021060,2013-01-16,price_missing
3318,021310,2013-01-16,price_missing
3322,021600,2013-01-16,price_missing
3324,021610,2013-01-16,price_missing
3330,021960,2013-01-16,price_missing
3336,022520,2013-01-16,price_missing
3342,023420,2013-01-16,price_missing
3361,024100,2013-01-16,price_missing
3369,024870,2013-01-16,price_missing
3397,025930,2013-01-16,price_missing
3433,027840,2013-01-16,price_missing
3453,029471,2013-01-16,price_missing
3461,030421,2013-01-16,price_missing
3469,030790,2013-01-16,price_missing
3475,031440,2013-01-16,price_missing
3490,032390,2013-01-16,price_missing
3493,032421,2013-01-16,price_missing
3497,032611,2013-01-16,price_missing
3498,032612,2013-01-16,price_missing
3511,033180,2013-01-16,price_missing
3528,034300,2013-01-16,price_missing
1521,097870,2013-01-17,price_missing
2904,004510,2013-01-17,price_missing
3004,007800,2013-01-17,price_missing
3089,010600,2013-01-17,price_missing
3157,013200,2013-01-17,price_missing
3160,013240,2013-01-17,price_missing
3162,013250,2013-01-17,price_missing
3173,013781,2013-01-17,price_missing
3196,014590,2013-01-17,price_missing
3240,016560,2013-01-17,price_missing
3280,018570,2013-01-17,price_missing
3282,018590,2013-01-17,price_missing
3300,019641,2013-01-17,price_missing
3304,019930,2013-01-17,price_missing
3306,019931,2013-01-17,price_missing
3312,021060,2013-01-17,price_missing
3313,021060,2013-01-17,price_missing
3318,021310,2013-01-17,price_missing
3322,021600,2013-01-17,price_missing
3324,021610,2013-01-17,price_missing
3330,021960,2013-01-17,price_missing
3336,022520,2013-01-17,price_missing
3342,023420,2013-01-17,price_missing
3361,024100,2013-01-17,price_missing
3369,024870,2013-01-17,price_missing
3397,025930,2013-01-17,price_missing
3433,027840,2013-01-17,price_missing
3453,029471,2013-01-17,price_missing
3461,030421,2013-01-17,price_missing
3469,030790,2013-01-17,price_missing
3475,031440,2013-01-17,price_missing
3490,032390,2013-01-17,price_missing
3493,032421,2013-01-17,price_missing
3497,032611,2013-01-17,price_missing
3498,032612,2013-01-17,price_missing
3511,033180,2013-01-17,price_missing
3528,034300,2013-01-17,price_missing
1521,097870,2013-01-18,price_missing
2904,004510,2013-01-18,price_missing
3004,007800,2013-01-18,price_missing
3089,010600,2013-01-18,price_missing
3157,013200,2013-01-18,price_missing
3160,013240,2013-01-18,price_missing
3162,013250,2013-01-18,price_missing
3173,013781,2013-01-18,price_missing
3196,014590,2013-01-18,price_missing
3240,016560,2013-01-18,price_missing
3280,018570,2013-01-18,price_missing
3282,018590,2013-01-18,price_missing
3300,019641,2013-01-18,price_missing
3304,019930,2013-01-18,price_missing
3306,019931,2013-01-18,price_missing
3312,021060,2013-01-18,price_missing
3313,021060,2013-01-18,price_missing
3318,021310,2013-01-18,price_missing
3322,021600,2013-01-18,price_missing
3324,021610,2013-01-18,price_missing
3330,021960,2013-01-18,price_missing
3336,022520,2013-01-18,price_missing
3342,023420,2013-01-18,price_missing
3361,024100,2013-01-18,price_missing
3369,024870,2013-01-18,price_missing
3397,025930,2013-01-18,price_missing
3433,027840,2013-01-18,price_missing
3453,029471,2013-01-18,price_missing
3461,030421,2013-01-18,price_missing
3469,030790,2013-01-18,price_missing
3475,031440,2013-01-18,price_missing
3490,032390,2013-01-18,price_missing
3493,032421,2013-01-18,price_missing
3497,032611,2013-01-18,price_missing
3498,032612,2013-01-18,price_missing
3511,033180,2013-01-18,price_missing
3528,034300,2013-01-18,price_missing
1521,097870,2013-01-21,price_missing
2904,004510,2013-01-21,price_missing
3004,007800,2013-01-21,price_missing
3089,010600,2013-01-21,price_missing
3157,013200,2013-01-21,price_missing
3160,013240,2013-01-21,price_missing
3162,013250,2013-01-21,price_missing
3173,013781,2013-01-21,price_missing
3196,014590,2013-01-21,price_missing
3240,016560,2013-01-21,price_missing
3280,018570,2013-01-21,price_missing
3282,018590,2013-01-21,price_missing
3300,019641,2013-01-21,price_missing
3304,019930,2013-01-21,price_missing
3306,019931,2013-01-21,price_missing
3312,021060,2013-01-21,price_missing
3313,021060,2013-01-21,price_missing
3318,021310,2013-01-21,price_missing
3322,021600,2013-01-21,price_missing
3324,021610,2013-01-21,price_missing
3330,021960,2013-01-21,price_missing
3336,022520,2013-01-21,price_missing
3342,023420,2013-01-21,price_missing
3361,024100,2013-01-21,price_missing
3369,024870,2013-01-21,price_missing
3397,025930,2013-01-21,price_missing
3433,027840,2013-01-21,price_missing
3453,029471,2013-01-21,price_missing
3461,030421,2013-01-21,price_missing
3469,030790,2013-01-21,price_missing
3475,031440,2013-01-21,price_missing
3490,032390,2013-01-21,price_missing
3493,032421,2013-01-21,price_missing
3497,032611,2013-01-21,price_missing
3498,032612,2013-01-21,price_missing
3511,033180,2013-01-21,price_missing
3528,034300,2013-01-21,price_missing
1521,097870,2013-01-22,price_missing
2904,004510,2013-01-22,price_missing
3004,007800,2013-01-22,price_missing
3089,010600,2013-01-22,price_missing
3157,013200,2013-01-22,price_missing
3160,013240,2013-01-22,price_missing
3162,013250,2013-01-22,price_missing
3173,013781,2013-01-22,price_missing
3196,014590,2013-01-22,price_missing
3240,016560,2013-01-22,price_missing
3280,018570,2013-01-22,price_missing
3282,018590,2013-01-22,price_missing
3300,019641,2013-01-22,price_missing
3304,019930,2013-01-22,price_missing
3306,019931,2013-01-22,price_missing
3312,021060,2013-01-22,price_missing
3313,021060,2013-01-22,price_missing
3318,021310,2013-01-22,price_missing
3322,021600,2013-01-22,price_missing
3324,021610,2013-01-22,price_missing
3330,021960,2013-01-22,price_missing
3336,022520,2013-01-22,price_missing
3342,023420,2013-01-22,price_missing
3361,024100,2013-01-22,price_missing
3369,024870,2013-01-22,price_missing
3397,025930,2013-01-22,price_missing
3433,027840,2013-01-22,price_missing
3453,029471,2013-01-22,price_missing
3461,030421,2013-01-22,price_missing
3469,030790,2013-01-22,price_missing
3475,031440,2013-01-22,price_missing
3490,032390,2013-01-22,price_missing
3493,032421,2013-01-22,price_missing
3497,032611,2013-01-22,price_missing
3498,032612,2013-01-22,price_missing
3511,033180,2013-01-22,price_missing
3528,034300,2013-01-22,price_missing
1521,097870,2013-01-23,price_missing
2904,004510,2013-01-23,price_missing
3004,007800,2013-01-23,price_missing
3089,010600,2013-01-23,price_missing
3157,013200,2013-01-23,price_missing
3160,013240,2013-01-23,price_missing
3162,013250,2013-01-23,price_missing
3173,013781,2013-01-23,price_missing
3196,014590,2013-01-23,price_missing
3240,016560,2013-01-23,price_missing
3280,018570,2013-01-23,price_missing
3282,018590,2013-01-23,price_missing
3300,019641,2013-01-23,price_missing
3304,019930,2013-01-23,price_missing
3306,019931,2013-01-23,price_missing
3312,021060,2013-01-23,price_missing
3313,021060,2013-01-23,price_missing
3318,021310,2013-01-23,price_missing
3322,021600,2013-01-23,price_missing
3324,021610,2013-01-23,price_missing
3330,021960,2013-01-23,price_missing
3336,022520,2013-01-23,price_missing
3342,023420,2013-01-23,price_missing
3361,024100,2013-01-23,price_missing
3369,024870,2013-01-23,price_missing
3397,025930,2013-01-23,price_missing
3433,027840,2013-01-23,price_missing
3453,029471,2013-01-23,price_missing
3461,030421,2013-01-23,price_missing
3469,030790,2013-01-23,price_missing
3475,031440,2013-01-23,price_missing
3490,032390,2013-01-23,price_missing
3493,032421,2013-01-23,price_missing
3497,032611,2013-01-23,price_missing
3498,032612,2013-01-23,price_missing
3511,033180,2013-01-23,price_missing
3528,034300,2013-01-23,price_missing
1521,097870,2013-01-24,price_missing
2904,004510,2013-01-24,price_missing
3004,007800,2013-01-24,price_missing
3089,010600,2013-01-24,price_missing
3157,013200,2013-01-24,price_missing
3160,013240,2013-01-24,price_missing
3162,013250,2013-01-24,price_missing
3173,013781,2013-01-24,price_missing
3196,014590,2013-01-24,price_missing
3240,016560,2013-01-24,price_missing
3280,018570,2013-01-24,price_missing
3282,018590,2013-01-24,price_missing
3300,019641,2013-01-24,price_missing
3304,019930,2013-01-24,price_missing
3306,019931,2013-01-24,price_missing
3312,021060,2013-01-24,price_missing
3313,021060,2013-01-24,price_missing
3318,021310,2013-01-24,price_missing
3322,021600,2013-01-24,price_missing
3324,021610,2013-01-24,price_missing
3330,021960,2013-01-24,price_missing
3336,022520,2013-01-24,price_missing
3342,023420,2013-01-24,price_missing
3361,024100,2013-01-24,price_missing
3369,024870,2013-01-24,price_missing
3397,025930,2013-01-24,price_missing
3433,027840,2013-01-24,price_missing
3453,029471,2013-01-24,price_missing
3461,030421,2013-01-24,price_missing
3469,030790,2013-01-24,price_missing
3475,031440,2013-01-24,price_missing
3490,032390,2013-01-24,price_missing
3493,032421,2013-01-24,price_missing
3497,032611,2013-01-24,price_missing
3498,032612,2013-01-24,price_missing
3511,033180,2013-01-24,price_missing
3528,034300,2013-01-24,price_missing
1521,097870,2013-01-25,price_missing
2904,004510,2013-01-25,price_missing
3004,007800,2013-01-25,price_missing
3089,010600,2013-01-25,price_missing
3157,013200,2013-01-25,price_missing
3160,013240,2013-01-25,price_missing
3162,013250,2013-01-25,price_missing
3173,013781,2013-01-25,price_missing
3196,014590,2013-01-25,price_missing
3240,016560,2013-01-25,price_missing
3280,018570,2013-01-25,price_missing
3282,018590,2013-01-25,price_missing
3300,019641,2013-01-25,price_missing
3304,019930,2013-01-25,price_missing
3306,019931,2013-01-25,price_missing
3312,021060,2013-01-25,price_missing
3313,021060,2013-01-25,price_missing
3318,021310,2013-01-25,price_missing
3322,021600,2013-01-25,price_missing
3324,021610,2013-01-25,price_missing
3330,021960,2013-01-25,price_missing
3336,022520,2013-01-25,price_missing
3342,023420,2013-01-25,price_missing
3361,024100,2013-01-25,price_missing
3369,024870,2013-01-25,price_missing
3397,025930,2013-01-25,price_missing
3433,027840,2013-01-25,price_missing
3453,029471,2013-01-25,price_missing
3461,030421,2013-01-25,price_missing
3469,030790,2013-01-25,price_missing
3475,031440,2013-01-25,price_missing
3490,032390,2013-01-25,price_missing
3493,032421,2013-01-25,price_missing
3497,032611,2013-01-25,price_missing
3498,032612,2013-01-25,price_missing
3511,033180,2013-01-25,price_missing
3528,034300,2013-01-25,price_missing
1521,097870,2013-01-28,price_missing
2904,004510,2013-01-28,price_missing
3004,007800,2013-01-28,price_missing
3089,010600,2013-01-28,price_missing
3157,013200,2013-01-28,price_missing
3160,013240,2013-01-28,price_missing
3162,013250,2013-01-28,price_missing
3173,013781,2013-01-28,price_missing
3196,014590,2013-01-28,price_missing
3240,016560,2013-01-28,price_missing
3280,018570,2013-01-28,price_missing
3282,018590,2013-01-28,price_missing
3300,019641,2013-01-28,price_missing
3304,019930,2013-01-28,price_missing
3306,019931,2013-01-28,price_missing
3312,021060,2013-01-28,price_missing
3313,021060,2013-01-28,price_missing
3318,021310,2013-01-28,price_missing
3322,021600,2013-01-28,price_missing
3324,021610,2013-01-28,price_missing
3330,021960,2013-01-28,price_missing
3336,022520,2013-01-28,price_missing
3342,023420,2013-01-28,price_missing
3361,024100,2013-01-28,price_missing
3369,024870,2013-01-28,price_missing
3397,025930,2013-01-28,price_missing
3433,027840,2013-01-28,price_missing
3453,029471,2013-01-28,price_missing
3461,030421,2013-01-28,price_missing
3469,030790,2013-01-28,price_missing
3475,031440,2013-01-28,price_missing
3490,032390,2013-01-28,price_missing
3493,032421,2013-01-28,price_missing
3497,032611,2013-01-28,price_missing
3498,032612,2013-01-28,price_missing
3511,033180,2013-01-28,price_missing
3528,034300,2013-01-28,price_missing
1521,097870,2013-01-29,price_missing
2904,004510,2013-01-29,price_missing
3004,007800,2013-01-29,price_missing
3089,010600,2013-01-29,price_missing
3157,013200,2013-01-29,price_missing
3160,013240,2013-01-29,price_missing
3162,013250,2013-01-29,price_missing
3173,013781,2013-01-29,price_missing
3196,014590,2013-01-29,price_missing
3240,016560,2013-01-29,price_missing
3280,018570,2013-01-29,price_missing
3282,018590,2013-01-29,price_missing
3300,019641,2013-01-29,price_missing
3304,019930,2013-01-29,price_missing
3306,019931,2013-01-29,price_missing
3312,021060,2013-01-29,price_missing
3313,021060,2013-01-29,price_missing
3318,021310,2013-01-29,price_missing
3322,021600,2013-01-29,price_missing
3324,021610,2013-01-29,price_missing
3330,021960,2013-01-29,price_missing
3336,022520,2013-01-29,price_missing
3342,023420,2013-01-29,price_missing
3361,024100,2013-01-29,price_missing
3369,024870,2013-01-29,price_missing
3397,025930,2013-01-29,price_missing
3433,027840,2013-01-29,price_missing
3453,029471,2013-01-29,price_missing
3461,030421,2013-01-29,price_missing
3469,030790,2013-01-29,price_missing
3475,031440,2013-01-29,price_missing
3490,032390,2013-01-29,price_missing
3493,032421,2013-01-29,price_missing
3497,032611,2013-01-29,price_missing
3498,032612,2013-01-29,price_missing
3511,033180,2013-01-29,price_missing
3528,034300,2013-01-29,price_missing
1521,097870,2013-01-30,price_missing
2904,004510,2013-01-30,price_missing
3004,007800,2013-01-30,price_missing
3089,010600,2013-01-30,price_missing
3157,013200,2013-01-30,price_missing
3160,013240,2013-01-30,price_missing
3162,013250,2013-01-30,price_missing
3173,013781,2013-01-30,price_missing
3196,014590,2013-01-30,price_missing
3240,016560,2013-01-30,price_missing
3280,018570,2013-01-30,price_missing
3282,018590,2013-01-30,price_missing
3300,019641,2013-01-30,price_missing
3304,019930,2013-01-30,price_missing
3306,019931,2013-01-30,price_missing
3312,021060,2013-01-30,price_missing
3313,021060,2013-01-30,price_missing
3318,021310,2013-01-30,price_missing
3322,021600,2013-01-30,price_missing
3324,021610,2013-01-30,price_missing
3330,021960,2013-01-30,price_missing
3336,022520,2013-01-30,price_missing
3342,023420,2013-01-30,price_missing
3361,024100,2013-01-30,price_missing
3369,024870,2013-01-30,price_missing
3397,025930,2013-01-30,price_missing
3433,027840,2013-01-30,price_missing
3453,029471,2013-01-30,price_missing
3461,030421,2013-01-30,price_missing
3469,030790,2013-01-30,price_missing
3475,031440,2013-01-30,price_missing
3490,032390,2013-01-30,price_missing
3493,032421,2013-01-30,price_missing
3497,032611,2013-01-30,price_missing
3498,032612,2013-01-30,price_missing
3511,033180,2013-01-30,price_missing
3528,034300,2013-01-30,price_missing
1521,097870,2013-01-31,price_missing
2904,004510,2013-01-31,price_missing
3004,007800,2013-01-31,price_missing
3089,010600,2013-01-31,price_missing
3157,013200,2013-01-31,price_missing
3160,013240,2013-01-31,price_missing
3162,013250,2013-01-31,price_missing
3173,013781,2013-01-31,price_missing
3196,014590,2013-01-31,price_missing
3240,016560,2013-01-31,price_missing
3280,018570,2013-01-31,price_missing
3282,018590,2013-01-31,price_missing
3300,019641,2013-01-31,price_missing
3304,019930,2013-01-31,price_missing
3306,019931,2013-01-31,price_missing
3312,021060,2013-01-31,price_missing
3313,021060,2013-01-31,price_missing
3318,021310,2013-01-31,price_missing
3322,021600,2013-01-31,price_missing
3324,021610,2013-01-31,price_missing
3330,021960,2013-01-31,price_missing
3336,022520,2013-01-31,price_missing
3342,023420,2013-01-31,price_missing
3361,024100,2013-01-31,price_missing
3369,024870,2013-01-31,price_missing
3397,025930,2013-01-31,price_missing
3433,027840,2013-01-31,price_missing
3453,029471,2013-01-31,price_missing
3461,030421,2013-01-31,price_missing
3469,030790,2013-01-31,price_missing
3475,031440,2013-01-31,price_missing
3490,032390,2013-01-31,price_missing
3493,032421,2013-01-31,price_missing
3497,032611,2013-01-31,price_missing
3498,032612,2013-01-31,price_missing
3511,033180,2013-01-31,price_missing
3528,034300,2013-01-31,price_missing
1521,097870,2013-02-01,price_missing
2904,004510,2013-02-01,price_missing
3004,007800,2013-02-01,price_missing
3089,010600,2013-02-01,price_missing
3157,013200,2013-02-01,price_missing
3160,013240,2013-02-01,price_missing
3162,013250,2013-02-01,price_missing
3173,013781,2013-02-01,price_missing
3196,014590,2013-02-01,price_missing
3240,016560,2013-02-01,price_missing
3280,018570,2013-02-01,price_missing
3282,018590,2013-02-01,price_missing
3300,019641,2013-02-01,price_missing
3304,019930,2013-02-01,price_missing
3306,019931,2013-02-01,price_missing
3312,021060,2013-02-01,price_missing
3313,021060,2013-02-01,price_missing
3318,021310,2013-02-01,price_missing
3322,021600,2013-02-01,price_missing
3324,021610,2013-02-01,price_missing
3330,021960,2013-02-01,price_missing
3336,022520,2013-02-01,price_missing
3342,023420,2013-02-01,price_missing
3361,024100,2013-02-01,price_missing
3369,024870,2013-02-01,price_missing
3397,025930,2013-02-01,price_missing
3433,027840,2013-02-01,price_missing
3453,029471,2013-02-01,price_missing
3461,030421,2013-02-01,price_missing
3469,030790,2013-02-01,price_missing
3475,031440,2013-02-01,price_missing
3490,032390,2013-02-01,price_missing
3493,032421,2013-02-01,price_missing
3497,032611,2013-02-01,price_missing
3498,032612,2013-02-01,price_missing
3511,033180,2013-02-01,price_missing
3528,034300,2013-02-01,price_missing
1521,097870,2013-02-04,price_missing
2904,004510,2013-02-04,price_missing
3004,007800,2013-02-04,price_missing
3089,010600,2013-02-04,price_missing
3157,013200,2013-02-04,price_missing
3160,013240,2013-02-04,price_missing
3162,013250,2013-02-04,price_missing
3173,013781,2013-02-04,price_missing
3196,014590,2013-02-04,price_missing
3240,016560,2013-02-04,price_missing
3280,018570,2013-02-04,price_missing
3282,018590,2013-02-04,price_missing
3300,019641,2013-02-04,price_missing
3304,019930,2013-02-04,price_missing
3306,019931,2013-02-04,price_missing
3312,021060,2013-02-04,price_missing
3313,021060,2013-02-04,price_missing
3318,021310,2013-02-04,price_missing
3322,021600,2013-02-04,price_missing
3324,021610,2013-02-04,price_missing
3330,021960,2013-02-04,price_missing
3336,022520,2013-02-04,price_missing
3342,023420,2013-02-04,price_missing
3361,024100,2013-02-04,price_missing
3369,024870,2013-02-04,price_missing
3397,025930,2013-02-04,price_missing
3433,027840,2013-02-04,price_missing
3453,029471,2013-02-04,price_missing
3461,030421,2013-02-04,price_missing
3469,030790,2013-02-04,price_missing
3475,031440,2013-02-04,price_missing
3490,032390,2013-02-04,price_missing
3493,032421,2013-02-04,price_missing
3497,032611,2013-02-04,price_missing
3498,032612,2013-02-04,price_missing
3511,033180,2013-02-04,price_missing
3528,034300,2013-02-04,price_missing
1521,097870,2013-02-05,price_missing
2904,004510,2013-02-05,price_missing
3004,007800,2013-02-05,price_missing
3089,010600,2013-02-05,price_missing
3157,013200,2013-02-05,price_missing
3160,013240,2013-02-05,price_missing
3162,013250,2013-02-05,price_missing
3173,013781,2013-02-05,price_missing
3196,014590,2013-02-05,price_missing
3240,016560,2013-02-05,price_missing
3280,018570,2013-02-05,price_missing
3282,018590,2013-02-05,price_missing
3300,019641,2013-02-05,price_missing
3304,019930,2013-02-05,price_missing
3306,019931,2013-02-05,price_missing
3312,021060,2013-02-05,price_missing
3313,021060,2013-02-05,price_missing
3318,021310,2013-02-05,price_missing
3322,021600,2013-02-05,price_missing
3324,021610,2013-02-05,price_missing
3330,021960,2013-02-05,price_missing
3336,022520,2013-02-05,price_missing
3342,023420,2013-02-05,price_missing
3361,024100,2013-02-05,price_missing
3369,024870,2013-02-05,price_missing
3397,025930,2013-02-05,price_missing
3433,027840,2013-02-05,price_missing
3453,029471,2013-02-05,price_missing
3461,030421,2013-02-05,price_missing
3469,030790,2013-02-05,price_missing
3475,031440,2013-02-05,price_missing
3490,032390,2013-02-05,price_missing
3493,032421,2013-02-05,price_missing
3497,032611,2013-02-05,price_missing
3498,032612,2013-02-05,price_missing
3511,033180,2013-02-05,price_missing
3528,034300,2013-02-05,price_missing
1521,097870,2013-02-06,price_missing
2904,004510,2013-02-06,price_missing
3004,007800,2013-02-06,price_missing
3089,010600,2013-02-06,price_missing
3157,013200,2013-02-06,price_missing
3160,013240,2013-02-06,price_missing
3162,013250,2013-02-06,price_missing
3173,013781,2013-02-06,price_missing
3196,014590,2013-02-06,price_missing
3240,016560,2013-02-06,price_missing
3280,018570,2013-02-06,price_missing
3282,018590,2013-02-06,price_missing
3300,019641,2013-02-06,price_missing
3304,019930,2013-02-06,price_missing
3306,019931,2013-02-06,price_missing
3312,021060,2013-02-06,price_missing
3313,021060,2013-02-06,price_missing
3318,021310,2013-02-06,price_missing
3322,021600,2013-02-06,price_missing
3324,021610,2013-02-06,price_missing
3330,021960,2013-02-06,price_missing
3336,022520,2013-02-06,price_missing
3342,023420,2013-02-06,price_missing
3361,024100,2013-02-06,price_missing
3369,024870,2013-02-06,price_missing
3397,025930,2013-02-06,price_missing
3433,027840,2013-02-06,price_missing
3453,029471,2013-02-06,price_missing
3461,030421,2013-02-06,price_missing
3469,030790,2013-02-06,price_missing
3475,031440,2013-02-06,price_missing
3490,032390,2013-02-06,price_missing
3493,032421,2013-02-06,price_missing
3497,032611,2013-02-06,price_missing
3498,032612,2013-02-06,price_missing
3511,033180,2013-02-06,price_missing
3528,034300,2013-02-06,price_missing
1521,097870,2013-02-07,price_missing
2904,004510,2013-02-07,price_missing
3004,007800,2013-02-07,price_missing
3089,010600,2013-02-07,price_missing
3157,013200,2013-02-07,price_missing
3160,013240,2013-02-07,price_missing
3162,013250,2013-02-07,price_missing
3173,013781,2013-02-07,price_missing
3196,014590,2013-02-07,price_missing
3240,016560,2013-02-07,price_missing
3280,018570,2013-02-07,price_missing
3282,018590,2013-02-07,price_missing
3300,019641,2013-02-07,price_missing
3304,019930,2013-02-07,price_missing
3306,019931,2013-02-07,price_missing
3312,021060,2013-02-07,price_missing
3313,021060,2013-02-07,price_missing
3318,021310,2013-02-07,price_missing
3322,021600,2013-02-07,price_missing
3324,021610,2013-02-07,price_missing
3330,021960,2013-02-07,price_missing
3336,022520,2013-02-07,price_missing
3342,023420,2013-02-07,price_missing
3361,024100,2013-02-07,price_missing
3369,024870,2013-02-07,price_missing
3397,025930,2013-02-07,price_missing
3433,027840,2013-02-07,price_missing
3453,029471,2013-02-07,price_missing
3461,030421,2013-02-07,price_missing
3469,030790,2013-02-07,price_missing
3475,031440,2013-02-07,price_missing
3490,032390,2013-02-07,price_missing
3493,032421,2013-02-07,price_missing
3497,032611,2013-02-07,price_missing
3498,032612,2013-02-07,price_missing
3511,033180,2013-02-07,price_missing
3528,034300,2013-02-07,price_missing
1521,097870,2013-02-08,price_missing
2904,004510,2013-02-08,price_missing
3004,007800,2013-02-08,price_missing
3089,010600,2013-02-08,price_missing
3157,013200,2013-02-08,price_missing
3160,013240,2013-02-08,price_missing
3162,013250,2013-02-08,price_missing
3173,013781,2013-02-08,price_missing
3196,014590,2013-02-08,price_missing
3240,016560,2013-02-08,price_missing
3280,018570,2013-02-08,price_missing
3282,018590,2013-02-08,price_missing
3300,019641,2013-02-08,price_missing
3304,019930,2013-02-08,price_missing
3306,019931,2013-02-08,price_missing
3312,021060,2013-02-08,price_missing
3313,021060,2013-02-08,price_missing
3318,021310,2013-02-08,price_missing
3322,021600,2013-02-08,price_missing
3324,021610,2013-02-08,price_missing
3330,021960,2013-02-08,price_missing
3336,022520,2013-02-08,price_missing
3342,023420,2013-02-08,price_missing
3361,024100,2013-02-08,price_missing
3369,024870,2013-02-08,price_missing
3397,025930,2013-02-08,price_missing
3433,027840,2013-02-08,price_missing
3453,029471,2013-02-08,price_missing
3461,030421,2013-02-08,price_missing
3469,030790,2013-02-08,price_missing
3475,031440,2013-02-08,price_missing
3490,032390,2013-02-08,price_missing
3493,032421,2013-02-08,price_missing
3497,032611,2013-02-08,price_missing
3498,032612,2013-02-08,price_missing
3511,033180,2013-02-08,price_missing
3528,034300,2013-02-08,price_missing
1521,097870,2013-02-12,price_missing
2904,004510,2013-02-12,price_missing
3004,007800,2013-02-12,price_missing
3089,010600,2013-02-12,price_missing
3157,013200,2013-02-12,price_missing
3160,013240,2013-02-12,price_missing
3162,013250,2013-02-12,price_missing
3173,013781,2013-02-12,price_missing
3196,014590,2013-02-12,price_missing
3240,016560,2013-02-12,price_missing
3280,018570,2013-02-12,price_missing
3282,018590,2013-02-12,price_missing
3300,019641,2013-02-12,price_missing
3304,019930,2013-02-12,price_missing
3306,019931,2013-02-12,price_missing
3312,021060,2013-02-12,price_missing
3313,021060,2013-02-12,price_missing
3318,021310,2013-02-12,price_missing
3322,021600,2013-02-12,price_missing
3324,021610,2013-02-12,price_missing
3330,021960,2013-02-12,price_missing
3336,022520,2013-02-12,price_missing
3342,023420,2013-02-12,price_missing
3361,024100,2013-02-12,price_missing
3369,024870,2013-02-12,price_missing
3397,025930,2013-02-12,price_missing
3433,027840,2013-02-12,price_missing
3453,029471,2013-02-12,price_missing
3461,030421,2013-02-12,price_missing
3469,030790,2013-02-12,price_missing
3475,031440,2013-02-12,price_missing
3490,032390,2013-02-12,price_missing
3493,032421,2013-02-12,price_missing
3497,032611,2013-02-12,price_missing
3498,032612,2013-02-12,price_missing
3511,033180,2013-02-12,price_missing
3528,034300,2013-02-12,price_missing
1521,097870,2013-02-13,price_missing
2904,004510,2013-02-13,price_missing
3004,007800,2013-02-13,price_missing
3089,010600,2013-02-13,price_missing
3157,013200,2013-02-13,price_missing
3160,013240,2013-02-13,price_missing
3162,013250,2013-02-13,price_missing
3173,013781,2013-02-13,price_missing
3196,014590,2013-02-13,price_missing
3240,016560,2013-02-13,price_missing
3280,018570,2013-02-13,price_missing
3282,018590,2013-02-13,price_missing
3300,019641,2013-02-13,price_missing
3304,019930,2013-02-13,price_missing
3306,019931,2013-02-13,price_missing
3312,021060,2013-02-13,price_missing
3313,021060,2013-02-13,price_missing
3318,021310,2013-02-13,price_missing
3322,021600,2013-02-13,price_missing
3324,021610,2013-02-13,price_missing
3330,021960,2013-02-13,price_missing
3336,022520,2013-02-13,price_missing
3342,023420,2013-02-13,price_missing
3361,024100,2013-02-13,price_missing
3369,024870,2013-02-13,price_missing
3397,025930,2013-02-13,price_missing
3433,027840,2013-02-13,price_missing
3453,029471,2013-02-13,price_missing
3461,030421,2013-02-13,price_missing
3469,030790,2013-02-13,price_missing
3475,031440,2013-02-13,price_missing
3490,032390,2013-02-13,price_missing
3493,032421,2013-02-13,price_missing
3497,032611,2013-02-13,price_missing
3498,032612,2013-02-13,price_missing
3511,033180,2013-02-13,price_missing
3528,034300,2013-02-13,price_missing
1521,097870,2013-02-14,price_missing
2904,004510,2013-02-14,price_missing
3004,007800,2013-02-14,price_missing
3089,010600,2013-02-14,price_missing
3157,013200,2013-02-14,price_missing
3160,013240,2013-02-14,price_missing
3162,013250,2013-02-14,price_missing
3173,013781,2013-02-14,price_missing
3196,014590,2013-02-14,price_missing
3240,016560,2013-02-14,price_missing
3280,018570,2013-02-14,price_missing
3282,018590,2013-02-14,price_missing
3300,019641,2013-02-14,price_missing
3304,019930,2013-02-14,price_missing
3306,019931,2013-02-14,price_missing
3312,021060,2013-02-14,price_missing
3313,021060,2013-02-14,price_missing
3318,021310,2013-02-14,price_missing
3322,021600,2013-02-14,price_missing
3324,021610,2013-02-14,price_missing
3330,021960,2013-02-14,price_missing
3336,022520,2013-02-14,price_missing
3342,023420,2013-02-14,price_missing
3361,024100,2013-02-14,price_missing
3369,024870,2013-02-14,price_missing
3397,025930,2013-02-14,price_missing
3433,027840,2013-02-14,price_missing
3453,029471,2013-02-14,price_missing
3461,030421,2013-02-14,price_missing
3469,030790,2013-02-14,price_missing
3475,031440,2013-02-14,price_missing
3490,032390,2013-02-14,price_missing
3493,032421,2013-02-14,price_missing
3497,032611,2013-02-14,price_missing
3498,032612,2013-02-14,price_missing
3511,033180,2013-02-14,price_missing
3528,034300,2013-02-14,price_missing
1521,097870,2013-02-15,price_missing
2904,004510,2013-02-15,price_missing
3004,007800,2013-02-15,price_missing
3089,010600,2013-02-15,price_missing
3157,013200,2013-02-15,price_missing
3160,013240,2013-02-15,price_missing
3162,013250,2013-02-15,price_missing
3173,013781,2013-02-15,price_missing
3196,014590,2013-02-15,price_missing
3240,016560,2013-02-15,price_missing
3280,018570,2013-02-15,price_missing
3282,018590,2013-02-15,price_missing
3300,019641,2013-02-15,price_missing
3304,019930,2013-02-15,price_missing
3306,019931,2013-02-15,price_missing
3312,021060,2013-02-15,price_missing
3313,021060,2013-02-15,price_missing
3318,021310,2013-02-15,price_missing
3322,021600,2013-02-15,price_missing
3324,021610,2013-02-15,price_missing
3330,021960,2013-02-15,price_missing
3336,022520,2013-02-15,price_missing
3342,023420,2013-02-15,price_missing
3361,024100,2013-02-15,price_missing
3369,024870,2013-02-15,price_missing
3397,025930,2013-02-15,price_missing
3433,027840,2013-02-15,price_missing
3453,029471,2013-02-15,price_missing
3461,030421,2013-02-15,price_missing
3469,030790,2013-02-15,price_missing
3475,031440,2013-02-15,price_missing
3490,032390,2013-02-15,price_missing
3493,032421,2013-02-15,price_missing
3497,032611,2013-02-15,price_missing
3498,032612,2013-02-15,price_missing
3511,033180,2013-02-15,price_missing
3528,034300,2013-02-15,price_missing
1521,097870,2013-02-18,price_missing
2904,004510,2013-02-18,price_missing
3004,007800,2013-02-18,price_missing
3089,010600,2013-02-18,price_missing
3157,013200,2013-02-18,price_missing
3160,013240,2013-02-18,price_missing
3162,013250,2013-02-18,price_missing
3173,013781,2013-02-18,price_missing
3196,014590,2013-02-18,price_missing
3240,016560,2013-02-18,price_missing
3280,018570,2013-02-18,price_missing
3282,018590,2013-02-18,price_missing
3300,019641,2013-02-18,price_missing
3304,019930,2013-02-18,price_missing
3306,019931,2013-02-18,price_missing
3312,021060,2013-02-18,price_missing
3313,021060,2013-02-18,price_missing
3318,021310,2013-02-18,price_missing
3322,021600,2013-02-18,price_missing
3324,021610,2013-02-18,price_missing
3330,021960,2013-02-18,price_missing
3336,022520,2013-02-18,price_missing
3342,023420,2013-02-18,price_missing
3361,024100,2013-02-18,price_missing
3369,024870,2013-02-18,price_missing
3397,025930,2013-02-18,price_missing
3433,027840,2013-02-18,price_missing
3453,029471,2013-02-18,price_missing
3461,030421,2013-02-18,price_missing
3469,030790,2013-02-18,price_missing
3475,031440,2013-02-18,price_missing
3490,032390,2013-02-18,price_missing
3493,032421,2013-02-18,price_missing
3497,032611,2013-02-18,price_missing
3498,032612,2013-02-18,price_missing
3511,033180,2013-02-18,price_missing
3528,034300,2013-02-18,price_missing
1521,097870,2013-02-19,price_missing
2904,004510,2013-02-19,price_missing
3004,007800,2013-02-19,price_missing
3089,010600,2013-02-19,price_missing
3157,013200,2013-02-19,price_missing
3160,013240,2013-02-19,price_missing
3162,013250,2013-02-19,price_missing
3173,013781,2013-02-19,price_missing
3196,014590,2013-02-19,price_missing
3240,016560,2013-02-19,price_missing
3280,018570,2013-02-19,price_missing
3282,018590,2013-02-19,price_missing
3300,019641,2013-02-19,price_missing
3304,019930,2013-02-19,price_missing
3306,019931,2013-02-19,price_missing
3312,021060,2013-02-19,price_missing
3313,021060,2013-02-19,price_missing
3318,021310,2013-02-19,price_missing
3322,021600,2013-02-19,price_missing
3324,021610,2013-02-19,price_missing
3330,021960,2013-02-19,price_missing
3336,022520,2013-02-19,price_missing
3342,023420,2013-02-19,price_missing
3361,024100,2013-02-19,price_missing
3369,024870,2013-02-19,price_missing
3397,025930,2013-02-19,price_missing
3433,027840,2013-02-19,price_missing
3453,029471,2013-02-19,price_missing
3461,030421,2013-02-19,price_missing
3469,030790,2013-02-19,price_missing
3475,031440,2013-02-19,price_missing
3490,032390,2013-02-19,price_missing
3493,032421,2013-02-19,price_missing
3497,032611,2013-02-19,price_missing
3498,032612,2013-02-19,price_missing
3511,033180,2013-02-19,price_missing
3528,034300,2013-02-19,price_missing
1521,097870,2013-02-20,price_missing
2904,004510,2013-02-20,price_missing
3004,007800,2013-02-20,price_missing
3089,010600,2013-02-20,price_missing
3157,013200,2013-02-20,price_missing
3160,013240,2013-02-20,price_missing
3162,013250,2013-02-20,price_missing
3173,013781,2013-02-20,price_missing
3196,014590,2013-02-20,price_missing
3240,016560,2013-02-20,price_missing
3280,018570,2013-02-20,price_missing
3282,018590,2013-02-20,price_missing
3300,019641,2013-02-20,price_missing
3304,019930,2013-02-20,price_missing
3306,019931,2013-02-20,price_missing
3312,021060,2013-02-20,price_missing
3313,021060,2013-02-20,price_missing
3318,021310,2013-02-20,price_missing
3322,021600,2013-02-20,price_missing
3324,021610,2013-02-20,price_missing
3330,021960,2013-02-20,price_missing
3336,022520,2013-02-20,price_missing
3342,023420,2013-02-20,price_missing
3361,024100,2013-02-20,price_missing
3369,024870,2013-02-20,price_missing
3397,025930,2013-02-20,price_missing
3433,027840,2013-02-20,price_missing
3453,029471,2013-02-20,price_missing
3461,030421,2013-02-20,price_missing
3469,030790,2013-02-20,price_missing
3475,031440,2013-02-20,price_missing
3490,032390,2013-02-20,price_missing
3493,032421,2013-02-20,price_missing
3497,032611,2013-02-20,price_missing
3498,032612,2013-02-20,price_missing
3511,033180,2013-02-20,price_missing
3528,034300,2013-02-20,price_missing
1521,097870,2013-02-21,price_missing
2904,004510,2013-02-21,price_missing
3004,007800,2013-02-21,price_missing
3089,010600,2013-02-21,price_missing
3157,013200,2013-02-21,price_missing
3160,013240,2013-02-21,price_missing
3162,013250,2013-02-21,price_missing
3173,013781,2013-02-21,price_missing
3196,014590,2013-02-21,price_missing
3240,016560,2013-02-21,price_missing
3280,018570,2013-02-21,price_missing
3282,018590,2013-02-21,price_missing
3300,019641,2013-02-21,price_missing
3304,019930,2013-02-21,price_missing
3306,019931,2013-02-21,price_missing
3312,021060,2013-02-21,price_missing
3313,021060,2013-02-21,price_missing
3318,021310,2013-02-21,price_missing
3322,021600,2013-02-21,price_missing
3324,021610,2013-02-21,price_missing
3330,021960,2013-02-21,price_missing
3336,022520,2013-02-21,price_missing
3342,023420,2013-02-21,price_missing
3361,024100,2013-02-21,price_missing
3369,024870,2013-02-21,price_missing
3397,025930,2013-02-21,price_missing
3433,027840,2013-02-21,price_missing
3453,029471,2013-02-21,price_missing
3461,030421,2013-02-21,price_missing
3469,030790,2013-02-21,price_missing
3475,031440,2013-02-21,price_missing
3490,032390,2013-02-21,price_missing
3493,032421,2013-02-21,price_missing
3497,032611,2013-02-21,price_missing
3498,032612,2013-02-21,price_missing
3511,033180,2013-02-21,price_missing
3528,034300,2013-02-21,price_missing
1521,097870,2013-02-22,price_missing
2904,004510,2013-02-22,price_missing
3004,007800,2013-02-22,price_missing
3089,010600,2013-02-22,price_missing
3157,013200,2013-02-22,price_missing
3160,013240,2013-02-22,price_missing
3162,013250,2013-02-22,price_missing
3173,013781,2013-02-22,price_missing
3196,014590,2013-02-22,price_missing
3240,016560,2013-02-22,price_missing
3280,018570,2013-02-22,price_missing
3282,018590,2013-02-22,price_missing
3300,019641,2013-02-22,price_missing
3304,019930,2013-02-22,price_missing
3306,019931,2013-02-22,price_missing
3312,021060,2013-02-22,price_missing
3313,021060,2013-02-22,price_missing
3318,021310,2013-02-22,price_missing
3322,021600,2013-02-22,price_missing
3324,021610,2013-02-22,price_missing
3330,021960,2013-02-22,price_missing
3336,022520,2013-02-22,price_missing
3342,023420,2013-02-22,price_missing
3361,024100,2013-02-22,price_missing
3369,024870,2013-02-22,price_missing
3397,025930,2013-02-22,price_missing
3433,027840,2013-02-22,price_missing
3453,029471,2013-02-22,price_missing
3461,030421,2013-02-22,price_missing
3469,030790,2013-02-22,price_missing
3475,031440,2013-02-22,price_missing
3490,032390,2013-02-22,price_missing
3493,032421,2013-02-22,price_missing
3497,032611,2013-02-22,price_missing
3498,032612,2013-02-22,price_missing
3511,033180,2013-02-22,price_missing
3528,034300,2013-02-22,price_missing
1521,097870,2013-02-25,price_missing
2904,004510,2013-02-25,price_missing
3004,007800,2013-02-25,price_missing
3089,010600,2013-02-25,price_missing
3157,013200,2013-02-25,price_missing
3160,013240,2013-02-25,price_missing
3162,013250,2013-02-25,price_missing
3173,013781,2013-02-25,price_missing
3196,014590,2013-02-25,price_missing
3240,016560,2013-02-25,price_missing
3280,018570,2013-02-25,price_missing
3282,018590,2013-02-25,price_missing
3300,019641,2013-02-25,price_missing
3304,019930,2013-02-25,price_missing
3306,019931,2013-02-25,price_missing
3312,021060,2013-02-25,price_missing
3313,021060,2013-02-25,price_missing
3318,021310,2013-02-25,price_missing
3322,021600,2013-02-25,price_missing
3324,021610,2013-02-25,price_missing
3330,021960,2013-02-25,price_missing
3336,022520,2013-02-25,price_missing
3342,023420,2013-02-25,price_missing
3361,024100,2013-02-25,price_missing
3369,024870,2013-02-25,price_missing
3397,025930,2013-02-25,price_missing
3433,027840,2013-02-25,price_missing
3453,029471,2013-02-25,price_missing
3461,030421,2013-02-25,price_missing
3469,030790,2013-02-25,price_missing
3475,031440,2013-02-25,price_missing
3490,032390,2013-02-25,price_missing
3493,032421,2013-02-25,price_missing
3497,032611,2013-02-25,price_missing
3498,032612,2013-02-25,price_missing
3511,033180,2013-02-25,price_missing
3528,034300,2013-02-25,price_missing
1521,097870,2013-02-26,price_missing
2904,004510,2013-02-26,price_missing
3004,007800,2013-02-26,price_missing
3089,010600,2013-02-26,price_missing
3157,013200,2013-02-26,price_missing
3160,013240,2013-02-26,price_missing
3162,013250,2013-02-26,price_missing
3173,013781,2013-02-26,price_missing
3196,014590,2013-02-26,price_missing
3240,016560,2013-02-26,price_missing
3280,018570,2013-02-26,price_missing
3282,018590,2013-02-26,price_missing
3300,019641,2013-02-26,price_missing
3304,019930,2013-02-26,price_missing
3306,019931,2013-02-26,price_missing
3312,021060,2013-02-26,price_missing
3313,021060,2013-02-26,price_missing
3318,021310,2013-02-26,price_missing
3322,021600,2013-02-26,price_missing
3324,021610,2013-02-26,price_missing
3330,021960,2013-02-26,price_missing
3336,022520,2013-02-26,price_missing
3342,023420,2013-02-26,price_missing
3361,024100,2013-02-26,price_missing
3369,024870,2013-02-26,price_missing
3397,025930,2013-02-26,price_missing
3433,027840,2013-02-26,price_missing
3453,029471,2013-02-26,price_missing
3461,030421,2013-02-26,price_missing
3469,030790,2013-02-26,price_missing
3475,031440,2013-02-26,price_missing
3490,032390,2013-02-26,price_missing
3493,032421,2013-02-26,price_missing
3497,032611,2013-02-26,price_missing
3498,032612,2013-02-26,price_missing
3511,033180,2013-02-26,price_missing
3528,034300,2013-02-26,price_missing
1521,097870,2013-02-27,price_missing
2904,004510,2013-02-27,price_missing
3004,007800,2013-02-27,price_missing
3089,010600,2013-02-27,price_missing
3157,013200,2013-02-27,price_missing
3160,013240,2013-02-27,price_missing
3162,013250,2013-02-27,price_missing
3173,013781,2013-02-27,price_missing
3196,014590,2013-02-27,price_missing
3240,016560,2013-02-27,price_missing
3280,018570,2013-02-27,price_missing
3282,018590,2013-02-27,price_missing
3300,019641,2013-02-27,price_missing
3304,019930,2013-02-27,price_missing
3306,019931,2013-02-27,price_missing
3312,021060,2013-02-27,price_missing
3313,021060,2013-02-27,price_missing
3318,021310,2013-02-27,price_missing
3322,021600,2013-02-27,price_missing
3324,021610,2013-02-27,price_missing
3330,021960,2013-02-27,price_missing
3336,022520,2013-02-27,price_missing
3342,023420,2013-02-27,price_missing
3361,024100,2013-02-27,price_missing
3369,024870,2013-02-27,price_missing
3397,025930,2013-02-27,price_missing
3433,027840,2013-02-27,price_missing
3453,029471,2013-02-27,price_missing
3461,030421,2013-02-27,price_missing
3469,030790,2013-02-27,price_missing
3475,031440,2013-02-27,price_missing
3490,032390,2013-02-27,price_missing
3493,032421,2013-02-27,price_missing
3497,032611,2013-02-27,price_missing
3498,032612,2013-02-27,price_missing
3511,033180,2013-02-27,price_missing
3528,034300,2013-02-27,price_missing
1521,097870,2013-02-28,price_missing
2904,004510,2013-02-28,price_missing
3004,007800,2013-02-28,price_missing
3089,010600,2013-02-28,price_missing
3157,013200,2013-02-28,price_missing
3160,013240,2013-02-28,price_missing
3162,013250,2013-02-28,price_missing
3173,013781,2013-02-28,price_missing
3196,014590,2013-02-28,price_missing
3240,016560,2013-02-28,price_missing
3280,018570,2013-02-28,price_missing
3282,018590,2013-02-28,price_missing
3300,019641,2013-02-28,price_missing
3304,019930,2013-02-28,price_missing
3306,019931,2013-02-28,price_missing
3312,021060,2013-02-28,price_missing
3313,021060,2013-02-28,price_missing
3318,021310,2013-02-28,price_missing
3322,021600,2013-02-28,price_missing
3324,021610,2013-02-28,price_missing
3330,021960,2013-02-28,price_missing
3336,022520,2013-02-28,price_missing
3342,023420,2013-02-28,price_missing
3361,024100,2013-02-28,price_missing
3369,024870,2013-02-28,price_missing
3397,025930,2013-02-28,price_missing
3433,027840,2013-02-28,price_missing
3453,029471,2013-02-28,price_missing
3461,030421,2013-02-28,price_missing
3469,030790,2013-02-28,price_missing
3475,031440,2013-02-28,price_missing
3490,032390,2013-02-28,price_missing
3493,032421,2013-02-28,price_missing
3497,032611,2013-02-28,price_missing
3498,032612,2013-02-28,price_missing
3511,033180,2013-02-28,price_missing
3528,034300,2013-02-28,price_missing
1521,097870,2013-03-04,price_missing
2904,004510,2013-03-04,price_missing
3004,007800,2013-03-04,price_missing
3089,010600,2013-03-04,price_missing
3157,013200,2013-03-04,price_missing
3160,013240,2013-03-04,price_missing
3162,013250,2013-03-04,price_missing
3173,013781,2013-03-04,price_missing
3196,014590,2013-03-04,price_missing
3240,016560,2013-03-04,price_missing
3280,018570,2013-03-04,price_missing
3282,018590,2013-03-04,price_missing
3300,019641,2013-03-04,price_missing
3304,019930,2013-03-04,price_missing
3306,019931,2013-03-04,price_missing
3312,021060,2013-03-04,price_missing
3313,021060,2013-03-04,price_missing
3318,021310,2013-03-04,price_missing
3322,021600,2013-03-04,price_missing
3324,021610,2013-03-04,price_missing
3330,021960,2013-03-04,price_missing
3336,022520,2013-03-04,price_missing
3342,023420,2013-03-04,price_missing
3361,024100,2013-03-04,price_missing
3369,024870,2013-03-04,price_missing
3397,025930,2013-03-04,price_missing
3433,027840,2013-03-04,price_missing
3453,029471,2013-03-04,price_missing
3461,030421,2013-03-04,price_missing
3469,030790,2013-03-04,price_missing
3475,031440,2013-03-04,price_missing
3490,032390,2013-03-04,price_missing
3493,032421,2013-03-04,price_missing
3497,032611,2013-03-04,price_missing
3498,032612,2013-03-04,price_missing
3511,033180,2013-03-04,price_missing
3528,034300,2013-03-04,price_missing
1521,097870,2013-03-05,price_missing
2904,004510,2013-03-05,price_missing
3004,007800,2013-03-05,price_missing
3089,010600,2013-03-05,price_missing
3157,013200,2013-03-05,price_missing
3160,013240,2013-03-05,price_missing
3162,013250,2013-03-05,price_missing
3173,013781,2013-03-05,price_missing
3196,014590,2013-03-05,price_missing
3240,016560,2013-03-05,price_missing
3280,018570,2013-03-05,price_missing
3282,018590,2013-03-05,price_missing
3300,019641,2013-03-05,price_missing
3304,019930,2013-03-05,price_missing
3306,019931,2013-03-05,price_missing
3312,021060,2013-03-05,price_missing
3313,021060,2013-03-05,price_missing
3318,021310,2013-03-05,price_missing
3322,021600,2013-03-05,price_missing
3324,021610,2013-03-05,price_missing
3330,021960,2013-03-05,price_missing
3336,022520,2013-03-05,price_missing
3342,023420,2013-03-05,price_missing
3361,024100,2013-03-05,price_missing
3369,024870,2013-03-05,price_missing
3397,025930,2013-03-05,price_missing
3433,027840,2013-03-05,price_missing
3453,029471,2013-03-05,price_missing
3461,030421,2013-03-05,price_missing
3469,030790,2013-03-05,price_missing
3475,031440,2013-03-05,price_missing
3490,032390,2013-03-05,price_missing
3493,032421,2013-03-05,price_missing
3497,032611,2013-03-05,price_missing
3498,032612,2013-03-05,price_missing
3511,033180,2013-03-05,price_missing
3528,034300,2013-03-05,price_missing
1521,097870,2013-03-06,price_missing
2904,004510,2013-03-06,price_missing
3004,007800,2013-03-06,price_missing
3089,010600,2013-03-06,price_missing
3157,013200,2013-03-06,price_missing
3160,013240,2013-03-06,price_missing
3162,013250,2013-03-06,price_missing
3173,013781,2013-03-06,price_missing
3196,014590,2013-03-06,price_missing
3240,016560,2013-03-06,price_missing
3280,018570,2013-03-06,price_missing
3282,018590,2013-03-06,price_missing
3300,019641,2013-03-06,price_missing
3304,019930,2013-03-06,price_missing
3306,019931,2013-03-06,price_missing
3312,021060,2013-03-06,price_missing
3313,021060,2013-03-06,price_missing
3318,021310,2013-03-06,price_missing
3322,021600,2013-03-06,price_missing
3324,021610,2013-03-06,price_missing
3330,021960,2013-03-06,price_missing
3336,022520,2013-03-06,price_missing
3342,023420,2013-03-06,price_missing
3361,024100,2013-03-06,price_missing
3369,024870,2013-03-06,price_missing
3397,025930,2013-03-06,price_missing
3433,027840,2013-03-06,price_missing
3453,029471,2013-03-06,price_missing
3461,030421,2013-03-06,price_missing
3469,030790,2013-03-06,price_missing
3475,031440,2013-03-06,price_missing
3490,032390,2013-03-06,price_missing
3493,032421,2013-03-06,price_missing
3497,032611,2013-03-06,price_missing
3498,032612,2013-03-06,price_missing
3511,033180,2013-03-06,price_missing
3528,034300,2013-03-06,price_missing
1521,097870,2013-03-07,price_missing
2904,004510,2013-03-07,price_missing
3004,007800,2013-03-07,price_missing
3089,010600,2013-03-07,price_missing
3157,013200,2013-03-07,price_missing
3160,013240,2013-03-07,price_missing
3162,013250,2013-03-07,price_missing
3173,013781,2013-03-07,price_missing
3196,014590,2013-03-07,price_missing
3240,016560,2013-03-07,price_missing
3280,018570,2013-03-07,price_missing
3282,018590,2013-03-07,price_missing
3300,019641,2013-03-07,price_missing
3304,019930,2013-03-07,price_missing
3306,019931,2013-03-07,price_missing
3312,021060,2013-03-07,price_missing
3313,021060,2013-03-07,price_missing
3318,021310,2013-03-07,price_missing
3322,021600,2013-03-07,price_missing
3324,021610,2013-03-07,price_missing
3330,021960,2013-03-07,price_missing
3336,022520,2013-03-07,price_missing
3342,023420,2013-03-07,price_missing
3361,024100,2013-03-07,price_missing
3369,024870,2013-03-07,price_missing
3397,025930,2013-03-07,price_missing
3433,027840,2013-03-07,price_missing
3453,029471,2013-03-07,price_missing
3461,030421,2013-03-07,price_missing
3469,030790,2013-03-07,price_missing
3475,031440,2013-03-07,price_missing
3490,032390,2013-03-07,price_missing
3493,032421,2013-03-07,price_missing
3497,032611,2013-03-07,price_missing
3498,032612,2013-03-07,price_missing
3511,033180,2013-03-07,price_missing
3528,034300,2013-03-07,price_missing
1521,097870,2013-03-08,price_missing
2904,004510,2013-03-08,price_missing
3004,007800,2013-03-08,price_missing
3089,010600,2013-03-08,price_missing
3157,013200,2013-03-08,price_missing
3160,013240,2013-03-08,price_missing
3162,013250,2013-03-08,price_missing
3173,013781,2013-03-08,price_missing
3196,014590,2013-03-08,price_missing
3240,016560,2013-03-08,price_missing
3280,018570,2013-03-08,price_missing
3282,018590,2013-03-08,price_missing
3300,019641,2013-03-08,price_missing
3304,019930,2013-03-08,price_missing
3306,019931,2013-03-08,price_missing
3312,021060,2013-03-08,price_missing
3313,021060,2013-03-08,price_missing
3318,021310,2013-03-08,price_missing
3322,021600,2013-03-08,price_missing
3324,021610,2013-03-08,price_missing
3330,021960,2013-03-08,price_missing
3336,022520,2013-03-08,price_missing
3342,023420,2013-03-08,price_missing
3361,024100,2013-03-08,price_missing
3369,024870,2013-03-08,price_missing
3397,025930,2013-03-08,price_missing
3433,027840,2013-03-08,price_missing
3453,029471,2013-03-08,price_missing
3461,030421,2013-03-08,price_missing
3469,030790,2013-03-08,price_missing
3475,031440,2013-03-08,price_missing
3490,032390,2013-03-08,price_missing
3493,032421,2013-03-08,price_missing
3497,032611,2013-03-08,price_missing
3498,032612,2013-03-08,price_missing
3511,033180,2013-03-08,price_missing
3528,034300,2013-03-08,price_missing
1521,097870,2013-03-11,price_missing
2904,004510,2013-03-11,price_missing
3004,007800,2013-03-11,price_missing
3089,010600,2013-03-11,price_missing
3157,013200,2013-03-11,price_missing
3160,013240,2013-03-11,price_missing
3162,013250,2013-03-11,price_missing
3173,013781,2013-03-11,price_missing
3196,014590,2013-03-11,price_missing
3240,016560,2013-03-11,price_missing
3280,018570,2013-03-11,price_missing
3282,018590,2013-03-11,price_missing
3300,019641,2013-03-11,price_missing
3304,019930,2013-03-11,price_missing
3306,019931,2013-03-11,price_missing
3312,021060,2013-03-11,price_missing
3313,021060,2013-03-11,price_missing
3318,021310,2013-03-11,price_missing
3322,021600,2013-03-11,price_missing
3324,021610,2013-03-11,price_missing
3330,021960,2013-03-11,price_missing
3336,022520,2013-03-11,price_missing
3342,023420,2013-03-11,price_missing
3361,024100,2013-03-11,price_missing
3369,024870,2013-03-11,price_missing
3397,025930,2013-03-11,price_missing
3433,027840,2013-03-11,price_missing
3453,029471,2013-03-11,price_missing
3461,030421,2013-03-11,price_missing
3469,030790,2013-03-11,price_missing
3475,031440,2013-03-11,price_missing
3490,032390,2013-03-11,price_missing
3493,032421,2013-03-11,price_missing
3497,032611,2013-03-11,price_missing
3498,032612,2013-03-11,price_missing
3511,033180,2013-03-11,price_missing
3528,034300,2013-03-11,price_missing
1521,097870,2013-03-12,price_missing
2904,004510,2013-03-12,price_missing
3004,007800,2013-03-12,price_missing
3089,010600,2013-03-12,price_missing
3157,013200,2013-03-12,price_missing
3160,013240,2013-03-12,price_missing
3162,013250,2013-03-12,price_missing
3173,013781,2013-03-12,price_missing
3196,014590,2013-03-12,price_missing
3240,016560,2013-03-12,price_missing
3280,018570,2013-03-12,price_missing
3282,018590,2013-03-12,price_missing
3300,019641,2013-03-12,price_missing
3304,019930,2013-03-12,price_missing
3306,019931,2013-03-12,price_missing
3312,021060,2013-03-12,price_missing
3313,021060,2013-03-12,price_missing
3318,021310,2013-03-12,price_missing
3322,021600,2013-03-12,price_missing
3324,021610,2013-03-12,price_missing
3330,021960,2013-03-12,price_missing
3336,022520,2013-03-12,price_missing
3342,023420,2013-03-12,price_missing
3361,024100,2013-03-12,price_missing
3369,024870,2013-03-12,price_missing
3397,025930,2013-03-12,price_missing
3433,027840,2013-03-12,price_missing
3453,029471,2013-03-12,price_missing
3461,030421,2013-03-12,price_missing
3469,030790,2013-03-12,price_missing
3475,031440,2013-03-12,price_missing
3490,032390,2013-03-12,price_missing
3493,032421,2013-03-12,price_missing
3497,032611,2013-03-12,price_missing
3498,032612,2013-03-12,price_missing
3511,033180,2013-03-12,price_missing
3528,034300,2013-03-12,price_missing
1521,097870,2013-03-13,price_missing
2904,004510,2013-03-13,price_missing
3004,007800,2013-03-13,price_missing
3089,010600,2013-03-13,price_missing
3157,013200,2013-03-13,price_missing
3160,013240,2013-03-13,price_missing
3162,013250,2013-03-13,price_missing
3173,013781,2013-03-13,price_missing
3196,014590,2013-03-13,price_missing
3240,016560,2013-03-13,price_missing
3280,018570,2013-03-13,price_missing
3282,018590,2013-03-13,price_missing
3300,019641,2013-03-13,price_missing
3304,019930,2013-03-13,price_missing
3306,019931,2013-03-13,price_missing
3312,021060,2013-03-13,price_missing
3313,021060,2013-03-13,price_missing
3318,021310,2013-03-13,price_missing
3322,021600,2013-03-13,price_missing
3324,021610,2013-03-13,price_missing
3330,021960,2013-03-13,price_missing
3336,022520,2013-03-13,price_missing
3342,023420,2013-03-13,price_missing
3361,024100,2013-03-13,price_missing
3369,024870,2013-03-13,price_missing
3397,025930,2013-03-13,price_missing
3433,027840,2013-03-13,price_missing
3453,029471,2013-03-13,price_missing
3461,030421,2013-03-13,price_missing
3469,030790,2013-03-13,price_missing
3475,031440,2013-03-13,price_missing
3490,032390,2013-03-13,price_missing
3493,032421,2013-03-13,price_missing
3497,032611,2013-03-13,price_missing
3498,032612,2013-03-13,price_missing
3511,033180,2013-03-13,price_missing
3528,034300,2013-03-13,price_missing
1521,097870,2013-03-14,price_missing
2904,004510,2013-03-14,price_missing
3004,007800,2013-03-14,price_missing
3089,010600,2013-03-14,price_missing
3157,013200,2013-03-14,price_missing
3160,013240,2013-03-14,price_missing
3162,013250,2013-03-14,price_missing
3173,013781,2013-03-14,price_missing
3196,014590,2013-03-14,price_missing
3240,016560,2013-03-14,price_missing
3280,018570,2013-03-14,price_missing
3282,018590,2013-03-14,price_missing
3300,019641,2013-03-14,price_missing
3304,019930,2013-03-14,price_missing
3306,019931,2013-03-14,price_missing
3312,021060,2013-03-14,price_missing
3313,021060,2013-03-14,price_missing
3318,021310,2013-03-14,price_missing
3322,021600,2013-03-14,price_missing
3324,021610,2013-03-14,price_missing
3330,021960,2013-03-14,price_missing
3336,022520,2013-03-14,price_missing
3342,023420,2013-03-14,price_missing
3361,024100,2013-03-14,price_missing
3369,024870,2013-03-14,price_missing
3397,025930,2013-03-14,price_missing
3433,027840,2013-03-14,price_missing
3453,029471,2013-03-14,price_missing
3461,030421,2013-03-14,price_missing
3469,030790,2013-03-14,price_missing
3475,031440,2013-03-14,price_missing
3490,032390,2013-03-14,price_missing
3493,032421,2013-03-14,price_missing
3497,032611,2013-03-14,price_missing
3498,032612,2013-03-14,price_missing
3511,033180,2013-03-14,price_missing
3528,034300,2013-03-14,price_missing
1521,097870,2013-03-15,price_missing
2904,004510,2013-03-15,price_missing
3004,007800,2013-03-15,price_missing
3089,010600,2013-03-15,price_missing
3157,013200,2013-03-15,price_missing
3160,013240,2013-03-15,price_missing
3162,013250,2013-03-15,price_missing
3173,013781,2013-03-15,price_missing
3196,014590,2013-03-15,price_missing
3240,016560,2013-03-15,price_missing
3280,018570,2013-03-15,price_missing
3282,018590,2013-03-15,price_missing
3300,019641,2013-03-15,price_missing
3304,019930,2013-03-15,price_missing
3306,019931,2013-03-15,price_missing
3312,021060,2013-03-15,price_missing
3313,021060,2013-03-15,price_missing
3318,021310,2013-03-15,price_missing
3322,021600,2013-03-15,price_missing
3324,021610,2013-03-15,price_missing
3330,021960,2013-03-15,price_missing
3336,022520,2013-03-15,price_missing
3342,023420,2013-03-15,price_missing
3361,024100,2013-03-15,price_missing
3369,024870,2013-03-15,price_missing
3397,025930,2013-03-15,price_missing
3433,027840,2013-03-15,price_missing
3453,029471,2013-03-15,price_missing
3461,030421,2013-03-15,price_missing
3469,030790,2013-03-15,price_missing
3475,031440,2013-03-15,price_missing
3490,032390,2013-03-15,price_missing
3493,032421,2013-03-15,price_missing
3497,032611,2013-03-15,price_missing
3498,032612,2013-03-15,price_missing
3511,033180,2013-03-15,price_missing
3528,034300,2013-03-15,price_missing
1521,097870,2013-03-18,price_missing
2904,004510,2013-03-18,price_missing
3004,007800,2013-03-18,price_missing
3089,010600,2013-03-18,price_missing
3157,013200,2013-03-18,price_missing
3160,013240,2013-03-18,price_missing
3162,013250,2013-03-18,price_missing
3173,013781,2013-03-18,price_missing
3196,014590,2013-03-18,price_missing
3240,016560,2013-03-18,price_missing
3280,018570,2013-03-18,price_missing
3282,018590,2013-03-18,price_missing
3300,019641,2013-03-18,price_missing
3304,019930,2013-03-18,price_missing
3306,019931,2013-03-18,price_missing
3312,021060,2013-03-18,price_missing
3313,021060,2013-03-18,price_missing
3318,021310,2013-03-18,price_missing
3322,021600,2013-03-18,price_missing
3324,021610,2013-03-18,price_missing
3330,021960,2013-03-18,price_missing
3336,022520,2013-03-18,price_missing
3342,023420,2013-03-18,price_missing
3361,024100,2013-03-18,price_missing
3369,024870,2013-03-18,price_missing
3397,025930,2013-03-18,price_missing
3433,027840,2013-03-18,price_missing
3453,029471,2013-03-18,price_missing
3461,030421,2013-03-18,price_missing
3469,030790,2013-03-18,price_missing
3475,031440,2013-03-18,price_missing
3490,032390,2013-03-18,price_missing
3493,032421,2013-03-18,price_missing
3497,032611,2013-03-18,price_missing
3498,032612,2013-03-18,price_missing
3511,033180,2013-03-18,price_missing
3528,034300,2013-03-18,price_missing
1521,097870,2013-03-19,price_missing
2904,004510,2013-03-19,price_missing
3004,007800,2013-03-19,price_missing
3089,010600,2013-03-19,price_missing
3157,013200,2013-03-19,price_missing
3160,013240,2013-03-19,price_missing
3162,013250,2013-03-19,price_missing
3173,013781,2013-03-19,price_missing
3196,014590,2013-03-19,price_missing
3240,016560,2013-03-19,price_missing
3280,018570,2013-03-19,price_missing
3282,018590,2013-03-19,price_missing
3300,019641,2013-03-19,price_missing
3304,019930,2013-03-19,price_missing
3306,019931,2013-03-19,price_missing
3312,021060,2013-03-19,price_missing
3313,021060,2013-03-19,price_missing
3318,021310,2013-03-19,price_missing
3322,021600,2013-03-19,price_missing
3324,021610,2013-03-19,price_missing
3330,021960,2013-03-19,price_missing
3336,022520,2013-03-19,price_missing
3342,023420,2013-03-19,price_missing
3361,024100,2013-03-19,price_missing
3369,024870,2013-03-19,price_missing
3397,025930,2013-03-19,price_missing
3433,027840,2013-03-19,price_missing
3453,029471,2013-03-19,price_missing
3461,030421,2013-03-19,price_missing
3469,030790,2013-03-19,price_missing
3475,031440,2013-03-19,price_missing
3490,032390,2013-03-19,price_missing
3493,032421,2013-03-19,price_missing
3497,032611,2013-03-19,price_missing
3498,032612,2013-03-19,price_missing
3511,033180,2013-03-19,price_missing
3528,034300,2013-03-19,price_missing
1521,097870,2013-03-20,price_missing
2904,004510,2013-03-20,price_missing
3004,007800,2013-03-20,price_missing
3089,010600,2013-03-20,price_missing
3157,013200,2013-03-20,price_missing
3160,013240,2013-03-20,price_missing
3162,013250,2013-03-20,price_missing
3173,013781,2013-03-20,price_missing
3196,014590,2013-03-20,price_missing
3240,016560,2013-03-20,price_missing
3280,018570,2013-03-20,price_missing
3282,018590,2013-03-20,price_missing
3300,019641,2013-03-20,price_missing
3304,019930,2013-03-20,price_missing
3306,019931,2013-03-20,price_missing
3312,021060,2013-03-20,price_missing
3313,021060,2013-03-20,price_missing
3318,021310,2013-03-20,price_missing
3322,021600,2013-03-20,price_missing
3324,021610,2013-03-20,price_missing
3330,021960,2013-03-20,price_missing
3336,022520,2013-03-20,price_missing
3342,023420,2013-03-20,price_missing
3361,024100,2013-03-20,price_missing
3369,024870,2013-03-20,price_missing
3397,025930,2013-03-20,price_missing
3433,027840,2013-03-20,price_missing
3453,029471,2013-03-20,price_missing
3461,030421,2013-03-20,price_missing
3469,030790,2013-03-20,price_missing
3475,031440,2013-03-20,price_missing
3490,032390,2013-03-20,price_missing
3493,032421,2013-03-20,price_missing
3497,032611,2013-03-20,price_missing
3498,032612,2013-03-20,price_missing
3511,033180,2013-03-20,price_missing
3528,034300,2013-03-20,price_missing
1521,097870,2013-03-21,price_missing
2904,004510,2013-03-21,price_missing
3004,007800,2013-03-21,price_missing
3089,010600,2013-03-21,price_missing
3157,013200,2013-03-21,price_missing
3160,013240,2013-03-21,price_missing
3162,013250,2013-03-21,price_missing
3173,013781,2013-03-21,price_missing
3196,014590,2013-03-21,price_missing
3240,016560,2013-03-21,price_missing
3280,018570,2013-03-21,price_missing
3282,018590,2013-03-21,price_missing
3300,019641,2013-03-21,price_missing
3304,019930,2013-03-21,price_missing
3306,019931,2013-03-21,price_missing
3312,021060,2013-03-21,price_missing
3313,021060,2013-03-21,price_missing
3318,021310,2013-03-21,price_missing
3322,021600,2013-03-21,price_missing
3324,021610,2013-03-21,price_missing
3330,021960,2013-03-21,price_missing
3336,022520,2013-03-21,price_missing
3342,023420,2013-03-21,price_missing
3361,024100,2013-03-21,price_missing
3369,024870,2013-03-21,price_missing
3397,025930,2013-03-21,price_missing
3433,027840,2013-03-21,price_missing
3453,029471,2013-03-21,price_missing
3461,030421,2013-03-21,price_missing
3469,030790,2013-03-21,price_missing
3475,031440,2013-03-21,price_missing
3490,032390,2013-03-21,price_missing
3493,032421,2013-03-21,price_missing
3497,032611,2013-03-21,price_missing
3498,032612,2013-03-21,price_missing
3511,033180,2013-03-21,price_missing
3528,034300,2013-03-21,price_missing
1521,097870,2013-03-22,price_missing
2904,004510,2013-03-22,price_missing
3004,007800,2013-03-22,price_missing
3089,010600,2013-03-22,price_missing
3157,013200,2013-03-22,price_missing
3160,013240,2013-03-22,price_missing
3162,013250,2013-03-22,price_missing
3173,013781,2013-03-22,price_missing
3196,014590,2013-03-22,price_missing
3240,016560,2013-03-22,price_missing
3280,018570,2013-03-22,price_missing
3282,018590,2013-03-22,price_missing
3300,019641,2013-03-22,price_missing
3304,019930,2013-03-22,price_missing
3306,019931,2013-03-22,price_missing
3312,021060,2013-03-22,price_missing
3313,021060,2013-03-22,price_missing
3318,021310,2013-03-22,price_missing
3322,021600,2013-03-22,price_missing
3324,021610,2013-03-22,price_missing
3330,021960,2013-03-22,price_missing
3336,022520,2013-03-22,price_missing
3342,023420,2013-03-22,price_missing
3361,024100,2013-03-22,price_missing
3369,024870,2013-03-22,price_missing
3397,025930,2013-03-22,price_missing
3433,027840,2013-03-22,price_missing
3453,029471,2013-03-22,price_missing
3461,030421,2013-03-22,price_missing
3469,030790,2013-03-22,price_missing
3475,031440,2013-03-22,price_missing
3490,032390,2013-03-22,price_missing
3493,032421,2013-03-22,price_missing
3497,032611,2013-03-22,price_missing
3498,032612,2013-03-22,price_missing
3511,033180,2013-03-22,price_missing
3528,034300,2013-03-22,price_missing
1521,097870,2013-03-25,price_missing
2904,004510,2013-03-25,price_missing
3004,007800,2013-03-25,price_missing
3089,010600,2013-03-25,price_missing
3157,013200,2013-03-25,price_missing
3160,013240,2013-03-25,price_missing
3162,013250,2013-03-25,price_missing
3173,013781,2013-03-25,price_missing
3196,014590,2013-03-25,price_missing
3240,016560,2013-03-25,price_missing
3280,018570,2013-03-25,price_missing
3282,018590,2013-03-25,price_missing
3300,019641,2013-03-25,price_missing
3304,019930,2013-03-25,price_missing
3306,019931,2013-03-25,price_missing
3312,021060,2013-03-25,price_missing
3313,021060,2013-03-25,price_missing
3318,021310,2013-03-25,price_missing
3322,021600,2013-03-25,price_missing
3324,021610,2013-03-25,price_missing
3330,021960,2013-03-25,price_missing
3336,022520,2013-03-25,price_missing
3342,023420,2013-03-25,price_missing
3361,024100,2013-03-25,price_missing
3369,024870,2013-03-25,price_missing
3397,025930,2013-03-25,price_missing
3433,027840,2013-03-25,price_missing
3453,029471,2013-03-25,price_missing
3461,030421,2013-03-25,price_missing
3469,030790,2013-03-25,price_missing
3475,031440,2013-03-25,price_missing
3490,032390,2013-03-25,price_missing
3493,032421,2013-03-25,price_missing
3497,032611,2013-03-25,price_missing
3498,032612,2013-03-25,price_missing
3511,033180,2013-03-25,price_missing
3528,034300,2013-03-25,price_missing
1521,097870,2013-03-26,price_missing
2904,004510,2013-03-26,price_missing
3004,007800,2013-03-26,price_missing
3089,010600,2013-03-26,price_missing
3157,013200,2013-03-26,price_missing
3160,013240,2013-03-26,price_missing
3162,013250,2013-03-26,price_missing
3173,013781,2013-03-26,price_missing
3196,014590,2013-03-26,price_missing
3240,016560,2013-03-26,price_missing
3280,018570,2013-03-26,price_missing
3282,018590,2013-03-26,price_missing
3300,019641,2013-03-26,price_missing
3304,019930,2013-03-26,price_missing
3306,019931,2013-03-26,price_missing
3312,021060,2013-03-26,price_missing
3313,021060,2013-03-26,price_missing
3318,021310,2013-03-26,price_missing
3322,021600,2013-03-26,price_missing
3324,021610,2013-03-26,price_missing
3330,021960,2013-03-26,price_missing
3336,022520,2013-03-26,price_missing
3342,023420,2013-03-26,price_missing
3361,024100,2013-03-26,price_missing
3369,024870,2013-03-26,price_missing
3397,025930,2013-03-26,price_missing
3433,027840,2013-03-26,price_missing
3453,029471,2013-03-26,price_missing
3461,030421,2013-03-26,price_missing
3469,030790,2013-03-26,price_missing
3475,031440,2013-03-26,price_missing
3490,032390,2013-03-26,price_missing
3493,032421,2013-03-26,price_missing
3497,032611,2013-03-26,price_missing
3498,032612,2013-03-26,price_missing
3511,033180,2013-03-26,price_missing
3528,034300,2013-03-26,price_missing
1521,097870,2013-03-27,price_missing
2904,004510,2013-03-27,price_missing
3004,007800,2013-03-27,price_missing
3089,010600,2013-03-27,price_missing
3157,013200,2013-03-27,price_missing
3160,013240,2013-03-27,price_missing
3162,013250,2013-03-27,price_missing
3173,013781,2013-03-27,price_missing
3196,014590,2013-03-27,price_missing
3240,016560,2013-03-27,price_missing
3280,018570,2013-03-27,price_missing
3282,018590,2013-03-27,price_missing
3300,019641,2013-03-27,price_missing
3304,019930,2013-03-27,price_missing
3306,019931,2013-03-27,price_missing
3312,021060,2013-03-27,price_missing
3313,021060,2013-03-27,price_missing
3318,021310,2013-03-27,price_missing
3322,021600,2013-03-27,price_missing
3324,021610,2013-03-27,price_missing
3330,021960,2013-03-27,price_missing
3336,022520,2013-03-27,price_missing
3342,023420,2013-03-27,price_missing
3361,024100,2013-03-27,price_missing
3369,024870,2013-03-27,price_missing
3397,025930,2013-03-27,price_missing
3433,027840,2013-03-27,price_missing
3453,029471,2013-03-27,price_missing
3461,030421,2013-03-27,price_missing
3469,030790,2013-03-27,price_missing
3475,031440,2013-03-27,price_missing
3490,032390,2013-03-27,price_missing
3493,032421,2013-03-27,price_missing
3497,032611,2013-03-27,price_missing
3498,032612,2013-03-27,price_missing
3511,033180,2013-03-27,price_missing
3528,034300,2013-03-27,price_missing
1521,097870,2013-03-28,price_missing
2904,004510,2013-03-28,price_missing
3004,007800,2013-03-28,price_missing
3089,010600,2013-03-28,price_missing
3157,013200,2013-03-28,price_missing
3160,013240,2013-03-28,price_missing
3162,013250,2013-03-28,price_missing
3173,013781,2013-03-28,price_missing
3196,014590,2013-03-28,price_missing
3240,016560,2013-03-28,price_missing
3280,018570,2013-03-28,price_missing
3282,018590,2013-03-28,price_missing
3300,019641,2013-03-28,price_missing
3304,019930,2013-03-28,price_missing
3306,019931,2013-03-28,price_missing
3312,021060,2013-03-28,price_missing
3313,021060,2013-03-28,price_missing
3318,021310,2013-03-28,price_missing
3322,021600,2013-03-28,price_missing
3324,021610,2013-03-28,price_missing
3330,021960,2013-03-28,price_missing
3336,022520,2013-03-28,price_missing
3342,023420,2013-03-28,price_missing
3361,024100,2013-03-28,price_missing
3369,024870,2013-03-28,price_missing
3397,025930,2013-03-28,price_missing
3433,027840,2013-03-28,price_missing
3453,029471,2013-03-28,price_missing
3461,030421,2013-03-28,price_missing
3469,030790,2013-03-28,price_missing
3475,031440,2013-03-28,price_missing
3490,032390,2013-03-28,price_missing
3493,032421,2013-03-28,price_missing
3497,032611,2013-03-28,price_missing
3498,032612,2013-03-28,price_missing
3511,033180,2013-03-28,price_missing
3528,034300,2013-03-28,price_missing
1521,097870,2013-03-29,price_missing
2904,004510,2013-03-29,price_missing
3004,007800,2013-03-29,price_missing
3089,010600,2013-03-29,price_missing
3157,013200,2013-03-29,price_missing
3160,013240,2013-03-29,price_missing
3162,013250,2013-03-29,price_missing
3173,013781,2013-03-29,price_missing
3196,014590,2013-03-29,price_missing
3240,016560,2013-03-29,price_missing
3280,018570,2013-03-29,price_missing
3282,018590,2013-03-29,price_missing
3300,019641,2013-03-29,price_missing
3304,019930,2013-03-29,price_missing
3306,019931,2013-03-29,price_missing
3312,021060,2013-03-29,price_missing
3313,021060,2013-03-29,price_missing
3318,021310,2013-03-29,price_missing
3322,021600,2013-03-29,price_missing
3324,021610,2013-03-29,price_missing
3330,021960,2013-03-29,price_missing
3336,022520,2013-03-29,price_missing
3342,023420,2013-03-29,price_missing
3361,024100,2013-03-29,price_missing
3369,024870,2013-03-29,price_missing
3397,025930,2013-03-29,price_missing
3433,027840,2013-03-29,price_missing
3453,029471,2013-03-29,price_missing
3461,030421,2013-03-29,price_missing
3469,030790,2013-03-29,price_missing
3475,031440,2013-03-29,price_missing
3490,032390,2013-03-29,price_missing
3493,032421,2013-03-29,price_missing
3497,032611,2013-03-29,price_missing
3498,032612,2013-03-29,price_missing
3511,033180,2013-03-29,price_missing
3528,034300,2013-03-29,price_missing
1521,097870,2013-04-01,price_missing
2904,004510,2013-04-01,price_missing
3004,007800,2013-04-01,price_missing
3089,010600,2013-04-01,price_missing
3157,013200,2013-04-01,price_missing
3160,013240,2013-04-01,price_missing
3162,013250,2013-04-01,price_missing
3173,013781,2013-04-01,price_missing
3196,014590,2013-04-01,price_missing
3240,016560,2013-04-01,price_missing
3280,018570,2013-04-01,price_missing
3282,018590,2013-04-01,price_missing
3300,019641,2013-04-01,price_missing
3304,019930,2013-04-01,price_missing
3306,019931,2013-04-01,price_missing
3312,021060,2013-04-01,price_missing
3313,021060,2013-04-01,price_missing
3318,021310,2013-04-01,price_missing
3322,021600,2013-04-01,price_missing
3324,021610,2013-04-01,price_missing
3330,021960,2013-04-01,price_missing
3336,022520,2013-04-01,price_missing
3342,023420,2013-04-01,price_missing
3361,024100,2013-04-01,price_missing
3369,024870,2013-04-01,price_missing
3397,025930,2013-04-01,price_missing
3433,027840,2013-04-01,price_missing
3453,029471,2013-04-01,price_missing
3461,030421,2013-04-01,price_missing
3469,030790,2013-04-01,price_missing
3475,031440,2013-04-01,price_missing
3490,032390,2013-04-01,price_missing
3493,032421,2013-04-01,price_missing
3497,032611,2013-04-01,price_missing
3498,032612,2013-04-01,price_missing
3511,033180,2013-04-01,price_missing
3528,034300,2013-04-01,price_missing
1521,097870,2013-04-02,price_missing
2904,004510,2013-04-02,price_missing
3004,007800,2013-04-02,price_missing
3089,010600,2013-04-02,price_missing
3157,013200,2013-04-02,price_missing
3160,013240,2013-04-02,price_missing
3162,013250,2013-04-02,price_missing
3173,013781,2013-04-02,price_missing
3196,014590,2013-04-02,price_missing
3240,016560,2013-04-02,price_missing
3280,018570,2013-04-02,price_missing
3282,018590,2013-04-02,price_missing
3300,019641,2013-04-02,price_missing
3304,019930,2013-04-02,price_missing
3306,019931,2013-04-02,price_missing
3312,021060,2013-04-02,price_missing
3313,021060,2013-04-02,price_missing
3318,021310,2013-04-02,price_missing
3322,021600,2013-04-02,price_missing
3324,021610,2013-04-02,price_missing
3330,021960,2013-04-02,price_missing
3336,022520,2013-04-02,price_missing
3342,023420,2013-04-02,price_missing
3361,024100,2013-04-02,price_missing
3369,024870,2013-04-02,price_missing
3397,025930,2013-04-02,price_missing
3433,027840,2013-04-02,price_missing
3453,029471,2013-04-02,price_missing
3461,030421,2013-04-02,price_missing
3469,030790,2013-04-02,price_missing
3475,031440,2013-04-02,price_missing
3490,032390,2013-04-02,price_missing
3493,032421,2013-04-02,price_missing
3497,032611,2013-04-02,price_missing
3498,032612,2013-04-02,price_missing
3511,033180,2013-04-02,price_missing
3528,034300,2013-04-02,price_missing
1521,097870,2013-04-03,price_missing
2904,004510,2013-04-03,price_missing
3004,007800,2013-04-03,price_missing
3089,010600,2013-04-03,price_missing
3157,013200,2013-04-03,price_missing
3160,013240,2013-04-03,price_missing
3162,013250,2013-04-03,price_missing
3173,013781,2013-04-03,price_missing
3196,014590,2013-04-03,price_missing
3240,016560,2013-04-03,price_missing
3280,018570,2013-04-03,price_missing
3282,018590,2013-04-03,price_missing
3300,019641,2013-04-03,price_missing
3304,019930,2013-04-03,price_missing
3306,019931,2013-04-03,price_missing
3312,021060,2013-04-03,price_missing
3313,021060,2013-04-03,price_missing
3318,021310,2013-04-03,price_missing
3322,021600,2013-04-03,price_missing
3324,021610,2013-04-03,price_missing
3330,021960,2013-04-03,price_missing
3336,022520,2013-04-03,price_missing
3342,023420,2013-04-03,price_missing
3361,024100,2013-04-03,price_missing
3369,024870,2013-04-03,price_missing
3397,025930,2013-04-03,price_missing
3433,027840,2013-04-03,price_missing
3453,029471,2013-04-03,price_missing
3461,030421,2013-04-03,price_missing
3469,030790,2013-04-03,price_missing
3475,031440,2013-04-03,price_missing
3490,032390,2013-04-03,price_missing
3493,032421,2013-04-03,price_missing
3497,032611,2013-04-03,price_missing
3498,032612,2013-04-03,price_missing
3511,033180,2013-04-03,price_missing
3528,034300,2013-04-03,price_missing
1521,097870,2013-04-04,price_missing
2904,004510,2013-04-04,price_missing
3004,007800,2013-04-04,price_missing
3089,010600,2013-04-04,price_missing
3157,013200,2013-04-04,price_missing
3160,013240,2013-04-04,price_missing
3162,013250,2013-04-04,price_missing
3173,013781,2013-04-04,price_missing
3196,014590,2013-04-04,price_missing
3240,016560,2013-04-04,price_missing
3280,018570,2013-04-04,price_missing
3282,018590,2013-04-04,price_missing
3300,019641,2013-04-04,price_missing
3304,019930,2013-04-04,price_missing
3306,019931,2013-04-04,price_missing
3312,021060,2013-04-04,price_missing
3313,021060,2013-04-04,price_missing
3318,021310,2013-04-04,price_missing
3322,021600,2013-04-04,price_missing
3324,021610,2013-04-04,price_missing
3330,021960,2013-04-04,price_missing
3336,022520,2013-04-04,price_missing
3342,023420,2013-04-04,price_missing
3361,024100,2013-04-04,price_missing
3369,024870,2013-04-04,price_missing
3397,025930,2013-04-04,price_missing
3433,027840,2013-04-04,price_missing
3453,029471,2013-04-04,price_missing
3461,030421,2013-04-04,price_missing
3469,030790,2013-04-04,price_missing
3475,031440,2013-04-04,price_missing
3490,032390,2013-04-04,price_missing
3493,032421,2013-04-04,price_missing
3497,032611,2013-04-04,price_missing
3498,032612,2013-04-04,price_missing
3511,033180,2013-04-04,price_missing
3528,034300,2013-04-04,price_missing
1521,097870,2013-04-05,price_missing
2904,004510,2013-04-05,price_missing
3004,007800,2013-04-05,price_missing
3089,010600,2013-04-05,price_missing
3157,013200,2013-04-05,price_missing
3160,013240,2013-04-05,price_missing
3162,013250,2013-04-05,price_missing
3173,013781,2013-04-05,price_missing
3196,014590,2013-04-05,price_missing
3240,016560,2013-04-05,price_missing
3280,018570,2013-04-05,price_missing
3282,018590,2013-04-05,price_missing
3300,019641,2013-04-05,price_missing
3304,019930,2013-04-05,price_missing
3306,019931,2013-04-05,price_missing
3312,021060,2013-04-05,price_missing
3313,021060,2013-04-05,price_missing
3318,021310,2013-04-05,price_missing
3322,021600,2013-04-05,price_missing
3324,021610,2013-04-05,price_missing
3330,021960,2013-04-05,price_missing
3336,022520,2013-04-05,price_missing
3342,023420,2013-04-05,price_missing
3361,024100,2013-04-05,price_missing
3369,024870,2013-04-05,price_missing
3397,025930,2013-04-05,price_missing
3433,027840,2013-04-05,price_missing
3453,029471,2013-04-05,price_missing
3461,030421,2013-04-05,price_missing
3469,030790,2013-04-05,price_missing
3475,031440,2013-04-05,price_missing
3490,032390,2013-04-05,price_missing
3493,032421,2013-04-05,price_missing
3497,032611,2013-04-05,price_missing
3498,032612,2013-04-05,price_missing
3511,033180,2013-04-05,price_missing
3528,034300,2013-04-05,price_missing
1521,097870,2013-04-08,price_missing
2904,004510,2013-04-08,price_missing
3004,007800,2013-04-08,price_missing
3089,010600,2013-04-08,price_missing
3157,013200,2013-04-08,price_missing
3160,013240,2013-04-08,price_missing
3162,013250,2013-04-08,price_missing
3173,013781,2013-04-08,price_missing
3196,014590,2013-04-08,price_missing
3240,016560,2013-04-08,price_missing
3280,018570,2013-04-08,price_missing
3282,018590,2013-04-08,price_missing
3300,019641,2013-04-08,price_missing
3304,019930,2013-04-08,price_missing
3306,019931,2013-04-08,price_missing
3312,021060,2013-04-08,price_missing
3313,021060,2013-04-08,price_missing
3318,021310,2013-04-08,price_missing
3322,021600,2013-04-08,price_missing
3324,021610,2013-04-08,price_missing
3330,021960,2013-04-08,price_missing
3336,022520,2013-04-08,price_missing
3342,023420,2013-04-08,price_missing
3361,024100,2013-04-08,price_missing
3369,024870,2013-04-08,price_missing
3397,025930,2013-04-08,price_missing
3433,027840,2013-04-08,price_missing
3453,029471,2013-04-08,price_missing
3461,030421,2013-04-08,price_missing
3469,030790,2013-04-08,price_missing
3475,031440,2013-04-08,price_missing
3490,032390,2013-04-08,price_missing
3493,032421,2013-04-08,price_missing
3497,032611,2013-04-08,price_missing
3498,032612,2013-04-08,price_missing
3511,033180,2013-04-08,price_missing
3528,034300,2013-04-08,price_missing
1521,097870,2013-04-09,price_missing
2904,004510,2013-04-09,price_missing
3004,007800,2013-04-09,price_missing
3089,010600,2013-04-09,price_missing
3157,013200,2013-04-09,price_missing
3160,013240,2013-04-09,price_missing
3162,013250,2013-04-09,price_missing
3173,013781,2013-04-09,price_missing
3196,014590,2013-04-09,price_missing
3240,016560,2013-04-09,price_missing
3280,018570,2013-04-09,price_missing
3282,018590,2013-04-09,price_missing
3300,019641,2013-04-09,price_missing
3304,019930,2013-04-09,price_missing
3306,019931,2013-04-09,price_missing
3312,021060,2013-04-09,price_missing
3313,021060,2013-04-09,price_missing
3318,021310,2013-04-09,price_missing
3322,021600,2013-04-09,price_missing
3324,021610,2013-04-09,price_missing
3330,021960,2013-04-09,price_missing
3336,022520,2013-04-09,price_missing
3342,023420,2013-04-09,price_missing
3361,024100,2013-04-09,price_missing
3369,024870,2013-04-09,price_missing
3397,025930,2013-04-09,price_missing
3433,027840,2013-04-09,price_missing
3453,029471,2013-04-09,price_missing
3461,030421,2013-04-09,price_missing
3469,030790,2013-04-09,price_missing
3475,031440,2013-04-09,price_missing
3490,032390,2013-04-09,price_missing
3493,032421,2013-04-09,price_missing
3497,032611,2013-04-09,price_missing
3498,032612,2013-04-09,price_missing
3511,033180,2013-04-09,price_missing
3528,034300,2013-04-09,price_missing
1521,097870,2013-04-10,price_missing
2904,004510,2013-04-10,price_missing
3004,007800,2013-04-10,price_missing
3089,010600,2013-04-10,price_missing
3157,013200,2013-04-10,price_missing
3160,013240,2013-04-10,price_missing
3162,013250,2013-04-10,price_missing
3173,013781,2013-04-10,price_missing
3196,014590,2013-04-10,price_missing
3240,016560,2013-04-10,price_missing
3280,018570,2013-04-10,price_missing
3282,018590,2013-04-10,price_missing
3300,019641,2013-04-10,price_missing
3304,019930,2013-04-10,price_missing
3306,019931,2013-04-10,price_missing
3312,021060,2013-04-10,price_missing
3313,021060,2013-04-10,price_missing
3318,021310,2013-04-10,price_missing
3322,021600,2013-04-10,price_missing
3324,021610,2013-04-10,price_missing
3330,021960,2013-04-10,price_missing
3336,022520,2013-04-10,price_missing
3342,023420,2013-04-10,price_missing
3361,024100,2013-04-10,price_missing
3369,024870,2013-04-10,price_missing
3397,025930,2013-04-10,price_missing
3433,027840,2013-04-10,price_missing
3453,029471,2013-04-10,price_missing
3461,030421,2013-04-10,price_missing
3469,030790,2013-04-10,price_missing
3475,031440,2013-04-10,price_missing
3490,032390,2013-04-10,price_missing
3493,032421,2013-04-10,price_missing
3497,032611,2013-04-10,price_missing
3498,032612,2013-04-10,price_missing
3511,033180,2013-04-10,price_missing
3528,034300,2013-04-10,price_missing
1521,097870,2013-04-11,price_missing
2904,004510,2013-04-11,price_missing
3004,007800,2013-04-11,price_missing
3089,010600,2013-04-11,price_missing
3157,013200,2013-04-11,price_missing
3160,013240,2013-04-11,price_missing
3162,013250,2013-04-11,price_missing
3173,013781,2013-04-11,price_missing
3196,014590,2013-04-11,price_missing
3240,016560,2013-04-11,price_missing
3280,018570,2013-04-11,price_missing
3282,018590,2013-04-11,price_missing
3300,019641,2013-04-11,price_missing
3304,019930,2013-04-11,price_missing
3306,019931,2013-04-11,price_missing
3312,021060,2013-04-11,price_missing
3313,021060,2013-04-11,price_missing
3318,021310,2013-04-11,price_missing
3322,021600,2013-04-11,price_missing
3324,021610,2013-04-11,price_missing
3330,021960,2013-04-11,price_missing
3336,022520,2013-04-11,price_missing
3342,023420,2013-04-11,price_missing
3361,024100,2013-04-11,price_missing
3369,024870,2013-04-11,price_missing
3397,025930,2013-04-11,price_missing
3433,027840,2013-04-11,price_missing
3453,029471,2013-04-11,price_missing
3461,030421,2013-04-11,price_missing
3469,030790,2013-04-11,price_missing
3475,031440,2013-04-11,price_missing
3490,032390,2013-04-11,price_missing
3493,032421,2013-04-11,price_missing
3497,032611,2013-04-11,price_missing
3498,032612,2013-04-11,price_missing
3511,033180,2013-04-11,price_missing
3528,034300,2013-04-11,price_missing
1521,097870,2013-04-12,price_missing
2904,004510,2013-04-12,price_missing
3004,007800,2013-04-12,price_missing
3089,010600,2013-04-12,price_missing
3157,013200,2013-04-12,price_missing
3160,013240,2013-04-12,price_missing
3162,013250,2013-04-12,price_missing
3173,013781,2013-04-12,price_missing
3196,014590,2013-04-12,price_missing
3240,016560,2013-04-12,price_missing
3280,018570,2013-04-12,price_missing
3282,018590,2013-04-12,price_missing
3300,019641,2013-04-12,price_missing
3304,019930,2013-04-12,price_missing
3306,019931,2013-04-12,price_missing
3312,021060,2013-04-12,price_missing
3313,021060,2013-04-12,price_missing
3318,021310,2013-04-12,price_missing
3322,021600,2013-04-12,price_missing
3324,021610,2013-04-12,price_missing
3330,021960,2013-04-12,price_missing
3336,022520,2013-04-12,price_missing
3342,023420,2013-04-12,price_missing
3361,024100,2013-04-12,price_missing
3369,024870,2013-04-12,price_missing
3397,025930,2013-04-12,price_missing
3433,027840,2013-04-12,price_missing
3453,029471,2013-04-12,price_missing
3461,030421,2013-04-12,price_missing
3469,030790,2013-04-12,price_missing
3475,031440,2013-04-12,price_missing
3490,032390,2013-04-12,price_missing
3493,032421,2013-04-12,price_missing
3497,032611,2013-04-12,price_missing
3498,032612,2013-04-12,price_missing
3511,033180,2013-04-12,price_missing
3528,034300,2013-04-12,price_missing
1521,097870,2013-04-15,price_missing
2904,004510,2013-04-15,price_missing
3004,007800,2013-04-15,price_missing
3089,010600,2013-04-15,price_missing
3157,013200,2013-04-15,price_missing
3160,013240,2013-04-15,price_missing
3162,013250,2013-04-15,price_missing
3173,013781,2013-04-15,price_missing
3196,014590,2013-04-15,price_missing
3240,016560,2013-04-15,price_missing
3280,018570,2013-04-15,price_missing
3282,018590,2013-04-15,price_missing
3300,019641,2013-04-15,price_missing
3304,019930,2013-04-15,price_missing
3306,019931,2013-04-15,price_missing
3312,021060,2013-04-15,price_missing
3313,021060,2013-04-15,price_missing
3318,021310,2013-04-15,price_missing
3322,021600,2013-04-15,price_missing
3324,021610,2013-04-15,price_missing
3330,021960,2013-04-15,price_missing
3336,022520,2013-04-15,price_missing
3342,023420,2013-04-15,price_missing
3361,024100,2013-04-15,price_missing
3369,024870,2013-04-15,price_missing
3397,025930,2013-04-15,price_missing
3433,027840,2013-04-15,price_missing
3453,029471,2013-04-15,price_missing
3461,030421,2013-04-15,price_missing
3469,030790,2013-04-15,price_missing
3475,031440,2013-04-15,price_missing
3490,032390,2013-04-15,price_missing
3493,032421,2013-04-15,price_missing
3497,032611,2013-04-15,price_missing
3498,032612,2013-04-15,price_missing
3511,033180,2013-04-15,price_missing
3528,034300,2013-04-15,price_missing
1521,097870,2013-04-16,price_missing
2904,004510,2013-04-16,price_missing
3004,007800,2013-04-16,price_missing
3089,010600,2013-04-16,price_missing
3157,013200,2013-04-16,price_missing
3160,013240,2013-04-16,price_missing
3162,013250,2013-04-16,price_missing
3173,013781,2013-04-16,price_missing
3196,014590,2013-04-16,price_missing
3240,016560,2013-04-16,price_missing
3280,018570,2013-04-16,price_missing
3282,018590,2013-04-16,price_missing
3300,019641,2013-04-16,price_missing
3304,019930,2013-04-16,price_missing
3306,019931,2013-04-16,price_missing
3312,021060,2013-04-16,price_missing
3313,021060,2013-04-16,price_missing
3318,021310,2013-04-16,price_missing
3322,021600,2013-04-16,price_missing
3324,021610,2013-04-16,price_missing
3330,021960,2013-04-16,price_missing
3336,022520,2013-04-16,price_missing
3342,023420,2013-04-16,price_missing
3361,024100,2013-04-16,price_missing
3369,024870,2013-04-16,price_missing
3397,025930,2013-04-16,price_missing
3433,027840,2013-04-16,price_missing
3453,029471,2013-04-16,price_missing
3461,030421,2013-04-16,price_missing
3469,030790,2013-04-16,price_missing
3475,031440,2013-04-16,price_missing
3490,032390,2013-04-16,price_missing
3493,032421,2013-04-16,price_missing
3497,032611,2013-04-16,price_missing
3498,032612,2013-04-16,price_missing
3511,033180,2013-04-16,price_missing
3528,034300,2013-04-16,price_missing
1521,097870,2013-04-17,price_missing
2904,004510,2013-04-17,price_missing
3004,007800,2013-04-17,price_missing
3089,010600,2013-04-17,price_missing
3157,013200,2013-04-17,price_missing
3160,013240,2013-04-17,price_missing
3162,013250,2013-04-17,price_missing
3173,013781,2013-04-17,price_missing
3196,014590,2013-04-17,price_missing
3240,016560,2013-04-17,price_missing
3280,018570,2013-04-17,price_missing
3282,018590,2013-04-17,price_missing
3300,019641,2013-04-17,price_missing
3304,019930,2013-04-17,price_missing
3306,019931,2013-04-17,price_missing
3312,021060,2013-04-17,price_missing
3313,021060,2013-04-17,price_missing
3318,021310,2013-04-17,price_missing
3322,021600,2013-04-17,price_missing
3324,021610,2013-04-17,price_missing
3330,021960,2013-04-17,price_missing
3336,022520,2013-04-17,price_missing
3342,023420,2013-04-17,price_missing
3361,024100,2013-04-17,price_missing
3369,024870,2013-04-17,price_missing
3397,025930,2013-04-17,price_missing
3433,027840,2013-04-17,price_missing
3453,029471,2013-04-17,price_missing
3461,030421,2013-04-17,price_missing
3469,030790,2013-04-17,price_missing
3475,031440,2013-04-17,price_missing
3490,032390,2013-04-17,price_missing
3493,032421,2013-04-17,price_missing
3497,032611,2013-04-17,price_missing
3498,032612,2013-04-17,price_missing
3511,033180,2013-04-17,price_missing
3528,034300,2013-04-17,price_missing
1521,097870,2013-04-18,price_missing
2904,004510,2013-04-18,price_missing
3004,007800,2013-04-18,price_missing
3089,010600,2013-04-18,price_missing
3157,013200,2013-04-18,price_missing
3160,013240,2013-04-18,price_missing
3162,013250,2013-04-18,price_missing
3173,013781,2013-04-18,price_missing
3196,014590,2013-04-18,price_missing
3240,016560,2013-04-18,price_missing
3280,018570,2013-04-18,price_missing
3282,018590,2013-04-18,price_missing
3300,019641,2013-04-18,price_missing
3304,019930,2013-04-18,price_missing
3306,019931,2013-04-18,price_missing
3312,021060,2013-04-18,price_missing
3313,021060,2013-04-18,price_missing
3318,021310,2013-04-18,price_missing
3322,021600,2013-04-18,price_missing
3324,021610,2013-04-18,price_missing
3330,021960,2013-04-18,price_missing
3336,022520,2013-04-18,price_missing
3342,023420,2013-04-18,price_missing
3361,024100,2013-04-18,price_missing
3369,024870,2013-04-18,price_missing
3397,025930,2013-04-18,price_missing
3433,027840,2013-04-18,price_missing
3453,029471,2013-04-18,price_missing
3461,030421,2013-04-18,price_missing
3469,030790,2013-04-18,price_missing
3475,031440,2013-04-18,price_missing
3490,032390,2013-04-18,price_missing
3493,032421,2013-04-18,price_missing
3497,032611,2013-04-18,price_missing
3498,032612,2013-04-18,price_missing
3511,033180,2013-04-18,price_missing
3528,034300,2013-04-18,price_missing
1521,097870,2013-04-19,price_missing
2904,004510,2013-04-19,price_missing
3004,007800,2013-04-19,price_missing
3089,010600,2013-04-19,price_missing
3157,013200,2013-04-19,price_missing
3160,013240,2013-04-19,price_missing
3162,013250,2013-04-19,price_missing
3173,013781,2013-04-19,price_missing
3196,014590,2013-04-19,price_missing
3240,016560,2013-04-19,price_missing
3280,018570,2013-04-19,price_missing
3282,018590,2013-04-19,price_missing
3300,019641,2013-04-19,price_missing
3304,019930,2013-04-19,price_missing
3306,019931,2013-04-19,price_missing
3312,021060,2013-04-19,price_missing
3313,021060,2013-04-19,price_missing
3318,021310,2013-04-19,price_missing
3322,021600,2013-04-19,price_missing
3324,021610,2013-04-19,price_missing
3330,021960,2013-04-19,price_missing
3336,022520,2013-04-19,price_missing
3342,023420,2013-04-19,price_missing
3361,024100,2013-04-19,price_missing
3369,024870,2013-04-19,price_missing
3397,025930,2013-04-19,price_missing
3433,027840,2013-04-19,price_missing
3453,029471,2013-04-19,price_missing
3461,030421,2013-04-19,price_missing
3469,030790,2013-04-19,price_missing
3475,031440,2013-04-19,price_missing
3490,032390,2013-04-19,price_missing
3493,032421,2013-04-19,price_missing
3497,032611,2013-04-19,price_missing
3498,032612,2013-04-19,price_missing
3511,033180,2013-04-19,price_missing
3528,034300,2013-04-19,price_missing
1521,097870,2013-04-22,price_missing
2904,004510,2013-04-22,price_missing
3004,007800,2013-04-22,price_missing
3089,010600,2013-04-22,price_missing
3157,013200,2013-04-22,price_missing
3160,013240,2013-04-22,price_missing
3162,013250,2013-04-22,price_missing
3173,013781,2013-04-22,price_missing
3196,014590,2013-04-22,price_missing
3240,016560,2013-04-22,price_missing
3280,018570,2013-04-22,price_missing
3282,018590,2013-04-22,price_missing
3300,019641,2013-04-22,price_missing
3304,019930,2013-04-22,price_missing
3306,019931,2013-04-22,price_missing
3312,021060,2013-04-22,price_missing
3313,021060,2013-04-22,price_missing
3318,021310,2013-04-22,price_missing
3322,021600,2013-04-22,price_missing
3324,021610,2013-04-22,price_missing
3330,021960,2013-04-22,price_missing
3336,022520,2013-04-22,price_missing
3342,023420,2013-04-22,price_missing
3361,024100,2013-04-22,price_missing
3369,024870,2013-04-22,price_missing
3397,025930,2013-04-22,price_missing
3433,027840,2013-04-22,price_missing
3453,029471,2013-04-22,price_missing
3461,030421,2013-04-22,price_missing
3469,030790,2013-04-22,price_missing
3475,031440,2013-04-22,price_missing
3490,032390,2013-04-22,price_missing
3493,032421,2013-04-22,price_missing
3497,032611,2013-04-22,price_missing
3498,032612,2013-04-22,price_missing
3511,033180,2013-04-22,price_missing
3528,034300,2013-04-22,price_missing
1521,097870,2013-04-23,price_missing
2904,004510,2013-04-23,price_missing
3004,007800,2013-04-23,price_missing
3089,010600,2013-04-23,price_missing
3157,013200,2013-04-23,price_missing
3160,013240,2013-04-23,price_missing
3162,013250,2013-04-23,price_missing
3173,013781,2013-04-23,price_missing
3196,014590,2013-04-23,price_missing
3240,016560,2013-04-23,price_missing
3280,018570,2013-04-23,price_missing
3282,018590,2013-04-23,price_missing
3300,019641,2013-04-23,price_missing
3304,019930,2013-04-23,price_missing
3306,019931,2013-04-23,price_missing
3312,021060,2013-04-23,price_missing
3313,021060,2013-04-23,price_missing
3318,021310,2013-04-23,price_missing
3322,021600,2013-04-23,price_missing
3324,021610,2013-04-23,price_missing
3330,021960,2013-04-23,price_missing
3336,022520,2013-04-23,price_missing
3342,023420,2013-04-23,price_missing
3361,024100,2013-04-23,price_missing
3369,024870,2013-04-23,price_missing
3397,025930,2013-04-23,price_missing
3433,027840,2013-04-23,price_missing
3453,029471,2013-04-23,price_missing
3461,030421,2013-04-23,price_missing
3469,030790,2013-04-23,price_missing
3475,031440,2013-04-23,price_missing
3490,032390,2013-04-23,price_missing
3493,032421,2013-04-23,price_missing
3497,032611,2013-04-23,price_missing
3498,032612,2013-04-23,price_missing
3511,033180,2013-04-23,price_missing
3528,034300,2013-04-23,price_missing
1521,097870,2013-04-24,price_missing
2904,004510,2013-04-24,price_missing
3004,007800,2013-04-24,price_missing
3089,010600,2013-04-24,price_missing
3157,013200,2013-04-24,price_missing
3160,013240,2013-04-24,price_missing
3162,013250,2013-04-24,price_missing
3173,013781,2013-04-24,price_missing
3196,014590,2013-04-24,price_missing
3240,016560,2013-04-24,price_missing
3280,018570,2013-04-24,price_missing
3282,018590,2013-04-24,price_missing
3300,019641,2013-04-24,price_missing
3304,019930,2013-04-24,price_missing
3306,019931,2013-04-24,price_missing
3312,021060,2013-04-24,price_missing
3313,021060,2013-04-24,price_missing
3318,021310,2013-04-24,price_missing
3322,021600,2013-04-24,price_missing
3324,021610,2013-04-24,price_missing
3330,021960,2013-04-24,price_missing
3336,022520,2013-04-24,price_missing
3342,023420,2013-04-24,price_missing
3361,024100,2013-04-24,price_missing
3369,024870,2013-04-24,price_missing
3397,025930,2013-04-24,price_missing
3433,027840,2013-04-24,price_missing
3453,029471,2013-04-24,price_missing
3461,030421,2013-04-24,price_missing
3469,030790,2013-04-24,price_missing
3475,031440,2013-04-24,price_missing
3490,032390,2013-04-24,price_missing
3493,032421,2013-04-24,price_missing
3497,032611,2013-04-24,price_missing
3498,032612,2013-04-24,price_missing
3511,033180,2013-04-24,price_missing
3528,034300,2013-04-24,price_missing
1521,097870,2013-04-25,price_missing
2904,004510,2013-04-25,price_missing
3004,007800,2013-04-25,price_missing
3089,010600,2013-04-25,price_missing
3157,013200,2013-04-25,price_missing
3160,013240,2013-04-25,price_missing
3162,013250,2013-04-25,price_missing
3173,013781,2013-04-25,price_missing
3196,014590,2013-04-25,price_missing
3240,016560,2013-04-25,price_missing
3280,018570,2013-04-25,price_missing
3282,018590,2013-04-25,price_missing
3300,019641,2013-04-25,price_missing
3304,019930,2013-04-25,price_missing
3306,019931,2013-04-25,price_missing
3312,021060,2013-04-25,price_missing
3313,021060,2013-04-25,price_missing
3318,021310,2013-04-25,price_missing
3322,021600,2013-04-25,price_missing
3324,021610,2013-04-25,price_missing
3330,021960,2013-04-25,price_missing
3336,022520,2013-04-25,price_missing
3342,023420,2013-04-25,price_missing
3361,024100,2013-04-25,price_missing
3369,024870,2013-04-25,price_missing
3397,025930,2013-04-25,price_missing
3433,027840,2013-04-25,price_missing
3453,029471,2013-04-25,price_missing
3461,030421,2013-04-25,price_missing
3469,030790,2013-04-25,price_missing
3475,031440,2013-04-25,price_missing
3490,032390,2013-04-25,price_missing
3493,032421,2013-04-25,price_missing
3497,032611,2013-04-25,price_missing
3498,032612,2013-04-25,price_missing
3511,033180,2013-04-25,price_missing
3528,034300,2013-04-25,price_missing
1521,097870,2013-04-26,price_missing
2904,004510,2013-04-26,price_missing
3004,007800,2013-04-26,price_missing
3089,010600,2013-04-26,price_missing
3157,013200,2013-04-26,price_missing
3160,013240,2013-04-26,price_missing
3162,013250,2013-04-26,price_missing
3173,013781,2013-04-26,price_missing
3196,014590,2013-04-26,price_missing
3240,016560,2013-04-26,price_missing
3280,018570,2013-04-26,price_missing
3282,018590,2013-04-26,price_missing
3300,019641,2013-04-26,price_missing
3304,019930,2013-04-26,price_missing
3306,019931,2013-04-26,price_missing
3312,021060,2013-04-26,price_missing
3313,021060,2013-04-26,price_missing
3318,021310,2013-04-26,price_missing
3322,021600,2013-04-26,price_missing
3324,021610,2013-04-26,price_missing
3330,021960,2013-04-26,price_missing
3336,022520,2013-04-26,price_missing
3342,023420,2013-04-26,price_missing
3361,024100,2013-04-26,price_missing
3369,024870,2013-04-26,price_missing
3397,025930,2013-04-26,price_missing
3433,027840,2013-04-26,price_missing
3453,029471,2013-04-26,price_missing
3461,030421,2013-04-26,price_missing
3469,030790,2013-04-26,price_missing
3475,031440,2013-04-26,price_missing
3490,032390,2013-04-26,price_missing
3493,032421,2013-04-26,price_missing
3497,032611,2013-04-26,price_missing
3498,032612,2013-04-26,price_missing
3511,033180,2013-04-26,price_missing
3528,034300,2013-04-26,price_missing
1521,097870,2013-04-29,price_missing
2904,004510,2013-04-29,price_missing
3004,007800,2013-04-29,price_missing
3089,010600,2013-04-29,price_missing
3157,013200,2013-04-29,price_missing
3160,013240,2013-04-29,price_missing
3162,013250,2013-04-29,price_missing
3173,013781,2013-04-29,price_missing
3196,014590,2013-04-29,price_missing
3240,016560,2013-04-29,price_missing
3280,018570,2013-04-29,price_missing
3282,018590,2013-04-29,price_missing
3300,019641,2013-04-29,price_missing
3304,019930,2013-04-29,price_missing
3306,019931,2013-04-29,price_missing
3312,021060,2013-04-29,price_missing
3313,021060,2013-04-29,price_missing
3318,021310,2013-04-29,price_missing
3322,021600,2013-04-29,price_missing
3324,021610,2013-04-29,price_missing
3330,021960,2013-04-29,price_missing
3336,022520,2013-04-29,price_missing
3342,023420,2013-04-29,price_missing
3361,024100,2013-04-29,price_missing
3369,024870,2013-04-29,price_missing
3397,025930,2013-04-29,price_missing
3433,027840,2013-04-29,price_missing
3453,029471,2013-04-29,price_missing
3461,030421,2013-04-29,price_missing
3469,030790,2013-04-29,price_missing
3475,031440,2013-04-29,price_missing
3490,032390,2013-04-29,price_missing
3493,032421,2013-04-29,price_missing
3497,032611,2013-04-29,price_missing
3498,032612,2013-04-29,price_missing
3511,033180,2013-04-29,price_missing
3528,034300,2013-04-29,price_missing
1521,097870,2013-04-30,price_missing
2904,004510,2013-04-30,price_missing
3004,007800,2013-04-30,price_missing
3089,010600,2013-04-30,price_missing
3157,013200,2013-04-30,price_missing
3160,013240,2013-04-30,price_missing
3162,013250,2013-04-30,price_missing
3173,013781,2013-04-30,price_missing
3196,014590,2013-04-30,price_missing
3240,016560,2013-04-30,price_missing
3280,018570,2013-04-30,price_missing
3282,018590,2013-04-30,price_missing
3300,019641,2013-04-30,price_missing
3304,019930,2013-04-30,price_missing
3306,019931,2013-04-30,price_missing
3312,021060,2013-04-30,price_missing
3313,021060,2013-04-30,price_missing
3318,021310,2013-04-30,price_missing
3322,021600,2013-04-30,price_missing
3324,021610,2013-04-30,price_missing
3330,021960,2013-04-30,price_missing
3336,022520,2013-04-30,price_missing
3342,023420,2013-04-30,price_missing
3361,024100,2013-04-30,price_missing
3369,024870,2013-04-30,price_missing
3397,025930,2013-04-30,price_missing
3433,027840,2013-04-30,price_missing
3453,029471,2013-04-30,price_missing
3461,030421,2013-04-30,price_missing
3469,030790,2013-04-30,price_missing
3475,031440,2013-04-30,price_missing
3490,032390,2013-04-30,price_missing
3493,032421,2013-04-30,price_missing
3497,032611,2013-04-30,price_missing
3498,032612,2013-04-30,price_missing
3511,033180,2013-04-30,price_missing
3528,034300,2013-04-30,price_missing
1521,097870,2013-05-02,price_missing
2904,004510,2013-05-02,price_missing
3004,007800,2013-05-02,price_missing
3089,010600,2013-05-02,price_missing
3157,013200,2013-05-02,price_missing
3160,013240,2013-05-02,price_missing
3162,013250,2013-05-02,price_missing
3173,013781,2013-05-02,price_missing
3196,014590,2013-05-02,price_missing
3240,016560,2013-05-02,price_missing
3280,018570,2013-05-02,price_missing
3282,018590,2013-05-02,price_missing
3300,019641,2013-05-02,price_missing
3304,019930,2013-05-02,price_missing
3306,019931,2013-05-02,price_missing
3312,021060,2013-05-02,price_missing
3313,021060,2013-05-02,price_missing
3318,021310,2013-05-02,price_missing
3322,021600,2013-05-02,price_missing
3324,021610,2013-05-02,price_missing
3330,021960,2013-05-02,price_missing
3336,022520,2013-05-02,price_missing
3342,023420,2013-05-02,price_missing
3361,024100,2013-05-02,price_missing
3369,024870,2013-05-02,price_missing
3397,025930,2013-05-02,price_missing
3433,027840,2013-05-02,price_missing
3453,029471,2013-05-02,price_missing
3461,030421,2013-05-02,price_missing
3469,030790,2013-05-02,price_missing
3475,031440,2013-05-02,price_missing
3490,032390,2013-05-02,price_missing
3493,032421,2013-05-02,price_missing
3497,032611,2013-05-02,price_missing
3498,032612,2013-05-02,price_missing
3511,033180,2013-05-02,price_missing
3528,034300,2013-05-02,price_missing
1521,097870,2013-05-03,price_missing
2904,004510,2013-05-03,price_missing
3004,007800,2013-05-03,price_missing
3089,010600,2013-05-03,price_missing
3157,013200,2013-05-03,price_missing
3160,013240,2013-05-03,price_missing
3162,013250,2013-05-03,price_missing
3173,013781,2013-05-03,price_missing
3196,014590,2013-05-03,price_missing
3240,016560,2013-05-03,price_missing
3280,018570,2013-05-03,price_missing
3282,018590,2013-05-03,price_missing
3300,019641,2013-05-03,price_missing
3304,019930,2013-05-03,price_missing
3306,019931,2013-05-03,price_missing
3312,021060,2013-05-03,price_missing
3313,021060,2013-05-03,price_missing
3318,021310,2013-05-03,price_missing
3322,021600,2013-05-03,price_missing
3324,021610,2013-05-03,price_missing
3330,021960,2013-05-03,price_missing
3336,022520,2013-05-03,price_missing
3342,023420,2013-05-03,price_missing
3361,024100,2013-05-03,price_missing
3369,024870,2013-05-03,price_missing
3397,025930,2013-05-03,price_missing
3433,027840,2013-05-03,price_missing
3453,029471,2013-05-03,price_missing
3461,030421,2013-05-03,price_missing
3469,030790,2013-05-03,price_missing
3475,031440,2013-05-03,price_missing
3490,032390,2013-05-03,price_missing
3493,032421,2013-05-03,price_missing
3497,032611,2013-05-03,price_missing
3498,032612,2013-05-03,price_missing
3511,033180,2013-05-03,price_missing
3528,034300,2013-05-03,price_missing
1521,097870,2013-05-06,price_missing
2904,004510,2013-05-06,price_missing
3004,007800,2013-05-06,price_missing
3089,010600,2013-05-06,price_missing
3157,013200,2013-05-06,price_missing
3160,013240,2013-05-06,price_missing
3162,013250,2013-05-06,price_missing
3173,013781,2013-05-06,price_missing
3196,014590,2013-05-06,price_missing
3240,016560,2013-05-06,price_missing
3280,018570,2013-05-06,price_missing
3282,018590,2013-05-06,price_missing
3300,019641,2013-05-06,price_missing
3304,019930,2013-05-06,price_missing
3306,019931,2013-05-06,price_missing
3312,021060,2013-05-06,price_missing
3313,021060,2013-05-06,price_missing
3318,021310,2013-05-06,price_missing
3322,021600,2013-05-06,price_missing
3324,021610,2013-05-06,price_missing
3330,021960,2013-05-06,price_missing
3336,022520,2013-05-06,price_missing
3342,023420,2013-05-06,price_missing
3361,024100,2013-05-06,price_missing
3369,024870,2013-05-06,price_missing
3397,025930,2013-05-06,price_missing
3433,027840,2013-05-06,price_missing
3453,029471,2013-05-06,price_missing
3461,030421,2013-05-06,price_missing
3469,030790,2013-05-06,price_missing
3475,031440,2013-05-06,price_missing
3490,032390,2013-05-06,price_missing
3493,032421,2013-05-06,price_missing
3497,032611,2013-05-06,price_missing
3498,032612,2013-05-06,price_missing
3511,033180,2013-05-06,price_missing
3528,034300,2013-05-06,price_missing
1521,097870,2013-05-07,price_missing
2904,004510,2013-05-07,price_missing
3004,007800,2013-05-07,price_missing
3089,010600,2013-05-07,price_missing
3157,013200,2013-05-07,price_missing
3160,013240,2013-05-07,price_missing
3162,013250,2013-05-07,price_missing
3173,013781,2013-05-07,price_missing
3196,014590,2013-05-07,price_missing
3240,016560,2013-05-07,price_missing
3280,018570,2013-05-07,price_missing
3282,018590,2013-05-07,price_missing
3300,019641,2013-05-07,price_missing
3304,019930,2013-05-07,price_missing
3306,019931,2013-05-07,price_missing
3312,021060,2013-05-07,price_missing
3313,021060,2013-05-07,price_missing
3318,021310,2013-05-07,price_missing
3322,021600,2013-05-07,price_missing
3324,021610,2013-05-07,price_missing
3330,021960,2013-05-07,price_missing
3336,022520,2013-05-07,price_missing
3342,023420,2013-05-07,price_missing
3361,024100,2013-05-07,price_missing
3369,024870,2013-05-07,price_missing
3397,025930,2013-05-07,price_missing
3433,027840,2013-05-07,price_missing
3453,029471,2013-05-07,price_missing
3461,030421,2013-05-07,price_missing
3469,030790,2013-05-07,price_missing
3475,031440,2013-05-07,price_missing
3490,032390,2013-05-07,price_missing
3493,032421,2013-05-07,price_missing
3497,032611,2013-05-07,price_missing
3498,032612,2013-05-07,price_missing
3511,033180,2013-05-07,price_missing
3528,034300,2013-05-07,price_missing
1521,097870,2013-05-08,price_missing
2904,004510,2013-05-08,price_missing
3004,007800,2013-05-08,price_missing
3089,010600,2013-05-08,price_missing
3157,013200,2013-05-08,price_missing
3160,013240,2013-05-08,price_missing
3162,013250,2013-05-08,price_missing
3173,013781,2013-05-08,price_missing
3196,014590,2013-05-08,price_missing
3240,016560,2013-05-08,price_missing
3280,018570,2013-05-08,price_missing
3282,018590,2013-05-08,price_missing
3300,019641,2013-05-08,price_missing
3304,019930,2013-05-08,price_missing
3306,019931,2013-05-08,price_missing
3312,021060,2013-05-08,price_missing
3313,021060,2013-05-08,price_missing
3318,021310,2013-05-08,price_missing
3322,021600,2013-05-08,price_missing
3324,021610,2013-05-08,price_missing
3330,021960,2013-05-08,price_missing
3336,022520,2013-05-08,price_missing
3342,023420,2013-05-08,price_missing
3361,024100,2013-05-08,price_missing
3369,024870,2013-05-08,price_missing
3397,025930,2013-05-08,price_missing
3433,027840,2013-05-08,price_missing
3453,029471,2013-05-08,price_missing
3461,030421,2013-05-08,price_missing
3469,030790,2013-05-08,price_missing
3475,031440,2013-05-08,price_missing
3490,032390,2013-05-08,price_missing
3493,032421,2013-05-08,price_missing
3497,032611,2013-05-08,price_missing
3498,032612,2013-05-08,price_missing
3511,033180,2013-05-08,price_missing
3528,034300,2013-05-08,price_missing
1521,097870,2013-05-09,price_missing
2904,004510,2013-05-09,price_missing
3004,007800,2013-05-09,price_missing
3089,010600,2013-05-09,price_missing
3157,013200,2013-05-09,price_missing
3160,013240,2013-05-09,price_missing
3162,013250,2013-05-09,price_missing
3173,013781,2013-05-09,price_missing
3196,014590,2013-05-09,price_missing
3240,016560,2013-05-09,price_missing
3280,018570,2013-05-09,price_missing
3282,018590,2013-05-09,price_missing
3300,019641,2013-05-09,price_missing
3304,019930,2013-05-09,price_missing
3306,019931,2013-05-09,price_missing
3312,021060,2013-05-09,price_missing
3313,021060,2013-05-09,price_missing
3318,021310,2013-05-09,price_missing
3322,021600,2013-05-09,price_missing
3324,021610,2013-05-09,price_missing
3330,021960,2013-05-09,price_missing
3336,022520,2013-05-09,price_missing
3342,023420,2013-05-09,price_missing
3361,024100,2013-05-09,price_missing
3369,024870,2013-05-09,price_missing
3397,025930,2013-05-09,price_missing
3433,027840,2013-05-09,price_missing
3453,029471,2013-05-09,price_missing
3461,030421,2013-05-09,price_missing
3469,030790,2013-05-09,price_missing
3475,031440,2013-05-09,price_missing
3490,032390,2013-05-09,price_missing
3493,032421,2013-05-09,price_missing
3497,032611,2013-05-09,price_missing
3498,032612,2013-05-09,price_missing
3511,033180,2013-05-09,price_missing
3528,034300,2013-05-09,price_missing
1521,097870,2013-05-10,price_missing
2904,004510,2013-05-10,price_missing
3004,007800,2013-05-10,price_missing
3089,010600,2013-05-10,price_missing
3157,013200,2013-05-10,price_missing
3160,013240,2013-05-10,price_missing
3162,013250,2013-05-10,price_missing
3173,013781,2013-05-10,price_missing
3196,014590,2013-05-10,price_missing
3240,016560,2013-05-10,price_missing
3280,018570,2013-05-10,price_missing
3282,018590,2013-05-10,price_missing
3300,019641,2013-05-10,price_missing
3304,019930,2013-05-10,price_missing
3306,019931,2013-05-10,price_missing
3312,021060,2013-05-10,price_missing
3313,021060,2013-05-10,price_missing
3318,021310,2013-05-10,price_missing
3322,021600,2013-05-10,price_missing
3324,021610,2013-05-10,price_missing
3330,021960,2013-05-10,price_missing
3336,022520,2013-05-10,price_missing
3342,023420,2013-05-10,price_missing
3361,024100,2013-05-10,price_missing
3369,024870,2013-05-10,price_missing
3397,025930,2013-05-10,price_missing
3433,027840,2013-05-10,price_missing
3453,029471,2013-05-10,price_missing
3461,030421,2013-05-10,price_missing
3469,030790,2013-05-10,price_missing
3475,031440,2013-05-10,price_missing
3490,032390,2013-05-10,price_missing
3493,032421,2013-05-10,price_missing
3497,032611,2013-05-10,price_missing
3498,032612,2013-05-10,price_missing
3511,033180,2013-05-10,price_missing
3528,034300,2013-05-10,price_missing
1521,097870,2013-05-13,price_missing
2904,004510,2013-05-13,price_missing
3004,007800,2013-05-13,price_missing
3089,010600,2013-05-13,price_missing
3157,013200,2013-05-13,price_missing
3160,013240,2013-05-13,price_missing
3162,013250,2013-05-13,price_missing
3173,013781,2013-05-13,price_missing
3196,014590,2013-05-13,price_missing
3240,016560,2013-05-13,price_missing
3280,018570,2013-05-13,price_missing
3282,018590,2013-05-13,price_missing
3300,019641,2013-05-13,price_missing
3304,019930,2013-05-13,price_missing
3306,019931,2013-05-13,price_missing
3312,021060,2013-05-13,price_missing
3313,021060,2013-05-13,price_missing
3318,021310,2013-05-13,price_missing
3322,021600,2013-05-13,price_missing
3324,021610,2013-05-13,price_missing
3330,021960,2013-05-13,price_missing
3336,022520,2013-05-13,price_missing
3342,023420,2013-05-13,price_missing
3361,024100,2013-05-13,price_missing
3369,024870,2013-05-13,price_missing
3397,025930,2013-05-13,price_missing
3433,027840,2013-05-13,price_missing
3453,029471,2013-05-13,price_missing
3461,030421,2013-05-13,price_missing
3469,030790,2013-05-13,price_missing
3475,031440,2013-05-13,price_missing
3490,032390,2013-05-13,price_missing
3493,032421,2013-05-13,price_missing
3497,032611,2013-05-13,price_missing
3498,032612,2013-05-13,price_missing
3511,033180,2013-05-13,price_missing
3528,034300,2013-05-13,price_missing
1521,097870,2013-05-14,price_missing
2904,004510,2013-05-14,price_missing
3004,007800,2013-05-14,price_missing
3089,010600,2013-05-14,price_missing
3157,013200,2013-05-14,price_missing
3160,013240,2013-05-14,price_missing
3162,013250,2013-05-14,price_missing
3173,013781,2013-05-14,price_missing
3196,014590,2013-05-14,price_missing
3240,016560,2013-05-14,price_missing
3280,018570,2013-05-14,price_missing
3282,018590,2013-05-14,price_missing
3300,019641,2013-05-14,price_missing
3304,019930,2013-05-14,price_missing
3306,019931,2013-05-14,price_missing
3312,021060,2013-05-14,price_missing
3313,021060,2013-05-14,price_missing
3318,021310,2013-05-14,price_missing
3322,021600,2013-05-14,price_missing
3324,021610,2013-05-14,price_missing
3330,021960,2013-05-14,price_missing
3336,022520,2013-05-14,price_missing
3342,023420,2013-05-14,price_missing
3361,024100,2013-05-14,price_missing
3369,024870,2013-05-14,price_missing
3397,025930,2013-05-14,price_missing
3433,027840,2013-05-14,price_missing
3453,029471,2013-05-14,price_missing
3461,030421,2013-05-14,price_missing
3469,030790,2013-05-14,price_missing
3475,031440,2013-05-14,price_missing
3490,032390,2013-05-14,price_missing
3493,032421,2013-05-14,price_missing
3497,032611,2013-05-14,price_missing
3498,032612,2013-05-14,price_missing
3511,033180,2013-05-14,price_missing
3528,034300,2013-05-14,price_missing
